build-test	Set up job	﻿2026-10-03T23:46:35.1958310Z Current runner version: '2.337.0'
build-test	Set up job	2026-10-03T23:46:35.1975480Z ##[group]Runner Image Provisioner
build-test	Set up job	2026-10-03T23:46:35.1976030Z Hosted Compute Agent
build-test	Set up job	2026-10-03T23:46:35.1976390Z Version: 20260828.587
build-test	Set up job	2026-10-03T23:46:35.1976790Z Commit: abac92662cab4cc7352de4f9f9d2e2419aad9c29
build-test	Set up job	2026-10-03T23:46:35.1977250Z Build Date: 2026-08-28T16:44:25Z
build-test	Set up job	2026-10-03T23:46:35.1977680Z Worker ID: {c1b9aaa1-f9fd-4eb8-854b-8c59aad54e01}
build-test	Set up job	2026-10-03T23:46:35.1978140Z Azure Region: westus
build-test	Set up job	2026-10-03T23:46:35.1978500Z ##[endgroup]
build-test	Set up job	2026-10-03T23:46:35.1979330Z ##[group]Operating System
build-test	Set up job	2026-10-03T23:46:35.1979710Z macOS
build-test	Set up job	2026-10-03T23:46:35.1980030Z 15.7.9
build-test	Set up job	2026-10-03T23:46:35.1980340Z 24G830
build-test	Set up job	2026-10-03T23:46:35.1980670Z ##[endgroup]
build-test	Set up job	2026-10-03T23:46:35.1981010Z ##[group]Runner Image
build-test	Set up job	2026-10-03T23:46:35.1981370Z Image: macos-15-arm64
build-test	Set up job	2026-10-03T23:46:35.1981740Z Version: 20260907.0337.1
build-test	Set up job	2026-10-03T23:46:35.1982480Z Included Software: https://github.com/actions/runner-images/blob/macos-15-arm64/20260907.0337/images/macos/macos-15-arm64-Readme.md
build-test	Set up job	2026-10-03T23:46:35.1983640Z Image Release: https://github.com/actions/runner-images/releases/tag/macos-15-arm64%2F20260907.0337
build-test	Set up job	2026-10-03T23:46:35.1984300Z ##[endgroup]
build-test	Set up job	2026-10-03T23:46:35.1985040Z ##[group]GITHUB_TOKEN Permissions
build-test	Set up job	2026-10-03T23:46:35.1986180Z Contents: read
build-test	Set up job	2026-10-03T23:46:35.1986580Z Metadata: read
build-test	Set up job	2026-10-03T23:46:35.1986930Z ##[endgroup]
build-test	Set up job	2026-10-03T23:46:35.1988620Z Secret source: Actions
build-test	Set up job	2026-10-03T23:46:35.1989190Z Cache mode: write
build-test	Set up job	2026-10-03T23:46:35.1989620Z Prepare workflow directory
build-test	Set up job	2026-10-03T23:46:35.2306530Z Prepare all required actions
build-test	Set up job	2026-10-03T23:46:35.2354960Z Getting action download info
build-test	Set up job	2026-10-03T23:46:35.3840000Z Download action repository 'actions/checkout@11d5960a326750d5838078e36cf38b85af677262' (SHA:11d5960a326750d5838078e36cf38b85af677262)
build-test	Set up job	2026-10-03T23:46:35.6983510Z Complete job name: build-test
build-test	Run actions/checkout@11d5960a326750d5838078e36cf38b85af677262	﻿2026-10-03T23:46:35.7457060Z ##[group]Run actions/checkout@11d5960a326750d5838078e36cf38b85af677262
build-test	Run actions/checkout@11d5960a326750d5838078e36cf38b85af677262	2026-10-03T23:46:35.7457800Z with:
build-test	Run actions/checkout@11d5960a326750d5838078e36cf38b85af677262	2026-10-03T23:46:35.7458160Z   persist-credentials: false
build-test	Run actions/checkout@11d5960a326750d5838078e36cf38b85af677262	2026-10-03T23:46:35.7458550Z   repository: nguyenduchai/PhotoAxis
build-test	Run actions/checkout@11d5960a326750d5838078e36cf38b85af677262	2026-10-03T23:46:35.7461230Z   token: ***
build-test	Run actions/checkout@11d5960a326750d5838078e36cf38b85af677262	2026-10-03T23:46:35.7461550Z   ssh-strict: true
build-test	Run actions/checkout@11d5960a326750d5838078e36cf38b85af677262	2026-10-03T23:46:35.7461880Z   ssh-user: git
build-test	Run actions/checkout@11d5960a326750d5838078e36cf38b85af677262	2026-10-03T23:46:35.7462200Z   clean: true
build-test	Run actions/checkout@11d5960a326750d5838078e36cf38b85af677262	2026-10-03T23:46:35.7462540Z   sparse-checkout-cone-mode: true
build-test	Run actions/checkout@11d5960a326750d5838078e36cf38b85af677262	2026-10-03T23:46:35.7462930Z   fetch-depth: 1
build-test	Run actions/checkout@11d5960a326750d5838078e36cf38b85af677262	2026-10-03T23:46:35.7463250Z   fetch-tags: false
build-test	Run actions/checkout@11d5960a326750d5838078e36cf38b85af677262	2026-10-03T23:46:35.7463580Z   show-progress: true
build-test	Run actions/checkout@11d5960a326750d5838078e36cf38b85af677262	2026-10-03T23:46:35.7463990Z   lfs: false
build-test	Run actions/checkout@11d5960a326750d5838078e36cf38b85af677262	2026-10-03T23:46:35.7464330Z   submodules: false
build-test	Run actions/checkout@11d5960a326750d5838078e36cf38b85af677262	2026-10-03T23:46:35.7464660Z   set-safe-directory: true
build-test	Run actions/checkout@11d5960a326750d5838078e36cf38b85af677262	2026-10-03T23:46:35.7465030Z   allow-unsafe-pr-checkout: false
build-test	Run actions/checkout@11d5960a326750d5838078e36cf38b85af677262	2026-10-03T23:46:35.7465530Z env:
build-test	Run actions/checkout@11d5960a326750d5838078e36cf38b85af677262	2026-10-03T23:46:35.7465950Z   DEVELOPER_DIR: /Applications/Xcode_16.4.app/Contents/Developer
build-test	Run actions/checkout@11d5960a326750d5838078e36cf38b85af677262	2026-10-03T23:46:35.7466440Z ##[endgroup]
build-test	Run actions/checkout@11d5960a326750d5838078e36cf38b85af677262	2026-10-03T23:46:36.1986440Z Syncing repository: nguyenduchai/PhotoAxis
build-test	Run actions/checkout@11d5960a326750d5838078e36cf38b85af677262	2026-10-03T23:46:36.1989540Z ##[group]Getting Git version info
build-test	Run actions/checkout@11d5960a326750d5838078e36cf38b85af677262	2026-10-03T23:46:36.1990500Z Working directory is '$REPO'
build-test	Run actions/checkout@11d5960a326750d5838078e36cf38b85af677262	2026-10-03T23:46:36.1992050Z [command]/opt/homebrew/bin/git version
build-test	Run actions/checkout@11d5960a326750d5838078e36cf38b85af677262	2026-10-03T23:46:36.2599770Z git version 2.55.0
build-test	Run actions/checkout@11d5960a326750d5838078e36cf38b85af677262	2026-10-03T23:46:36.2618460Z ##[endgroup]
build-test	Run actions/checkout@11d5960a326750d5838078e36cf38b85af677262	2026-10-03T23:46:36.2637290Z Copying '/Users/runner/.gitconfig' to '/Users/runner/work/_temp/66cc6e4d-ecfa-45a7-93d1-0959cc1d2bf8/.gitconfig'
build-test	Run actions/checkout@11d5960a326750d5838078e36cf38b85af677262	2026-10-03T23:46:36.2651980Z Temporarily overriding HOME='/Users/runner/work/_temp/66cc6e4d-ecfa-45a7-93d1-0959cc1d2bf8' before making global git config changes
build-test	Run actions/checkout@11d5960a326750d5838078e36cf38b85af677262	2026-10-03T23:46:36.2689180Z Adding repository directory to the temporary git global config as a safe directory
build-test	Run actions/checkout@11d5960a326750d5838078e36cf38b85af677262	2026-10-03T23:46:36.2692790Z [command]/opt/homebrew/bin/git config --global --add safe.directory $REPO
build-test	Run actions/checkout@11d5960a326750d5838078e36cf38b85af677262	2026-10-03T23:46:36.2810010Z Deleting the contents of '$REPO'
build-test	Run actions/checkout@11d5960a326750d5838078e36cf38b85af677262	2026-10-03T23:46:36.2812250Z ##[group]Initializing the repository
build-test	Run actions/checkout@11d5960a326750d5838078e36cf38b85af677262	2026-10-03T23:46:36.2813690Z [command]/opt/homebrew/bin/git init $REPO
build-test	Run actions/checkout@11d5960a326750d5838078e36cf38b85af677262	2026-10-03T23:46:36.3053420Z hint: Using 'master' as the name for the initial branch. This default branch name
build-test	Run actions/checkout@11d5960a326750d5838078e36cf38b85af677262	2026-10-03T23:46:36.3056070Z hint: will change to "main" in Git 3.0. To configure the initial branch name
build-test	Run actions/checkout@11d5960a326750d5838078e36cf38b85af677262	2026-10-03T23:46:36.3059950Z hint: to use in all of your new repositories, which will suppress this warning,
build-test	Run actions/checkout@11d5960a326750d5838078e36cf38b85af677262	2026-10-03T23:46:36.3063520Z hint: call:
build-test	Run actions/checkout@11d5960a326750d5838078e36cf38b85af677262	2026-10-03T23:46:36.3065160Z hint:
build-test	Run actions/checkout@11d5960a326750d5838078e36cf38b85af677262	2026-10-03T23:46:36.3066190Z hint: 	git config --global init.defaultBranch <name>
build-test	Run actions/checkout@11d5960a326750d5838078e36cf38b85af677262	2026-10-03T23:46:36.3067390Z hint:
build-test	Run actions/checkout@11d5960a326750d5838078e36cf38b85af677262	2026-10-03T23:46:36.3068550Z hint: Names commonly chosen instead of 'master' are 'main', 'trunk' and
build-test	Run actions/checkout@11d5960a326750d5838078e36cf38b85af677262	2026-10-03T23:46:36.3070280Z hint: 'development'. The just-created branch can be renamed via this command:
build-test	Run actions/checkout@11d5960a326750d5838078e36cf38b85af677262	2026-10-03T23:46:36.3071880Z hint:
build-test	Run actions/checkout@11d5960a326750d5838078e36cf38b85af677262	2026-10-03T23:46:36.3072800Z hint: 	git branch -m <name>
build-test	Run actions/checkout@11d5960a326750d5838078e36cf38b85af677262	2026-10-03T23:46:36.3073820Z hint:
build-test	Run actions/checkout@11d5960a326750d5838078e36cf38b85af677262	2026-10-03T23:46:36.3075330Z hint: Disable this message with "git config set advice.defaultBranchName false"
build-test	Run actions/checkout@11d5960a326750d5838078e36cf38b85af677262	2026-10-03T23:46:36.3077640Z Initialized empty Git repository in $REPO/.git/
build-test	Run actions/checkout@11d5960a326750d5838078e36cf38b85af677262	2026-10-03T23:46:36.3082330Z [command]/opt/homebrew/bin/git remote add origin https://github.com/nguyenduchai/PhotoAxis
build-test	Run actions/checkout@11d5960a326750d5838078e36cf38b85af677262	2026-10-03T23:46:36.3163630Z ##[endgroup]
build-test	Run actions/checkout@11d5960a326750d5838078e36cf38b85af677262	2026-10-03T23:46:36.3166620Z ##[group]Disabling automatic garbage collection
build-test	Run actions/checkout@11d5960a326750d5838078e36cf38b85af677262	2026-10-03T23:46:36.3170020Z [command]/opt/homebrew/bin/git config --local gc.auto 0
build-test	Run actions/checkout@11d5960a326750d5838078e36cf38b85af677262	2026-10-03T23:46:36.3226890Z ##[endgroup]
build-test	Run actions/checkout@11d5960a326750d5838078e36cf38b85af677262	2026-10-03T23:46:36.3228160Z ##[group]Setting up auth
build-test	Run actions/checkout@11d5960a326750d5838078e36cf38b85af677262	2026-10-03T23:46:36.3230830Z [command]/opt/homebrew/bin/git config --local --name-only --get-regexp core\.sshCommand
build-test	Run actions/checkout@11d5960a326750d5838078e36cf38b85af677262	2026-10-03T23:46:36.3298320Z [command]/opt/homebrew/bin/git submodule foreach --recursive sh -c "git config --local --name-only --get-regexp 'core\.sshCommand' && git config --local --unset-all 'core.sshCommand' || :"
build-test	Run actions/checkout@11d5960a326750d5838078e36cf38b85af677262	2026-10-03T23:46:36.4685620Z [command]/opt/homebrew/bin/git config --local --name-only --get-regexp http\.https\:\/\/github\.com\/\.extraheader
build-test	Run actions/checkout@11d5960a326750d5838078e36cf38b85af677262	2026-10-03T23:46:36.4748720Z [command]/opt/homebrew/bin/git submodule foreach --recursive sh -c "git config --local --name-only --get-regexp 'http\.https\:\/\/github\.com\/\.extraheader' && git config --local --unset-all 'http.https://github.com/.extraheader' || :"
build-test	Run actions/checkout@11d5960a326750d5838078e36cf38b85af677262	2026-10-03T23:46:36.5542760Z [command]/opt/homebrew/bin/git config --local --name-only --get-regexp ^includeIf\.gitdir:
build-test	Run actions/checkout@11d5960a326750d5838078e36cf38b85af677262	2026-10-03T23:46:36.5605310Z [command]/opt/homebrew/bin/git submodule foreach --recursive git config --local --show-origin --name-only --get-regexp remote.origin.url
build-test	Run actions/checkout@11d5960a326750d5838078e36cf38b85af677262	2026-10-03T23:46:36.6434340Z [command]/opt/homebrew/bin/git config --local http.https://github.com/.extraheader AUTHORIZATION: basic ***
build-test	Run actions/checkout@11d5960a326750d5838078e36cf38b85af677262	2026-10-03T23:46:36.6499960Z ##[endgroup]
build-test	Run actions/checkout@11d5960a326750d5838078e36cf38b85af677262	2026-10-03T23:46:36.6500590Z ##[group]Fetching the repository
build-test	Run actions/checkout@11d5960a326750d5838078e36cf38b85af677262	2026-10-03T23:46:36.6505730Z [command]/opt/homebrew/bin/git -c protocol.version=2 fetch --no-tags --prune --no-recurse-submodules --depth=1 origin +d9aad0cb8bec16394a56bd4fbdc734c55b98920a:refs/remotes/origin/main
build-test	Run actions/checkout@11d5960a326750d5838078e36cf38b85af677262	2026-10-03T23:46:39.8492360Z From https://github.com/nguyenduchai/PhotoAxis
build-test	Run actions/checkout@11d5960a326750d5838078e36cf38b85af677262	2026-10-03T23:46:39.8493480Z  * [new ref]         d9aad0cb8bec16394a56bd4fbdc734c55b98920a -> origin/main
build-test	Run actions/checkout@11d5960a326750d5838078e36cf38b85af677262	2026-10-03T23:46:39.8494790Z ##[endgroup]
build-test	Run actions/checkout@11d5960a326750d5838078e36cf38b85af677262	2026-10-03T23:46:39.8495250Z ##[group]Determining the checkout info
build-test	Run actions/checkout@11d5960a326750d5838078e36cf38b85af677262	2026-10-03T23:46:39.8495730Z ##[endgroup]
build-test	Run actions/checkout@11d5960a326750d5838078e36cf38b85af677262	2026-10-03T23:46:39.8498650Z [command]/opt/homebrew/bin/git sparse-checkout disable
build-test	Run actions/checkout@11d5960a326750d5838078e36cf38b85af677262	2026-10-03T23:46:39.8562300Z [command]/opt/homebrew/bin/git config --local --unset-all extensions.worktreeConfig
build-test	Run actions/checkout@11d5960a326750d5838078e36cf38b85af677262	2026-10-03T23:46:39.8613820Z ##[group]Checking out the ref
build-test	Run actions/checkout@11d5960a326750d5838078e36cf38b85af677262	2026-10-03T23:46:39.8616550Z [command]/opt/homebrew/bin/git checkout --progress --force -B main refs/remotes/origin/main
build-test	Run actions/checkout@11d5960a326750d5838078e36cf38b85af677262	2026-10-03T23:46:40.2069910Z Switched to a new branch 'main'
build-test	Run actions/checkout@11d5960a326750d5838078e36cf38b85af677262	2026-10-03T23:46:40.2078100Z branch 'main' set up to track 'origin/main'.
build-test	Run actions/checkout@11d5960a326750d5838078e36cf38b85af677262	2026-10-03T23:46:40.2087050Z ##[endgroup]
build-test	Run actions/checkout@11d5960a326750d5838078e36cf38b85af677262	2026-10-03T23:46:40.2208130Z [command]/opt/homebrew/bin/git log -1 --format=%H
build-test	Run actions/checkout@11d5960a326750d5838078e36cf38b85af677262	2026-10-03T23:46:40.2286850Z d9aad0cb8bec16394a56bd4fbdc734c55b98920a
build-test	Run actions/checkout@11d5960a326750d5838078e36cf38b85af677262	2026-10-03T23:46:40.2296480Z ##[group]Removing auth
build-test	Run actions/checkout@11d5960a326750d5838078e36cf38b85af677262	2026-10-03T23:46:40.2303260Z [command]/opt/homebrew/bin/git config --local --name-only --get-regexp core\.sshCommand
build-test	Run actions/checkout@11d5960a326750d5838078e36cf38b85af677262	2026-10-03T23:46:40.2362380Z [command]/opt/homebrew/bin/git submodule foreach --recursive sh -c "git config --local --name-only --get-regexp 'core\.sshCommand' && git config --local --unset-all 'core.sshCommand' || :"
build-test	Run actions/checkout@11d5960a326750d5838078e36cf38b85af677262	2026-10-03T23:46:40.3124200Z [command]/opt/homebrew/bin/git config --local --name-only --get-regexp http\.https\:\/\/github\.com\/\.extraheader
build-test	Run actions/checkout@11d5960a326750d5838078e36cf38b85af677262	2026-10-03T23:46:40.3174920Z http.https://github.com/.extraheader
build-test	Run actions/checkout@11d5960a326750d5838078e36cf38b85af677262	2026-10-03T23:46:40.3180040Z [command]/opt/homebrew/bin/git config --local --unset-all http.https://github.com/.extraheader
build-test	Run actions/checkout@11d5960a326750d5838078e36cf38b85af677262	2026-10-03T23:46:40.3237700Z [command]/opt/homebrew/bin/git submodule foreach --recursive sh -c "git config --local --name-only --get-regexp 'http\.https\:\/\/github\.com\/\.extraheader' && git config --local --unset-all 'http.https://github.com/.extraheader' || :"
build-test	Run actions/checkout@11d5960a326750d5838078e36cf38b85af677262	2026-10-03T23:46:40.3962890Z [command]/opt/homebrew/bin/git config --local --name-only --get-regexp ^includeIf\.gitdir:
build-test	Run actions/checkout@11d5960a326750d5838078e36cf38b85af677262	2026-10-03T23:46:40.4040850Z [command]/opt/homebrew/bin/git submodule foreach --recursive git config --local --show-origin --name-only --get-regexp remote.origin.url
build-test	Run actions/checkout@11d5960a326750d5838078e36cf38b85af677262	2026-10-03T23:46:40.4915470Z ##[endgroup]
build-test	Record and validate toolchain	﻿2026-10-03T23:46:40.5072670Z ##[group]Run test "$(uname -m)" = arm64
build-test	Record and validate toolchain	2026-10-03T23:46:40.5073140Z ^[[36;1mtest "$(uname -m)" = arm64^[[0m
build-test	Record and validate toolchain	2026-10-03T23:46:40.5073370Z ^[[36;1mxcodebuild -version^[[0m
build-test	Record and validate toolchain	2026-10-03T23:46:40.5073640Z ^[[36;1mxcrun --sdk macosx --show-sdk-version^[[0m
build-test	Record and validate toolchain	2026-10-03T23:46:40.5073930Z ^[[36;1msw_vers^[[0m
build-test	Record and validate toolchain	2026-10-03T23:46:40.5125230Z shell: /bin/bash -e {0}
build-test	Record and validate toolchain	2026-10-03T23:46:40.5125480Z env:
build-test	Record and validate toolchain	2026-10-03T23:46:40.5125720Z   DEVELOPER_DIR: /Applications/Xcode_16.4.app/Contents/Developer
build-test	Record and validate toolchain	2026-10-03T23:46:40.5125990Z ##[endgroup]
build-test	Record and validate toolchain	2026-10-03T23:46:40.6543270Z Xcode 16.4
build-test	Record and validate toolchain	2026-10-03T23:46:40.6546620Z Build version 16F6
build-test	Record and validate toolchain	2026-10-03T23:46:42.0659900Z 15.5
build-test	Record and validate toolchain	2026-10-03T23:46:42.0764450Z ProductName:		macOS
build-test	Record and validate toolchain	2026-10-03T23:46:42.0765740Z ProductVersion:		15.7.9
build-test	Record and validate toolchain	2026-10-03T23:46:42.0766080Z BuildVersion:		24G830
build-test	Model and geometry tests; Debug build	﻿2026-10-03T23:46:42.0800190Z ##[group]Run ./scripts/check.sh
build-test	Model and geometry tests; Debug build	2026-10-03T23:46:42.0800490Z ^[[36;1m./scripts/check.sh^[[0m
build-test	Model and geometry tests; Debug build	2026-10-03T23:46:42.0831480Z shell: /bin/bash -e {0}
build-test	Model and geometry tests; Debug build	2026-10-03T23:46:42.0831670Z env:
build-test	Model and geometry tests; Debug build	2026-10-03T23:46:42.0832000Z   DEVELOPER_DIR: /Applications/Xcode_16.4.app/Contents/Developer
build-test	Model and geometry tests; Debug build	2026-10-03T23:46:42.0832290Z ##[endgroup]
build-test	Model and geometry tests; Debug build	2026-10-03T23:46:42.3196200Z PASS: Xcode project matches source inventory
build-test	Model and geometry tests; Debug build	2026-10-03T23:46:42.3691950Z $REPO/Sources/PhotoAxisApp/Localization/en.lproj/Localizable.strings: OK
build-test	Model and geometry tests; Debug build	2026-10-03T23:46:42.3771390Z $REPO/Sources/PhotoAxisApp/Localization/vi.lproj/Localizable.strings: OK
build-test	Model and geometry tests; Debug build	2026-10-03T23:46:42.3835540Z PASS: 564 matching vi/en keys; 453 static/dynamic references resolved
build-test	Model and geometry tests; Debug build	2026-10-03T23:46:42.3928420Z Config/Info.plist: OK
build-test	Model and geometry tests; Debug build	2026-10-03T23:46:42.3953410Z PhotoAxis.xcodeproj/project.pbxproj: OK
build-test	Model and geometry tests; Debug build	2026-10-03T23:46:43.5730310Z Command line invocation:
build-test	Model and geometry tests; Debug build	2026-10-03T23:46:43.5766760Z     /Applications/Xcode_16.4.app/Contents/Developer/usr/bin/xcodebuild -project PhotoAxis.xcodeproj -scheme PhotoAxis -configuration Debug -destination platform=macOS,arch=arm64 -derivedDataPath /Users/runner/Library/Developer/PhotoAxisBuilds/fe52d68e5807/DerivedData -resultBundlePath /Users/runner/Library/Developer/PhotoAxisBuilds/fe52d68e5807/test-results/PhotoAxis-20261003-234642-1230.xcresult CODE_SIGN_IDENTITY=- DEVELOPMENT_TEAM= test
build-test	Model and geometry tests; Debug build	2026-10-03T23:46:43.5883070Z 
build-test	Model and geometry tests; Debug build	2026-10-03T23:46:43.5911470Z Build settings from command line:
build-test	Model and geometry tests; Debug build	2026-10-03T23:46:43.5928590Z     CODE_SIGN_IDENTITY = -
build-test	Model and geometry tests; Debug build	2026-10-03T23:46:43.5932490Z     DEVELOPMENT_TEAM = 
build-test	Model and geometry tests; Debug build	2026-10-03T23:46:43.5933180Z 
build-test	Model and geometry tests; Debug build	2026-10-03T23:46:45.2006740Z Writing result bundle at path:
build-test	Model and geometry tests; Debug build	2026-10-03T23:46:45.2007620Z 	/Users/runner/Library/Developer/PhotoAxisBuilds/fe52d68e5807/test-results/PhotoAxis-20261003-234642-1230.xcresult
build-test	Model and geometry tests; Debug build	2026-10-03T23:46:45.2008150Z 
build-test	Model and geometry tests; Debug build	2026-10-03T23:46:45.4424750Z note: Using codesigning identity override: -
build-test	Model and geometry tests; Debug build	2026-10-03T23:46:45.9962990Z ComputePackagePrebuildTargetDependencyGraph
build-test	Model and geometry tests; Debug build	2026-10-03T23:46:46.1494490Z 
build-test	Model and geometry tests; Debug build	2026-10-03T23:46:46.1570520Z Prepare packages
build-test	Model and geometry tests; Debug build	2026-10-03T23:46:46.1576820Z 
build-test	Model and geometry tests; Debug build	2026-10-03T23:46:46.1626330Z CreateBuildRequest
build-test	Model and geometry tests; Debug build	2026-10-03T23:46:46.1726890Z 
build-test	Model and geometry tests; Debug build	2026-10-03T23:46:46.1827660Z SendProjectDescription
build-test	Model and geometry tests; Debug build	2026-10-03T23:46:46.1941930Z 
build-test	Model and geometry tests; Debug build	2026-10-03T23:46:46.2049600Z CreateBuildOperation
build-test	Model and geometry tests; Debug build	2026-10-03T23:46:46.2150270Z 
build-test	Model and geometry tests; Debug build	2026-10-03T23:46:46.2260330Z ComputeTargetDependencyGraph
build-test	Model and geometry tests; Debug build	2026-10-03T23:46:46.2403940Z note: Building targets in dependency order
build-test	Model and geometry tests; Debug build	2026-10-03T23:46:46.2501330Z note: Target dependency graph (4 targets)
build-test	Model and geometry tests; Debug build	2026-10-03T23:46:46.2604720Z     Target 'PhotoAxisAppTests' in project 'PhotoAxis'
build-test	Model and geometry tests; Debug build	2026-10-03T23:46:46.2651480Z         ➜ Explicit dependency on target 'PhotoAxisCore' in project 'PhotoAxis'
build-test	Model and geometry tests; Debug build	2026-10-03T23:46:46.2673070Z         ➜ Explicit dependency on target 'PhotoAxis' in project 'PhotoAxis'
build-test	Model and geometry tests; Debug build	2026-10-03T23:46:46.2742970Z     Target 'PhotoAxisCoreTests' in project 'PhotoAxis'
build-test	Model and geometry tests; Debug build	2026-10-03T23:46:46.2745210Z         ➜ Explicit dependency on target 'PhotoAxisCore' in project 'PhotoAxis'
build-test	Model and geometry tests; Debug build	2026-10-03T23:46:46.2751280Z     Target 'PhotoAxis' in project 'PhotoAxis'
build-test	Model and geometry tests; Debug build	2026-10-03T23:46:46.2780560Z         ➜ Explicit dependency on target 'PhotoAxisCore' in project 'PhotoAxis'
build-test	Model and geometry tests; Debug build	2026-10-03T23:46:46.2791620Z     Target 'PhotoAxisCore' in project 'PhotoAxis' (no dependencies)
build-test	Model and geometry tests; Debug build	2026-10-03T23:46:46.2904950Z 
build-test	Model and geometry tests; Debug build	2026-10-03T23:46:46.3020930Z GatherProvisioningInputs
build-test	Model and geometry tests; Debug build	2026-10-03T23:46:46.4361410Z 
build-test	Model and geometry tests; Debug build	2026-10-03T23:46:46.4901090Z CreateBuildDescription
build-test	Model and geometry tests; Debug build	2026-10-03T23:46:46.5353450Z 
build-test	Model and geometry tests; Debug build	2026-10-03T23:46:46.5364610Z ExecuteExternalTool /Applications/Xcode_16.4.app/Contents/Developer/Toolchains/XcodeDefault.xctoolchain/usr/bin/swiftc --version
build-test	Model and geometry tests; Debug build	2026-10-03T23:46:47.9918190Z 
build-test	Model and geometry tests; Debug build	2026-10-03T23:46:47.9931230Z ExecuteExternalTool /Applications/Xcode_16.4.app/Contents/Developer/Toolchains/XcodeDefault.xctoolchain/usr/bin/clang -v -E -dM -isysroot /Applications/Xcode_16.4.app/Contents/Developer/Platforms/MacOSX.platform/Developer/SDKs/MacOSX15.5.sdk -x c -c /dev/null
build-test	Model and geometry tests; Debug build	2026-10-03T23:46:47.9933790Z 
build-test	Model and geometry tests; Debug build	2026-10-03T23:46:48.0149020Z ExecuteExternalTool /Applications/Xcode_16.4.app/Contents/Developer/Toolchains/XcodeDefault.xctoolchain/usr/bin/ld -version_details
build-test	Model and geometry tests; Debug build	2026-10-03T23:46:48.2358370Z 
build-test	Model and geometry tests; Debug build	2026-10-03T23:46:48.2880900Z Build description signature: c92a439311882a7396699e259f9ca1e7
build-test	Model and geometry tests; Debug build	2026-10-03T23:46:48.2983280Z Build description path: /Users/runner/Library/Developer/PhotoAxisBuilds/fe52d68e5807/DerivedData/Build/Intermediates.noindex/XCBuildData/c92a439311882a7396699e259f9ca1e7.xcbuilddata
build-test	Model and geometry tests; Debug build	2026-10-03T23:46:48.3633350Z ClangStatCache /Applications/Xcode_16.4.app/Contents/Developer/Toolchains/XcodeDefault.xctoolchain/usr/bin/clang-stat-cache /Applications/Xcode_16.4.app/Contents/Developer/Platforms/MacOSX.platform/Developer/SDKs/MacOSX15.5.sdk /Users/runner/Library/Developer/PhotoAxisBuilds/fe52d68e5807/DerivedData/SDKStatCaches.noindex/macosx15.5-24F74-a403186ba963133a54a0e0cacd566b0b.sdkstatcache
build-test	Model and geometry tests; Debug build	2026-10-03T23:46:48.3737650Z     cd $REPO/PhotoAxis.xcodeproj
build-test	Model and geometry tests; Debug build	2026-10-03T23:46:48.3740640Z     /Applications/Xcode_16.4.app/Contents/Developer/Toolchains/XcodeDefault.xctoolchain/usr/bin/clang-stat-cache /Applications/Xcode_16.4.app/Contents/Developer/Platforms/MacOSX.platform/Developer/SDKs/MacOSX15.5.sdk -o /Users/runner/Library/Developer/PhotoAxisBuilds/fe52d68e5807/DerivedData/SDKStatCaches.noindex/macosx15.5-24F74-a403186ba963133a54a0e0cacd566b0b.sdkstatcache
build-test	Model and geometry tests; Debug build	2026-10-03T23:46:57.3240820Z 
build-test	Model and geometry tests; Debug build	2026-10-03T23:46:57.3263140Z CreateBuildDirectory /Users/runner/Library/Developer/PhotoAxisBuilds/fe52d68e5807/DerivedData/Build/Products
build-test	Model and geometry tests; Debug build	2026-10-03T23:46:57.3268380Z     cd $REPO/PhotoAxis.xcodeproj
build-test	Model and geometry tests; Debug build	2026-10-03T23:46:57.3270720Z     builtin-create-build-directory /Users/runner/Library/Developer/PhotoAxisBuilds/fe52d68e5807/DerivedData/Build/Products
build-test	Model and geometry tests; Debug build	2026-10-03T23:46:57.3286540Z 
build-test	Model and geometry tests; Debug build	2026-10-03T23:46:57.3288510Z CreateBuildDirectory /Users/runner/Library/Developer/PhotoAxisBuilds/fe52d68e5807/DerivedData/Build/Intermediates.noindex
build-test	Model and geometry tests; Debug build	2026-10-03T23:46:57.3293220Z     cd $REPO/PhotoAxis.xcodeproj
build-test	Model and geometry tests; Debug build	2026-10-03T23:46:57.3300000Z     builtin-create-build-directory /Users/runner/Library/Developer/PhotoAxisBuilds/fe52d68e5807/DerivedData/Build/Intermediates.noindex
build-test	Model and geometry tests; Debug build	2026-10-03T23:46:57.3303990Z 
build-test	Model and geometry tests; Debug build	2026-10-03T23:46:57.3309810Z WriteAuxiliaryFile /Users/runner/Library/Developer/PhotoAxisBuilds/fe52d68e5807/DerivedData/Build/Intermediates.noindex/PhotoAxis.build/Debug/PhotoAxis-9730526f0700b8b20d57e2b47e796b5b-VFS/all-product-headers.yaml
build-test	Model and geometry tests; Debug build	2026-10-03T23:46:57.3315700Z     cd $REPO/PhotoAxis.xcodeproj
build-test	Model and geometry tests; Debug build	2026-10-03T23:46:57.3319130Z     write-file /Users/runner/Library/Developer/PhotoAxisBuilds/fe52d68e5807/DerivedData/Build/Intermediates.noindex/PhotoAxis.build/Debug/PhotoAxis-9730526f0700b8b20d57e2b47e796b5b-VFS/all-product-headers.yaml
build-test	Model and geometry tests; Debug build	2026-10-03T23:46:57.3322530Z 
build-test	Model and geometry tests; Debug build	2026-10-03T23:46:57.3323710Z CreateBuildDirectory /Users/runner/Library/Developer/PhotoAxisBuilds/fe52d68e5807/DerivedData/Build/Products/Debug
build-test	Model and geometry tests; Debug build	2026-10-03T23:46:57.3324490Z     cd $REPO/PhotoAxis.xcodeproj
build-test	Model and geometry tests; Debug build	2026-10-03T23:46:57.3325470Z     builtin-create-build-directory /Users/runner/Library/Developer/PhotoAxisBuilds/fe52d68e5807/DerivedData/Build/Products/Debug
build-test	Model and geometry tests; Debug build	2026-10-03T23:46:57.3326060Z 
build-test	Model and geometry tests; Debug build	2026-10-03T23:46:57.3327940Z CreateBuildDirectory /Users/runner/Library/Developer/PhotoAxisBuilds/fe52d68e5807/DerivedData/Build/Intermediates.noindex/EagerLinkingTBDs/Debug
build-test	Model and geometry tests; Debug build	2026-10-03T23:46:57.3330080Z     cd $REPO/PhotoAxis.xcodeproj
build-test	Model and geometry tests; Debug build	2026-10-03T23:46:57.3385590Z     builtin-create-build-directory /Users/runner/Library/Developer/PhotoAxisBuilds/fe52d68e5807/DerivedData/Build/Intermediates.noindex/EagerLinkingTBDs/Debug
build-test	Model and geometry tests; Debug build	2026-10-03T23:46:57.3407930Z 
build-test	Model and geometry tests; Debug build	2026-10-03T23:46:57.3410880Z WriteAuxiliaryFile /Users/runner/Library/Developer/PhotoAxisBuilds/fe52d68e5807/DerivedData/Build/Intermediates.noindex/PhotoAxis.build/Debug/PhotoAxisCoreTests.build/empty-PhotoAxisCoreTests.plist (in target 'PhotoAxisCoreTests' from project 'PhotoAxis')
build-test	Model and geometry tests; Debug build	2026-10-03T23:46:57.3413690Z     cd $REPO
build-test	Model and geometry tests; Debug build	2026-10-03T23:46:57.3416940Z     write-file /Users/runner/Library/Developer/PhotoAxisBuilds/fe52d68e5807/DerivedData/Build/Intermediates.noindex/PhotoAxis.build/Debug/PhotoAxisCoreTests.build/empty-PhotoAxisCoreTests.plist
build-test	Model and geometry tests; Debug build	2026-10-03T23:46:57.3419600Z 
build-test	Model and geometry tests; Debug build	2026-10-03T23:46:57.3421200Z WriteAuxiliaryFile /Users/runner/Library/Developer/PhotoAxisBuilds/fe52d68e5807/DerivedData/Build/Intermediates.noindex/PhotoAxis.build/Debug/PhotoAxisCoreTests.build/PhotoAxisCoreTests.hmap (in target 'PhotoAxisCoreTests' from project 'PhotoAxis')
build-test	Model and geometry tests; Debug build	2026-10-03T23:46:57.3424070Z     cd $REPO
build-test	Model and geometry tests; Debug build	2026-10-03T23:46:57.3426350Z     write-file /Users/runner/Library/Developer/PhotoAxisBuilds/fe52d68e5807/DerivedData/Build/Intermediates.noindex/PhotoAxis.build/Debug/PhotoAxisCoreTests.build/PhotoAxisCoreTests.hmap
build-test	Model and geometry tests; Debug build	2026-10-03T23:46:57.3457260Z 
build-test	Model and geometry tests; Debug build	2026-10-03T23:46:57.3459950Z WriteAuxiliaryFile /Users/runner/Library/Developer/PhotoAxisBuilds/fe52d68e5807/DerivedData/Build/Intermediates.noindex/PhotoAxis.build/Debug/PhotoAxisCoreTests.build/PhotoAxisCoreTests.DependencyStaticMetadataFileList (in target 'PhotoAxisCoreTests' from project 'PhotoAxis')
build-test	Model and geometry tests; Debug build	2026-10-03T23:46:57.3461800Z     cd $REPO
build-test	Model and geometry tests; Debug build	2026-10-03T23:46:57.3463120Z     write-file /Users/runner/Library/Developer/PhotoAxisBuilds/fe52d68e5807/DerivedData/Build/Intermediates.noindex/PhotoAxis.build/Debug/PhotoAxisCoreTests.build/PhotoAxisCoreTests.DependencyStaticMetadataFileList
build-test	Model and geometry tests; Debug build	2026-10-03T23:46:57.3464600Z 
build-test	Model and geometry tests; Debug build	2026-10-03T23:46:57.3465510Z WriteAuxiliaryFile /Users/runner/Library/Developer/PhotoAxisBuilds/fe52d68e5807/DerivedData/Build/Intermediates.noindex/PhotoAxis.build/Debug/PhotoAxisCoreTests.build/PhotoAxisCoreTests.DependencyMetadataFileList (in target 'PhotoAxisCoreTests' from project 'PhotoAxis')
build-test	Model and geometry tests; Debug build	2026-10-03T23:46:57.3467800Z     cd $REPO
build-test	Model and geometry tests; Debug build	2026-10-03T23:46:57.3471300Z     write-file /Users/runner/Library/Developer/PhotoAxisBuilds/fe52d68e5807/DerivedData/Build/Intermediates.noindex/PhotoAxis.build/Debug/PhotoAxisCoreTests.build/PhotoAxisCoreTests.DependencyMetadataFileList
build-test	Model and geometry tests; Debug build	2026-10-03T23:46:57.3485980Z 
build-test	Model and geometry tests; Debug build	2026-10-03T23:46:57.3487180Z WriteAuxiliaryFile /Users/runner/Library/Developer/PhotoAxisBuilds/fe52d68e5807/DerivedData/Build/Intermediates.noindex/PhotoAxis.build/Debug/PhotoAxisCoreTests.build/PhotoAxisCoreTests-project-headers.hmap (in target 'PhotoAxisCoreTests' from project 'PhotoAxis')
build-test	Model and geometry tests; Debug build	2026-10-03T23:46:57.3488660Z     cd $REPO
build-test	Model and geometry tests; Debug build	2026-10-03T23:46:57.3492270Z     write-file /Users/runner/Library/Developer/PhotoAxisBuilds/fe52d68e5807/DerivedData/Build/Intermediates.noindex/PhotoAxis.build/Debug/PhotoAxisCoreTests.build/PhotoAxisCoreTests-project-headers.hmap
build-test	Model and geometry tests; Debug build	2026-10-03T23:46:57.3494880Z 
build-test	Model and geometry tests; Debug build	2026-10-03T23:46:57.3497440Z WriteAuxiliaryFile /Users/runner/Library/Developer/PhotoAxisBuilds/fe52d68e5807/DerivedData/Build/Intermediates.noindex/PhotoAxis.build/Debug/PhotoAxisCoreTests.build/PhotoAxisCoreTests-own-target-headers.hmap (in target 'PhotoAxisCoreTests' from project 'PhotoAxis')
build-test	Model and geometry tests; Debug build	2026-10-03T23:46:57.3500700Z     cd $REPO
build-test	Model and geometry tests; Debug build	2026-10-03T23:46:57.3501820Z     write-file /Users/runner/Library/Developer/PhotoAxisBuilds/fe52d68e5807/DerivedData/Build/Intermediates.noindex/PhotoAxis.build/Debug/PhotoAxisCoreTests.build/PhotoAxisCoreTests-own-target-headers.hmap
build-test	Model and geometry tests; Debug build	2026-10-03T23:46:57.3504030Z 
build-test	Model and geometry tests; Debug build	2026-10-03T23:46:57.3506480Z WriteAuxiliaryFile /Users/runner/Library/Developer/PhotoAxisBuilds/fe52d68e5807/DerivedData/Build/Intermediates.noindex/PhotoAxis.build/Debug/PhotoAxisCoreTests.build/PhotoAxisCoreTests-generated-files.hmap (in target 'PhotoAxisCoreTests' from project 'PhotoAxis')
build-test	Model and geometry tests; Debug build	2026-10-03T23:46:57.3511440Z     cd $REPO
build-test	Model and geometry tests; Debug build	2026-10-03T23:46:57.3512530Z     write-file /Users/runner/Library/Developer/PhotoAxisBuilds/fe52d68e5807/DerivedData/Build/Intermediates.noindex/PhotoAxis.build/Debug/PhotoAxisCoreTests.build/PhotoAxisCoreTests-generated-files.hmap
build-test	Model and geometry tests; Debug build	2026-10-03T23:46:57.3513360Z 
build-test	Model and geometry tests; Debug build	2026-10-03T23:46:57.3516210Z WriteAuxiliaryFile /Users/runner/Library/Developer/PhotoAxisBuilds/fe52d68e5807/DerivedData/Build/Intermediates.noindex/PhotoAxis.build/Debug/PhotoAxisCoreTests.build/PhotoAxisCoreTests-all-target-headers.hmap (in target 'PhotoAxisCoreTests' from project 'PhotoAxis')
build-test	Model and geometry tests; Debug build	2026-10-03T23:46:57.3518550Z     cd $REPO
build-test	Model and geometry tests; Debug build	2026-10-03T23:46:57.3521620Z     write-file /Users/runner/Library/Developer/PhotoAxisBuilds/fe52d68e5807/DerivedData/Build/Intermediates.noindex/PhotoAxis.build/Debug/PhotoAxisCoreTests.build/PhotoAxisCoreTests-all-target-headers.hmap
build-test	Model and geometry tests; Debug build	2026-10-03T23:46:57.3523750Z 
build-test	Model and geometry tests; Debug build	2026-10-03T23:46:57.3527350Z WriteAuxiliaryFile /Users/runner/Library/Developer/PhotoAxisBuilds/fe52d68e5807/DerivedData/Build/Intermediates.noindex/PhotoAxis.build/Debug/PhotoAxisCoreTests.build/PhotoAxisCoreTests-all-non-framework-target-headers.hmap (in target 'PhotoAxisCoreTests' from project 'PhotoAxis')
build-test	Model and geometry tests; Debug build	2026-10-03T23:46:57.3537360Z     cd $REPO
build-test	Model and geometry tests; Debug build	2026-10-03T23:46:57.3538600Z     write-file /Users/runner/Library/Developer/PhotoAxisBuilds/fe52d68e5807/DerivedData/Build/Intermediates.noindex/PhotoAxis.build/Debug/PhotoAxisCoreTests.build/PhotoAxisCoreTests-all-non-framework-target-headers.hmap
build-test	Model and geometry tests; Debug build	2026-10-03T23:46:57.3539420Z 
build-test	Model and geometry tests; Debug build	2026-10-03T23:46:57.3540420Z WriteAuxiliaryFile /Users/runner/Library/Developer/PhotoAxisBuilds/fe52d68e5807/DerivedData/Build/Intermediates.noindex/PhotoAxis.build/Debug/PhotoAxisCoreTests.build/Objects-normal/arm64/PhotoAxisCoreTests_const_extract_protocols.json (in target 'PhotoAxisCoreTests' from project 'PhotoAxis')
build-test	Model and geometry tests; Debug build	2026-10-03T23:46:57.3543780Z     cd $REPO
build-test	Model and geometry tests; Debug build	2026-10-03T23:46:57.3546250Z     write-file /Users/runner/Library/Developer/PhotoAxisBuilds/fe52d68e5807/DerivedData/Build/Intermediates.noindex/PhotoAxis.build/Debug/PhotoAxisCoreTests.build/Objects-normal/arm64/PhotoAxisCoreTests_const_extract_protocols.json
build-test	Model and geometry tests; Debug build	2026-10-03T23:46:57.3548600Z 
build-test	Model and geometry tests; Debug build	2026-10-03T23:46:57.3551470Z WriteAuxiliaryFile /Users/runner/Library/Developer/PhotoAxisBuilds/fe52d68e5807/DerivedData/Build/Intermediates.noindex/PhotoAxis.build/Debug/PhotoAxisCoreTests.build/Objects-normal/arm64/PhotoAxisCoreTests.SwiftFileList (in target 'PhotoAxisCoreTests' from project 'PhotoAxis')
build-test	Model and geometry tests; Debug build	2026-10-03T23:46:57.3586980Z     cd $REPO
build-test	Model and geometry tests; Debug build	2026-10-03T23:46:57.3647370Z     write-file /Users/runner/Library/Developer/PhotoAxisBuilds/fe52d68e5807/DerivedData/Build/Intermediates.noindex/PhotoAxis.build/Debug/PhotoAxisCoreTests.build/Objects-normal/arm64/PhotoAxisCoreTests.SwiftFileList
build-test	Model and geometry tests; Debug build	2026-10-03T23:46:57.3650190Z 
build-test	Model and geometry tests; Debug build	2026-10-03T23:46:57.3653090Z WriteAuxiliaryFile /Users/runner/Library/Developer/PhotoAxisBuilds/fe52d68e5807/DerivedData/Build/Intermediates.noindex/PhotoAxis.build/Debug/PhotoAxisCoreTests.build/Objects-normal/arm64/PhotoAxisCoreTests.SwiftConstValuesFileList (in target 'PhotoAxisCoreTests' from project 'PhotoAxis')
build-test	Model and geometry tests; Debug build	2026-10-03T23:46:57.3656200Z     cd $REPO
build-test	Model and geometry tests; Debug build	2026-10-03T23:46:57.3659110Z     write-file /Users/runner/Library/Developer/PhotoAxisBuilds/fe52d68e5807/DerivedData/Build/Intermediates.noindex/PhotoAxis.build/Debug/PhotoAxisCoreTests.build/Objects-normal/arm64/PhotoAxisCoreTests.SwiftConstValuesFileList
build-test	Model and geometry tests; Debug build	2026-10-03T23:46:57.3662100Z 
build-test	Model and geometry tests; Debug build	2026-10-03T23:46:57.3663240Z WriteAuxiliaryFile /Users/runner/Library/Developer/PhotoAxisBuilds/fe52d68e5807/DerivedData/Build/Intermediates.noindex/PhotoAxis.build/Debug/PhotoAxisCoreTests.build/Objects-normal/arm64/PhotoAxisCoreTests.LinkFileList (in target 'PhotoAxisCoreTests' from project 'PhotoAxis')
build-test	Model and geometry tests; Debug build	2026-10-03T23:46:57.3665730Z     cd $REPO
build-test	Model and geometry tests; Debug build	2026-10-03T23:46:57.3671860Z     write-file /Users/runner/Library/Developer/PhotoAxisBuilds/fe52d68e5807/DerivedData/Build/Intermediates.noindex/PhotoAxis.build/Debug/PhotoAxisCoreTests.build/Objects-normal/arm64/PhotoAxisCoreTests.LinkFileList
build-test	Model and geometry tests; Debug build	2026-10-03T23:46:57.3675570Z 
build-test	Model and geometry tests; Debug build	2026-10-03T23:46:57.3678230Z WriteAuxiliaryFile /Users/runner/Library/Developer/PhotoAxisBuilds/fe52d68e5807/DerivedData/Build/Intermediates.noindex/PhotoAxis.build/Debug/PhotoAxisCoreTests.build/Objects-normal/arm64/PhotoAxisCoreTests-OutputFileMap.json (in target 'PhotoAxisCoreTests' from project 'PhotoAxis')
build-test	Model and geometry tests; Debug build	2026-10-03T23:46:57.3679960Z     cd $REPO
build-test	Model and geometry tests; Debug build	2026-10-03T23:46:57.3681080Z     write-file /Users/runner/Library/Developer/PhotoAxisBuilds/fe52d68e5807/DerivedData/Build/Intermediates.noindex/PhotoAxis.build/Debug/PhotoAxisCoreTests.build/Objects-normal/arm64/PhotoAxisCoreTests-OutputFileMap.json
build-test	Model and geometry tests; Debug build	2026-10-03T23:46:57.3685650Z 
build-test	Model and geometry tests; Debug build	2026-10-03T23:46:57.3687850Z WriteAuxiliaryFile /Users/runner/Library/Developer/PhotoAxisBuilds/fe52d68e5807/DerivedData/Build/Intermediates.noindex/PhotoAxis.build/Debug/PhotoAxisCore.build/module.modulemap (in target 'PhotoAxisCore' from project 'PhotoAxis')
build-test	Model and geometry tests; Debug build	2026-10-03T23:46:57.3692850Z     cd $REPO
build-test	Model and geometry tests; Debug build	2026-10-03T23:46:57.3702170Z     write-file /Users/runner/Library/Developer/PhotoAxisBuilds/fe52d68e5807/DerivedData/Build/Intermediates.noindex/PhotoAxis.build/Debug/PhotoAxisCore.build/module.modulemap
build-test	Model and geometry tests; Debug build	2026-10-03T23:46:57.3703020Z 
build-test	Model and geometry tests; Debug build	2026-10-03T23:46:57.3703850Z WriteAuxiliaryFile /Users/runner/Library/Developer/PhotoAxisBuilds/fe52d68e5807/DerivedData/Build/Intermediates.noindex/PhotoAxis.build/Debug/PhotoAxisCore.build/empty-PhotoAxisCore.plist (in target 'PhotoAxisCore' from project 'PhotoAxis')
build-test	Model and geometry tests; Debug build	2026-10-03T23:46:57.3705330Z     cd $REPO
build-test	Model and geometry tests; Debug build	2026-10-03T23:46:57.3709170Z     write-file /Users/runner/Library/Developer/PhotoAxisBuilds/fe52d68e5807/DerivedData/Build/Intermediates.noindex/PhotoAxis.build/Debug/PhotoAxisCore.build/empty-PhotoAxisCore.plist
build-test	Model and geometry tests; Debug build	2026-10-03T23:46:57.3713580Z 
build-test	Model and geometry tests; Debug build	2026-10-03T23:46:57.3715660Z WriteAuxiliaryFile /Users/runner/Library/Developer/PhotoAxisBuilds/fe52d68e5807/DerivedData/Build/Intermediates.noindex/PhotoAxis.build/Debug/PhotoAxisCore.build/PhotoAxisCore.hmap (in target 'PhotoAxisCore' from project 'PhotoAxis')
build-test	Model and geometry tests; Debug build	2026-10-03T23:46:57.3720870Z     cd $REPO
build-test	Model and geometry tests; Debug build	2026-10-03T23:46:57.3724090Z     write-file /Users/runner/Library/Developer/PhotoAxisBuilds/fe52d68e5807/DerivedData/Build/Intermediates.noindex/PhotoAxis.build/Debug/PhotoAxisCore.build/PhotoAxisCore.hmap
build-test	Model and geometry tests; Debug build	2026-10-03T23:46:57.3726310Z 
build-test	Model and geometry tests; Debug build	2026-10-03T23:46:57.3728810Z WriteAuxiliaryFile /Users/runner/Library/Developer/PhotoAxisBuilds/fe52d68e5807/DerivedData/Build/Intermediates.noindex/PhotoAxis.build/Debug/PhotoAxisCore.build/PhotoAxisCore.DependencyStaticMetadataFileList (in target 'PhotoAxisCore' from project 'PhotoAxis')
build-test	Model and geometry tests; Debug build	2026-10-03T23:46:57.3737740Z     cd $REPO
build-test	Model and geometry tests; Debug build	2026-10-03T23:46:57.3738870Z     write-file /Users/runner/Library/Developer/PhotoAxisBuilds/fe52d68e5807/DerivedData/Build/Intermediates.noindex/PhotoAxis.build/Debug/PhotoAxisCore.build/PhotoAxisCore.DependencyStaticMetadataFileList
build-test	Model and geometry tests; Debug build	2026-10-03T23:46:57.3739630Z 
build-test	Model and geometry tests; Debug build	2026-10-03T23:46:57.3742050Z WriteAuxiliaryFile /Users/runner/Library/Developer/PhotoAxisBuilds/fe52d68e5807/DerivedData/Build/Intermediates.noindex/PhotoAxis.build/Debug/PhotoAxisCore.build/PhotoAxisCore.DependencyMetadataFileList (in target 'PhotoAxisCore' from project 'PhotoAxis')
build-test	Model and geometry tests; Debug build	2026-10-03T23:46:57.3745550Z     cd $REPO
build-test	Model and geometry tests; Debug build	2026-10-03T23:46:57.3750660Z     write-file /Users/runner/Library/Developer/PhotoAxisBuilds/fe52d68e5807/DerivedData/Build/Intermediates.noindex/PhotoAxis.build/Debug/PhotoAxisCore.build/PhotoAxisCore.DependencyMetadataFileList
build-test	Model and geometry tests; Debug build	2026-10-03T23:46:57.3755160Z 
build-test	Model and geometry tests; Debug build	2026-10-03T23:46:57.3757430Z WriteAuxiliaryFile /Users/runner/Library/Developer/PhotoAxisBuilds/fe52d68e5807/DerivedData/Build/Intermediates.noindex/PhotoAxis.build/Debug/PhotoAxisCore.build/PhotoAxisCore-project-headers.hmap (in target 'PhotoAxisCore' from project 'PhotoAxis')
build-test	Model and geometry tests; Debug build	2026-10-03T23:46:57.3761410Z     cd $REPO
build-test	Model and geometry tests; Debug build	2026-10-03T23:46:57.3763590Z     write-file /Users/runner/Library/Developer/PhotoAxisBuilds/fe52d68e5807/DerivedData/Build/Intermediates.noindex/PhotoAxis.build/Debug/PhotoAxisCore.build/PhotoAxisCore-project-headers.hmap
build-test	Model and geometry tests; Debug build	2026-10-03T23:46:57.3798180Z 
build-test	Model and geometry tests; Debug build	2026-10-03T23:46:57.3801280Z WriteAuxiliaryFile /Users/runner/Library/Developer/PhotoAxisBuilds/fe52d68e5807/DerivedData/Build/Intermediates.noindex/PhotoAxis.build/Debug/PhotoAxisCore.build/PhotoAxisCore-own-target-headers.hmap (in target 'PhotoAxisCore' from project 'PhotoAxis')
build-test	Model and geometry tests; Debug build	2026-10-03T23:46:57.3804290Z     cd $REPO
build-test	Model and geometry tests; Debug build	2026-10-03T23:46:57.3827530Z     write-file /Users/runner/Library/Developer/PhotoAxisBuilds/fe52d68e5807/DerivedData/Build/Intermediates.noindex/PhotoAxis.build/Debug/PhotoAxisCore.build/PhotoAxisCore-own-target-headers.hmap
build-test	Model and geometry tests; Debug build	2026-10-03T23:46:57.3832830Z 
build-test	Model and geometry tests; Debug build	2026-10-03T23:46:57.3835150Z WriteAuxiliaryFile /Users/runner/Library/Developer/PhotoAxisBuilds/fe52d68e5807/DerivedData/Build/Intermediates.noindex/PhotoAxis.build/Debug/PhotoAxisCore.build/PhotoAxisCore-generated-files.hmap (in target 'PhotoAxisCore' from project 'PhotoAxis')
build-test	Model and geometry tests; Debug build	2026-10-03T23:46:57.3839070Z     cd $REPO
build-test	Model and geometry tests; Debug build	2026-10-03T23:46:57.3843550Z     write-file /Users/runner/Library/Developer/PhotoAxisBuilds/fe52d68e5807/DerivedData/Build/Intermediates.noindex/PhotoAxis.build/Debug/PhotoAxisCore.build/PhotoAxisCore-generated-files.hmap
build-test	Model and geometry tests; Debug build	2026-10-03T23:46:57.3858300Z 
build-test	Model and geometry tests; Debug build	2026-10-03T23:46:57.3861100Z WriteAuxiliaryFile /Users/runner/Library/Developer/PhotoAxisBuilds/fe52d68e5807/DerivedData/Build/Intermediates.noindex/PhotoAxis.build/Debug/PhotoAxisCore.build/PhotoAxisCore-all-target-headers.hmap (in target 'PhotoAxisCore' from project 'PhotoAxis')
build-test	Model and geometry tests; Debug build	2026-10-03T23:46:57.3862430Z     cd $REPO
build-test	Model and geometry tests; Debug build	2026-10-03T23:46:57.3863270Z     write-file /Users/runner/Library/Developer/PhotoAxisBuilds/fe52d68e5807/DerivedData/Build/Intermediates.noindex/PhotoAxis.build/Debug/PhotoAxisCore.build/PhotoAxisCore-all-target-headers.hmap
build-test	Model and geometry tests; Debug build	2026-10-03T23:46:57.3864220Z 
build-test	Model and geometry tests; Debug build	2026-10-03T23:46:57.3865440Z WriteAuxiliaryFile /Users/runner/Library/Developer/PhotoAxisBuilds/fe52d68e5807/DerivedData/Build/Intermediates.noindex/PhotoAxis.build/Debug/PhotoAxisCore.build/PhotoAxisCore-all-non-framework-target-headers.hmap (in target 'PhotoAxisCore' from project 'PhotoAxis')
build-test	Model and geometry tests; Debug build	2026-10-03T23:46:57.3868760Z     cd $REPO
build-test	Model and geometry tests; Debug build	2026-10-03T23:46:57.3871330Z     write-file /Users/runner/Library/Developer/PhotoAxisBuilds/fe52d68e5807/DerivedData/Build/Intermediates.noindex/PhotoAxis.build/Debug/PhotoAxisCore.build/PhotoAxisCore-all-non-framework-target-headers.hmap
build-test	Model and geometry tests; Debug build	2026-10-03T23:46:57.3874590Z 
build-test	Model and geometry tests; Debug build	2026-10-03T23:46:57.3877160Z WriteAuxiliaryFile /Users/runner/Library/Developer/PhotoAxisBuilds/fe52d68e5807/DerivedData/Build/Intermediates.noindex/PhotoAxis.build/Debug/PhotoAxisCore.build/Objects-normal/arm64/PhotoAxisCore_const_extract_protocols.json (in target 'PhotoAxisCore' from project 'PhotoAxis')
build-test	Model and geometry tests; Debug build	2026-10-03T23:46:57.3881630Z     cd $REPO
build-test	Model and geometry tests; Debug build	2026-10-03T23:46:57.3884410Z     write-file /Users/runner/Library/Developer/PhotoAxisBuilds/fe52d68e5807/DerivedData/Build/Intermediates.noindex/PhotoAxis.build/Debug/PhotoAxisCore.build/Objects-normal/arm64/PhotoAxisCore_const_extract_protocols.json
build-test	Model and geometry tests; Debug build	2026-10-03T23:46:57.3900150Z 
build-test	Model and geometry tests; Debug build	2026-10-03T23:46:57.3902680Z WriteAuxiliaryFile /Users/runner/Library/Developer/PhotoAxisBuilds/fe52d68e5807/DerivedData/Build/Intermediates.noindex/PhotoAxis.build/Debug/PhotoAxisCore.build/Objects-normal/arm64/PhotoAxisCore.SwiftFileList (in target 'PhotoAxisCore' from project 'PhotoAxis')
build-test	Model and geometry tests; Debug build	2026-10-03T23:46:57.3906000Z     cd $REPO
build-test	Model and geometry tests; Debug build	2026-10-03T23:46:57.3909740Z     write-file /Users/runner/Library/Developer/PhotoAxisBuilds/fe52d68e5807/DerivedData/Build/Intermediates.noindex/PhotoAxis.build/Debug/PhotoAxisCore.build/Objects-normal/arm64/PhotoAxisCore.SwiftFileList
build-test	Model and geometry tests; Debug build	2026-10-03T23:46:57.3911620Z 
build-test	Model and geometry tests; Debug build	2026-10-03T23:46:57.3912630Z WriteAuxiliaryFile /Users/runner/Library/Developer/PhotoAxisBuilds/fe52d68e5807/DerivedData/Build/Intermediates.noindex/PhotoAxis.build/Debug/PhotoAxisCore.build/Objects-normal/arm64/PhotoAxisCore.SwiftConstValuesFileList (in target 'PhotoAxisCore' from project 'PhotoAxis')
build-test	Model and geometry tests; Debug build	2026-10-03T23:46:57.3916580Z     cd $REPO
build-test	Model and geometry tests; Debug build	2026-10-03T23:46:57.3917800Z     write-file /Users/runner/Library/Developer/PhotoAxisBuilds/fe52d68e5807/DerivedData/Build/Intermediates.noindex/PhotoAxis.build/Debug/PhotoAxisCore.build/Objects-normal/arm64/PhotoAxisCore.SwiftConstValuesFileList
build-test	Model and geometry tests; Debug build	2026-10-03T23:46:57.3918810Z 
build-test	Model and geometry tests; Debug build	2026-10-03T23:46:57.3919680Z WriteAuxiliaryFile /Users/runner/Library/Developer/PhotoAxisBuilds/fe52d68e5807/DerivedData/Build/Intermediates.noindex/PhotoAxis.build/Debug/PhotoAxisCore.build/Objects-normal/arm64/PhotoAxisCore.LinkFileList (in target 'PhotoAxisCore' from project 'PhotoAxis')
build-test	Model and geometry tests; Debug build	2026-10-03T23:46:57.3920790Z     cd $REPO
build-test	Model and geometry tests; Debug build	2026-10-03T23:46:57.3940770Z     write-file /Users/runner/Library/Developer/PhotoAxisBuilds/fe52d68e5807/DerivedData/Build/Intermediates.noindex/PhotoAxis.build/Debug/PhotoAxisCore.build/Objects-normal/arm64/PhotoAxisCore.LinkFileList
build-test	Model and geometry tests; Debug build	2026-10-03T23:46:57.3944810Z 
build-test	Model and geometry tests; Debug build	2026-10-03T23:46:57.3947740Z WriteAuxiliaryFile /Users/runner/Library/Developer/PhotoAxisBuilds/fe52d68e5807/DerivedData/Build/Intermediates.noindex/PhotoAxis.build/Debug/PhotoAxisCore.build/Objects-normal/arm64/PhotoAxisCore-OutputFileMap.json (in target 'PhotoAxisCore' from project 'PhotoAxis')
build-test	Model and geometry tests; Debug build	2026-10-03T23:46:57.3951300Z     cd $REPO
build-test	Model and geometry tests; Debug build	2026-10-03T23:46:57.3953830Z     write-file /Users/runner/Library/Developer/PhotoAxisBuilds/fe52d68e5807/DerivedData/Build/Intermediates.noindex/PhotoAxis.build/Debug/PhotoAxisCore.build/Objects-normal/arm64/PhotoAxisCore-OutputFileMap.json
build-test	Model and geometry tests; Debug build	2026-10-03T23:46:57.3957450Z 
build-test	Model and geometry tests; Debug build	2026-10-03T23:46:57.3959470Z Copy /Users/runner/Library/Developer/PhotoAxisBuilds/fe52d68e5807/DerivedData/Build/Products/Debug/PhotoAxisCore.framework/Versions/A/Modules/module.modulemap /Users/runner/Library/Developer/PhotoAxisBuilds/fe52d68e5807/DerivedData/Build/Intermediates.noindex/PhotoAxis.build/Debug/PhotoAxisCore.build/module.modulemap (in target 'PhotoAxisCore' from project 'PhotoAxis')
build-test	Model and geometry tests; Debug build	2026-10-03T23:46:57.3961620Z     cd $REPO
build-test	Model and geometry tests; Debug build	2026-10-03T23:46:57.3963720Z     builtin-copy -exclude .DS_Store -exclude CVS -exclude .svn -exclude .git -exclude .hg -strip-unsigned-binaries -strip-deterministic -strip-tool /Applications/Xcode_16.4.app/Contents/Developer/Toolchains/XcodeDefault.xctoolchain/usr/bin/strip -resolve-src-symlinks /Users/runner/Library/Developer/PhotoAxisBuilds/fe52d68e5807/DerivedData/Build/Intermediates.noindex/PhotoAxis.build/Debug/PhotoAxisCore.build/module.modulemap /Users/runner/Library/Developer/PhotoAxisBuilds/fe52d68e5807/DerivedData/Build/Products/Debug/PhotoAxisCore.framework/Versions/A/Modules
build-test	Model and geometry tests; Debug build	2026-10-03T23:46:57.3972130Z 
build-test	Model and geometry tests; Debug build	2026-10-03T23:46:57.3973060Z WriteAuxiliaryFile /Users/runner/Library/Developer/PhotoAxisBuilds/fe52d68e5807/DerivedData/Build/Intermediates.noindex/PhotoAxis.build/Debug/PhotoAxisAppTests.build/empty-PhotoAxisAppTests.plist (in target 'PhotoAxisAppTests' from project 'PhotoAxis')
build-test	Model and geometry tests; Debug build	2026-10-03T23:46:57.3974080Z     cd $REPO
build-test	Model and geometry tests; Debug build	2026-10-03T23:46:57.3976640Z     write-file /Users/runner/Library/Developer/PhotoAxisBuilds/fe52d68e5807/DerivedData/Build/Intermediates.noindex/PhotoAxis.build/Debug/PhotoAxisAppTests.build/empty-PhotoAxisAppTests.plist
build-test	Model and geometry tests; Debug build	2026-10-03T23:46:57.3980270Z 
build-test	Model and geometry tests; Debug build	2026-10-03T23:46:57.3982450Z WriteAuxiliaryFile /Users/runner/Library/Developer/PhotoAxisBuilds/fe52d68e5807/DerivedData/Build/Intermediates.noindex/PhotoAxis.build/Debug/PhotoAxisAppTests.build/PhotoAxisAppTests.hmap (in target 'PhotoAxisAppTests' from project 'PhotoAxis')
build-test	Model and geometry tests; Debug build	2026-10-03T23:46:57.3987760Z     cd $REPO
build-test	Model and geometry tests; Debug build	2026-10-03T23:46:57.3990010Z     write-file /Users/runner/Library/Developer/PhotoAxisBuilds/fe52d68e5807/DerivedData/Build/Intermediates.noindex/PhotoAxis.build/Debug/PhotoAxisAppTests.build/PhotoAxisAppTests.hmap
build-test	Model and geometry tests; Debug build	2026-10-03T23:46:57.3993290Z 
build-test	Model and geometry tests; Debug build	2026-10-03T23:46:57.3995630Z WriteAuxiliaryFile /Users/runner/Library/Developer/PhotoAxisBuilds/fe52d68e5807/DerivedData/Build/Intermediates.noindex/PhotoAxis.build/Debug/PhotoAxisAppTests.build/PhotoAxisAppTests.DependencyStaticMetadataFileList (in target 'PhotoAxisAppTests' from project 'PhotoAxis')
build-test	Model and geometry tests; Debug build	2026-10-03T23:46:57.4015620Z     cd $REPO
build-test	Model and geometry tests; Debug build	2026-10-03T23:46:57.4018670Z     write-file /Users/runner/Library/Developer/PhotoAxisBuilds/fe52d68e5807/DerivedData/Build/Intermediates.noindex/PhotoAxis.build/Debug/PhotoAxisAppTests.build/PhotoAxisAppTests.DependencyStaticMetadataFileList
build-test	Model and geometry tests; Debug build	2026-10-03T23:46:57.4020830Z 
build-test	Model and geometry tests; Debug build	2026-10-03T23:46:57.4023500Z WriteAuxiliaryFile /Users/runner/Library/Developer/PhotoAxisBuilds/fe52d68e5807/DerivedData/Build/Intermediates.noindex/PhotoAxis.build/Debug/PhotoAxisAppTests.build/PhotoAxisAppTests.DependencyMetadataFileList (in target 'PhotoAxisAppTests' from project 'PhotoAxis')
build-test	Model and geometry tests; Debug build	2026-10-03T23:46:57.4026760Z     cd $REPO
build-test	Model and geometry tests; Debug build	2026-10-03T23:46:57.4029440Z     write-file /Users/runner/Library/Developer/PhotoAxisBuilds/fe52d68e5807/DerivedData/Build/Intermediates.noindex/PhotoAxis.build/Debug/PhotoAxisAppTests.build/PhotoAxisAppTests.DependencyMetadataFileList
build-test	Model and geometry tests; Debug build	2026-10-03T23:46:57.4032910Z 
build-test	Model and geometry tests; Debug build	2026-10-03T23:46:57.4035330Z WriteAuxiliaryFile /Users/runner/Library/Developer/PhotoAxisBuilds/fe52d68e5807/DerivedData/Build/Intermediates.noindex/PhotoAxis.build/Debug/PhotoAxisAppTests.build/PhotoAxisAppTests-project-headers.hmap (in target 'PhotoAxisAppTests' from project 'PhotoAxis')
build-test	Model and geometry tests; Debug build	2026-10-03T23:46:57.4056830Z     cd $REPO
build-test	Model and geometry tests; Debug build	2026-10-03T23:46:57.4061010Z     write-file /Users/runner/Library/Developer/PhotoAxisBuilds/fe52d68e5807/DerivedData/Build/Intermediates.noindex/PhotoAxis.build/Debug/PhotoAxisAppTests.build/PhotoAxisAppTests-project-headers.hmap
build-test	Model and geometry tests; Debug build	2026-10-03T23:46:57.4069220Z 
build-test	Model and geometry tests; Debug build	2026-10-03T23:46:57.4071260Z WriteAuxiliaryFile /Users/runner/Library/Developer/PhotoAxisBuilds/fe52d68e5807/DerivedData/Build/Intermediates.noindex/PhotoAxis.build/Debug/PhotoAxisAppTests.build/PhotoAxisAppTests-own-target-headers.hmap (in target 'PhotoAxisAppTests' from project 'PhotoAxis')
build-test	Model and geometry tests; Debug build	2026-10-03T23:46:57.4075780Z     cd $REPO
build-test	Model and geometry tests; Debug build	2026-10-03T23:46:57.4078860Z     write-file /Users/runner/Library/Developer/PhotoAxisBuilds/fe52d68e5807/DerivedData/Build/Intermediates.noindex/PhotoAxis.build/Debug/PhotoAxisAppTests.build/PhotoAxisAppTests-own-target-headers.hmap
build-test	Model and geometry tests; Debug build	2026-10-03T23:46:57.4093750Z 
build-test	Model and geometry tests; Debug build	2026-10-03T23:46:57.4096110Z WriteAuxiliaryFile /Users/runner/Library/Developer/PhotoAxisBuilds/fe52d68e5807/DerivedData/Build/Intermediates.noindex/PhotoAxis.build/Debug/PhotoAxisAppTests.build/PhotoAxisAppTests-generated-files.hmap (in target 'PhotoAxisAppTests' from project 'PhotoAxis')
build-test	Model and geometry tests; Debug build	2026-10-03T23:46:57.4098070Z     cd $REPO
build-test	Model and geometry tests; Debug build	2026-10-03T23:46:57.4099150Z     write-file /Users/runner/Library/Developer/PhotoAxisBuilds/fe52d68e5807/DerivedData/Build/Intermediates.noindex/PhotoAxis.build/Debug/PhotoAxisAppTests.build/PhotoAxisAppTests-generated-files.hmap
build-test	Model and geometry tests; Debug build	2026-10-03T23:46:57.4103730Z 
build-test	Model and geometry tests; Debug build	2026-10-03T23:46:57.4106100Z WriteAuxiliaryFile /Users/runner/Library/Developer/PhotoAxisBuilds/fe52d68e5807/DerivedData/Build/Intermediates.noindex/PhotoAxis.build/Debug/PhotoAxisAppTests.build/PhotoAxisAppTests-all-target-headers.hmap (in target 'PhotoAxisAppTests' from project 'PhotoAxis')
build-test	Model and geometry tests; Debug build	2026-10-03T23:46:57.4111030Z     cd $REPO
build-test	Model and geometry tests; Debug build	2026-10-03T23:46:57.4113770Z     write-file /Users/runner/Library/Developer/PhotoAxisBuilds/fe52d68e5807/DerivedData/Build/Intermediates.noindex/PhotoAxis.build/Debug/PhotoAxisAppTests.build/PhotoAxisAppTests-all-target-headers.hmap
build-test	Model and geometry tests; Debug build	2026-10-03T23:46:57.4116830Z 
build-test	Model and geometry tests; Debug build	2026-10-03T23:46:57.4117840Z WriteAuxiliaryFile /Users/runner/Library/Developer/PhotoAxisBuilds/fe52d68e5807/DerivedData/Build/Intermediates.noindex/PhotoAxis.build/Debug/PhotoAxisAppTests.build/PhotoAxisAppTests-all-non-framework-target-headers.hmap (in target 'PhotoAxisAppTests' from project 'PhotoAxis')
build-test	Model and geometry tests; Debug build	2026-10-03T23:46:57.4119660Z     cd $REPO
build-test	Model and geometry tests; Debug build	2026-10-03T23:46:57.4122200Z     write-file /Users/runner/Library/Developer/PhotoAxisBuilds/fe52d68e5807/DerivedData/Build/Intermediates.noindex/PhotoAxis.build/Debug/PhotoAxisAppTests.build/PhotoAxisAppTests-all-non-framework-target-headers.hmap
build-test	Model and geometry tests; Debug build	2026-10-03T23:46:57.4123760Z 
build-test	Model and geometry tests; Debug build	2026-10-03T23:46:57.4124850Z WriteAuxiliaryFile /Users/runner/Library/Developer/PhotoAxisBuilds/fe52d68e5807/DerivedData/Build/Intermediates.noindex/PhotoAxis.build/Debug/PhotoAxisAppTests.build/Objects-normal/arm64/PhotoAxisAppTests_const_extract_protocols.json (in target 'PhotoAxisAppTests' from project 'PhotoAxis')
build-test	Model and geometry tests; Debug build	2026-10-03T23:46:57.4168970Z     cd $REPO
build-test	Model and geometry tests; Debug build	2026-10-03T23:46:57.4170150Z     write-file /Users/runner/Library/Developer/PhotoAxisBuilds/fe52d68e5807/DerivedData/Build/Intermediates.noindex/PhotoAxis.build/Debug/PhotoAxisAppTests.build/Objects-normal/arm64/PhotoAxisAppTests_const_extract_protocols.json
build-test	Model and geometry tests; Debug build	2026-10-03T23:46:57.4171240Z 
build-test	Model and geometry tests; Debug build	2026-10-03T23:46:57.4172220Z WriteAuxiliaryFile /Users/runner/Library/Developer/PhotoAxisBuilds/fe52d68e5807/DerivedData/Build/Intermediates.noindex/PhotoAxis.build/Debug/PhotoAxisAppTests.build/Objects-normal/arm64/PhotoAxisAppTests.SwiftFileList (in target 'PhotoAxisAppTests' from project 'PhotoAxis')
build-test	Model and geometry tests; Debug build	2026-10-03T23:46:57.4178700Z     cd $REPO
build-test	Model and geometry tests; Debug build	2026-10-03T23:46:57.4182040Z     write-file /Users/runner/Library/Developer/PhotoAxisBuilds/fe52d68e5807/DerivedData/Build/Intermediates.noindex/PhotoAxis.build/Debug/PhotoAxisAppTests.build/Objects-normal/arm64/PhotoAxisAppTests.SwiftFileList
build-test	Model and geometry tests; Debug build	2026-10-03T23:46:57.4183150Z 
build-test	Model and geometry tests; Debug build	2026-10-03T23:46:57.4184240Z WriteAuxiliaryFile /Users/runner/Library/Developer/PhotoAxisBuilds/fe52d68e5807/DerivedData/Build/Intermediates.noindex/PhotoAxis.build/Debug/PhotoAxisAppTests.build/Objects-normal/arm64/PhotoAxisAppTests.SwiftConstValuesFileList (in target 'PhotoAxisAppTests' from project 'PhotoAxis')
build-test	Model and geometry tests; Debug build	2026-10-03T23:46:57.4185410Z     cd $REPO
build-test	Model and geometry tests; Debug build	2026-10-03T23:46:57.4186460Z     write-file /Users/runner/Library/Developer/PhotoAxisBuilds/fe52d68e5807/DerivedData/Build/Intermediates.noindex/PhotoAxis.build/Debug/PhotoAxisAppTests.build/Objects-normal/arm64/PhotoAxisAppTests.SwiftConstValuesFileList
build-test	Model and geometry tests; Debug build	2026-10-03T23:46:57.4190100Z 
build-test	Model and geometry tests; Debug build	2026-10-03T23:46:57.4191220Z WriteAuxiliaryFile /Users/runner/Library/Developer/PhotoAxisBuilds/fe52d68e5807/DerivedData/Build/Intermediates.noindex/PhotoAxis.build/Debug/PhotoAxisAppTests.build/Objects-normal/arm64/PhotoAxisAppTests.LinkFileList (in target 'PhotoAxisAppTests' from project 'PhotoAxis')
build-test	Model and geometry tests; Debug build	2026-10-03T23:46:57.4195340Z     cd $REPO
build-test	Model and geometry tests; Debug build	2026-10-03T23:46:57.4196420Z     write-file /Users/runner/Library/Developer/PhotoAxisBuilds/fe52d68e5807/DerivedData/Build/Intermediates.noindex/PhotoAxis.build/Debug/PhotoAxisAppTests.build/Objects-normal/arm64/PhotoAxisAppTests.LinkFileList
build-test	Model and geometry tests; Debug build	2026-10-03T23:46:57.4199930Z 
build-test	Model and geometry tests; Debug build	2026-10-03T23:46:57.4201090Z WriteAuxiliaryFile /Users/runner/Library/Developer/PhotoAxisBuilds/fe52d68e5807/DerivedData/Build/Intermediates.noindex/PhotoAxis.build/Debug/PhotoAxisAppTests.build/Objects-normal/arm64/PhotoAxisAppTests-OutputFileMap.json (in target 'PhotoAxisAppTests' from project 'PhotoAxis')
build-test	Model and geometry tests; Debug build	2026-10-03T23:46:57.4204340Z     cd $REPO
build-test	Model and geometry tests; Debug build	2026-10-03T23:46:57.4205280Z     write-file /Users/runner/Library/Developer/PhotoAxisBuilds/fe52d68e5807/DerivedData/Build/Intermediates.noindex/PhotoAxis.build/Debug/PhotoAxisAppTests.build/Objects-normal/arm64/PhotoAxisAppTests-OutputFileMap.json
build-test	Model and geometry tests; Debug build	2026-10-03T23:46:57.4206090Z 
build-test	Model and geometry tests; Debug build	2026-10-03T23:46:57.4207200Z WriteAuxiliaryFile /Users/runner/Library/Developer/PhotoAxisBuilds/fe52d68e5807/DerivedData/Build/Intermediates.noindex/PhotoAxis.build/Debug/PhotoAxis.build/adc24781606f5dc0aad47b81368ab899.sb (in target 'PhotoAxis' from project 'PhotoAxis')
build-test	Model and geometry tests; Debug build	2026-10-03T23:46:57.4209450Z     cd $REPO
build-test	Model and geometry tests; Debug build	2026-10-03T23:46:57.4211960Z     write-file /Users/runner/Library/Developer/PhotoAxisBuilds/fe52d68e5807/DerivedData/Build/Intermediates.noindex/PhotoAxis.build/Debug/PhotoAxis.build/adc24781606f5dc0aad47b81368ab899.sb
build-test	Model and geometry tests; Debug build	2026-10-03T23:46:57.4225640Z 
build-test	Model and geometry tests; Debug build	2026-10-03T23:46:57.4227780Z WriteAuxiliaryFile /Users/runner/Library/Developer/PhotoAxisBuilds/fe52d68e5807/DerivedData/Build/Intermediates.noindex/PhotoAxis.build/Debug/PhotoAxis.build/Script-51503C2492BDF84DA711D67B.sh (in target 'PhotoAxis' from project 'PhotoAxis')
build-test	Model and geometry tests; Debug build	2026-10-03T23:46:57.4237040Z     cd $REPO
build-test	Model and geometry tests; Debug build	2026-10-03T23:46:57.4238070Z     write-file /Users/runner/Library/Developer/PhotoAxisBuilds/fe52d68e5807/DerivedData/Build/Intermediates.noindex/PhotoAxis.build/Debug/PhotoAxis.build/Script-51503C2492BDF84DA711D67B.sh
build-test	Model and geometry tests; Debug build	2026-10-03T23:46:57.4238910Z 
build-test	Model and geometry tests; Debug build	2026-10-03T23:46:57.4239770Z WriteAuxiliaryFile /Users/runner/Library/Developer/PhotoAxisBuilds/fe52d68e5807/DerivedData/Build/Intermediates.noindex/PhotoAxis.build/Debug/PhotoAxis.build/PhotoAxis.hmap (in target 'PhotoAxis' from project 'PhotoAxis')
build-test	Model and geometry tests; Debug build	2026-10-03T23:46:57.4240710Z     cd $REPO
build-test	Model and geometry tests; Debug build	2026-10-03T23:46:57.4242890Z     write-file /Users/runner/Library/Developer/PhotoAxisBuilds/fe52d68e5807/DerivedData/Build/Intermediates.noindex/PhotoAxis.build/Debug/PhotoAxis.build/PhotoAxis.hmap
build-test	Model and geometry tests; Debug build	2026-10-03T23:46:57.4248620Z 
build-test	Model and geometry tests; Debug build	2026-10-03T23:46:57.4249450Z WriteAuxiliaryFile /Users/runner/Library/Developer/PhotoAxisBuilds/fe52d68e5807/DerivedData/Build/Intermediates.noindex/PhotoAxis.build/Debug/PhotoAxis.build/PhotoAxis.DependencyStaticMetadataFileList (in target 'PhotoAxis' from project 'PhotoAxis')
build-test	Model and geometry tests; Debug build	2026-10-03T23:46:57.4251680Z     cd $REPO
build-test	Model and geometry tests; Debug build	2026-10-03T23:46:57.4253070Z     write-file /Users/runner/Library/Developer/PhotoAxisBuilds/fe52d68e5807/DerivedData/Build/Intermediates.noindex/PhotoAxis.build/Debug/PhotoAxis.build/PhotoAxis.DependencyStaticMetadataFileList
build-test	Model and geometry tests; Debug build	2026-10-03T23:46:57.4264050Z 
build-test	Model and geometry tests; Debug build	2026-10-03T23:46:57.4265110Z WriteAuxiliaryFile /Users/runner/Library/Developer/PhotoAxisBuilds/fe52d68e5807/DerivedData/Build/Intermediates.noindex/PhotoAxis.build/Debug/PhotoAxis.build/PhotoAxis.DependencyMetadataFileList (in target 'PhotoAxis' from project 'PhotoAxis')
build-test	Model and geometry tests; Debug build	2026-10-03T23:46:57.4283540Z     cd $REPO
build-test	Model and geometry tests; Debug build	2026-10-03T23:46:57.4285000Z     write-file /Users/runner/Library/Developer/PhotoAxisBuilds/fe52d68e5807/DerivedData/Build/Intermediates.noindex/PhotoAxis.build/Debug/PhotoAxis.build/PhotoAxis.DependencyMetadataFileList
build-test	Model and geometry tests; Debug build	2026-10-03T23:46:57.4286110Z 
build-test	Model and geometry tests; Debug build	2026-10-03T23:46:57.4286850Z WriteAuxiliaryFile /Users/runner/Library/Developer/PhotoAxisBuilds/fe52d68e5807/DerivedData/Build/Intermediates.noindex/PhotoAxis.build/Debug/PhotoAxis.build/PhotoAxis-project-headers.hmap (in target 'PhotoAxis' from project 'PhotoAxis')
build-test	Model and geometry tests; Debug build	2026-10-03T23:46:57.4287920Z     cd $REPO
build-test	Model and geometry tests; Debug build	2026-10-03T23:46:57.4289550Z     write-file /Users/runner/Library/Developer/PhotoAxisBuilds/fe52d68e5807/DerivedData/Build/Intermediates.noindex/PhotoAxis.build/Debug/PhotoAxis.build/PhotoAxis-project-headers.hmap
build-test	Model and geometry tests; Debug build	2026-10-03T23:46:57.4321870Z 
build-test	Model and geometry tests; Debug build	2026-10-03T23:46:57.4322950Z WriteAuxiliaryFile /Users/runner/Library/Developer/PhotoAxisBuilds/fe52d68e5807/DerivedData/Build/Intermediates.noindex/PhotoAxis.build/Debug/PhotoAxis.build/PhotoAxis-own-target-headers.hmap (in target 'PhotoAxis' from project 'PhotoAxis')
build-test	Model and geometry tests; Debug build	2026-10-03T23:46:57.4326100Z     cd $REPO
build-test	Model and geometry tests; Debug build	2026-10-03T23:46:57.4327200Z     write-file /Users/runner/Library/Developer/PhotoAxisBuilds/fe52d68e5807/DerivedData/Build/Intermediates.noindex/PhotoAxis.build/Debug/PhotoAxis.build/PhotoAxis-own-target-headers.hmap
build-test	Model and geometry tests; Debug build	2026-10-03T23:46:57.4328040Z 
build-test	Model and geometry tests; Debug build	2026-10-03T23:46:57.4339290Z WriteAuxiliaryFile /Users/runner/Library/Developer/PhotoAxisBuilds/fe52d68e5807/DerivedData/Build/Intermediates.noindex/PhotoAxis.build/Debug/PhotoAxis.build/PhotoAxis-generated-files.hmap (in target 'PhotoAxis' from project 'PhotoAxis')
build-test	Model and geometry tests; Debug build	2026-10-03T23:46:57.4340980Z     cd $REPO
build-test	Model and geometry tests; Debug build	2026-10-03T23:46:57.4342510Z     write-file /Users/runner/Library/Developer/PhotoAxisBuilds/fe52d68e5807/DerivedData/Build/Intermediates.noindex/PhotoAxis.build/Debug/PhotoAxis.build/PhotoAxis-generated-files.hmap
build-test	Model and geometry tests; Debug build	2026-10-03T23:46:57.4361300Z 
build-test	Model and geometry tests; Debug build	2026-10-03T23:46:57.4362160Z WriteAuxiliaryFile /Users/runner/Library/Developer/PhotoAxisBuilds/fe52d68e5807/DerivedData/Build/Intermediates.noindex/PhotoAxis.build/Debug/PhotoAxis.build/PhotoAxis-all-target-headers.hmap (in target 'PhotoAxis' from project 'PhotoAxis')
build-test	Model and geometry tests; Debug build	2026-10-03T23:46:57.4363150Z     cd $REPO
build-test	Model and geometry tests; Debug build	2026-10-03T23:46:57.4364200Z     write-file /Users/runner/Library/Developer/PhotoAxisBuilds/fe52d68e5807/DerivedData/Build/Intermediates.noindex/PhotoAxis.build/Debug/PhotoAxis.build/PhotoAxis-all-target-headers.hmap
build-test	Model and geometry tests; Debug build	2026-10-03T23:46:57.4365860Z 
build-test	Model and geometry tests; Debug build	2026-10-03T23:46:57.4366700Z WriteAuxiliaryFile /Users/runner/Library/Developer/PhotoAxisBuilds/fe52d68e5807/DerivedData/Build/Intermediates.noindex/PhotoAxis.build/Debug/PhotoAxis.build/PhotoAxis-all-non-framework-target-headers.hmap (in target 'PhotoAxis' from project 'PhotoAxis')
build-test	Model and geometry tests; Debug build	2026-10-03T23:46:57.4367730Z     cd $REPO
build-test	Model and geometry tests; Debug build	2026-10-03T23:46:57.4368610Z     write-file /Users/runner/Library/Developer/PhotoAxisBuilds/fe52d68e5807/DerivedData/Build/Intermediates.noindex/PhotoAxis.build/Debug/PhotoAxis.build/PhotoAxis-all-non-framework-target-headers.hmap
build-test	Model and geometry tests; Debug build	2026-10-03T23:46:57.4473730Z 
build-test	Model and geometry tests; Debug build	2026-10-03T23:46:57.4539580Z WriteAuxiliaryFile /Users/runner/Library/Developer/PhotoAxisBuilds/fe52d68e5807/DerivedData/Build/Intermediates.noindex/PhotoAxis.build/Debug/PhotoAxis.build/PhotoAxis-DebugDylibPath-normal-arm64.txt (in target 'PhotoAxis' from project 'PhotoAxis')
build-test	Model and geometry tests; Debug build	2026-10-03T23:46:57.4540690Z     cd $REPO
build-test	Model and geometry tests; Debug build	2026-10-03T23:46:57.4541660Z     write-file /Users/runner/Library/Developer/PhotoAxisBuilds/fe52d68e5807/DerivedData/Build/Intermediates.noindex/PhotoAxis.build/Debug/PhotoAxis.build/PhotoAxis-DebugDylibPath-normal-arm64.txt
build-test	Model and geometry tests; Debug build	2026-10-03T23:46:57.4611780Z 
build-test	Model and geometry tests; Debug build	2026-10-03T23:46:57.4612770Z WriteAuxiliaryFile /Users/runner/Library/Developer/PhotoAxisBuilds/fe52d68e5807/DerivedData/Build/Intermediates.noindex/PhotoAxis.build/Debug/PhotoAxis.build/PhotoAxis-DebugDylibInstallName-normal-arm64.txt (in target 'PhotoAxis' from project 'PhotoAxis')
build-test	Model and geometry tests; Debug build	2026-10-03T23:46:57.4653570Z     cd $REPO
build-test	Model and geometry tests; Debug build	2026-10-03T23:46:57.4654710Z     write-file /Users/runner/Library/Developer/PhotoAxisBuilds/fe52d68e5807/DerivedData/Build/Intermediates.noindex/PhotoAxis.build/Debug/PhotoAxis.build/PhotoAxis-DebugDylibInstallName-normal-arm64.txt
build-test	Model and geometry tests; Debug build	2026-10-03T23:46:57.4677140Z 
build-test	Model and geometry tests; Debug build	2026-10-03T23:46:57.4678140Z WriteAuxiliaryFile /Users/runner/Library/Developer/PhotoAxisBuilds/fe52d68e5807/DerivedData/Build/Intermediates.noindex/PhotoAxis.build/Debug/PhotoAxis.build/Objects-normal/arm64/PhotoAxis_const_extract_protocols.json (in target 'PhotoAxis' from project 'PhotoAxis')
build-test	Model and geometry tests; Debug build	2026-10-03T23:46:57.4683100Z     cd $REPO
build-test	Model and geometry tests; Debug build	2026-10-03T23:46:57.4684080Z     write-file /Users/runner/Library/Developer/PhotoAxisBuilds/fe52d68e5807/DerivedData/Build/Intermediates.noindex/PhotoAxis.build/Debug/PhotoAxis.build/Objects-normal/arm64/PhotoAxis_const_extract_protocols.json
build-test	Model and geometry tests; Debug build	2026-10-03T23:46:57.4684890Z 
build-test	Model and geometry tests; Debug build	2026-10-03T23:46:57.4686710Z WriteAuxiliaryFile /Users/runner/Library/Developer/PhotoAxisBuilds/fe52d68e5807/DerivedData/Build/Intermediates.noindex/PhotoAxis.build/Debug/PhotoAxis.build/Objects-normal/arm64/PhotoAxis.SwiftFileList (in target 'PhotoAxis' from project 'PhotoAxis')
build-test	Model and geometry tests; Debug build	2026-10-03T23:46:57.4717710Z     cd $REPO
build-test	Model and geometry tests; Debug build	2026-10-03T23:46:57.4719370Z     write-file /Users/runner/Library/Developer/PhotoAxisBuilds/fe52d68e5807/DerivedData/Build/Intermediates.noindex/PhotoAxis.build/Debug/PhotoAxis.build/Objects-normal/arm64/PhotoAxis.SwiftFileList
build-test	Model and geometry tests; Debug build	2026-10-03T23:46:57.4722630Z 
build-test	Model and geometry tests; Debug build	2026-10-03T23:46:57.4723530Z WriteAuxiliaryFile /Users/runner/Library/Developer/PhotoAxisBuilds/fe52d68e5807/DerivedData/Build/Intermediates.noindex/PhotoAxis.build/Debug/PhotoAxis.build/Objects-normal/arm64/PhotoAxis.SwiftConstValuesFileList (in target 'PhotoAxis' from project 'PhotoAxis')
build-test	Model and geometry tests; Debug build	2026-10-03T23:46:57.4724670Z     cd $REPO
build-test	Model and geometry tests; Debug build	2026-10-03T23:46:57.4727580Z     write-file /Users/runner/Library/Developer/PhotoAxisBuilds/fe52d68e5807/DerivedData/Build/Intermediates.noindex/PhotoAxis.build/Debug/PhotoAxis.build/Objects-normal/arm64/PhotoAxis.SwiftConstValuesFileList
build-test	Model and geometry tests; Debug build	2026-10-03T23:46:57.4728690Z 
build-test	Model and geometry tests; Debug build	2026-10-03T23:46:57.4729470Z WriteAuxiliaryFile /Users/runner/Library/Developer/PhotoAxisBuilds/fe52d68e5807/DerivedData/Build/Intermediates.noindex/PhotoAxis.build/Debug/PhotoAxis.build/Objects-normal/arm64/PhotoAxis.LinkFileList (in target 'PhotoAxis' from project 'PhotoAxis')
build-test	Model and geometry tests; Debug build	2026-10-03T23:46:57.4730540Z     cd $REPO
build-test	Model and geometry tests; Debug build	2026-10-03T23:46:57.4731550Z     write-file /Users/runner/Library/Developer/PhotoAxisBuilds/fe52d68e5807/DerivedData/Build/Intermediates.noindex/PhotoAxis.build/Debug/PhotoAxis.build/Objects-normal/arm64/PhotoAxis.LinkFileList
build-test	Model and geometry tests; Debug build	2026-10-03T23:46:57.4732330Z 
build-test	Model and geometry tests; Debug build	2026-10-03T23:46:57.4733220Z WriteAuxiliaryFile /Users/runner/Library/Developer/PhotoAxisBuilds/fe52d68e5807/DerivedData/Build/Intermediates.noindex/PhotoAxis.build/Debug/PhotoAxis.build/Objects-normal/arm64/PhotoAxis-OutputFileMap.json (in target 'PhotoAxis' from project 'PhotoAxis')
build-test	Model and geometry tests; Debug build	2026-10-03T23:46:57.4734380Z     cd $REPO
build-test	Model and geometry tests; Debug build	2026-10-03T23:46:57.4735390Z     write-file /Users/runner/Library/Developer/PhotoAxisBuilds/fe52d68e5807/DerivedData/Build/Intermediates.noindex/PhotoAxis.build/Debug/PhotoAxis.build/Objects-normal/arm64/PhotoAxis-OutputFileMap.json
build-test	Model and geometry tests; Debug build	2026-10-03T23:46:57.4736210Z 
build-test	Model and geometry tests; Debug build	2026-10-03T23:46:57.4737100Z WriteAuxiliaryFile /Users/runner/Library/Developer/PhotoAxisBuilds/fe52d68e5807/DerivedData/Build/Intermediates.noindex/PhotoAxis.build/Debug/PhotoAxis.build/DerivedSources/Entitlements.plist (in target 'PhotoAxis' from project 'PhotoAxis')
build-test	Model and geometry tests; Debug build	2026-10-03T23:46:57.4738210Z     cd $REPO
build-test	Model and geometry tests; Debug build	2026-10-03T23:46:57.4739030Z     write-file /Users/runner/Library/Developer/PhotoAxisBuilds/fe52d68e5807/DerivedData/Build/Intermediates.noindex/PhotoAxis.build/Debug/PhotoAxis.build/DerivedSources/Entitlements.plist
build-test	Model and geometry tests; Debug build	2026-10-03T23:46:57.4740010Z 
build-test	Model and geometry tests; Debug build	2026-10-03T23:46:57.4740610Z MkDir /Users/runner/Library/Developer/PhotoAxisBuilds/fe52d68e5807/DerivedData/Build/Products/Debug/PhotoAxisCoreTests.xctest/Contents/MacOS (in target 'PhotoAxisCoreTests' from project 'PhotoAxis')
build-test	Model and geometry tests; Debug build	2026-10-03T23:46:57.4741440Z     cd $REPO
build-test	Model and geometry tests; Debug build	2026-10-03T23:46:57.4742090Z     /bin/mkdir -p /Users/runner/Library/Developer/PhotoAxisBuilds/fe52d68e5807/DerivedData/Build/Products/Debug/PhotoAxisCoreTests.xctest/Contents/MacOS
build-test	Model and geometry tests; Debug build	2026-10-03T23:46:57.4742630Z 
build-test	Model and geometry tests; Debug build	2026-10-03T23:46:57.4743270Z MkDir /Users/runner/Library/Developer/PhotoAxisBuilds/fe52d68e5807/DerivedData/Build/Products/Debug/PhotoAxisCoreTests.xctest/Contents (in target 'PhotoAxisCoreTests' from project 'PhotoAxis')
build-test	Model and geometry tests; Debug build	2026-10-03T23:46:57.4744180Z     cd $REPO
build-test	Model and geometry tests; Debug build	2026-10-03T23:46:57.4744860Z     /bin/mkdir -p /Users/runner/Library/Developer/PhotoAxisBuilds/fe52d68e5807/DerivedData/Build/Products/Debug/PhotoAxisCoreTests.xctest/Contents
build-test	Model and geometry tests; Debug build	2026-10-03T23:46:57.4745640Z 
build-test	Model and geometry tests; Debug build	2026-10-03T23:46:57.4746190Z MkDir /Users/runner/Library/Developer/PhotoAxisBuilds/fe52d68e5807/DerivedData/Build/Products/Debug/PhotoAxisCoreTests.xctest (in target 'PhotoAxisCoreTests' from project 'PhotoAxis')
build-test	Model and geometry tests; Debug build	2026-10-03T23:46:57.4746910Z     cd $REPO
build-test	Model and geometry tests; Debug build	2026-10-03T23:46:57.4747470Z     /bin/mkdir -p /Users/runner/Library/Developer/PhotoAxisBuilds/fe52d68e5807/DerivedData/Build/Products/Debug/PhotoAxisCoreTests.xctest
build-test	Model and geometry tests; Debug build	2026-10-03T23:46:57.4747960Z 
build-test	Model and geometry tests; Debug build	2026-10-03T23:46:57.4748540Z SymLink /Users/runner/Library/Developer/PhotoAxisBuilds/fe52d68e5807/DerivedData/Build/Products/Debug/PhotoAxisCore.framework/Versions/Current A (in target 'PhotoAxisCore' from project 'PhotoAxis')
build-test	Model and geometry tests; Debug build	2026-10-03T23:46:57.4749280Z     cd $REPO
build-test	Model and geometry tests; Debug build	2026-10-03T23:46:57.4749880Z     /bin/ln -sfh A /Users/runner/Library/Developer/PhotoAxisBuilds/fe52d68e5807/DerivedData/Build/Products/Debug/PhotoAxisCore.framework/Versions/Current
build-test	Model and geometry tests; Debug build	2026-10-03T23:46:57.4750770Z 
build-test	Model and geometry tests; Debug build	2026-10-03T23:46:57.4751480Z SymLink /Users/runner/Library/Developer/PhotoAxisBuilds/fe52d68e5807/DerivedData/Build/Products/Debug/PhotoAxisCore.framework/Resources Versions/Current/Resources (in target 'PhotoAxisCore' from project 'PhotoAxis')
build-test	Model and geometry tests; Debug build	2026-10-03T23:46:57.4752310Z     cd $REPO
build-test	Model and geometry tests; Debug build	2026-10-03T23:46:57.4752960Z     /bin/ln -sfh Versions/Current/Resources /Users/runner/Library/Developer/PhotoAxisBuilds/fe52d68e5807/DerivedData/Build/Products/Debug/PhotoAxisCore.framework/Resources
build-test	Model and geometry tests; Debug build	2026-10-03T23:46:57.4753600Z 
build-test	Model and geometry tests; Debug build	2026-10-03T23:46:57.4754300Z SymLink /Users/runner/Library/Developer/PhotoAxisBuilds/fe52d68e5807/DerivedData/Build/Products/Debug/PhotoAxisCore.framework/PhotoAxisCore Versions/Current/PhotoAxisCore (in target 'PhotoAxisCore' from project 'PhotoAxis')
build-test	Model and geometry tests; Debug build	2026-10-03T23:46:57.4755110Z     cd $REPO
build-test	Model and geometry tests; Debug build	2026-10-03T23:46:57.4755830Z     /bin/ln -sfh Versions/Current/PhotoAxisCore /Users/runner/Library/Developer/PhotoAxisBuilds/fe52d68e5807/DerivedData/Build/Products/Debug/PhotoAxisCore.framework/PhotoAxisCore
build-test	Model and geometry tests; Debug build	2026-10-03T23:46:57.4756490Z 
build-test	Model and geometry tests; Debug build	2026-10-03T23:46:57.4757160Z SymLink /Users/runner/Library/Developer/PhotoAxisBuilds/fe52d68e5807/DerivedData/Build/Products/Debug/PhotoAxisCore.framework/Modules Versions/Current/Modules (in target 'PhotoAxisCore' from project 'PhotoAxis')
build-test	Model and geometry tests; Debug build	2026-10-03T23:46:57.4758740Z     cd $REPO
build-test	Model and geometry tests; Debug build	2026-10-03T23:46:57.4759480Z     /bin/ln -sfh Versions/Current/Modules /Users/runner/Library/Developer/PhotoAxisBuilds/fe52d68e5807/DerivedData/Build/Products/Debug/PhotoAxisCore.framework/Modules
build-test	Model and geometry tests; Debug build	2026-10-03T23:46:57.4760070Z 
build-test	Model and geometry tests; Debug build	2026-10-03T23:46:57.4760790Z SymLink /Users/runner/Library/Developer/PhotoAxisBuilds/fe52d68e5807/DerivedData/Build/Products/Debug/PhotoAxisCore.framework/Headers Versions/Current/Headers (in target 'PhotoAxisCore' from project 'PhotoAxis')
build-test	Model and geometry tests; Debug build	2026-10-03T23:46:57.4761980Z     cd $REPO
build-test	Model and geometry tests; Debug build	2026-10-03T23:46:57.4762980Z     /bin/ln -sfh Versions/Current/Headers /Users/runner/Library/Developer/PhotoAxisBuilds/fe52d68e5807/DerivedData/Build/Products/Debug/PhotoAxisCore.framework/Headers
build-test	Model and geometry tests; Debug build	2026-10-03T23:46:57.4763600Z 
build-test	Model and geometry tests; Debug build	2026-10-03T23:46:57.4764210Z MkDir /Users/runner/Library/Developer/PhotoAxisBuilds/fe52d68e5807/DerivedData/Build/Products/Debug/PhotoAxisCore.framework/Versions/A/Resources (in target 'PhotoAxisCore' from project 'PhotoAxis')
build-test	Model and geometry tests; Debug build	2026-10-03T23:46:57.4765130Z     cd $REPO
build-test	Model and geometry tests; Debug build	2026-10-03T23:46:57.4765770Z     /bin/mkdir -p /Users/runner/Library/Developer/PhotoAxisBuilds/fe52d68e5807/DerivedData/Build/Products/Debug/PhotoAxisCore.framework/Versions/A/Resources
build-test	Model and geometry tests; Debug build	2026-10-03T23:46:57.4766400Z 
build-test	Model and geometry tests; Debug build	2026-10-03T23:46:57.4766980Z MkDir /Users/runner/Library/Developer/PhotoAxisBuilds/fe52d68e5807/DerivedData/Build/Products/Debug/PhotoAxisCore.framework/Versions/A/Headers (in target 'PhotoAxisCore' from project 'PhotoAxis')
build-test	Model and geometry tests; Debug build	2026-10-03T23:46:57.4767750Z     cd $REPO
build-test	Model and geometry tests; Debug build	2026-10-03T23:46:57.4768380Z     /bin/mkdir -p /Users/runner/Library/Developer/PhotoAxisBuilds/fe52d68e5807/DerivedData/Build/Products/Debug/PhotoAxisCore.framework/Versions/A/Headers
build-test	Model and geometry tests; Debug build	2026-10-03T23:46:57.4768920Z 
build-test	Model and geometry tests; Debug build	2026-10-03T23:46:57.4769470Z MkDir /Users/runner/Library/Developer/PhotoAxisBuilds/fe52d68e5807/DerivedData/Build/Products/Debug/PhotoAxisCore.framework/Versions/A (in target 'PhotoAxisCore' from project 'PhotoAxis')
build-test	Model and geometry tests; Debug build	2026-10-03T23:46:57.4770270Z     cd $REPO
build-test	Model and geometry tests; Debug build	2026-10-03T23:46:57.4770900Z     /bin/mkdir -p /Users/runner/Library/Developer/PhotoAxisBuilds/fe52d68e5807/DerivedData/Build/Products/Debug/PhotoAxisCore.framework/Versions/A
build-test	Model and geometry tests; Debug build	2026-10-03T23:46:57.4771410Z 
build-test	Model and geometry tests; Debug build	2026-10-03T23:46:57.4771970Z MkDir /Users/runner/Library/Developer/PhotoAxisBuilds/fe52d68e5807/DerivedData/Build/Products/Debug/PhotoAxisCore.framework/Versions (in target 'PhotoAxisCore' from project 'PhotoAxis')
build-test	Model and geometry tests; Debug build	2026-10-03T23:46:57.4772700Z     cd $REPO
build-test	Model and geometry tests; Debug build	2026-10-03T23:46:57.4773810Z     /bin/mkdir -p /Users/runner/Library/Developer/PhotoAxisBuilds/fe52d68e5807/DerivedData/Build/Products/Debug/PhotoAxisCore.framework/Versions
build-test	Model and geometry tests; Debug build	2026-10-03T23:46:57.4774340Z 
build-test	Model and geometry tests; Debug build	2026-10-03T23:46:57.4775030Z MkDir /Users/runner/Library/Developer/PhotoAxisBuilds/fe52d68e5807/DerivedData/Build/Products/Debug/PhotoAxisCore.framework (in target 'PhotoAxisCore' from project 'PhotoAxis')
build-test	Model and geometry tests; Debug build	2026-10-03T23:46:57.4775910Z     cd $REPO
build-test	Model and geometry tests; Debug build	2026-10-03T23:46:57.4777680Z     /bin/mkdir -p /Users/runner/Library/Developer/PhotoAxisBuilds/fe52d68e5807/DerivedData/Build/Products/Debug/PhotoAxisCore.framework
build-test	Model and geometry tests; Debug build	2026-10-03T23:46:57.4778820Z 
build-test	Model and geometry tests; Debug build	2026-10-03T23:46:57.4779680Z MkDir /Users/runner/Library/Developer/PhotoAxisBuilds/fe52d68e5807/DerivedData/Build/Products/Debug/PhotoAxis.app/Contents/PlugIns/PhotoAxisAppTests.xctest/Contents/Resources (in target 'PhotoAxisAppTests' from project 'PhotoAxis')
build-test	Model and geometry tests; Debug build	2026-10-03T23:46:57.4780970Z     cd $REPO
build-test	Model and geometry tests; Debug build	2026-10-03T23:46:57.4782750Z     /bin/mkdir -p /Users/runner/Library/Developer/PhotoAxisBuilds/fe52d68e5807/DerivedData/Build/Products/Debug/PhotoAxis.app/Contents/PlugIns/PhotoAxisAppTests.xctest/Contents/Resources
build-test	Model and geometry tests; Debug build	2026-10-03T23:46:57.4783510Z 
build-test	Model and geometry tests; Debug build	2026-10-03T23:46:57.4784330Z MkDir /Users/runner/Library/Developer/PhotoAxisBuilds/fe52d68e5807/DerivedData/Build/Products/Debug/PhotoAxis.app/Contents/PlugIns/PhotoAxisAppTests.xctest/Contents/MacOS (in target 'PhotoAxisAppTests' from project 'PhotoAxis')
build-test	Model and geometry tests; Debug build	2026-10-03T23:46:57.4847100Z     cd $REPO
build-test	Model and geometry tests; Debug build	2026-10-03T23:46:57.4853830Z     /bin/mkdir -p /Users/runner/Library/Developer/PhotoAxisBuilds/fe52d68e5807/DerivedData/Build/Products/Debug/PhotoAxis.app/Contents/PlugIns/PhotoAxisAppTests.xctest/Contents/MacOS
build-test	Model and geometry tests; Debug build	2026-10-03T23:46:57.4854480Z 
build-test	Model and geometry tests; Debug build	2026-10-03T23:46:57.4855140Z MkDir /Users/runner/Library/Developer/PhotoAxisBuilds/fe52d68e5807/DerivedData/Build/Products/Debug/PhotoAxis.app/Contents/PlugIns/PhotoAxisAppTests.xctest/Contents (in target 'PhotoAxisAppTests' from project 'PhotoAxis')
build-test	Model and geometry tests; Debug build	2026-10-03T23:46:57.4858260Z     cd $REPO
build-test	Model and geometry tests; Debug build	2026-10-03T23:46:57.4859030Z     /bin/mkdir -p /Users/runner/Library/Developer/PhotoAxisBuilds/fe52d68e5807/DerivedData/Build/Products/Debug/PhotoAxis.app/Contents/PlugIns/PhotoAxisAppTests.xctest/Contents
build-test	Model and geometry tests; Debug build	2026-10-03T23:46:57.4859640Z 
build-test	Model and geometry tests; Debug build	2026-10-03T23:46:57.4860280Z MkDir /Users/runner/Library/Developer/PhotoAxisBuilds/fe52d68e5807/DerivedData/Build/Products/Debug/PhotoAxis.app/Contents/PlugIns/PhotoAxisAppTests.xctest (in target 'PhotoAxisAppTests' from project 'PhotoAxis')
build-test	Model and geometry tests; Debug build	2026-10-03T23:46:57.4861080Z     cd $REPO
build-test	Model and geometry tests; Debug build	2026-10-03T23:46:57.4861850Z     /bin/mkdir -p /Users/runner/Library/Developer/PhotoAxisBuilds/fe52d68e5807/DerivedData/Build/Products/Debug/PhotoAxis.app/Contents/PlugIns/PhotoAxisAppTests.xctest
build-test	Model and geometry tests; Debug build	2026-10-03T23:46:57.4862430Z 
build-test	Model and geometry tests; Debug build	2026-10-03T23:46:57.4863240Z MkDir /Users/runner/Library/Developer/PhotoAxisBuilds/fe52d68e5807/DerivedData/Build/Products/Debug/PhotoAxis.app/Contents/Resources (in target 'PhotoAxis' from project 'PhotoAxis')
build-test	Model and geometry tests; Debug build	2026-10-03T23:46:57.4864040Z     cd $REPO
build-test	Model and geometry tests; Debug build	2026-10-03T23:46:57.4864700Z     /bin/mkdir -p /Users/runner/Library/Developer/PhotoAxisBuilds/fe52d68e5807/DerivedData/Build/Products/Debug/PhotoAxis.app/Contents/Resources
build-test	Model and geometry tests; Debug build	2026-10-03T23:46:57.4865290Z 
build-test	Model and geometry tests; Debug build	2026-10-03T23:46:57.4865830Z MkDir /Users/runner/Library/Developer/PhotoAxisBuilds/fe52d68e5807/DerivedData/Build/Products/Debug/PhotoAxis.app/Contents/PlugIns (in target 'PhotoAxis' from project 'PhotoAxis')
build-test	Model and geometry tests; Debug build	2026-10-03T23:46:57.4866610Z     cd $REPO
build-test	Model and geometry tests; Debug build	2026-10-03T23:46:57.4867320Z     /bin/mkdir -p /Users/runner/Library/Developer/PhotoAxisBuilds/fe52d68e5807/DerivedData/Build/Products/Debug/PhotoAxis.app/Contents/PlugIns
build-test	Model and geometry tests; Debug build	2026-10-03T23:46:57.4867820Z 
build-test	Model and geometry tests; Debug build	2026-10-03T23:46:57.4868320Z MkDir /Users/runner/Library/Developer/PhotoAxisBuilds/fe52d68e5807/DerivedData/Build/Products/Debug/PhotoAxis.app/Contents/MacOS (in target 'PhotoAxis' from project 'PhotoAxis')
build-test	Model and geometry tests; Debug build	2026-10-03T23:46:57.4869400Z     cd $REPO
build-test	Model and geometry tests; Debug build	2026-10-03T23:46:57.4869960Z     /bin/mkdir -p /Users/runner/Library/Developer/PhotoAxisBuilds/fe52d68e5807/DerivedData/Build/Products/Debug/PhotoAxis.app/Contents/MacOS
build-test	Model and geometry tests; Debug build	2026-10-03T23:46:57.4870500Z 
build-test	Model and geometry tests; Debug build	2026-10-03T23:46:57.4871040Z MkDir /Users/runner/Library/Developer/PhotoAxisBuilds/fe52d68e5807/DerivedData/Build/Products/Debug/PhotoAxis.app/Contents/Frameworks (in target 'PhotoAxis' from project 'PhotoAxis')
build-test	Model and geometry tests; Debug build	2026-10-03T23:46:57.4871770Z     cd $REPO
build-test	Model and geometry tests; Debug build	2026-10-03T23:46:57.4872360Z     /bin/mkdir -p /Users/runner/Library/Developer/PhotoAxisBuilds/fe52d68e5807/DerivedData/Build/Products/Debug/PhotoAxis.app/Contents/Frameworks
build-test	Model and geometry tests; Debug build	2026-10-03T23:46:57.4872940Z 
build-test	Model and geometry tests; Debug build	2026-10-03T23:46:57.4873440Z MkDir /Users/runner/Library/Developer/PhotoAxisBuilds/fe52d68e5807/DerivedData/Build/Products/Debug/PhotoAxis.app/Contents (in target 'PhotoAxis' from project 'PhotoAxis')
build-test	Model and geometry tests; Debug build	2026-10-03T23:46:57.4874100Z     cd $REPO
build-test	Model and geometry tests; Debug build	2026-10-03T23:46:57.4874650Z     /bin/mkdir -p /Users/runner/Library/Developer/PhotoAxisBuilds/fe52d68e5807/DerivedData/Build/Products/Debug/PhotoAxis.app/Contents
build-test	Model and geometry tests; Debug build	2026-10-03T23:46:57.4875160Z 
build-test	Model and geometry tests; Debug build	2026-10-03T23:46:57.4875630Z MkDir /Users/runner/Library/Developer/PhotoAxisBuilds/fe52d68e5807/DerivedData/Build/Products/Debug/PhotoAxis.app (in target 'PhotoAxis' from project 'PhotoAxis')
build-test	Model and geometry tests; Debug build	2026-10-03T23:46:57.4876270Z     cd $REPO
build-test	Model and geometry tests; Debug build	2026-10-03T23:46:57.4876790Z     /bin/mkdir -p /Users/runner/Library/Developer/PhotoAxisBuilds/fe52d68e5807/DerivedData/Build/Products/Debug/PhotoAxis.app
build-test	Model and geometry tests; Debug build	2026-10-03T23:46:57.4877220Z 
build-test	Model and geometry tests; Debug build	2026-10-03T23:46:57.4878390Z ProcessInfoPlistFile /Users/runner/Library/Developer/PhotoAxisBuilds/fe52d68e5807/DerivedData/Build/Products/Debug/PhotoAxisCore.framework/Versions/A/Resources/Info.plist /Users/runner/Library/Developer/PhotoAxisBuilds/fe52d68e5807/DerivedData/Build/Intermediates.noindex/PhotoAxis.build/Debug/PhotoAxisCore.build/empty-PhotoAxisCore.plist (in target 'PhotoAxisCore' from project 'PhotoAxis')
build-test	Model and geometry tests; Debug build	2026-10-03T23:46:57.4880280Z     cd $REPO
build-test	Model and geometry tests; Debug build	2026-10-03T23:46:57.4881970Z     builtin-infoPlistUtility /Users/runner/Library/Developer/PhotoAxisBuilds/fe52d68e5807/DerivedData/Build/Intermediates.noindex/PhotoAxis.build/Debug/PhotoAxisCore.build/empty-PhotoAxisCore.plist -producttype com.apple.product-type.framework -expandbuildsettings -platform macosx -o /Users/runner/Library/Developer/PhotoAxisBuilds/fe52d68e5807/DerivedData/Build/Products/Debug/PhotoAxisCore.framework/Versions/A/Resources/Info.plist
build-test	Model and geometry tests; Debug build	2026-10-03T23:46:57.4883340Z 
build-test	Model and geometry tests; Debug build	2026-10-03T23:46:57.4883710Z SwiftDriver PhotoAxisCore normal arm64 com.apple.xcode.tools.swift.compiler (in target 'PhotoAxisCore' from project 'PhotoAxis')
build-test	Model and geometry tests; Debug build	2026-10-03T23:46:57.4884240Z     cd $REPO
build-test	Model and geometry tests; Debug build	2026-10-03T23:46:57.4901830Z     builtin-SwiftDriver -- /Applications/Xcode_16.4.app/Contents/Developer/Toolchains/XcodeDefault.xctoolchain/usr/bin/swiftc -module-name PhotoAxisCore -Onone -enforce-exclusivity\=checked @/Users/runner/Library/Developer/PhotoAxisBuilds/fe52d68e5807/DerivedData/Build/Intermediates.noindex/PhotoAxis.build/Debug/PhotoAxisCore.build/Objects-normal/arm64/PhotoAxisCore.SwiftFileList -DDEBUG -enable-experimental-feature DebugDescriptionMacro -sdk /Applications/Xcode_16.4.app/Contents/Developer/Platforms/MacOSX.platform/Developer/SDKs/MacOSX15.5.sdk -target arm64-apple-macos14.0 -g -module-cache-path /Users/runner/Library/Developer/PhotoAxisBuilds/fe52d68e5807/DerivedData/ModuleCache.noindex -Xfrontend -serialize-debugging-options -enable-testing -index-store-path /Users/runner/Library/Developer/PhotoAxisBuilds/fe52d68e5807/DerivedData/Index.noindex/DataStore -swift-version 6 -I /Users/runner/Library/Developer/PhotoAxisBuilds/fe52d68e5807/DerivedData/Build/Products/Debug -F /Users/runner/Library/Developer/PhotoAxisBuilds/fe52d68e5807/DerivedData/Build/Products/Debug -c -j3 -enable-batch-mode -incremental -Xcc -ivfsstatcache -Xcc /Users/runner/Library/Developer/PhotoAxisBuilds/fe52d68e5807/DerivedData/SDKStatCaches.noindex/macosx15.5-24F74-a403186ba963133a54a0e0cacd566b0b.sdkstatcache -output-file-map /Users/runner/Library/Developer/PhotoAxisBuilds/fe52d68e5807/DerivedData/Build/Intermediates.noindex/PhotoAxis.build/Debug/PhotoAxisCore.build/Objects-normal/arm64/PhotoAxisCore-OutputFileMap.json -use-frontend-parseable-output -save-temps -no-color-diagnostics -serialize-diagnostics -emit-dependencies -emit-module -emit-module-path /Users/runner/Library/Developer/PhotoAxisBuilds/fe52d68e5807/DerivedData/Build/Intermediates.noindex/PhotoAxis.build/Debug/PhotoAxisCore.build/Objects-normal/arm64/PhotoAxisCore.swiftmodule -validate-clang-modules-once -clang-build-session-file /Users/runner/Library/Developer/PhotoAxisBuilds/fe52d68e5807/DerivedData/ModuleCache.noindex/Session.modulevalidation -Xcc -I/Users/runner/Library/Developer/PhotoAxisBuilds/fe52d68e5807/DerivedData/Build/Intermediates.noindex/PhotoAxis.build/Debug/PhotoAxisCore.build/swift-overrides.hmap -emit-const-values -Xfrontend -const-gather-protocols-file -Xfrontend /Users/runner/Library/Developer/PhotoAxisBuilds/fe52d68e5807/DerivedData/Build/Intermediates.noindex/PhotoAxis.build/Debug/PhotoAxisCore.build/Objects-normal/arm64/PhotoAxisCore_const_extract_protocols.json -Xcc -iquote -Xcc /Users/runner/Library/Developer/PhotoAxisBuilds/fe52d68e5807/DerivedData/Build/Intermediates.noindex/PhotoAxis.build/Debug/PhotoAxisCore.build/PhotoAxisCore-generated-files.hmap -Xcc -I/Users/runner/Library/Developer/PhotoAxisBuilds/fe52d68e5807/DerivedData/Build/Intermediates.noindex/PhotoAxis.build/Debug/PhotoAxisCore.build/PhotoAxisCore-own-target-headers.hmap -Xcc -I/Users/runner/Library/Developer/PhotoAxisBuilds/fe52d68e5807/DerivedData/Build/Intermediates.noindex/PhotoAxis.build/Debug/PhotoAxisCore.build/PhotoAxisCore-all-non-framework-target-headers.hmap -Xcc -ivfsoverlay -Xcc /Users/runner/Library/Developer/PhotoAxisBuilds/fe52d68e5807/DerivedData/Build/Intermediates.noindex/PhotoAxis.build/Debug/PhotoAxis-9730526f0700b8b20d57e2b47e796b5b-VFS/all-product-headers.yaml -Xcc -iquote -Xcc /Users/runner/Library/Developer/PhotoAxisBuilds/fe52d68e5807/DerivedData/Build/Intermediates.noindex/PhotoAxis.build/Debug/PhotoAxisCore.build/PhotoAxisCore-project-headers.hmap -Xcc -I/Users/runner/Library/Developer/PhotoAxisBuilds/fe52d68e5807/DerivedData/Build/Products/Debug/include -Xcc -I/Users/runner/Library/Developer/PhotoAxisBuilds/fe52d68e5807/DerivedData/Build/Intermediates.noindex/PhotoAxis.build/Debug/PhotoAxisCore.build/DerivedSources-normal/arm64 -Xcc -I/Users/runner/Library/Developer/PhotoAxisBuilds/fe52d68e5807/DerivedData/Build/Intermediates.noindex/PhotoAxis.build/Debug/PhotoAxisCore.build/DerivedSources/arm64 -Xcc -I/Users/runner/Library/Developer/PhotoAxisBuilds/fe52d68e5807/DerivedData/Build/Intermediates.noindex/PhotoAxis.build/Debug/PhotoAxisCore.build/DerivedSources -emit-objc-header -emit-objc-header-path /Users/runner/Library/Developer/PhotoAxisBuilds/fe52d68e5807/DerivedData/Build/Intermediates.noindex/PhotoAxis.build/Debug/PhotoAxisCore.build/Objects-normal/arm64/PhotoAxisCore-Swift.h -working-directory $REPO -experimental-emit-module-separately -disable-cmo
build-test	Model and geometry tests; Debug build	2026-10-03T23:46:57.9273160Z 
build-test	Model and geometry tests; Debug build	2026-10-03T23:46:57.9275250Z SwiftEmitModule normal arm64 Emitting\ module\ for\ PhotoAxisCore (in target 'PhotoAxisCore' from project 'PhotoAxis')
build-test	Model and geometry tests; Debug build	2026-10-03T23:46:58.3333690Z 
build-test	Model and geometry tests; Debug build	2026-10-03T23:46:58.3335970Z EmitSwiftModule normal arm64 (in target 'PhotoAxisCore' from project 'PhotoAxis')
build-test	Model and geometry tests; Debug build	2026-10-03T23:46:58.3336410Z     cd $REPO
build-test	Model and geometry tests; Debug build	2026-10-03T23:46:58.3336720Z     
build-test	Model and geometry tests; Debug build	2026-10-03T23:47:03.4098960Z 
build-test	Model and geometry tests; Debug build	2026-10-03T23:47:03.4537200Z SwiftCompile normal arm64 Compiling\ BoundedZIP.swift,\ CanvasSize.swift,\ ContentOperations.swift,\ DocumentHistory.swift,\ ExportOptions.swift,\ ImageAdjustments.swift,\ LayerOperations.swift $REPO/Sources/PhotoAxisCore/DocumentModel/BoundedZIP.swift $REPO/Sources/PhotoAxisCore/DocumentModel/CanvasSize.swift $REPO/Sources/PhotoAxisCore/DocumentModel/ContentOperations.swift $REPO/Sources/PhotoAxisCore/DocumentModel/DocumentHistory.swift $REPO/Sources/PhotoAxisCore/DocumentModel/ExportOptions.swift $REPO/Sources/PhotoAxisCore/DocumentModel/ImageAdjustments.swift $REPO/Sources/PhotoAxisCore/DocumentModel/LayerOperations.swift (in target 'PhotoAxisCore' from project 'PhotoAxis')
build-test	Model and geometry tests; Debug build	2026-10-03T23:47:03.4675120Z SwiftCompile normal arm64 $REPO/Sources/PhotoAxisCore/DocumentModel/BoundedZIP.swift (in target 'PhotoAxisCore' from project 'PhotoAxis')
build-test	Model and geometry tests; Debug build	2026-10-03T23:47:03.4797150Z     cd $REPO
build-test	Model and geometry tests; Debug build	2026-10-03T23:47:03.4918530Z     
build-test	Model and geometry tests; Debug build	2026-10-03T23:47:14.4260030Z 
build-test	Model and geometry tests; Debug build	2026-10-03T23:47:14.4363430Z SwiftCompile normal arm64 $REPO/Sources/PhotoAxisCore/DocumentModel/CanvasSize.swift (in target 'PhotoAxisCore' from project 'PhotoAxis')
build-test	Model and geometry tests; Debug build	2026-10-03T23:47:14.4465530Z     cd $REPO
build-test	Model and geometry tests; Debug build	2026-10-03T23:47:14.4565830Z     
build-test	Model and geometry tests; Debug build	2026-10-03T23:47:14.4666450Z 
build-test	Model and geometry tests; Debug build	2026-10-03T23:47:14.4768250Z SwiftCompile normal arm64 $REPO/Sources/PhotoAxisCore/DocumentModel/ContentOperations.swift (in target 'PhotoAxisCore' from project 'PhotoAxis')
build-test	Model and geometry tests; Debug build	2026-10-03T23:47:14.4868420Z     cd $REPO
build-test	Model and geometry tests; Debug build	2026-10-03T23:47:14.4969350Z     
build-test	Model and geometry tests; Debug build	2026-10-03T23:47:14.5074080Z 
build-test	Model and geometry tests; Debug build	2026-10-03T23:47:14.5198420Z SwiftCompile normal arm64 $REPO/Sources/PhotoAxisCore/DocumentModel/DocumentHistory.swift (in target 'PhotoAxisCore' from project 'PhotoAxis')
build-test	Model and geometry tests; Debug build	2026-10-03T23:47:14.5300990Z     cd $REPO
build-test	Model and geometry tests; Debug build	2026-10-03T23:47:14.5404680Z     
build-test	Model and geometry tests; Debug build	2026-10-03T23:47:14.5505370Z 
build-test	Model and geometry tests; Debug build	2026-10-03T23:47:14.5740290Z SwiftCompile normal arm64 $REPO/Sources/PhotoAxisCore/DocumentModel/ExportOptions.swift (in target 'PhotoAxisCore' from project 'PhotoAxis')
build-test	Model and geometry tests; Debug build	2026-10-03T23:47:14.5844590Z     cd $REPO
build-test	Model and geometry tests; Debug build	2026-10-03T23:47:14.5948700Z     
build-test	Model and geometry tests; Debug build	2026-10-03T23:47:14.6110230Z 
build-test	Model and geometry tests; Debug build	2026-10-03T23:47:14.6212720Z SwiftCompile normal arm64 $REPO/Sources/PhotoAxisCore/DocumentModel/ImageAdjustments.swift (in target 'PhotoAxisCore' from project 'PhotoAxis')
build-test	Model and geometry tests; Debug build	2026-10-03T23:47:14.6315560Z     cd $REPO
build-test	Model and geometry tests; Debug build	2026-10-03T23:47:14.6416030Z     
build-test	Model and geometry tests; Debug build	2026-10-03T23:47:14.6516750Z 
build-test	Model and geometry tests; Debug build	2026-10-03T23:47:14.6618030Z SwiftCompile normal arm64 $REPO/Sources/PhotoAxisCore/DocumentModel/LayerOperations.swift (in target 'PhotoAxisCore' from project 'PhotoAxis')
build-test	Model and geometry tests; Debug build	2026-10-03T23:47:14.6720140Z     cd $REPO
build-test	Model and geometry tests; Debug build	2026-10-03T23:47:14.6821580Z     
build-test	Model and geometry tests; Debug build	2026-10-03T23:47:14.6921600Z 
build-test	Model and geometry tests; Debug build	2026-10-03T23:47:14.7046800Z SwiftCompile normal arm64 Compiling\ PaintContent.swift,\ PhotoDocumentModel.swift,\ ProjectSchema.swift,\ ScanSettings.swift,\ DocumentGeometry.swift,\ LayerGeometry.swift,\ PerspectiveGeometry.swift $REPO/Sources/PhotoAxisCore/DocumentModel/PaintContent.swift $REPO/Sources/PhotoAxisCore/DocumentModel/PhotoDocumentModel.swift $REPO/Sources/PhotoAxisCore/DocumentModel/ProjectSchema.swift $REPO/Sources/PhotoAxisCore/DocumentModel/ScanSettings.swift $REPO/Sources/PhotoAxisCore/Geometry/DocumentGeometry.swift $REPO/Sources/PhotoAxisCore/Geometry/LayerGeometry.swift $REPO/Sources/PhotoAxisCore/Geometry/PerspectiveGeometry.swift (in target 'PhotoAxisCore' from project 'PhotoAxis')
build-test	Model and geometry tests; Debug build	2026-10-03T23:47:14.7144250Z 
build-test	Model and geometry tests; Debug build	2026-10-03T23:47:14.7248170Z SwiftCompile normal arm64 $REPO/Sources/PhotoAxisCore/DocumentModel/PaintContent.swift (in target 'PhotoAxisCore' from project 'PhotoAxis')
build-test	Model and geometry tests; Debug build	2026-10-03T23:47:14.7356700Z     cd $REPO
build-test	Model and geometry tests; Debug build	2026-10-03T23:47:14.7456880Z     
build-test	Model and geometry tests; Debug build	2026-10-03T23:47:14.7558630Z 
build-test	Model and geometry tests; Debug build	2026-10-03T23:47:14.7709420Z SwiftCompile normal arm64 $REPO/Sources/PhotoAxisCore/DocumentModel/PhotoDocumentModel.swift (in target 'PhotoAxisCore' from project 'PhotoAxis')
build-test	Model and geometry tests; Debug build	2026-10-03T23:47:14.7877580Z     cd $REPO
build-test	Model and geometry tests; Debug build	2026-10-03T23:47:14.8012620Z     
build-test	Model and geometry tests; Debug build	2026-10-03T23:47:14.8128070Z 
build-test	Model and geometry tests; Debug build	2026-10-03T23:47:14.8289610Z SwiftCompile normal arm64 $REPO/Sources/PhotoAxisCore/DocumentModel/ProjectSchema.swift (in target 'PhotoAxisCore' from project 'PhotoAxis')
build-test	Model and geometry tests; Debug build	2026-10-03T23:47:14.8460190Z     cd $REPO
build-test	Model and geometry tests; Debug build	2026-10-03T23:47:14.8602780Z     
build-test	Model and geometry tests; Debug build	2026-10-03T23:47:14.8716470Z 
build-test	Model and geometry tests; Debug build	2026-10-03T23:47:14.8856020Z SwiftCompile normal arm64 $REPO/Sources/PhotoAxisCore/DocumentModel/ScanSettings.swift (in target 'PhotoAxisCore' from project 'PhotoAxis')
build-test	Model and geometry tests; Debug build	2026-10-03T23:47:14.8957590Z     cd $REPO
build-test	Model and geometry tests; Debug build	2026-10-03T23:47:14.9058990Z     
build-test	Model and geometry tests; Debug build	2026-10-03T23:47:14.9160360Z 
build-test	Model and geometry tests; Debug build	2026-10-03T23:47:14.9263330Z SwiftCompile normal arm64 $REPO/Sources/PhotoAxisCore/Geometry/DocumentGeometry.swift (in target 'PhotoAxisCore' from project 'PhotoAxis')
build-test	Model and geometry tests; Debug build	2026-10-03T23:47:14.9364960Z     cd $REPO
build-test	Model and geometry tests; Debug build	2026-10-03T23:47:14.9482540Z     
build-test	Model and geometry tests; Debug build	2026-10-03T23:47:14.9583560Z 
build-test	Model and geometry tests; Debug build	2026-10-03T23:47:14.9685060Z SwiftCompile normal arm64 $REPO/Sources/PhotoAxisCore/Geometry/LayerGeometry.swift (in target 'PhotoAxisCore' from project 'PhotoAxis')
build-test	Model and geometry tests; Debug build	2026-10-03T23:47:14.9795450Z     cd $REPO
build-test	Model and geometry tests; Debug build	2026-10-03T23:47:14.9897050Z     
build-test	Model and geometry tests; Debug build	2026-10-03T23:47:14.9997970Z 
build-test	Model and geometry tests; Debug build	2026-10-03T23:47:14.9999170Z SwiftCompile normal arm64 $REPO/Sources/PhotoAxisCore/Geometry/PerspectiveGeometry.swift (in target 'PhotoAxisCore' from project 'PhotoAxis')
build-test	Model and geometry tests; Debug build	2026-10-03T23:47:15.0000800Z     cd $REPO
build-test	Model and geometry tests; Debug build	2026-10-03T23:47:15.0104120Z     
build-test	Model and geometry tests; Debug build	2026-10-03T23:47:15.0225780Z 
build-test	Model and geometry tests; Debug build	2026-10-03T23:47:15.0338980Z SwiftCompile normal arm64 Compiling\ ProjectiveTransform.swift,\ ViewportState.swift,\ ViewportTransform.swift,\ InvestigationAnalysis.swift,\ InvestigationAnnotations.swift,\ InvestigationCase.swift $REPO/Sources/PhotoAxisCore/Geometry/ProjectiveTransform.swift $REPO/Sources/PhotoAxisCore/Geometry/ViewportState.swift $REPO/Sources/PhotoAxisCore/Geometry/ViewportTransform.swift $REPO/Sources/PhotoAxisCore/Investigation/InvestigationAnalysis.swift $REPO/Sources/PhotoAxisCore/Investigation/InvestigationAnnotations.swift $REPO/Sources/PhotoAxisCore/Investigation/InvestigationCase.swift (in target 'PhotoAxisCore' from project 'PhotoAxis')
build-test	Model and geometry tests; Debug build	2026-10-03T23:47:15.0448910Z SwiftCompile normal arm64 $REPO/Sources/PhotoAxisCore/Geometry/ProjectiveTransform.swift (in target 'PhotoAxisCore' from project 'PhotoAxis')
build-test	Model and geometry tests; Debug build	2026-10-03T23:47:15.0553410Z     cd $REPO
build-test	Model and geometry tests; Debug build	2026-10-03T23:47:15.0655360Z     
build-test	Model and geometry tests; Debug build	2026-10-03T23:47:15.0760610Z 
build-test	Model and geometry tests; Debug build	2026-10-03T23:47:15.0875270Z SwiftCompile normal arm64 $REPO/Sources/PhotoAxisCore/Geometry/ViewportState.swift (in target 'PhotoAxisCore' from project 'PhotoAxis')
build-test	Model and geometry tests; Debug build	2026-10-03T23:47:15.1013660Z     cd $REPO
build-test	Model and geometry tests; Debug build	2026-10-03T23:47:15.1120830Z     
build-test	Model and geometry tests; Debug build	2026-10-03T23:47:15.1295680Z 
build-test	Model and geometry tests; Debug build	2026-10-03T23:47:15.1420200Z SwiftCompile normal arm64 $REPO/Sources/PhotoAxisCore/Geometry/ViewportTransform.swift (in target 'PhotoAxisCore' from project 'PhotoAxis')
build-test	Model and geometry tests; Debug build	2026-10-03T23:47:15.1537810Z     cd $REPO
build-test	Model and geometry tests; Debug build	2026-10-03T23:47:15.1695550Z     
build-test	Model and geometry tests; Debug build	2026-10-03T23:47:15.1824190Z 
build-test	Model and geometry tests; Debug build	2026-10-03T23:47:15.1947690Z SwiftCompile normal arm64 $REPO/Sources/PhotoAxisCore/Investigation/InvestigationAnalysis.swift (in target 'PhotoAxisCore' from project 'PhotoAxis')
build-test	Model and geometry tests; Debug build	2026-10-03T23:47:15.2075020Z     cd $REPO
build-test	Model and geometry tests; Debug build	2026-10-03T23:47:15.2208200Z     
build-test	Model and geometry tests; Debug build	2026-10-03T23:47:15.2335910Z 
build-test	Model and geometry tests; Debug build	2026-10-03T23:47:15.2440850Z SwiftCompile normal arm64 $REPO/Sources/PhotoAxisCore/Investigation/InvestigationAnnotations.swift (in target 'PhotoAxisCore' from project 'PhotoAxis')
build-test	Model and geometry tests; Debug build	2026-10-03T23:47:15.2561130Z     cd $REPO
build-test	Model and geometry tests; Debug build	2026-10-03T23:47:15.2686300Z     
build-test	Model and geometry tests; Debug build	2026-10-03T23:47:15.2820730Z 
build-test	Model and geometry tests; Debug build	2026-10-03T23:47:15.2948990Z SwiftCompile normal arm64 $REPO/Sources/PhotoAxisCore/Investigation/InvestigationCase.swift (in target 'PhotoAxisCore' from project 'PhotoAxis')
build-test	Model and geometry tests; Debug build	2026-10-03T23:47:15.3062200Z     cd $REPO
build-test	Model and geometry tests; Debug build	2026-10-03T23:47:15.3169550Z     
build-test	Model and geometry tests; Debug build	2026-10-03T23:47:15.3309590Z 
build-test	Model and geometry tests; Debug build	2026-10-03T23:47:15.3416560Z SwiftDriverJobDiscovery normal arm64 Emitting module for PhotoAxisCore (in target 'PhotoAxisCore' from project 'PhotoAxis')
build-test	Model and geometry tests; Debug build	2026-10-03T23:47:15.3540610Z 
build-test	Model and geometry tests; Debug build	2026-10-03T23:47:15.3677600Z SwiftDriver\ Compilation\ Requirements PhotoAxisCore normal arm64 com.apple.xcode.tools.swift.compiler (in target 'PhotoAxisCore' from project 'PhotoAxis')
build-test	Model and geometry tests; Debug build	2026-10-03T23:47:15.3820820Z     cd $REPO
build-test	Model and geometry tests; Debug build	2026-10-03T23:47:15.3962730Z     builtin-Swift-Compilation-Requirements -- /Applications/Xcode_16.4.app/Contents/Developer/Toolchains/XcodeDefault.xctoolchain/usr/bin/swiftc -module-name PhotoAxisCore -Onone -enforce-exclusivity\=checked @/Users/runner/Library/Developer/PhotoAxisBuilds/fe52d68e5807/DerivedData/Build/Intermediates.noindex/PhotoAxis.build/Debug/PhotoAxisCore.build/Objects-normal/arm64/PhotoAxisCore.SwiftFileList -DDEBUG -enable-experimental-feature DebugDescriptionMacro -sdk /Applications/Xcode_16.4.app/Contents/Developer/Platforms/MacOSX.platform/Developer/SDKs/MacOSX15.5.sdk -target arm64-apple-macos14.0 -g -module-cache-path /Users/runner/Library/Developer/PhotoAxisBuilds/fe52d68e5807/DerivedData/ModuleCache.noindex -Xfrontend -serialize-debugging-options -enable-testing -index-store-path /Users/runner/Library/Developer/PhotoAxisBuilds/fe52d68e5807/DerivedData/Index.noindex/DataStore -swift-version 6 -I /Users/runner/Library/Developer/PhotoAxisBuilds/fe52d68e5807/DerivedData/Build/Products/Debug -F /Users/runner/Library/Developer/PhotoAxisBuilds/fe52d68e5807/DerivedData/Build/Products/Debug -c -j3 -enable-batch-mode -incremental -Xcc -ivfsstatcache -Xcc /Users/runner/Library/Developer/PhotoAxisBuilds/fe52d68e5807/DerivedData/SDKStatCaches.noindex/macosx15.5-24F74-a403186ba963133a54a0e0cacd566b0b.sdkstatcache -output-file-map /Users/runner/Library/Developer/PhotoAxisBuilds/fe52d68e5807/DerivedData/Build/Intermediates.noindex/PhotoAxis.build/Debug/PhotoAxisCore.build/Objects-normal/arm64/PhotoAxisCore-OutputFileMap.json -use-frontend-parseable-output -save-temps -no-color-diagnostics -serialize-diagnostics -emit-dependencies -emit-module -emit-module-path /Users/runner/Library/Developer/PhotoAxisBuilds/fe52d68e5807/DerivedData/Build/Intermediates.noindex/PhotoAxis.build/Debug/PhotoAxisCore.build/Objects-normal/arm64/PhotoAxisCore.swiftmodule -validate-clang-modules-once -clang-build-session-file /Users/runner/Library/Developer/PhotoAxisBuilds/fe52d68e5807/DerivedData/ModuleCache.noindex/Session.modulevalidation -Xcc -I/Users/runner/Library/Developer/PhotoAxisBuilds/fe52d68e5807/DerivedData/Build/Intermediates.noindex/PhotoAxis.build/Debug/PhotoAxisCore.build/swift-overrides.hmap -emit-const-values -Xfrontend -const-gather-protocols-file -Xfrontend /Users/runner/Library/Developer/PhotoAxisBuilds/fe52d68e5807/DerivedData/Build/Intermediates.noindex/PhotoAxis.build/Debug/PhotoAxisCore.build/Objects-normal/arm64/PhotoAxisCore_const_extract_protocols.json -Xcc -iquote -Xcc /Users/runner/Library/Developer/PhotoAxisBuilds/fe52d68e5807/DerivedData/Build/Intermediates.noindex/PhotoAxis.build/Debug/PhotoAxisCore.build/PhotoAxisCore-generated-files.hmap -Xcc -I/Users/runner/Library/Developer/PhotoAxisBuilds/fe52d68e5807/DerivedData/Build/Intermediates.noindex/PhotoAxis.build/Debug/PhotoAxisCore.build/PhotoAxisCore-own-target-headers.hmap -Xcc -I/Users/runner/Library/Developer/PhotoAxisBuilds/fe52d68e5807/DerivedData/Build/Intermediates.noindex/PhotoAxis.build/Debug/PhotoAxisCore.build/PhotoAxisCore-all-non-framework-target-headers.hmap -Xcc -ivfsoverlay -Xcc /Users/runner/Library/Developer/PhotoAxisBuilds/fe52d68e5807/DerivedData/Build/Intermediates.noindex/PhotoAxis.build/Debug/PhotoAxis-9730526f0700b8b20d57e2b47e796b5b-VFS/all-product-headers.yaml -Xcc -iquote -Xcc /Users/runner/Library/Developer/PhotoAxisBuilds/fe52d68e5807/DerivedData/Build/Intermediates.noindex/PhotoAxis.build/Debug/PhotoAxisCore.build/PhotoAxisCore-project-headers.hmap -Xcc -I/Users/runner/Library/Developer/PhotoAxisBuilds/fe52d68e5807/DerivedData/Build/Products/Debug/include -Xcc -I/Users/runner/Library/Developer/PhotoAxisBuilds/fe52d68e5807/DerivedData/Build/Intermediates.noindex/PhotoAxis.build/Debug/PhotoAxisCore.build/DerivedSources-normal/arm64 -Xcc -I/Users/runner/Library/Developer/PhotoAxisBuilds/fe52d68e5807/DerivedData/Build/Intermediates.noindex/PhotoAxis.build/Debug/PhotoAxisCore.build/DerivedSources/arm64 -Xcc -I/Users/runner/Library/Developer/PhotoAxisBuilds/fe52d68e5807/DerivedData/Build/Intermediates.noindex/PhotoAxis.build/Debug/PhotoAxisCore.build/DerivedSources -emit-objc-header -emit-objc-header-path /Users/runner/Library/Developer/PhotoAxisBuilds/fe52d68e5807/DerivedData/Build/Intermediates.noindex/PhotoAxis.build/Debug/PhotoAxisCore.build/Objects-normal/arm64/PhotoAxisCore-Swift.h -working-directory $REPO -experimental-emit-module-separately -disable-cmo
build-test	Model and geometry tests; Debug build	2026-10-03T23:47:15.4127330Z 
build-test	Model and geometry tests; Debug build	2026-10-03T23:47:15.4234520Z SwiftDriverJobDiscovery normal arm64 Compiling PaintContent.swift, PhotoDocumentModel.swift, ProjectSchema.swift, ScanSettings.swift, DocumentGeometry.swift, LayerGeometry.swift, PerspectiveGeometry.swift (in target 'PhotoAxisCore' from project 'PhotoAxis')
build-test	Model and geometry tests; Debug build	2026-10-03T23:47:15.4358320Z 
build-test	Model and geometry tests; Debug build	2026-10-03T23:47:15.4471620Z SwiftMergeGeneratedHeaders /Users/runner/Library/Developer/PhotoAxisBuilds/fe52d68e5807/DerivedData/Build/Products/Debug/PhotoAxisCore.framework/Versions/A/Headers/PhotoAxisCore-Swift.h /Users/runner/Library/Developer/PhotoAxisBuilds/fe52d68e5807/DerivedData/Build/Intermediates.noindex/PhotoAxis.build/Debug/PhotoAxisCore.build/Objects-normal/arm64/PhotoAxisCore-Swift.h (in target 'PhotoAxisCore' from project 'PhotoAxis')
build-test	Model and geometry tests; Debug build	2026-10-03T23:47:15.4574730Z     cd $REPO
build-test	Model and geometry tests; Debug build	2026-10-03T23:47:15.4676810Z     builtin-swiftHeaderTool -arch arm64 /Users/runner/Library/Developer/PhotoAxisBuilds/fe52d68e5807/DerivedData/Build/Intermediates.noindex/PhotoAxis.build/Debug/PhotoAxisCore.build/Objects-normal/arm64/PhotoAxisCore-Swift.h -o /Users/runner/Library/Developer/PhotoAxisBuilds/fe52d68e5807/DerivedData/Build/Products/Debug/PhotoAxisCore.framework/Versions/A/Headers/PhotoAxisCore-Swift.h
build-test	Model and geometry tests; Debug build	2026-10-03T23:47:15.4783100Z 
build-test	Model and geometry tests; Debug build	2026-10-03T23:47:15.4885770Z Copy /Users/runner/Library/Developer/PhotoAxisBuilds/fe52d68e5807/DerivedData/Build/Products/Debug/PhotoAxisCore.framework/Versions/A/Modules/PhotoAxisCore.swiftmodule/arm64-apple-macos.swiftmodule /Users/runner/Library/Developer/PhotoAxisBuilds/fe52d68e5807/DerivedData/Build/Intermediates.noindex/PhotoAxis.build/Debug/PhotoAxisCore.build/Objects-normal/arm64/PhotoAxisCore.swiftmodule (in target 'PhotoAxisCore' from project 'PhotoAxis')
build-test	Model and geometry tests; Debug build	2026-10-03T23:47:15.4988020Z     cd $REPO
build-test	Model and geometry tests; Debug build	2026-10-03T23:47:15.5094730Z     builtin-copy -exclude .DS_Store -exclude CVS -exclude .svn -exclude .git -exclude .hg -strip-unsigned-binaries -strip-deterministic -strip-tool /Applications/Xcode_16.4.app/Contents/Developer/Toolchains/XcodeDefault.xctoolchain/usr/bin/strip -resolve-src-symlinks -rename /Users/runner/Library/Developer/PhotoAxisBuilds/fe52d68e5807/DerivedData/Build/Intermediates.noindex/PhotoAxis.build/Debug/PhotoAxisCore.build/Objects-normal/arm64/PhotoAxisCore.swiftmodule /Users/runner/Library/Developer/PhotoAxisBuilds/fe52d68e5807/DerivedData/Build/Products/Debug/PhotoAxisCore.framework/Versions/A/Modules/PhotoAxisCore.swiftmodule/arm64-apple-macos.swiftmodule
build-test	Model and geometry tests; Debug build	2026-10-03T23:47:15.5204640Z 
build-test	Model and geometry tests; Debug build	2026-10-03T23:47:15.5306790Z Copy /Users/runner/Library/Developer/PhotoAxisBuilds/fe52d68e5807/DerivedData/Build/Products/Debug/PhotoAxisCore.framework/Versions/A/Modules/PhotoAxisCore.swiftmodule/arm64-apple-macos.swiftdoc /Users/runner/Library/Developer/PhotoAxisBuilds/fe52d68e5807/DerivedData/Build/Intermediates.noindex/PhotoAxis.build/Debug/PhotoAxisCore.build/Objects-normal/arm64/PhotoAxisCore.swiftdoc (in target 'PhotoAxisCore' from project 'PhotoAxis')
build-test	Model and geometry tests; Debug build	2026-10-03T23:47:15.5417090Z     cd $REPO
build-test	Model and geometry tests; Debug build	2026-10-03T23:47:15.5520180Z     builtin-copy -exclude .DS_Store -exclude CVS -exclude .svn -exclude .git -exclude .hg -strip-unsigned-binaries -strip-deterministic -strip-tool /Applications/Xcode_16.4.app/Contents/Developer/Toolchains/XcodeDefault.xctoolchain/usr/bin/strip -resolve-src-symlinks -rename /Users/runner/Library/Developer/PhotoAxisBuilds/fe52d68e5807/DerivedData/Build/Intermediates.noindex/PhotoAxis.build/Debug/PhotoAxisCore.build/Objects-normal/arm64/PhotoAxisCore.swiftdoc /Users/runner/Library/Developer/PhotoAxisBuilds/fe52d68e5807/DerivedData/Build/Products/Debug/PhotoAxisCore.framework/Versions/A/Modules/PhotoAxisCore.swiftmodule/arm64-apple-macos.swiftdoc
build-test	Model and geometry tests; Debug build	2026-10-03T23:47:15.5662600Z 
build-test	Model and geometry tests; Debug build	2026-10-03T23:47:15.5770320Z Copy /Users/runner/Library/Developer/PhotoAxisBuilds/fe52d68e5807/DerivedData/Build/Products/Debug/PhotoAxisCore.framework/Versions/A/Modules/PhotoAxisCore.swiftmodule/arm64-apple-macos.abi.json /Users/runner/Library/Developer/PhotoAxisBuilds/fe52d68e5807/DerivedData/Build/Intermediates.noindex/PhotoAxis.build/Debug/PhotoAxisCore.build/Objects-normal/arm64/PhotoAxisCore.abi.json (in target 'PhotoAxisCore' from project 'PhotoAxis')
build-test	Model and geometry tests; Debug build	2026-10-03T23:47:15.5875230Z     cd $REPO
build-test	Model and geometry tests; Debug build	2026-10-03T23:47:15.5983750Z     builtin-copy -exclude .DS_Store -exclude CVS -exclude .svn -exclude .git -exclude .hg -strip-unsigned-binaries -strip-deterministic -strip-tool /Applications/Xcode_16.4.app/Contents/Developer/Toolchains/XcodeDefault.xctoolchain/usr/bin/strip -resolve-src-symlinks -rename /Users/runner/Library/Developer/PhotoAxisBuilds/fe52d68e5807/DerivedData/Build/Intermediates.noindex/PhotoAxis.build/Debug/PhotoAxisCore.build/Objects-normal/arm64/PhotoAxisCore.abi.json /Users/runner/Library/Developer/PhotoAxisBuilds/fe52d68e5807/DerivedData/Build/Products/Debug/PhotoAxisCore.framework/Versions/A/Modules/PhotoAxisCore.swiftmodule/arm64-apple-macos.abi.json
build-test	Model and geometry tests; Debug build	2026-10-03T23:47:15.6089160Z 
build-test	Model and geometry tests; Debug build	2026-10-03T23:47:15.6192690Z Copy /Users/runner/Library/Developer/PhotoAxisBuilds/fe52d68e5807/DerivedData/Build/Products/Debug/PhotoAxisCore.framework/Versions/A/Modules/PhotoAxisCore.swiftmodule/Project/arm64-apple-macos.swiftsourceinfo /Users/runner/Library/Developer/PhotoAxisBuilds/fe52d68e5807/DerivedData/Build/Intermediates.noindex/PhotoAxis.build/Debug/PhotoAxisCore.build/Objects-normal/arm64/PhotoAxisCore.swiftsourceinfo (in target 'PhotoAxisCore' from project 'PhotoAxis')
build-test	Model and geometry tests; Debug build	2026-10-03T23:47:15.6297520Z     cd $REPO
build-test	Model and geometry tests; Debug build	2026-10-03T23:47:15.6407520Z     builtin-copy -exclude .DS_Store -exclude CVS -exclude .svn -exclude .git -exclude .hg -strip-unsigned-binaries -strip-deterministic -strip-tool /Applications/Xcode_16.4.app/Contents/Developer/Toolchains/XcodeDefault.xctoolchain/usr/bin/strip -resolve-src-symlinks -rename /Users/runner/Library/Developer/PhotoAxisBuilds/fe52d68e5807/DerivedData/Build/Intermediates.noindex/PhotoAxis.build/Debug/PhotoAxisCore.build/Objects-normal/arm64/PhotoAxisCore.swiftsourceinfo /Users/runner/Library/Developer/PhotoAxisBuilds/fe52d68e5807/DerivedData/Build/Products/Debug/PhotoAxisCore.framework/Versions/A/Modules/PhotoAxisCore.swiftmodule/Project/arm64-apple-macos.swiftsourceinfo
build-test	Model and geometry tests; Debug build	2026-10-03T23:47:15.6542110Z 
build-test	Model and geometry tests; Debug build	2026-10-03T23:47:15.6674220Z ProcessProductPackaging "" /Users/runner/Library/Developer/PhotoAxisBuilds/fe52d68e5807/DerivedData/Build/Intermediates.noindex/PhotoAxis.build/Debug/PhotoAxis.build/PhotoAxis.app.xcent (in target 'PhotoAxis' from project 'PhotoAxis')
build-test	Model and geometry tests; Debug build	2026-10-03T23:47:15.6775770Z     cd $REPO
build-test	Model and geometry tests; Debug build	2026-10-03T23:47:15.6877190Z     
build-test	Model and geometry tests; Debug build	2026-10-03T23:47:15.6994050Z     Entitlements:
build-test	Model and geometry tests; Debug build	2026-10-03T23:47:15.7095310Z     
build-test	Model and geometry tests; Debug build	2026-10-03T23:47:15.7196240Z     {
build-test	Model and geometry tests; Debug build	2026-10-03T23:47:15.7301760Z     "com.apple.security.get-task-allow" = 1;
build-test	Model and geometry tests; Debug build	2026-10-03T23:47:15.7403520Z }
build-test	Model and geometry tests; Debug build	2026-10-03T23:47:15.7513980Z     
build-test	Model and geometry tests; Debug build	2026-10-03T23:47:15.7622070Z     builtin-productPackagingUtility -entitlements -format xml -o /Users/runner/Library/Developer/PhotoAxisBuilds/fe52d68e5807/DerivedData/Build/Intermediates.noindex/PhotoAxis.build/Debug/PhotoAxis.build/PhotoAxis.app.xcent
build-test	Model and geometry tests; Debug build	2026-10-03T23:47:15.7746670Z 
build-test	Model and geometry tests; Debug build	2026-10-03T23:47:15.7848510Z ProcessProductPackagingDER /Users/runner/Library/Developer/PhotoAxisBuilds/fe52d68e5807/DerivedData/Build/Intermediates.noindex/PhotoAxis.build/Debug/PhotoAxis.build/PhotoAxis.app.xcent /Users/runner/Library/Developer/PhotoAxisBuilds/fe52d68e5807/DerivedData/Build/Intermediates.noindex/PhotoAxis.build/Debug/PhotoAxis.build/PhotoAxis.app.xcent.der (in target 'PhotoAxis' from project 'PhotoAxis')
build-test	Model and geometry tests; Debug build	2026-10-03T23:47:15.7999900Z     cd $REPO
build-test	Model and geometry tests; Debug build	2026-10-03T23:47:15.8135340Z     /usr/bin/derq query -f xml -i /Users/runner/Library/Developer/PhotoAxisBuilds/fe52d68e5807/DerivedData/Build/Intermediates.noindex/PhotoAxis.build/Debug/PhotoAxis.build/PhotoAxis.app.xcent -o /Users/runner/Library/Developer/PhotoAxisBuilds/fe52d68e5807/DerivedData/Build/Intermediates.noindex/PhotoAxis.build/Debug/PhotoAxis.build/PhotoAxis.app.xcent.der --raw
build-test	Model and geometry tests; Debug build	2026-10-03T23:47:15.8255340Z 
build-test	Model and geometry tests; Debug build	2026-10-03T23:47:15.8383790Z SwiftDriver PhotoAxisCoreTests normal arm64 com.apple.xcode.tools.swift.compiler (in target 'PhotoAxisCoreTests' from project 'PhotoAxis')
build-test	Model and geometry tests; Debug build	2026-10-03T23:47:15.8503480Z     cd $REPO
build-test	Model and geometry tests; Debug build	2026-10-03T23:47:15.8641500Z     builtin-SwiftDriver -- /Applications/Xcode_16.4.app/Contents/Developer/Toolchains/XcodeDefault.xctoolchain/usr/bin/swiftc -module-name PhotoAxisCoreTests -Onone -enforce-exclusivity\=checked @/Users/runner/Library/Developer/PhotoAxisBuilds/fe52d68e5807/DerivedData/Build/Intermediates.noindex/PhotoAxis.build/Debug/PhotoAxisCoreTests.build/Objects-normal/arm64/PhotoAxisCoreTests.SwiftFileList -DDEBUG -plugin-path /Applications/Xcode_16.4.app/Contents/Developer/Toolchains/XcodeDefault.xctoolchain/usr/lib/swift/host/plugins/testing -enable-experimental-feature DebugDescriptionMacro -sdk /Applications/Xcode_16.4.app/Contents/Developer/Platforms/MacOSX.platform/Developer/SDKs/MacOSX15.5.sdk -target arm64-apple-macos14.0 -g -module-cache-path /Users/runner/Library/Developer/PhotoAxisBuilds/fe52d68e5807/DerivedData/ModuleCache.noindex -Xfrontend -serialize-debugging-options -enable-testing -index-store-path /Users/runner/Library/Developer/PhotoAxisBuilds/fe52d68e5807/DerivedData/Index.noindex/DataStore -swift-version 6 -I /Users/runner/Library/Developer/PhotoAxisBuilds/fe52d68e5807/DerivedData/Build/Products/Debug -I /Applications/Xcode_16.4.app/Contents/Developer/Platforms/MacOSX.platform/Developer/usr/lib -F /Users/runner/Library/Developer/PhotoAxisBuilds/fe52d68e5807/DerivedData/Build/Products/Debug -F /Applications/Xcode_16.4.app/Contents/Developer/Platforms/MacOSX.platform/Developer/Library/Frameworks -c -j3 -enable-batch-mode -incremental -Xcc -ivfsstatcache -Xcc /Users/runner/Library/Developer/PhotoAxisBuilds/fe52d68e5807/DerivedData/SDKStatCaches.noindex/macosx15.5-24F74-a403186ba963133a54a0e0cacd566b0b.sdkstatcache -output-file-map /Users/runner/Library/Developer/PhotoAxisBuilds/fe52d68e5807/DerivedData/Build/Intermediates.noindex/PhotoAxis.build/Debug/PhotoAxisCoreTests.build/Objects-normal/arm64/PhotoAxisCoreTests-OutputFileMap.json -use-frontend-parseable-output -save-temps -no-color-diagnostics -serialize-diagnostics -emit-dependencies -emit-module -emit-module-path /Users/runner/Library/Developer/PhotoAxisBuilds/fe52d68e5807/DerivedData/Build/Intermediates.noindex/PhotoAxis.build/Debug/PhotoAxisCoreTests.build/Objects-normal/arm64/PhotoAxisCoreTests.swiftmodule -validate-clang-modules-once -clang-build-session-file /Users/runner/Library/Developer/PhotoAxisBuilds/fe52d68e5807/DerivedData/ModuleCache.noindex/Session.modulevalidation -Xcc -I/Users/runner/Library/Developer/PhotoAxisBuilds/fe52d68e5807/DerivedData/Build/Intermediates.noindex/PhotoAxis.build/Debug/PhotoAxisCoreTests.build/swift-overrides.hmap -emit-const-values -Xfrontend -const-gather-protocols-file -Xfrontend /Users/runner/Library/Developer/PhotoAxisBuilds/fe52d68e5807/DerivedData/Build/Intermediates.noindex/PhotoAxis.build/Debug/PhotoAxisCoreTests.build/Objects-normal/arm64/PhotoAxisCoreTests_const_extract_protocols.json -Xcc -iquote -Xcc /Users/runner/Library/Developer/PhotoAxisBuilds/fe52d68e5807/DerivedData/Build/Intermediates.noindex/PhotoAxis.build/Debug/PhotoAxisCoreTests.build/PhotoAxisCoreTests-generated-files.hmap -Xcc -I/Users/runner/Library/Developer/PhotoAxisBuilds/fe52d68e5807/DerivedData/Build/Intermediates.noindex/PhotoAxis.build/Debug/PhotoAxisCoreTests.build/PhotoAxisCoreTests-own-target-headers.hmap -Xcc -I/Users/runner/Library/Developer/PhotoAxisBuilds/fe52d68e5807/DerivedData/Build/Intermediates.noindex/PhotoAxis.build/Debug/PhotoAxisCoreTests.build/PhotoAxisCoreTests-all-non-framework-target-headers.hmap -Xcc -ivfsoverlay -Xcc /Users/runner/Library/Developer/PhotoAxisBuilds/fe52d68e5807/DerivedData/Build/Intermediates.noindex/PhotoAxis.build/Debug/PhotoAxis-9730526f0700b8b20d57e2b47e796b5b-VFS/all-product-headers.yaml -Xcc -iquote -Xcc /Users/runner/Library/Developer/PhotoAxisBuilds/fe52d68e5807/DerivedData/Build/Intermediates.noindex/PhotoAxis.build/Debug/PhotoAxisCoreTests.build/PhotoAxisCoreTests-project-headers.hmap -Xcc -I/Users/runner/Library/Developer/PhotoAxisBuilds/fe52d68e5807/DerivedData/Build/Products/Debug/include -Xcc -I/Users/runner/Library/Developer/PhotoAxisBuilds/fe52d68e5807/DerivedData/Build/Intermediates.noindex/PhotoAxis.build/Debug/PhotoAxisCoreTests.build/DerivedSources-normal/arm64 -Xcc -I/Users/runner/Library/Developer/PhotoAxisBuilds/fe52d68e5807/DerivedData/Build/Intermediates.noindex/PhotoAxis.build/Debug/PhotoAxisCoreTests.build/DerivedSources/arm64 -Xcc -I/Users/runner/Library/Developer/PhotoAxisBuilds/fe52d68e5807/DerivedData/Build/Intermediates.noindex/PhotoAxis.build/Debug/PhotoAxisCoreTests.build/DerivedSources -emit-objc-header -emit-objc-header-path /Users/runner/Library/Developer/PhotoAxisBuilds/fe52d68e5807/DerivedData/Build/Intermediates.noindex/PhotoAxis.build/Debug/PhotoAxisCoreTests.build/Objects-normal/arm64/PhotoAxisCoreTests-Swift.h -working-directory $REPO -experimental-emit-module-separately -disable-cmo
build-test	Model and geometry tests; Debug build	2026-10-03T23:47:15.8817990Z 
build-test	Model and geometry tests; Debug build	2026-10-03T23:47:15.8919490Z SwiftDriverJobDiscovery normal arm64 Compiling BoundedZIP.swift, CanvasSize.swift, ContentOperations.swift, DocumentHistory.swift, ExportOptions.swift, ImageAdjustments.swift, LayerOperations.swift (in target 'PhotoAxisCore' from project 'PhotoAxis')
build-test	Model and geometry tests; Debug build	2026-10-03T23:47:15.9020950Z 
build-test	Model and geometry tests; Debug build	2026-10-03T23:47:15.9124860Z SwiftEmitModule normal arm64 Emitting\ module\ for\ PhotoAxisCoreTests (in target 'PhotoAxisCoreTests' from project 'PhotoAxis')
build-test	Model and geometry tests; Debug build	2026-10-03T23:47:15.9226280Z EmitSwiftModule normal arm64 (in target 'PhotoAxisCoreTests' from project 'PhotoAxis')
build-test	Model and geometry tests; Debug build	2026-10-03T23:47:15.9327500Z     cd $REPO
build-test	Model and geometry tests; Debug build	2026-10-03T23:47:15.9428640Z     
build-test	Model and geometry tests; Debug build	2026-10-03T23:47:25.8742270Z 
build-test	Model and geometry tests; Debug build	2026-10-03T23:47:25.9054430Z SwiftDriver PhotoAxis normal arm64 com.apple.xcode.tools.swift.compiler (in target 'PhotoAxis' from project 'PhotoAxis')
build-test	Model and geometry tests; Debug build	2026-10-03T23:47:25.9156870Z     cd $REPO
build-test	Model and geometry tests; Debug build	2026-10-03T23:47:25.9277120Z     builtin-SwiftDriver -- /Applications/Xcode_16.4.app/Contents/Developer/Toolchains/XcodeDefault.xctoolchain/usr/bin/swiftc -module-name PhotoAxis -Onone -enforce-exclusivity\=checked @/Users/runner/Library/Developer/PhotoAxisBuilds/fe52d68e5807/DerivedData/Build/Intermediates.noindex/PhotoAxis.build/Debug/PhotoAxis.build/Objects-normal/arm64/PhotoAxis.SwiftFileList -DDEBUG -enable-experimental-feature DebugDescriptionMacro -sdk /Applications/Xcode_16.4.app/Contents/Developer/Platforms/MacOSX.platform/Developer/SDKs/MacOSX15.5.sdk -target arm64-apple-macos14.0 -g -module-cache-path /Users/runner/Library/Developer/PhotoAxisBuilds/fe52d68e5807/DerivedData/ModuleCache.noindex -Xfrontend -serialize-debugging-options -enable-testing -index-store-path /Users/runner/Library/Developer/PhotoAxisBuilds/fe52d68e5807/DerivedData/Index.noindex/DataStore -swift-version 6 -I /Users/runner/Library/Developer/PhotoAxisBuilds/fe52d68e5807/DerivedData/Build/Products/Debug -F /Users/runner/Library/Developer/PhotoAxisBuilds/fe52d68e5807/DerivedData/Build/Products/Debug -c -j3 -enable-batch-mode -incremental -Xcc -ivfsstatcache -Xcc /Users/runner/Library/Developer/PhotoAxisBuilds/fe52d68e5807/DerivedData/SDKStatCaches.noindex/macosx15.5-24F74-a403186ba963133a54a0e0cacd566b0b.sdkstatcache -output-file-map /Users/runner/Library/Developer/PhotoAxisBuilds/fe52d68e5807/DerivedData/Build/Intermediates.noindex/PhotoAxis.build/Debug/PhotoAxis.build/Objects-normal/arm64/PhotoAxis-OutputFileMap.json -use-frontend-parseable-output -save-temps -no-color-diagnostics -serialize-diagnostics -emit-dependencies -emit-module -emit-module-path /Users/runner/Library/Developer/PhotoAxisBuilds/fe52d68e5807/DerivedData/Build/Intermediates.noindex/PhotoAxis.build/Debug/PhotoAxis.build/Objects-normal/arm64/PhotoAxis.swiftmodule -validate-clang-modules-once -clang-build-session-file /Users/runner/Library/Developer/PhotoAxisBuilds/fe52d68e5807/DerivedData/ModuleCache.noindex/Session.modulevalidation -Xcc -I/Users/runner/Library/Developer/PhotoAxisBuilds/fe52d68e5807/DerivedData/Build/Intermediates.noindex/PhotoAxis.build/Debug/PhotoAxis.build/swift-overrides.hmap -emit-const-values -Xfrontend -const-gather-protocols-file -Xfrontend /Users/runner/Library/Developer/PhotoAxisBuilds/fe52d68e5807/DerivedData/Build/Intermediates.noindex/PhotoAxis.build/Debug/PhotoAxis.build/Objects-normal/arm64/PhotoAxis_const_extract_protocols.json -Xcc -iquote -Xcc /Users/runner/Library/Developer/PhotoAxisBuilds/fe52d68e5807/DerivedData/Build/Intermediates.noindex/PhotoAxis.build/Debug/PhotoAxis.build/PhotoAxis-generated-files.hmap -Xcc -I/Users/runner/Library/Developer/PhotoAxisBuilds/fe52d68e5807/DerivedData/Build/Intermediates.noindex/PhotoAxis.build/Debug/PhotoAxis.build/PhotoAxis-own-target-headers.hmap -Xcc -I/Users/runner/Library/Developer/PhotoAxisBuilds/fe52d68e5807/DerivedData/Build/Intermediates.noindex/PhotoAxis.build/Debug/PhotoAxis.build/PhotoAxis-all-non-framework-target-headers.hmap -Xcc -ivfsoverlay -Xcc /Users/runner/Library/Developer/PhotoAxisBuilds/fe52d68e5807/DerivedData/Build/Intermediates.noindex/PhotoAxis.build/Debug/PhotoAxis-9730526f0700b8b20d57e2b47e796b5b-VFS/all-product-headers.yaml -Xcc -iquote -Xcc /Users/runner/Library/Developer/PhotoAxisBuilds/fe52d68e5807/DerivedData/Build/Intermediates.noindex/PhotoAxis.build/Debug/PhotoAxis.build/PhotoAxis-project-headers.hmap -Xcc -I/Users/runner/Library/Developer/PhotoAxisBuilds/fe52d68e5807/DerivedData/Build/Products/Debug/include -Xcc -I/Users/runner/Library/Developer/PhotoAxisBuilds/fe52d68e5807/DerivedData/Build/Intermediates.noindex/PhotoAxis.build/Debug/PhotoAxis.build/DerivedSources-normal/arm64 -Xcc -I/Users/runner/Library/Developer/PhotoAxisBuilds/fe52d68e5807/DerivedData/Build/Intermediates.noindex/PhotoAxis.build/Debug/PhotoAxis.build/DerivedSources/arm64 -Xcc -I/Users/runner/Library/Developer/PhotoAxisBuilds/fe52d68e5807/DerivedData/Build/Intermediates.noindex/PhotoAxis.build/Debug/PhotoAxis.build/DerivedSources -emit-objc-header -emit-objc-header-path /Users/runner/Library/Developer/PhotoAxisBuilds/fe52d68e5807/DerivedData/Build/Intermediates.noindex/PhotoAxis.build/Debug/PhotoAxis.build/Objects-normal/arm64/PhotoAxis-Swift.h -working-directory $REPO -experimental-emit-module-separately -disable-cmo
build-test	Model and geometry tests; Debug build	2026-10-03T23:47:25.9364240Z 
build-test	Model and geometry tests; Debug build	2026-10-03T23:47:25.9467150Z SwiftCompile normal arm64 Compiling\ ImageAdjustmentTests.swift,\ InvestigationTests.swift,\ LayerHistoryTests.swift,\ MultiLayerGeometryTests.swift $REPO/Tests/PhotoAxisCoreTests/ImageAdjustmentTests.swift $REPO/Tests/PhotoAxisCoreTests/InvestigationTests.swift $REPO/Tests/PhotoAxisCoreTests/LayerHistoryTests.swift $REPO/Tests/PhotoAxisCoreTests/MultiLayerGeometryTests.swift (in target 'PhotoAxisCoreTests' from project 'PhotoAxis')
build-test	Model and geometry tests; Debug build	2026-10-03T23:47:25.9566170Z SwiftCompile normal arm64 $REPO/Tests/PhotoAxisCoreTests/ImageAdjustmentTests.swift (in target 'PhotoAxisCoreTests' from project 'PhotoAxis')
build-test	Model and geometry tests; Debug build	2026-10-03T23:47:25.9684480Z     cd $REPO
build-test	Model and geometry tests; Debug build	2026-10-03T23:47:25.9805630Z     
build-test	Model and geometry tests; Debug build	2026-10-03T23:47:30.2028950Z 
build-test	Model and geometry tests; Debug build	2026-10-03T23:47:30.2043630Z SwiftCompile normal arm64 $REPO/Tests/PhotoAxisCoreTests/InvestigationTests.swift (in target 'PhotoAxisCoreTests' from project 'PhotoAxis')
build-test	Model and geometry tests; Debug build	2026-10-03T23:47:30.2146550Z     cd $REPO
build-test	Model and geometry tests; Debug build	2026-10-03T23:47:30.2249970Z     
build-test	Model and geometry tests; Debug build	2026-10-03T23:47:30.2349550Z 
build-test	Model and geometry tests; Debug build	2026-10-03T23:47:30.2450710Z SwiftCompile normal arm64 $REPO/Tests/PhotoAxisCoreTests/LayerHistoryTests.swift (in target 'PhotoAxisCoreTests' from project 'PhotoAxis')
build-test	Model and geometry tests; Debug build	2026-10-03T23:47:30.2551570Z     cd $REPO
build-test	Model and geometry tests; Debug build	2026-10-03T23:47:30.2652130Z     
build-test	Model and geometry tests; Debug build	2026-10-03T23:47:30.2752710Z 
build-test	Model and geometry tests; Debug build	2026-10-03T23:47:30.2853960Z SwiftCompile normal arm64 $REPO/Tests/PhotoAxisCoreTests/MultiLayerGeometryTests.swift (in target 'PhotoAxisCoreTests' from project 'PhotoAxis')
build-test	Model and geometry tests; Debug build	2026-10-03T23:47:30.2954430Z     cd $REPO
build-test	Model and geometry tests; Debug build	2026-10-03T23:47:30.3055650Z     
build-test	Model and geometry tests; Debug build	2026-10-03T23:47:30.3156290Z 
build-test	Model and geometry tests; Debug build	2026-10-03T23:47:30.3269950Z SwiftEmitModule normal arm64 Emitting\ module\ for\ PhotoAxis (in target 'PhotoAxis' from project 'PhotoAxis')
build-test	Model and geometry tests; Debug build	2026-10-03T23:47:30.3370260Z 
build-test	Model and geometry tests; Debug build	2026-10-03T23:47:30.3475220Z EmitSwiftModule normal arm64 (in target 'PhotoAxis' from project 'PhotoAxis')
build-test	Model and geometry tests; Debug build	2026-10-03T23:47:30.3598070Z     cd $REPO
build-test	Model and geometry tests; Debug build	2026-10-03T23:47:30.3720370Z     
build-test	Model and geometry tests; Debug build	2026-10-03T23:47:30.3822950Z 
build-test	Model and geometry tests; Debug build	2026-10-03T23:47:30.3924510Z SwiftDriverJobDiscovery normal arm64 Compiling ProjectiveTransform.swift, ViewportState.swift, ViewportTransform.swift, InvestigationAnalysis.swift, InvestigationAnnotations.swift, InvestigationCase.swift (in target 'PhotoAxisCore' from project 'PhotoAxis')
build-test	Model and geometry tests; Debug build	2026-10-03T23:47:30.4026060Z 
build-test	Model and geometry tests; Debug build	2026-10-03T23:47:30.4130690Z SwiftCompile normal arm64 Compiling\ ContentTests.swift,\ CropGeometryTests.swift,\ DocumentTests.swift,\ ExportOptionsTests.swift,\ FoundationTests.swift $REPO/Tests/PhotoAxisCoreTests/ContentTests.swift $REPO/Tests/PhotoAxisCoreTests/CropGeometryTests.swift $REPO/Tests/PhotoAxisCoreTests/DocumentTests.swift $REPO/Tests/PhotoAxisCoreTests/ExportOptionsTests.swift $REPO/Tests/PhotoAxisCoreTests/FoundationTests.swift (in target 'PhotoAxisCoreTests' from project 'PhotoAxis')
build-test	Model and geometry tests; Debug build	2026-10-03T23:47:30.4236050Z SwiftCompile normal arm64 $REPO/Tests/PhotoAxisCoreTests/ContentTests.swift (in target 'PhotoAxisCoreTests' from project 'PhotoAxis')
build-test	Model and geometry tests; Debug build	2026-10-03T23:47:30.4338710Z     cd $REPO
build-test	Model and geometry tests; Debug build	2026-10-03T23:47:30.4439760Z     
build-test	Model and geometry tests; Debug build	2026-10-03T23:47:30.4540300Z 
build-test	Model and geometry tests; Debug build	2026-10-03T23:47:30.4648740Z SwiftCompile normal arm64 $REPO/Tests/PhotoAxisCoreTests/CropGeometryTests.swift (in target 'PhotoAxisCoreTests' from project 'PhotoAxis')
build-test	Model and geometry tests; Debug build	2026-10-03T23:47:30.4758840Z     cd $REPO
build-test	Model and geometry tests; Debug build	2026-10-03T23:47:30.4870970Z     
build-test	Model and geometry tests; Debug build	2026-10-03T23:47:30.4995880Z 
build-test	Model and geometry tests; Debug build	2026-10-03T23:47:30.5118710Z SwiftCompile normal arm64 $REPO/Tests/PhotoAxisCoreTests/DocumentTests.swift (in target 'PhotoAxisCoreTests' from project 'PhotoAxis')
build-test	Model and geometry tests; Debug build	2026-10-03T23:47:30.5227030Z     cd $REPO
build-test	Model and geometry tests; Debug build	2026-10-03T23:47:30.5344870Z     
build-test	Model and geometry tests; Debug build	2026-10-03T23:47:30.5451490Z 
build-test	Model and geometry tests; Debug build	2026-10-03T23:47:30.5571780Z SwiftCompile normal arm64 $REPO/Tests/PhotoAxisCoreTests/ExportOptionsTests.swift (in target 'PhotoAxisCoreTests' from project 'PhotoAxis')
build-test	Model and geometry tests; Debug build	2026-10-03T23:47:30.5680110Z     cd $REPO
build-test	Model and geometry tests; Debug build	2026-10-03T23:47:30.5797210Z     
build-test	Model and geometry tests; Debug build	2026-10-03T23:47:30.5904260Z 
build-test	Model and geometry tests; Debug build	2026-10-03T23:47:30.6010200Z SwiftCompile normal arm64 $REPO/Tests/PhotoAxisCoreTests/FoundationTests.swift (in target 'PhotoAxisCoreTests' from project 'PhotoAxis')
build-test	Model and geometry tests; Debug build	2026-10-03T23:47:30.6111770Z     cd $REPO
build-test	Model and geometry tests; Debug build	2026-10-03T23:47:30.6214440Z     
build-test	Model and geometry tests; Debug build	2026-10-03T23:47:30.6317010Z 
build-test	Model and geometry tests; Debug build	2026-10-03T23:47:30.6418650Z SwiftDriverJobDiscovery normal arm64 Emitting module for PhotoAxisCoreTests (in target 'PhotoAxisCoreTests' from project 'PhotoAxis')
build-test	Model and geometry tests; Debug build	2026-10-03T23:47:30.6525430Z 
build-test	Model and geometry tests; Debug build	2026-10-03T23:47:30.6636370Z SwiftDriver\ Compilation\ Requirements PhotoAxisCoreTests normal arm64 com.apple.xcode.tools.swift.compiler (in target 'PhotoAxisCoreTests' from project 'PhotoAxis')
build-test	Model and geometry tests; Debug build	2026-10-03T23:47:30.6742960Z     cd $REPO
build-test	Model and geometry tests; Debug build	2026-10-03T23:47:30.6878220Z     builtin-Swift-Compilation-Requirements -- /Applications/Xcode_16.4.app/Contents/Developer/Toolchains/XcodeDefault.xctoolchain/usr/bin/swiftc -module-name PhotoAxisCoreTests -Onone -enforce-exclusivity\=checked @/Users/runner/Library/Developer/PhotoAxisBuilds/fe52d68e5807/DerivedData/Build/Intermediates.noindex/PhotoAxis.build/Debug/PhotoAxisCoreTests.build/Objects-normal/arm64/PhotoAxisCoreTests.SwiftFileList -DDEBUG -plugin-path /Applications/Xcode_16.4.app/Contents/Developer/Toolchains/XcodeDefault.xctoolchain/usr/lib/swift/host/plugins/testing -enable-experimental-feature DebugDescriptionMacro -sdk /Applications/Xcode_16.4.app/Contents/Developer/Platforms/MacOSX.platform/Developer/SDKs/MacOSX15.5.sdk -target arm64-apple-macos14.0 -g -module-cache-path /Users/runner/Library/Developer/PhotoAxisBuilds/fe52d68e5807/DerivedData/ModuleCache.noindex -Xfrontend -serialize-debugging-options -enable-testing -index-store-path /Users/runner/Library/Developer/PhotoAxisBuilds/fe52d68e5807/DerivedData/Index.noindex/DataStore -swift-version 6 -I /Users/runner/Library/Developer/PhotoAxisBuilds/fe52d68e5807/DerivedData/Build/Products/Debug -I /Applications/Xcode_16.4.app/Contents/Developer/Platforms/MacOSX.platform/Developer/usr/lib -F /Users/runner/Library/Developer/PhotoAxisBuilds/fe52d68e5807/DerivedData/Build/Products/Debug -F /Applications/Xcode_16.4.app/Contents/Developer/Platforms/MacOSX.platform/Developer/Library/Frameworks -c -j3 -enable-batch-mode -incremental -Xcc -ivfsstatcache -Xcc /Users/runner/Library/Developer/PhotoAxisBuilds/fe52d68e5807/DerivedData/SDKStatCaches.noindex/macosx15.5-24F74-a403186ba963133a54a0e0cacd566b0b.sdkstatcache -output-file-map /Users/runner/Library/Developer/PhotoAxisBuilds/fe52d68e5807/DerivedData/Build/Intermediates.noindex/PhotoAxis.build/Debug/PhotoAxisCoreTests.build/Objects-normal/arm64/PhotoAxisCoreTests-OutputFileMap.json -use-frontend-parseable-output -save-temps -no-color-diagnostics -serialize-diagnostics -emit-dependencies -emit-module -emit-module-path /Users/runner/Library/Developer/PhotoAxisBuilds/fe52d68e5807/DerivedData/Build/Intermediates.noindex/PhotoAxis.build/Debug/PhotoAxisCoreTests.build/Objects-normal/arm64/PhotoAxisCoreTests.swiftmodule -validate-clang-modules-once -clang-build-session-file /Users/runner/Library/Developer/PhotoAxisBuilds/fe52d68e5807/DerivedData/ModuleCache.noindex/Session.modulevalidation -Xcc -I/Users/runner/Library/Developer/PhotoAxisBuilds/fe52d68e5807/DerivedData/Build/Intermediates.noindex/PhotoAxis.build/Debug/PhotoAxisCoreTests.build/swift-overrides.hmap -emit-const-values -Xfrontend -const-gather-protocols-file -Xfrontend /Users/runner/Library/Developer/PhotoAxisBuilds/fe52d68e5807/DerivedData/Build/Intermediates.noindex/PhotoAxis.build/Debug/PhotoAxisCoreTests.build/Objects-normal/arm64/PhotoAxisCoreTests_const_extract_protocols.json -Xcc -iquote -Xcc /Users/runner/Library/Developer/PhotoAxisBuilds/fe52d68e5807/DerivedData/Build/Intermediates.noindex/PhotoAxis.build/Debug/PhotoAxisCoreTests.build/PhotoAxisCoreTests-generated-files.hmap -Xcc -I/Users/runner/Library/Developer/PhotoAxisBuilds/fe52d68e5807/DerivedData/Build/Intermediates.noindex/PhotoAxis.build/Debug/PhotoAxisCoreTests.build/PhotoAxisCoreTests-own-target-headers.hmap -Xcc -I/Users/runner/Library/Developer/PhotoAxisBuilds/fe52d68e5807/DerivedData/Build/Intermediates.noindex/PhotoAxis.build/Debug/PhotoAxisCoreTests.build/PhotoAxisCoreTests-all-non-framework-target-headers.hmap -Xcc -ivfsoverlay -Xcc /Users/runner/Library/Developer/PhotoAxisBuilds/fe52d68e5807/DerivedData/Build/Intermediates.noindex/PhotoAxis.build/Debug/PhotoAxis-9730526f0700b8b20d57e2b47e796b5b-VFS/all-product-headers.yaml -Xcc -iquote -Xcc /Users/runner/Library/Developer/PhotoAxisBuilds/fe52d68e5807/DerivedData/Build/Intermediates.noindex/PhotoAxis.build/Debug/PhotoAxisCoreTests.build/PhotoAxisCoreTests-project-headers.hmap -Xcc -I/Users/runner/Library/Developer/PhotoAxisBuilds/fe52d68e5807/DerivedData/Build/Products/Debug/include -Xcc -I/Users/runner/Library/Developer/PhotoAxisBuilds/fe52d68e5807/DerivedData/Build/Intermediates.noindex/PhotoAxis.build/Debug/PhotoAxisCoreTests.build/DerivedSources-normal/arm64 -Xcc -I/Users/runner/Library/Developer/PhotoAxisBuilds/fe52d68e5807/DerivedData/Build/Intermediates.noindex/PhotoAxis.build/Debug/PhotoAxisCoreTests.build/DerivedSources/arm64 -Xcc -I/Users/runner/Library/Developer/PhotoAxisBuilds/fe52d68e5807/DerivedData/Build/Intermediates.noindex/PhotoAxis.build/Debug/PhotoAxisCoreTests.build/DerivedSources -emit-objc-header -emit-objc-header-path /Users/runner/Library/Developer/PhotoAxisBuilds/fe52d68e5807/DerivedData/Build/Intermediates.noindex/PhotoAxis.build/Debug/PhotoAxisCoreTests.build/Objects-normal/arm64/PhotoAxisCoreTests-Swift.h -working-directory $REPO -experimental-emit-module-separately -disable-cmo
build-test	Model and geometry tests; Debug build	2026-10-03T23:47:30.6978720Z 
build-test	Model and geometry tests; Debug build	2026-10-03T23:47:30.7091430Z SwiftDriverJobDiscovery normal arm64 Emitting module for PhotoAxis (in target 'PhotoAxis' from project 'PhotoAxis')
build-test	Model and geometry tests; Debug build	2026-10-03T23:47:30.7192750Z 
build-test	Model and geometry tests; Debug build	2026-10-03T23:47:30.7303510Z SwiftCompile normal arm64 Compiling\ PaintTests.swift,\ PerspectiveGeometryTests.swift,\ ProjectFormatTests.swift,\ ScanTests.swift $REPO/Tests/PhotoAxisCoreTests/PaintTests.swift $REPO/Tests/PhotoAxisCoreTests/PerspectiveGeometryTests.swift $REPO/Tests/PhotoAxisCoreTests/ProjectFormatTests.swift $REPO/Tests/PhotoAxisCoreTests/ScanTests.swift (in target 'PhotoAxisCoreTests' from project 'PhotoAxis')
build-test	Model and geometry tests; Debug build	2026-10-03T23:47:30.7415590Z 
build-test	Model and geometry tests; Debug build	2026-10-03T23:47:30.7536030Z SwiftCompile normal arm64 $REPO/Tests/PhotoAxisCoreTests/PaintTests.swift (in target 'PhotoAxisCoreTests' from project 'PhotoAxis')
build-test	Model and geometry tests; Debug build	2026-10-03T23:47:30.7653900Z     cd $REPO
build-test	Model and geometry tests; Debug build	2026-10-03T23:47:30.7793840Z     
build-test	Model and geometry tests; Debug build	2026-10-03T23:47:30.7895170Z 
build-test	Model and geometry tests; Debug build	2026-10-03T23:47:30.8002660Z SwiftCompile normal arm64 $REPO/Tests/PhotoAxisCoreTests/PerspectiveGeometryTests.swift (in target 'PhotoAxisCoreTests' from project 'PhotoAxis')
build-test	Model and geometry tests; Debug build	2026-10-03T23:47:30.8114390Z     cd $REPO
build-test	Model and geometry tests; Debug build	2026-10-03T23:47:30.8227230Z     
build-test	Model and geometry tests; Debug build	2026-10-03T23:47:30.8330100Z 
build-test	Model and geometry tests; Debug build	2026-10-03T23:47:30.8453620Z SwiftCompile normal arm64 $REPO/Tests/PhotoAxisCoreTests/ProjectFormatTests.swift (in target 'PhotoAxisCoreTests' from project 'PhotoAxis')
build-test	Model and geometry tests; Debug build	2026-10-03T23:47:30.8568450Z     cd $REPO
build-test	Model and geometry tests; Debug build	2026-10-03T23:47:30.8683740Z     
build-test	Model and geometry tests; Debug build	2026-10-03T23:47:30.8818890Z 
build-test	Model and geometry tests; Debug build	2026-10-03T23:47:30.8940700Z SwiftCompile normal arm64 $REPO/Tests/PhotoAxisCoreTests/ScanTests.swift (in target 'PhotoAxisCoreTests' from project 'PhotoAxis')
build-test	Model and geometry tests; Debug build	2026-10-03T23:47:30.9094950Z     cd $REPO
build-test	Model and geometry tests; Debug build	2026-10-03T23:47:30.9234250Z     
build-test	Model and geometry tests; Debug build	2026-10-03T23:47:30.9378980Z 
build-test	Model and geometry tests; Debug build	2026-10-03T23:47:30.9392870Z SwiftMergeGeneratedHeaders /Users/runner/Library/Developer/PhotoAxisBuilds/fe52d68e5807/DerivedData/Build/Intermediates.noindex/PhotoAxis.build/Debug/PhotoAxisCoreTests.build/DerivedSources/PhotoAxisCoreTests-Swift.h /Users/runner/Library/Developer/PhotoAxisBuilds/fe52d68e5807/DerivedData/Build/Intermediates.noindex/PhotoAxis.build/Debug/PhotoAxisCoreTests.build/Objects-normal/arm64/PhotoAxisCoreTests-Swift.h (in target 'PhotoAxisCoreTests' from project 'PhotoAxis')
build-test	Model and geometry tests; Debug build	2026-10-03T23:47:30.9396720Z     cd $REPO
build-test	Model and geometry tests; Debug build	2026-10-03T23:47:30.9398260Z     builtin-swiftHeaderTool -arch arm64 /Users/runner/Library/Developer/PhotoAxisBuilds/fe52d68e5807/DerivedData/Build/Intermediates.noindex/PhotoAxis.build/Debug/PhotoAxisCoreTests.build/Objects-normal/arm64/PhotoAxisCoreTests-Swift.h -o /Users/runner/Library/Developer/PhotoAxisBuilds/fe52d68e5807/DerivedData/Build/Intermediates.noindex/PhotoAxis.build/Debug/PhotoAxisCoreTests.build/DerivedSources/PhotoAxisCoreTests-Swift.h
build-test	Model and geometry tests; Debug build	2026-10-03T23:47:30.9399670Z 
build-test	Model and geometry tests; Debug build	2026-10-03T23:47:30.9400320Z SwiftDriverJobDiscovery normal arm64 Compiling ImageAdjustmentTests.swift, InvestigationTests.swift, LayerHistoryTests.swift, MultiLayerGeometryTests.swift (in target 'PhotoAxisCoreTests' from project 'PhotoAxis')
build-test	Model and geometry tests; Debug build	2026-10-03T23:47:30.9401070Z 
build-test	Model and geometry tests; Debug build	2026-10-03T23:47:30.9402330Z Copy /Users/runner/Library/Developer/PhotoAxisBuilds/fe52d68e5807/DerivedData/Build/Products/Debug/PhotoAxisCoreTests.swiftmodule/arm64-apple-macos.swiftmodule /Users/runner/Library/Developer/PhotoAxisBuilds/fe52d68e5807/DerivedData/Build/Intermediates.noindex/PhotoAxis.build/Debug/PhotoAxisCoreTests.build/Objects-normal/arm64/PhotoAxisCoreTests.swiftmodule (in target 'PhotoAxisCoreTests' from project 'PhotoAxis')
build-test	Model and geometry tests; Debug build	2026-10-03T23:47:30.9404330Z     cd $REPO
build-test	Model and geometry tests; Debug build	2026-10-03T23:47:30.9406400Z     builtin-copy -exclude .DS_Store -exclude CVS -exclude .svn -exclude .git -exclude .hg -strip-unsigned-binaries -strip-deterministic -strip-tool /Applications/Xcode_16.4.app/Contents/Developer/Toolchains/XcodeDefault.xctoolchain/usr/bin/strip -resolve-src-symlinks -rename /Users/runner/Library/Developer/PhotoAxisBuilds/fe52d68e5807/DerivedData/Build/Intermediates.noindex/PhotoAxis.build/Debug/PhotoAxisCoreTests.build/Objects-normal/arm64/PhotoAxisCoreTests.swiftmodule /Users/runner/Library/Developer/PhotoAxisBuilds/fe52d68e5807/DerivedData/Build/Products/Debug/PhotoAxisCoreTests.swiftmodule/arm64-apple-macos.swiftmodule
build-test	Model and geometry tests; Debug build	2026-10-03T23:47:30.9408340Z 
build-test	Model and geometry tests; Debug build	2026-10-03T23:47:30.9473020Z Copy /Users/runner/Library/Developer/PhotoAxisBuilds/fe52d68e5807/DerivedData/Build/Products/Debug/PhotoAxisCoreTests.swiftmodule/arm64-apple-macos.swiftdoc /Users/runner/Library/Developer/PhotoAxisBuilds/fe52d68e5807/DerivedData/Build/Intermediates.noindex/PhotoAxis.build/Debug/PhotoAxisCoreTests.build/Objects-normal/arm64/PhotoAxisCoreTests.swiftdoc (in target 'PhotoAxisCoreTests' from project 'PhotoAxis')
build-test	Model and geometry tests; Debug build	2026-10-03T23:47:30.9474640Z     cd $REPO
build-test	Model and geometry tests; Debug build	2026-10-03T23:47:30.9476900Z     builtin-copy -exclude .DS_Store -exclude CVS -exclude .svn -exclude .git -exclude .hg -strip-unsigned-binaries -strip-deterministic -strip-tool /Applications/Xcode_16.4.app/Contents/Developer/Toolchains/XcodeDefault.xctoolchain/usr/bin/strip -resolve-src-symlinks -rename /Users/runner/Library/Developer/PhotoAxisBuilds/fe52d68e5807/DerivedData/Build/Intermediates.noindex/PhotoAxis.build/Debug/PhotoAxisCoreTests.build/Objects-normal/arm64/PhotoAxisCoreTests.swiftdoc /Users/runner/Library/Developer/PhotoAxisBuilds/fe52d68e5807/DerivedData/Build/Products/Debug/PhotoAxisCoreTests.swiftmodule/arm64-apple-macos.swiftdoc
build-test	Model and geometry tests; Debug build	2026-10-03T23:47:30.9479370Z 
build-test	Model and geometry tests; Debug build	2026-10-03T23:47:30.9480630Z Copy /Users/runner/Library/Developer/PhotoAxisBuilds/fe52d68e5807/DerivedData/Build/Products/Debug/PhotoAxisCoreTests.swiftmodule/arm64-apple-macos.abi.json /Users/runner/Library/Developer/PhotoAxisBuilds/fe52d68e5807/DerivedData/Build/Intermediates.noindex/PhotoAxis.build/Debug/PhotoAxisCoreTests.build/Objects-normal/arm64/PhotoAxisCoreTests.abi.json (in target 'PhotoAxisCoreTests' from project 'PhotoAxis')
build-test	Model and geometry tests; Debug build	2026-10-03T23:47:30.9482050Z     cd $REPO
build-test	Model and geometry tests; Debug build	2026-10-03T23:47:30.9484770Z     builtin-copy -exclude .DS_Store -exclude CVS -exclude .svn -exclude .git -exclude .hg -strip-unsigned-binaries -strip-deterministic -strip-tool /Applications/Xcode_16.4.app/Contents/Developer/Toolchains/XcodeDefault.xctoolchain/usr/bin/strip -resolve-src-symlinks -rename /Users/runner/Library/Developer/PhotoAxisBuilds/fe52d68e5807/DerivedData/Build/Intermediates.noindex/PhotoAxis.build/Debug/PhotoAxisCoreTests.build/Objects-normal/arm64/PhotoAxisCoreTests.abi.json /Users/runner/Library/Developer/PhotoAxisBuilds/fe52d68e5807/DerivedData/Build/Products/Debug/PhotoAxisCoreTests.swiftmodule/arm64-apple-macos.abi.json
build-test	Model and geometry tests; Debug build	2026-10-03T23:47:30.9490410Z 
build-test	Model and geometry tests; Debug build	2026-10-03T23:47:30.9493950Z Copy /Users/runner/Library/Developer/PhotoAxisBuilds/fe52d68e5807/DerivedData/Build/Products/Debug/PhotoAxisCoreTests.swiftmodule/Project/arm64-apple-macos.swiftsourceinfo /Users/runner/Library/Developer/PhotoAxisBuilds/fe52d68e5807/DerivedData/Build/Intermediates.noindex/PhotoAxis.build/Debug/PhotoAxisCoreTests.build/Objects-normal/arm64/PhotoAxisCoreTests.swiftsourceinfo (in target 'PhotoAxisCoreTests' from project 'PhotoAxis')
build-test	Model and geometry tests; Debug build	2026-10-03T23:47:30.9498010Z     cd $REPO
build-test	Model and geometry tests; Debug build	2026-10-03T23:47:30.9503660Z     builtin-copy -exclude .DS_Store -exclude CVS -exclude .svn -exclude .git -exclude .hg -strip-unsigned-binaries -strip-deterministic -strip-tool /Applications/Xcode_16.4.app/Contents/Developer/Toolchains/XcodeDefault.xctoolchain/usr/bin/strip -resolve-src-symlinks -rename /Users/runner/Library/Developer/PhotoAxisBuilds/fe52d68e5807/DerivedData/Build/Intermediates.noindex/PhotoAxis.build/Debug/PhotoAxisCoreTests.build/Objects-normal/arm64/PhotoAxisCoreTests.swiftsourceinfo /Users/runner/Library/Developer/PhotoAxisBuilds/fe52d68e5807/DerivedData/Build/Products/Debug/PhotoAxisCoreTests.swiftmodule/Project/arm64-apple-macos.swiftsourceinfo
build-test	Model and geometry tests; Debug build	2026-10-03T23:47:30.9509770Z 
build-test	Model and geometry tests; Debug build	2026-10-03T23:47:30.9510910Z SwiftDriver\ Compilation\ Requirements PhotoAxis normal arm64 com.apple.xcode.tools.swift.compiler (in target 'PhotoAxis' from project 'PhotoAxis')
build-test	Model and geometry tests; Debug build	2026-10-03T23:47:30.9535030Z     cd $REPO
build-test	Model and geometry tests; Debug build	2026-10-03T23:47:30.9594410Z     builtin-Swift-Compilation-Requirements -- /Applications/Xcode_16.4.app/Contents/Developer/Toolchains/XcodeDefault.xctoolchain/usr/bin/swiftc -module-name PhotoAxis -Onone -enforce-exclusivity\=checked @/Users/runner/Library/Developer/PhotoAxisBuilds/fe52d68e5807/DerivedData/Build/Intermediates.noindex/PhotoAxis.build/Debug/PhotoAxis.build/Objects-normal/arm64/PhotoAxis.SwiftFileList -DDEBUG -enable-experimental-feature DebugDescriptionMacro -sdk /Applications/Xcode_16.4.app/Contents/Developer/Platforms/MacOSX.platform/Developer/SDKs/MacOSX15.5.sdk -target arm64-apple-macos14.0 -g -module-cache-path /Users/runner/Library/Developer/PhotoAxisBuilds/fe52d68e5807/DerivedData/ModuleCache.noindex -Xfrontend -serialize-debugging-options -enable-testing -index-store-path /Users/runner/Library/Developer/PhotoAxisBuilds/fe52d68e5807/DerivedData/Index.noindex/DataStore -swift-version 6 -I /Users/runner/Library/Developer/PhotoAxisBuilds/fe52d68e5807/DerivedData/Build/Products/Debug -F /Users/runner/Library/Developer/PhotoAxisBuilds/fe52d68e5807/DerivedData/Build/Products/Debug -c -j3 -enable-batch-mode -incremental -Xcc -ivfsstatcache -Xcc /Users/runner/Library/Developer/PhotoAxisBuilds/fe52d68e5807/DerivedData/SDKStatCaches.noindex/macosx15.5-24F74-a403186ba963133a54a0e0cacd566b0b.sdkstatcache -output-file-map /Users/runner/Library/Developer/PhotoAxisBuilds/fe52d68e5807/DerivedData/Build/Intermediates.noindex/PhotoAxis.build/Debug/PhotoAxis.build/Objects-normal/arm64/PhotoAxis-OutputFileMap.json -use-frontend-parseable-output -save-temps -no-color-diagnostics -serialize-diagnostics -emit-dependencies -emit-module -emit-module-path /Users/runner/Library/Developer/PhotoAxisBuilds/fe52d68e5807/DerivedData/Build/Intermediates.noindex/PhotoAxis.build/Debug/PhotoAxis.build/Objects-normal/arm64/PhotoAxis.swiftmodule -validate-clang-modules-once -clang-build-session-file /Users/runner/Library/Developer/PhotoAxisBuilds/fe52d68e5807/DerivedData/ModuleCache.noindex/Session.modulevalidation -Xcc -I/Users/runner/Library/Developer/PhotoAxisBuilds/fe52d68e5807/DerivedData/Build/Intermediates.noindex/PhotoAxis.build/Debug/PhotoAxis.build/swift-overrides.hmap -emit-const-values -Xfrontend -const-gather-protocols-file -Xfrontend /Users/runner/Library/Developer/PhotoAxisBuilds/fe52d68e5807/DerivedData/Build/Intermediates.noindex/PhotoAxis.build/Debug/PhotoAxis.build/Objects-normal/arm64/PhotoAxis_const_extract_protocols.json -Xcc -iquote -Xcc /Users/runner/Library/Developer/PhotoAxisBuilds/fe52d68e5807/DerivedData/Build/Intermediates.noindex/PhotoAxis.build/Debug/PhotoAxis.build/PhotoAxis-generated-files.hmap -Xcc -I/Users/runner/Library/Developer/PhotoAxisBuilds/fe52d68e5807/DerivedData/Build/Intermediates.noindex/PhotoAxis.build/Debug/PhotoAxis.build/PhotoAxis-own-target-headers.hmap -Xcc -I/Users/runner/Library/Developer/PhotoAxisBuilds/fe52d68e5807/DerivedData/Build/Intermediates.noindex/PhotoAxis.build/Debug/PhotoAxis.build/PhotoAxis-all-non-framework-target-headers.hmap -Xcc -ivfsoverlay -Xcc /Users/runner/Library/Developer/PhotoAxisBuilds/fe52d68e5807/DerivedData/Build/Intermediates.noindex/PhotoAxis.build/Debug/PhotoAxis-9730526f0700b8b20d57e2b47e796b5b-VFS/all-product-headers.yaml -Xcc -iquote -Xcc /Users/runner/Library/Developer/PhotoAxisBuilds/fe52d68e5807/DerivedData/Build/Intermediates.noindex/PhotoAxis.build/Debug/PhotoAxis.build/PhotoAxis-project-headers.hmap -Xcc -I/Users/runner/Library/Developer/PhotoAxisBuilds/fe52d68e5807/DerivedData/Build/Products/Debug/include -Xcc -I/Users/runner/Library/Developer/PhotoAxisBuilds/fe52d68e5807/DerivedData/Build/Intermediates.noindex/PhotoAxis.build/Debug/PhotoAxis.build/DerivedSources-normal/arm64 -Xcc -I/Users/runner/Library/Developer/PhotoAxisBuilds/fe52d68e5807/DerivedData/Build/Intermediates.noindex/PhotoAxis.build/Debug/PhotoAxis.build/DerivedSources/arm64 -Xcc -I/Users/runner/Library/Developer/PhotoAxisBuilds/fe52d68e5807/DerivedData/Build/Intermediates.noindex/PhotoAxis.build/Debug/PhotoAxis.build/DerivedSources -emit-objc-header -emit-objc-header-path /Users/runner/Library/Developer/PhotoAxisBuilds/fe52d68e5807/DerivedData/Build/Intermediates.noindex/PhotoAxis.build/Debug/PhotoAxis.build/Objects-normal/arm64/PhotoAxis-Swift.h -working-directory $REPO -experimental-emit-module-separately -disable-cmo
build-test	Model and geometry tests; Debug build	2026-10-03T23:47:30.9649610Z 
build-test	Model and geometry tests; Debug build	2026-10-03T23:47:30.9650310Z SwiftDriverJobDiscovery normal arm64 Compiling PaintTests.swift, PerspectiveGeometryTests.swift, ProjectFormatTests.swift, ScanTests.swift (in target 'PhotoAxisCoreTests' from project 'PhotoAxis')
build-test	Model and geometry tests; Debug build	2026-10-03T23:47:30.9650950Z 
build-test	Model and geometry tests; Debug build	2026-10-03T23:47:30.9651320Z SwiftDriver\ Compilation PhotoAxisCore normal arm64 com.apple.xcode.tools.swift.compiler (in target 'PhotoAxisCore' from project 'PhotoAxis')
build-test	Model and geometry tests; Debug build	2026-10-03T23:47:30.9652010Z     cd $REPO
build-test	Model and geometry tests; Debug build	2026-10-03T23:47:30.9665590Z     builtin-Swift-Compilation -- /Applications/Xcode_16.4.app/Contents/Developer/Toolchains/XcodeDefault.xctoolchain/usr/bin/swiftc -module-name PhotoAxisCore -Onone -enforce-exclusivity\=checked @/Users/runner/Library/Developer/PhotoAxisBuilds/fe52d68e5807/DerivedData/Build/Intermediates.noindex/PhotoAxis.build/Debug/PhotoAxisCore.build/Objects-normal/arm64/PhotoAxisCore.SwiftFileList -DDEBUG -enable-experimental-feature DebugDescriptionMacro -sdk /Applications/Xcode_16.4.app/Contents/Developer/Platforms/MacOSX.platform/Developer/SDKs/MacOSX15.5.sdk -target arm64-apple-macos14.0 -g -module-cache-path /Users/runner/Library/Developer/PhotoAxisBuilds/fe52d68e5807/DerivedData/ModuleCache.noindex -Xfrontend -serialize-debugging-options -enable-testing -index-store-path /Users/runner/Library/Developer/PhotoAxisBuilds/fe52d68e5807/DerivedData/Index.noindex/DataStore -swift-version 6 -I /Users/runner/Library/Developer/PhotoAxisBuilds/fe52d68e5807/DerivedData/Build/Products/Debug -F /Users/runner/Library/Developer/PhotoAxisBuilds/fe52d68e5807/DerivedData/Build/Products/Debug -c -j3 -enable-batch-mode -incremental -Xcc -ivfsstatcache -Xcc /Users/runner/Library/Developer/PhotoAxisBuilds/fe52d68e5807/DerivedData/SDKStatCaches.noindex/macosx15.5-24F74-a403186ba963133a54a0e0cacd566b0b.sdkstatcache -output-file-map /Users/runner/Library/Developer/PhotoAxisBuilds/fe52d68e5807/DerivedData/Build/Intermediates.noindex/PhotoAxis.build/Debug/PhotoAxisCore.build/Objects-normal/arm64/PhotoAxisCore-OutputFileMap.json -use-frontend-parseable-output -save-temps -no-color-diagnostics -serialize-diagnostics -emit-dependencies -emit-module -emit-module-path /Users/runner/Library/Developer/PhotoAxisBuilds/fe52d68e5807/DerivedData/Build/Intermediates.noindex/PhotoAxis.build/Debug/PhotoAxisCore.build/Objects-normal/arm64/PhotoAxisCore.swiftmodule -validate-clang-modules-once -clang-build-session-file /Users/runner/Library/Developer/PhotoAxisBuilds/fe52d68e5807/DerivedData/ModuleCache.noindex/Session.modulevalidation -Xcc -I/Users/runner/Library/Developer/PhotoAxisBuilds/fe52d68e5807/DerivedData/Build/Intermediates.noindex/PhotoAxis.build/Debug/PhotoAxisCore.build/swift-overrides.hmap -emit-const-values -Xfrontend -const-gather-protocols-file -Xfrontend /Users/runner/Library/Developer/PhotoAxisBuilds/fe52d68e5807/DerivedData/Build/Intermediates.noindex/PhotoAxis.build/Debug/PhotoAxisCore.build/Objects-normal/arm64/PhotoAxisCore_const_extract_protocols.json -Xcc -iquote -Xcc /Users/runner/Library/Developer/PhotoAxisBuilds/fe52d68e5807/DerivedData/Build/Intermediates.noindex/PhotoAxis.build/Debug/PhotoAxisCore.build/PhotoAxisCore-generated-files.hmap -Xcc -I/Users/runner/Library/Developer/PhotoAxisBuilds/fe52d68e5807/DerivedData/Build/Intermediates.noindex/PhotoAxis.build/Debug/PhotoAxisCore.build/PhotoAxisCore-own-target-headers.hmap -Xcc -I/Users/runner/Library/Developer/PhotoAxisBuilds/fe52d68e5807/DerivedData/Build/Intermediates.noindex/PhotoAxis.build/Debug/PhotoAxisCore.build/PhotoAxisCore-all-non-framework-target-headers.hmap -Xcc -ivfsoverlay -Xcc /Users/runner/Library/Developer/PhotoAxisBuilds/fe52d68e5807/DerivedData/Build/Intermediates.noindex/PhotoAxis.build/Debug/PhotoAxis-9730526f0700b8b20d57e2b47e796b5b-VFS/all-product-headers.yaml -Xcc -iquote -Xcc /Users/runner/Library/Developer/PhotoAxisBuilds/fe52d68e5807/DerivedData/Build/Intermediates.noindex/PhotoAxis.build/Debug/PhotoAxisCore.build/PhotoAxisCore-project-headers.hmap -Xcc -I/Users/runner/Library/Developer/PhotoAxisBuilds/fe52d68e5807/DerivedData/Build/Products/Debug/include -Xcc -I/Users/runner/Library/Developer/PhotoAxisBuilds/fe52d68e5807/DerivedData/Build/Intermediates.noindex/PhotoAxis.build/Debug/PhotoAxisCore.build/DerivedSources-normal/arm64 -Xcc -I/Users/runner/Library/Developer/PhotoAxisBuilds/fe52d68e5807/DerivedData/Build/Intermediates.noindex/PhotoAxis.build/Debug/PhotoAxisCore.build/DerivedSources/arm64 -Xcc -I/Users/runner/Library/Developer/PhotoAxisBuilds/fe52d68e5807/DerivedData/Build/Intermediates.noindex/PhotoAxis.build/Debug/PhotoAxisCore.build/DerivedSources -emit-objc-header -emit-objc-header-path /Users/runner/Library/Developer/PhotoAxisBuilds/fe52d68e5807/DerivedData/Build/Intermediates.noindex/PhotoAxis.build/Debug/PhotoAxisCore.build/Objects-normal/arm64/PhotoAxisCore-Swift.h -working-directory $REPO -experimental-emit-module-separately -disable-cmo
build-test	Model and geometry tests; Debug build	2026-10-03T23:47:30.9731010Z 
build-test	Model and geometry tests; Debug build	2026-10-03T23:47:30.9751190Z SwiftCompile normal arm64 Compiling\ AppDelegate.swift,\ AdjustmentEditing.swift,\ ContentEditing.swift,\ CropEditing.swift,\ ExportStore.swift,\ ICCEmbedding.swift,\ PaintEditing.swift,\ PerspectiveEditing.swift,\ PhotoDocument.swift,\ ProjectStore.swift,\ RecoveryCrashFixture.swift,\ RecoveryStore.swift,\ TransformEditing.swift,\ InvestigationAnalysisEngine.swift,\ InvestigationAnalysisStore.swift,\ InvestigationCaseStore.swift,\ InvestigationComparison.swift,\ InvestigationController.swift,\ InvestigationReviewController.swift,\ InvestigationSharing.swift,\ InvestigationWorkspacePanel.swift $REPO/Sources/PhotoAxisApp/AppDelegate.swift $REPO/Sources/PhotoAxisApp/Commands/AdjustmentEditing.swift $REPO/Sources/PhotoAxisApp/Commands/ContentEditing.swift $REPO/Sources/PhotoAxisApp/Commands/CropEditing.swift $REPO/Sources/PhotoAxisApp/Commands/ExportStore.swift $REPO/Sources/PhotoAxisApp/Commands/ICCEmbedding.swift $REPO/Sources/PhotoAxisApp/Commands/PaintEditing.swift $REPO/Sources/PhotoAxisApp/Commands/PerspectiveEditing.swift $REPO/Sources/PhotoAxisApp/Commands/PhotoDocument.swift $REPO/Sources/PhotoAxisApp/Commands/ProjectStore.swift $REPO/Sources/PhotoAxisApp/Commands/RecoveryCrashFixture.swift $REPO/Sources/PhotoAxisApp/Commands/RecoveryStore.swift $REPO/Sources/PhotoAxisApp/Commands/TransformEditing.swift $REPO/Sources/PhotoAxisApp/Investigation/InvestigationAnalysisEngine.swift $REPO/Sources/PhotoAxisApp/Investigation/InvestigationAnalysisStore.swift $REPO/Sources/PhotoAxisApp/Investigation/InvestigationCaseStore.swift $REPO/Sources/PhotoAxisApp/Investigation/InvestigationComparison.swift $REPO/Sources/PhotoAxisApp/Investigation/InvestigationController.swift $REPO/Sources/PhotoAxisApp/Investigation/InvestigationReviewController.swift $REPO/Sources/PhotoAxisApp/Investigation/InvestigationSharing.swift $REPO/Sources/PhotoAxisApp/Investigation/InvestigationWorkspacePanel.swift (in target 'PhotoAxis' from project 'PhotoAxis')
build-test	Model and geometry tests; Debug build	2026-10-03T23:47:30.9798600Z SwiftCompile normal arm64 $REPO/Sources/PhotoAxisApp/AppDelegate.swift (in target 'PhotoAxis' from project 'PhotoAxis')
build-test	Model and geometry tests; Debug build	2026-10-03T23:47:30.9799360Z     cd $REPO
build-test	Model and geometry tests; Debug build	2026-10-03T23:47:30.9799640Z     
build-test	Model and geometry tests; Debug build	2026-10-03T23:47:50.8228320Z 
build-test	Model and geometry tests; Debug build	2026-10-03T23:47:50.8329200Z SwiftCompile normal arm64 $REPO/Sources/PhotoAxisApp/Commands/AdjustmentEditing.swift (in target 'PhotoAxis' from project 'PhotoAxis')
build-test	Model and geometry tests; Debug build	2026-10-03T23:47:50.8428990Z     cd $REPO
build-test	Model and geometry tests; Debug build	2026-10-03T23:47:50.8530160Z     
build-test	Model and geometry tests; Debug build	2026-10-03T23:47:50.8630100Z 
build-test	Model and geometry tests; Debug build	2026-10-03T23:47:50.8732180Z SwiftCompile normal arm64 $REPO/Sources/PhotoAxisApp/Commands/ContentEditing.swift (in target 'PhotoAxis' from project 'PhotoAxis')
build-test	Model and geometry tests; Debug build	2026-10-03T23:47:50.8832550Z     cd $REPO
build-test	Model and geometry tests; Debug build	2026-10-03T23:47:50.8933570Z     
build-test	Model and geometry tests; Debug build	2026-10-03T23:47:50.9043690Z 
build-test	Model and geometry tests; Debug build	2026-10-03T23:47:50.9145220Z SwiftCompile normal arm64 $REPO/Sources/PhotoAxisApp/Commands/CropEditing.swift (in target 'PhotoAxis' from project 'PhotoAxis')
build-test	Model and geometry tests; Debug build	2026-10-03T23:47:50.9265830Z     cd $REPO
build-test	Model and geometry tests; Debug build	2026-10-03T23:47:50.9403330Z     
build-test	Model and geometry tests; Debug build	2026-10-03T23:47:50.9504020Z 
build-test	Model and geometry tests; Debug build	2026-10-03T23:47:50.9605180Z SwiftCompile normal arm64 $REPO/Sources/PhotoAxisApp/Commands/ExportStore.swift (in target 'PhotoAxis' from project 'PhotoAxis')
build-test	Model and geometry tests; Debug build	2026-10-03T23:47:50.9615930Z     cd $REPO
build-test	Model and geometry tests; Debug build	2026-10-03T23:47:50.9716810Z     
build-test	Model and geometry tests; Debug build	2026-10-03T23:47:50.9817370Z 
build-test	Model and geometry tests; Debug build	2026-10-03T23:47:50.9918520Z SwiftCompile normal arm64 $REPO/Sources/PhotoAxisApp/Commands/ICCEmbedding.swift (in target 'PhotoAxis' from project 'PhotoAxis')
build-test	Model and geometry tests; Debug build	2026-10-03T23:47:51.0020010Z     cd $REPO
build-test	Model and geometry tests; Debug build	2026-10-03T23:47:51.0121020Z     
build-test	Model and geometry tests; Debug build	2026-10-03T23:47:51.0225140Z 
build-test	Model and geometry tests; Debug build	2026-10-03T23:47:51.0326190Z SwiftCompile normal arm64 $REPO/Sources/PhotoAxisApp/Commands/PaintEditing.swift (in target 'PhotoAxis' from project 'PhotoAxis')
build-test	Model and geometry tests; Debug build	2026-10-03T23:47:51.0427560Z     cd $REPO
build-test	Model and geometry tests; Debug build	2026-10-03T23:47:51.0528570Z     
build-test	Model and geometry tests; Debug build	2026-10-03T23:47:51.0629300Z 
build-test	Model and geometry tests; Debug build	2026-10-03T23:47:51.0730450Z SwiftCompile normal arm64 $REPO/Sources/PhotoAxisApp/Commands/PerspectiveEditing.swift (in target 'PhotoAxis' from project 'PhotoAxis')
build-test	Model and geometry tests; Debug build	2026-10-03T23:47:51.0832020Z     cd $REPO
build-test	Model and geometry tests; Debug build	2026-10-03T23:47:51.0934640Z     
build-test	Model and geometry tests; Debug build	2026-10-03T23:47:51.1037750Z 
build-test	Model and geometry tests; Debug build	2026-10-03T23:47:51.1139670Z SwiftCompile normal arm64 $REPO/Sources/PhotoAxisApp/Commands/PhotoDocument.swift (in target 'PhotoAxis' from project 'PhotoAxis')
build-test	Model and geometry tests; Debug build	2026-10-03T23:47:51.1242170Z     cd $REPO
build-test	Model and geometry tests; Debug build	2026-10-03T23:47:51.1343470Z     
build-test	Model and geometry tests; Debug build	2026-10-03T23:47:51.1444290Z 
build-test	Model and geometry tests; Debug build	2026-10-03T23:47:51.1545500Z SwiftCompile normal arm64 $REPO/Sources/PhotoAxisApp/Commands/ProjectStore.swift (in target 'PhotoAxis' from project 'PhotoAxis')
build-test	Model and geometry tests; Debug build	2026-10-03T23:47:51.1647050Z     cd $REPO
build-test	Model and geometry tests; Debug build	2026-10-03T23:47:51.1748220Z     
build-test	Model and geometry tests; Debug build	2026-10-03T23:47:51.1870830Z 
build-test	Model and geometry tests; Debug build	2026-10-03T23:47:51.2003210Z SwiftCompile normal arm64 $REPO/Sources/PhotoAxisApp/Commands/RecoveryCrashFixture.swift (in target 'PhotoAxis' from project 'PhotoAxis')
build-test	Model and geometry tests; Debug build	2026-10-03T23:47:51.2219910Z     cd $REPO
build-test	Model and geometry tests; Debug build	2026-10-03T23:47:51.2341650Z     
build-test	Model and geometry tests; Debug build	2026-10-03T23:47:51.2466370Z 
build-test	Model and geometry tests; Debug build	2026-10-03T23:47:51.2588220Z SwiftCompile normal arm64 $REPO/Sources/PhotoAxisApp/Commands/RecoveryStore.swift (in target 'PhotoAxis' from project 'PhotoAxis')
build-test	Model and geometry tests; Debug build	2026-10-03T23:47:51.2718060Z     cd $REPO
build-test	Model and geometry tests; Debug build	2026-10-03T23:47:51.2842100Z     
build-test	Model and geometry tests; Debug build	2026-10-03T23:47:51.2971590Z 
build-test	Model and geometry tests; Debug build	2026-10-03T23:47:51.3095280Z SwiftCompile normal arm64 $REPO/Sources/PhotoAxisApp/Commands/TransformEditing.swift (in target 'PhotoAxis' from project 'PhotoAxis')
build-test	Model and geometry tests; Debug build	2026-10-03T23:47:51.3227920Z     cd $REPO
build-test	Model and geometry tests; Debug build	2026-10-03T23:47:51.3353290Z     
build-test	Model and geometry tests; Debug build	2026-10-03T23:47:51.3479740Z 
build-test	Model and geometry tests; Debug build	2026-10-03T23:47:51.3602500Z SwiftCompile normal arm64 $REPO/Sources/PhotoAxisApp/Investigation/InvestigationAnalysisEngine.swift (in target 'PhotoAxis' from project 'PhotoAxis')
build-test	Model and geometry tests; Debug build	2026-10-03T23:47:51.3724290Z     cd $REPO
build-test	Model and geometry tests; Debug build	2026-10-03T23:47:51.3845710Z     
build-test	Model and geometry tests; Debug build	2026-10-03T23:47:51.3972640Z 
build-test	Model and geometry tests; Debug build	2026-10-03T23:47:51.4112110Z SwiftCompile normal arm64 $REPO/Sources/PhotoAxisApp/Investigation/InvestigationAnalysisStore.swift (in target 'PhotoAxis' from project 'PhotoAxis')
build-test	Model and geometry tests; Debug build	2026-10-03T23:47:51.4247430Z     cd $REPO
build-test	Model and geometry tests; Debug build	2026-10-03T23:47:51.4351400Z     
build-test	Model and geometry tests; Debug build	2026-10-03T23:47:51.4407110Z 
build-test	Model and geometry tests; Debug build	2026-10-03T23:47:51.4508320Z SwiftCompile normal arm64 $REPO/Sources/PhotoAxisApp/Investigation/InvestigationCaseStore.swift (in target 'PhotoAxis' from project 'PhotoAxis')
build-test	Model and geometry tests; Debug build	2026-10-03T23:47:51.4609680Z     cd $REPO
build-test	Model and geometry tests; Debug build	2026-10-03T23:47:51.4711040Z     
build-test	Model and geometry tests; Debug build	2026-10-03T23:47:51.4811490Z 
build-test	Model and geometry tests; Debug build	2026-10-03T23:47:51.4912730Z SwiftCompile normal arm64 $REPO/Sources/PhotoAxisApp/Investigation/InvestigationComparison.swift (in target 'PhotoAxis' from project 'PhotoAxis')
build-test	Model and geometry tests; Debug build	2026-10-03T23:47:51.5015200Z     cd $REPO
build-test	Model and geometry tests; Debug build	2026-10-03T23:47:51.5117450Z     
build-test	Model and geometry tests; Debug build	2026-10-03T23:47:51.5218790Z 
build-test	Model and geometry tests; Debug build	2026-10-03T23:47:51.5341130Z SwiftCompile normal arm64 $REPO/Sources/PhotoAxisApp/Investigation/InvestigationController.swift (in target 'PhotoAxis' from project 'PhotoAxis')
build-test	Model and geometry tests; Debug build	2026-10-03T23:47:51.5443630Z     cd $REPO
build-test	Model and geometry tests; Debug build	2026-10-03T23:47:51.5545050Z     
build-test	Model and geometry tests; Debug build	2026-10-03T23:47:51.5674750Z $REPO/Sources/PhotoAxisApp/Investigation/InvestigationController.swift:190:56: warning: left side of nil coalescing operator '??' has non-optional type 'String', so the right side is never used
build-test	Model and geometry tests; Debug build	2026-10-03T23:47:51.5799740Z             let key = button.accessibilityIdentifier() ?? ""
build-test	Model and geometry tests; Debug build	2026-10-03T23:47:51.5926470Z                       ~~~~~~~~~~~~~~~~~~~~~~~~~~~~~~~~~^~~~~
build-test	Model and geometry tests; Debug build	2026-10-03T23:47:51.6064170Z                                                       
build-test	Model and geometry tests; Debug build	2026-10-03T23:47:51.6186840Z 
build-test	Model and geometry tests; Debug build	2026-10-03T23:47:51.6311610Z SwiftCompile normal arm64 $REPO/Sources/PhotoAxisApp/Investigation/InvestigationReviewController.swift (in target 'PhotoAxis' from project 'PhotoAxis')
build-test	Model and geometry tests; Debug build	2026-10-03T23:47:51.6433770Z     cd $REPO
build-test	Model and geometry tests; Debug build	2026-10-03T23:47:51.6574730Z     
build-test	Model and geometry tests; Debug build	2026-10-03T23:47:51.6697940Z 
build-test	Model and geometry tests; Debug build	2026-10-03T23:47:51.6827250Z SwiftCompile normal arm64 $REPO/Sources/PhotoAxisApp/Investigation/InvestigationSharing.swift (in target 'PhotoAxis' from project 'PhotoAxis')
build-test	Model and geometry tests; Debug build	2026-10-03T23:47:51.6930330Z     cd $REPO
build-test	Model and geometry tests; Debug build	2026-10-03T23:47:51.7032330Z     
build-test	Model and geometry tests; Debug build	2026-10-03T23:47:51.7133360Z 
build-test	Model and geometry tests; Debug build	2026-10-03T23:47:51.7239230Z SwiftCompile normal arm64 $REPO/Sources/PhotoAxisApp/Investigation/InvestigationWorkspacePanel.swift (in target 'PhotoAxis' from project 'PhotoAxis')
build-test	Model and geometry tests; Debug build	2026-10-03T23:47:51.7447330Z     cd $REPO
build-test	Model and geometry tests; Debug build	2026-10-03T23:47:51.7543660Z     
build-test	Model and geometry tests; Debug build	2026-10-03T23:47:51.7644300Z 
build-test	Model and geometry tests; Debug build	2026-10-03T23:47:51.7754780Z SwiftCompile normal arm64 Compiling\ PerspectiveLivePreview.swift,\ PerspectiveOptionsView.swift,\ RecoveryController.swift,\ RulerView.swift,\ SettingsWindowController.swift,\ SidebarView.swift,\ ToolsRailView.swift,\ TransformOptionsView.swift,\ WorkspaceControls.swift,\ WorkspacePreferences.swift,\ WorkspaceWindowController.swift,\ AdjustmentFilters.swift,\ ContentRasterizer.swift,\ ImagePipeline.swift,\ PaintRasterizer.swift,\ ScanFilters.swift,\ ScanBatchStore.swift,\ ScanController.swift,\ ScanEngine.swift,\ ToolKind.swift,\ main.swift $REPO/Sources/PhotoAxisApp/NativeWorkspace/PerspectiveLivePreview.swift $REPO/Sources/PhotoAxisApp/NativeWorkspace/PerspectiveOptionsView.swift $REPO/Sources/PhotoAxisApp/NativeWorkspace/RecoveryController.swift $REPO/Sources/PhotoAxisApp/NativeWorkspace/RulerView.swift $REPO/Sources/PhotoAxisApp/NativeWorkspace/SettingsWindowController.swift $REPO/Sources/PhotoAxisApp/NativeWorkspace/SidebarView.swift $REPO/Sources/PhotoAxisApp/NativeWorkspace/ToolsRailView.swift $REPO/Sources/PhotoAxisApp/NativeWorkspace/TransformOptionsView.swift $REPO/Sources/PhotoAxisApp/NativeWorkspace/WorkspaceControls.swift $REPO/Sources/PhotoAxisApp/NativeWorkspace/WorkspacePreferences.swift $REPO/Sources/PhotoAxisApp/NativeWorkspace/WorkspaceWindowController.swift $REPO/Sources/PhotoAxisApp/Renderer/AdjustmentFilters.swift $REPO/Sources/PhotoAxisApp/Renderer/ContentRasterizer.swift $REPO/Sources/PhotoAxisApp/Renderer/ImagePipeline.swift $REPO/Sources/PhotoAxisApp/Renderer/PaintRasterizer.swift $REPO/Sources/PhotoAxisApp/Renderer/ScanFilters.swift $REPO/Sources/PhotoAxisApp/Scan/ScanBatchStore.swift $REPO/Sources/PhotoAxisApp/Scan/ScanController.swift $REPO/Sources/PhotoAxisApp/Scan/ScanEngine.swift $REPO/Sources/PhotoAxisApp/Tools/ToolKind.swift $REPO/Sources/PhotoAxisApp/main.swift (in target 'PhotoAxis' from project 'PhotoAxis')
build-test	Model and geometry tests; Debug build	2026-10-03T23:47:51.7850190Z 
build-test	Model and geometry tests; Debug build	2026-10-03T23:47:51.7953100Z SwiftCompile normal arm64 $REPO/Sources/PhotoAxisApp/NativeWorkspace/PerspectiveLivePreview.swift (in target 'PhotoAxis' from project 'PhotoAxis')
build-test	Model and geometry tests; Debug build	2026-10-03T23:47:51.8054360Z     cd $REPO
build-test	Model and geometry tests; Debug build	2026-10-03T23:47:51.8084900Z     
build-test	Model and geometry tests; Debug build	2026-10-03T23:47:51.8186890Z 
build-test	Model and geometry tests; Debug build	2026-10-03T23:47:51.8288250Z SwiftCompile normal arm64 $REPO/Sources/PhotoAxisApp/NativeWorkspace/PerspectiveOptionsView.swift (in target 'PhotoAxis' from project 'PhotoAxis')
build-test	Model and geometry tests; Debug build	2026-10-03T23:47:51.8389640Z     cd $REPO
build-test	Model and geometry tests; Debug build	2026-10-03T23:47:51.8490650Z     
build-test	Model and geometry tests; Debug build	2026-10-03T23:47:51.8591570Z 
build-test	Model and geometry tests; Debug build	2026-10-03T23:47:51.8692790Z SwiftCompile normal arm64 $REPO/Sources/PhotoAxisApp/NativeWorkspace/RecoveryController.swift (in target 'PhotoAxis' from project 'PhotoAxis')
build-test	Model and geometry tests; Debug build	2026-10-03T23:47:51.8794300Z     cd $REPO
build-test	Model and geometry tests; Debug build	2026-10-03T23:47:51.8896330Z     
build-test	Model and geometry tests; Debug build	2026-10-03T23:47:51.8997500Z 
build-test	Model and geometry tests; Debug build	2026-10-03T23:47:51.9100110Z SwiftCompile normal arm64 $REPO/Sources/PhotoAxisApp/NativeWorkspace/RulerView.swift (in target 'PhotoAxis' from project 'PhotoAxis')
build-test	Model and geometry tests; Debug build	2026-10-03T23:47:51.9202610Z     cd $REPO
build-test	Model and geometry tests; Debug build	2026-10-03T23:47:51.9303570Z     
build-test	Model and geometry tests; Debug build	2026-10-03T23:47:51.9421910Z 
build-test	Model and geometry tests; Debug build	2026-10-03T23:47:51.9578400Z SwiftCompile normal arm64 $REPO/Sources/PhotoAxisApp/NativeWorkspace/SettingsWindowController.swift (in target 'PhotoAxis' from project 'PhotoAxis')
build-test	Model and geometry tests; Debug build	2026-10-03T23:47:51.9715460Z     cd $REPO
build-test	Model and geometry tests; Debug build	2026-10-03T23:47:51.9857230Z     
build-test	Model and geometry tests; Debug build	2026-10-03T23:47:52.0001610Z 
build-test	Model and geometry tests; Debug build	2026-10-03T23:47:52.0131520Z SwiftCompile normal arm64 $REPO/Sources/PhotoAxisApp/NativeWorkspace/SidebarView.swift (in target 'PhotoAxis' from project 'PhotoAxis')
build-test	Model and geometry tests; Debug build	2026-10-03T23:47:52.0285980Z     cd $REPO
build-test	Model and geometry tests; Debug build	2026-10-03T23:47:52.0414600Z     
build-test	Model and geometry tests; Debug build	2026-10-03T23:47:52.0693440Z 
build-test	Model and geometry tests; Debug build	2026-10-03T23:47:52.0794800Z SwiftCompile normal arm64 $REPO/Sources/PhotoAxisApp/NativeWorkspace/ToolsRailView.swift (in target 'PhotoAxis' from project 'PhotoAxis')
build-test	Model and geometry tests; Debug build	2026-10-03T23:47:52.0795650Z     cd $REPO
build-test	Model and geometry tests; Debug build	2026-10-03T23:47:52.0896440Z     
build-test	Model and geometry tests; Debug build	2026-10-03T23:47:52.0998920Z 
build-test	Model and geometry tests; Debug build	2026-10-03T23:47:52.1003030Z SwiftCompile normal arm64 $REPO/Sources/PhotoAxisApp/NativeWorkspace/TransformOptionsView.swift (in target 'PhotoAxis' from project 'PhotoAxis')
build-test	Model and geometry tests; Debug build	2026-10-03T23:47:52.1005110Z     cd $REPO
build-test	Model and geometry tests; Debug build	2026-10-03T23:47:52.1006100Z     
build-test	Model and geometry tests; Debug build	2026-10-03T23:47:52.1006500Z 
build-test	Model and geometry tests; Debug build	2026-10-03T23:47:52.1007080Z SwiftCompile normal arm64 $REPO/Sources/PhotoAxisApp/NativeWorkspace/WorkspaceControls.swift (in target 'PhotoAxis' from project 'PhotoAxis')
build-test	Model and geometry tests; Debug build	2026-10-03T23:47:52.1008590Z     cd $REPO
build-test	Model and geometry tests; Debug build	2026-10-03T23:47:52.1013600Z     
build-test	Model and geometry tests; Debug build	2026-10-03T23:47:52.1013770Z 
build-test	Model and geometry tests; Debug build	2026-10-03T23:47:52.1014670Z SwiftCompile normal arm64 $REPO/Sources/PhotoAxisApp/NativeWorkspace/WorkspacePreferences.swift (in target 'PhotoAxis' from project 'PhotoAxis')
build-test	Model and geometry tests; Debug build	2026-10-03T23:47:52.1015800Z     cd $REPO
build-test	Model and geometry tests; Debug build	2026-10-03T23:47:52.1017910Z     
build-test	Model and geometry tests; Debug build	2026-10-03T23:47:52.1018090Z 
build-test	Model and geometry tests; Debug build	2026-10-03T23:47:52.1018790Z SwiftCompile normal arm64 $REPO/Sources/PhotoAxisApp/NativeWorkspace/WorkspaceWindowController.swift (in target 'PhotoAxis' from project 'PhotoAxis')
build-test	Model and geometry tests; Debug build	2026-10-03T23:47:52.1020900Z     cd $REPO
build-test	Model and geometry tests; Debug build	2026-10-03T23:47:52.1021570Z     
build-test	Model and geometry tests; Debug build	2026-10-03T23:47:52.1021960Z 
build-test	Model and geometry tests; Debug build	2026-10-03T23:47:52.1025590Z SwiftCompile normal arm64 $REPO/Sources/PhotoAxisApp/Renderer/AdjustmentFilters.swift (in target 'PhotoAxis' from project 'PhotoAxis')
build-test	Model and geometry tests; Debug build	2026-10-03T23:47:52.1027960Z     cd $REPO
build-test	Model and geometry tests; Debug build	2026-10-03T23:47:52.1030910Z     
build-test	Model and geometry tests; Debug build	2026-10-03T23:47:52.1031380Z 
build-test	Model and geometry tests; Debug build	2026-10-03T23:47:52.1032230Z SwiftCompile normal arm64 $REPO/Sources/PhotoAxisApp/Renderer/ContentRasterizer.swift (in target 'PhotoAxis' from project 'PhotoAxis')
build-test	Model and geometry tests; Debug build	2026-10-03T23:47:52.1036780Z     cd $REPO
build-test	Model and geometry tests; Debug build	2026-10-03T23:47:52.1038380Z     
build-test	Model and geometry tests; Debug build	2026-10-03T23:47:52.1038770Z 
build-test	Model and geometry tests; Debug build	2026-10-03T23:47:52.1039840Z SwiftCompile normal arm64 $REPO/Sources/PhotoAxisApp/Renderer/ImagePipeline.swift (in target 'PhotoAxis' from project 'PhotoAxis')
build-test	Model and geometry tests; Debug build	2026-10-03T23:47:52.1041510Z     cd $REPO
build-test	Model and geometry tests; Debug build	2026-10-03T23:47:52.1044220Z     
build-test	Model and geometry tests; Debug build	2026-10-03T23:47:52.1045750Z 
build-test	Model and geometry tests; Debug build	2026-10-03T23:47:52.1046820Z SwiftCompile normal arm64 $REPO/Sources/PhotoAxisApp/Renderer/PaintRasterizer.swift (in target 'PhotoAxis' from project 'PhotoAxis')
build-test	Model and geometry tests; Debug build	2026-10-03T23:47:52.1049590Z     cd $REPO
build-test	Model and geometry tests; Debug build	2026-10-03T23:47:52.1051880Z     
build-test	Model and geometry tests; Debug build	2026-10-03T23:47:52.1051960Z 
build-test	Model and geometry tests; Debug build	2026-10-03T23:47:52.1052840Z SwiftCompile normal arm64 $REPO/Sources/PhotoAxisApp/Renderer/ScanFilters.swift (in target 'PhotoAxis' from project 'PhotoAxis')
build-test	Model and geometry tests; Debug build	2026-10-03T23:47:52.1055110Z     cd $REPO
build-test	Model and geometry tests; Debug build	2026-10-03T23:47:52.1056580Z     
build-test	Model and geometry tests; Debug build	2026-10-03T23:47:52.1056940Z 
build-test	Model and geometry tests; Debug build	2026-10-03T23:47:52.1057830Z SwiftCompile normal arm64 $REPO/Sources/PhotoAxisApp/Scan/ScanBatchStore.swift (in target 'PhotoAxis' from project 'PhotoAxis')
build-test	Model and geometry tests; Debug build	2026-10-03T23:47:52.1061230Z     cd $REPO
build-test	Model and geometry tests; Debug build	2026-10-03T23:47:52.1063330Z     
build-test	Model and geometry tests; Debug build	2026-10-03T23:47:52.1063550Z 
build-test	Model and geometry tests; Debug build	2026-10-03T23:47:52.1064050Z SwiftCompile normal arm64 $REPO/Sources/PhotoAxisApp/Scan/ScanController.swift (in target 'PhotoAxis' from project 'PhotoAxis')
build-test	Model and geometry tests; Debug build	2026-10-03T23:47:52.1064850Z     cd $REPO
build-test	Model and geometry tests; Debug build	2026-10-03T23:47:52.1072160Z     
build-test	Model and geometry tests; Debug build	2026-10-03T23:47:52.1073970Z 
build-test	Model and geometry tests; Debug build	2026-10-03T23:47:52.1074460Z SwiftCompile normal arm64 $REPO/Sources/PhotoAxisApp/Scan/ScanEngine.swift (in target 'PhotoAxis' from project 'PhotoAxis')
build-test	Model and geometry tests; Debug build	2026-10-03T23:47:52.1075970Z     cd $REPO
build-test	Model and geometry tests; Debug build	2026-10-03T23:47:52.1076460Z     
build-test	Model and geometry tests; Debug build	2026-10-03T23:47:52.1076580Z 
build-test	Model and geometry tests; Debug build	2026-10-03T23:47:52.1077060Z SwiftCompile normal arm64 $REPO/Sources/PhotoAxisApp/Tools/ToolKind.swift (in target 'PhotoAxis' from project 'PhotoAxis')
build-test	Model and geometry tests; Debug build	2026-10-03T23:47:52.1078560Z     cd $REPO
build-test	Model and geometry tests; Debug build	2026-10-03T23:47:52.1078930Z     
build-test	Model and geometry tests; Debug build	2026-10-03T23:47:52.1079070Z 
build-test	Model and geometry tests; Debug build	2026-10-03T23:47:52.1079630Z SwiftCompile normal arm64 $REPO/Sources/PhotoAxisApp/main.swift (in target 'PhotoAxis' from project 'PhotoAxis')
build-test	Model and geometry tests; Debug build	2026-10-03T23:47:52.1080250Z     cd $REPO
build-test	Model and geometry tests; Debug build	2026-10-03T23:47:52.1080680Z     
build-test	Model and geometry tests; Debug build	2026-10-03T23:47:52.1080830Z 
build-test	Model and geometry tests; Debug build	2026-10-03T23:47:52.1081420Z Ld /Users/runner/Library/Developer/PhotoAxisBuilds/fe52d68e5807/DerivedData/Build/Products/Debug/PhotoAxisCore.framework/Versions/A/PhotoAxisCore normal (in target 'PhotoAxisCore' from project 'PhotoAxis')
build-test	Model and geometry tests; Debug build	2026-10-03T23:47:52.1082630Z     cd $REPO
build-test	Model and geometry tests; Debug build	2026-10-03T23:47:52.1090300Z     /Applications/Xcode_16.4.app/Contents/Developer/Toolchains/XcodeDefault.xctoolchain/usr/bin/clang -Xlinker -reproducible -target arm64-apple-macos14.0 -dynamiclib -isysroot /Applications/Xcode_16.4.app/Contents/Developer/Platforms/MacOSX.platform/Developer/SDKs/MacOSX15.5.sdk -Os -L/Users/runner/Library/Developer/PhotoAxisBuilds/fe52d68e5807/DerivedData/Build/Intermediates.noindex/EagerLinkingTBDs/Debug -L/Users/runner/Library/Developer/PhotoAxisBuilds/fe52d68e5807/DerivedData/Build/Products/Debug -F/Users/runner/Library/Developer/PhotoAxisBuilds/fe52d68e5807/DerivedData/Build/Intermediates.noindex/EagerLinkingTBDs/Debug -F/Users/runner/Library/Developer/PhotoAxisBuilds/fe52d68e5807/DerivedData/Build/Products/Debug -filelist /Users/runner/Library/Developer/PhotoAxisBuilds/fe52d68e5807/DerivedData/Build/Intermediates.noindex/PhotoAxis.build/Debug/PhotoAxisCore.build/Objects-normal/arm64/PhotoAxisCore.LinkFileList -install_name @rpath/PhotoAxisCore.framework/Versions/A/PhotoAxisCore -Xlinker -rpath -Xlinker @executable_path/../Frameworks -Xlinker -rpath -Xlinker @loader_path/../Frameworks -Xlinker -object_path_lto -Xlinker /Users/runner/Library/Developer/PhotoAxisBuilds/fe52d68e5807/DerivedData/Build/Intermediates.noindex/PhotoAxis.build/Debug/PhotoAxisCore.build/Objects-normal/arm64/PhotoAxisCore_lto.o -rdynamic -Xlinker -dependency_info -Xlinker /Users/runner/Library/Developer/PhotoAxisBuilds/fe52d68e5807/DerivedData/Build/Intermediates.noindex/PhotoAxis.build/Debug/PhotoAxisCore.build/Objects-normal/arm64/PhotoAxisCore_dependency_info.dat -fobjc-link-runtime -L/Applications/Xcode_16.4.app/Contents/Developer/Toolchains/XcodeDefault.xctoolchain/usr/lib/swift/macosx -L/usr/lib/swift -Xlinker -add_ast_path -Xlinker /Users/runner/Library/Developer/PhotoAxisBuilds/fe52d68e5807/DerivedData/Build/Intermediates.noindex/PhotoAxis.build/Debug/PhotoAxisCore.build/Objects-normal/arm64/PhotoAxisCore.swiftmodule -Xlinker -no_adhoc_codesign -o /Users/runner/Library/Developer/PhotoAxisBuilds/fe52d68e5807/DerivedData/Build/Products/Debug/PhotoAxisCore.framework/Versions/A/PhotoAxisCore
build-test	Model and geometry tests; Debug build	2026-10-03T23:47:52.1197860Z 
build-test	Model and geometry tests; Debug build	2026-10-03T23:47:52.1300000Z SwiftDriverJobDiscovery normal arm64 Compiling ContentTests.swift, CropGeometryTests.swift, DocumentTests.swift, ExportOptionsTests.swift, FoundationTests.swift (in target 'PhotoAxisCoreTests' from project 'PhotoAxis')
build-test	Model and geometry tests; Debug build	2026-10-03T23:47:52.1301730Z 
build-test	Model and geometry tests; Debug build	2026-10-03T23:47:52.1406890Z SwiftMergeGeneratedHeaders /Users/runner/Library/Developer/PhotoAxisBuilds/fe52d68e5807/DerivedData/Build/Intermediates.noindex/PhotoAxis.build/Debug/PhotoAxis.build/DerivedSources/PhotoAxis-Swift.h /Users/runner/Library/Developer/PhotoAxisBuilds/fe52d68e5807/DerivedData/Build/Intermediates.noindex/PhotoAxis.build/Debug/PhotoAxis.build/Objects-normal/arm64/PhotoAxis-Swift.h (in target 'PhotoAxis' from project 'PhotoAxis')
build-test	Model and geometry tests; Debug build	2026-10-03T23:47:52.1512250Z     cd $REPO
build-test	Model and geometry tests; Debug build	2026-10-03T23:47:52.1640420Z     builtin-swiftHeaderTool -arch arm64 /Users/runner/Library/Developer/PhotoAxisBuilds/fe52d68e5807/DerivedData/Build/Intermediates.noindex/PhotoAxis.build/Debug/PhotoAxis.build/Objects-normal/arm64/PhotoAxis-Swift.h -o /Users/runner/Library/Developer/PhotoAxisBuilds/fe52d68e5807/DerivedData/Build/Intermediates.noindex/PhotoAxis.build/Debug/PhotoAxis.build/DerivedSources/PhotoAxis-Swift.h
build-test	Model and geometry tests; Debug build	2026-10-03T23:47:52.1742430Z 
build-test	Model and geometry tests; Debug build	2026-10-03T23:47:52.1884240Z Copy /Users/runner/Library/Developer/PhotoAxisBuilds/fe52d68e5807/DerivedData/Build/Products/Debug/PhotoAxis.swiftmodule/arm64-apple-macos.swiftmodule /Users/runner/Library/Developer/PhotoAxisBuilds/fe52d68e5807/DerivedData/Build/Intermediates.noindex/PhotoAxis.build/Debug/PhotoAxis.build/Objects-normal/arm64/PhotoAxis.swiftmodule (in target 'PhotoAxis' from project 'PhotoAxis')
build-test	Model and geometry tests; Debug build	2026-10-03T23:47:52.2002410Z     cd $REPO
build-test	Model and geometry tests; Debug build	2026-10-03T23:47:52.2136570Z     builtin-copy -exclude .DS_Store -exclude CVS -exclude .svn -exclude .git -exclude .hg -strip-unsigned-binaries -strip-deterministic -strip-tool /Applications/Xcode_16.4.app/Contents/Developer/Toolchains/XcodeDefault.xctoolchain/usr/bin/strip -resolve-src-symlinks -rename /Users/runner/Library/Developer/PhotoAxisBuilds/fe52d68e5807/DerivedData/Build/Intermediates.noindex/PhotoAxis.build/Debug/PhotoAxis.build/Objects-normal/arm64/PhotoAxis.swiftmodule /Users/runner/Library/Developer/PhotoAxisBuilds/fe52d68e5807/DerivedData/Build/Products/Debug/PhotoAxis.swiftmodule/arm64-apple-macos.swiftmodule
build-test	Model and geometry tests; Debug build	2026-10-03T23:47:52.2267600Z 
build-test	Model and geometry tests; Debug build	2026-10-03T23:47:52.2399140Z Copy /Users/runner/Library/Developer/PhotoAxisBuilds/fe52d68e5807/DerivedData/Build/Products/Debug/PhotoAxis.swiftmodule/arm64-apple-macos.swiftdoc /Users/runner/Library/Developer/PhotoAxisBuilds/fe52d68e5807/DerivedData/Build/Intermediates.noindex/PhotoAxis.build/Debug/PhotoAxis.build/Objects-normal/arm64/PhotoAxis.swiftdoc (in target 'PhotoAxis' from project 'PhotoAxis')
build-test	Model and geometry tests; Debug build	2026-10-03T23:47:52.2536510Z     cd $REPO
build-test	Model and geometry tests; Debug build	2026-10-03T23:47:52.2690750Z     builtin-copy -exclude .DS_Store -exclude CVS -exclude .svn -exclude .git -exclude .hg -strip-unsigned-binaries -strip-deterministic -strip-tool /Applications/Xcode_16.4.app/Contents/Developer/Toolchains/XcodeDefault.xctoolchain/usr/bin/strip -resolve-src-symlinks -rename /Users/runner/Library/Developer/PhotoAxisBuilds/fe52d68e5807/DerivedData/Build/Intermediates.noindex/PhotoAxis.build/Debug/PhotoAxis.build/Objects-normal/arm64/PhotoAxis.swiftdoc /Users/runner/Library/Developer/PhotoAxisBuilds/fe52d68e5807/DerivedData/Build/Products/Debug/PhotoAxis.swiftmodule/arm64-apple-macos.swiftdoc
build-test	Model and geometry tests; Debug build	2026-10-03T23:47:52.2851020Z 
build-test	Model and geometry tests; Debug build	2026-10-03T23:47:52.2985490Z Copy /Users/runner/Library/Developer/PhotoAxisBuilds/fe52d68e5807/DerivedData/Build/Products/Debug/PhotoAxis.swiftmodule/arm64-apple-macos.abi.json /Users/runner/Library/Developer/PhotoAxisBuilds/fe52d68e5807/DerivedData/Build/Intermediates.noindex/PhotoAxis.build/Debug/PhotoAxis.build/Objects-normal/arm64/PhotoAxis.abi.json (in target 'PhotoAxis' from project 'PhotoAxis')
build-test	Model and geometry tests; Debug build	2026-10-03T23:47:52.3095880Z     cd $REPO
build-test	Model and geometry tests; Debug build	2026-10-03T23:47:52.3198870Z     builtin-copy -exclude .DS_Store -exclude CVS -exclude .svn -exclude .git -exclude .hg -strip-unsigned-binaries -strip-deterministic -strip-tool /Applications/Xcode_16.4.app/Contents/Developer/Toolchains/XcodeDefault.xctoolchain/usr/bin/strip -resolve-src-symlinks -rename /Users/runner/Library/Developer/PhotoAxisBuilds/fe52d68e5807/DerivedData/Build/Intermediates.noindex/PhotoAxis.build/Debug/PhotoAxis.build/Objects-normal/arm64/PhotoAxis.abi.json /Users/runner/Library/Developer/PhotoAxisBuilds/fe52d68e5807/DerivedData/Build/Products/Debug/PhotoAxis.swiftmodule/arm64-apple-macos.abi.json
build-test	Model and geometry tests; Debug build	2026-10-03T23:47:52.3201320Z 
build-test	Model and geometry tests; Debug build	2026-10-03T23:47:52.3303160Z Copy /Users/runner/Library/Developer/PhotoAxisBuilds/fe52d68e5807/DerivedData/Build/Products/Debug/PhotoAxis.swiftmodule/Project/arm64-apple-macos.swiftsourceinfo /Users/runner/Library/Developer/PhotoAxisBuilds/fe52d68e5807/DerivedData/Build/Intermediates.noindex/PhotoAxis.build/Debug/PhotoAxis.build/Objects-normal/arm64/PhotoAxis.swiftsourceinfo (in target 'PhotoAxis' from project 'PhotoAxis')
build-test	Model and geometry tests; Debug build	2026-10-03T23:47:52.3405090Z     cd $REPO
build-test	Model and geometry tests; Debug build	2026-10-03T23:47:52.3508150Z     builtin-copy -exclude .DS_Store -exclude CVS -exclude .svn -exclude .git -exclude .hg -strip-unsigned-binaries -strip-deterministic -strip-tool /Applications/Xcode_16.4.app/Contents/Developer/Toolchains/XcodeDefault.xctoolchain/usr/bin/strip -resolve-src-symlinks -rename /Users/runner/Library/Developer/PhotoAxisBuilds/fe52d68e5807/DerivedData/Build/Intermediates.noindex/PhotoAxis.build/Debug/PhotoAxis.build/Objects-normal/arm64/PhotoAxis.swiftsourceinfo /Users/runner/Library/Developer/PhotoAxisBuilds/fe52d68e5807/DerivedData/Build/Products/Debug/PhotoAxis.swiftmodule/Project/arm64-apple-macos.swiftsourceinfo
build-test	Model and geometry tests; Debug build	2026-10-03T23:47:52.3610570Z 
build-test	Model and geometry tests; Debug build	2026-10-03T23:47:52.3733940Z SwiftDriver\ Compilation PhotoAxisCoreTests normal arm64 com.apple.xcode.tools.swift.compiler (in target 'PhotoAxisCoreTests' from project 'PhotoAxis')
build-test	Model and geometry tests; Debug build	2026-10-03T23:47:52.3835340Z     cd $REPO
build-test	Model and geometry tests; Debug build	2026-10-03T23:47:52.3951290Z     builtin-Swift-Compilation -- /Applications/Xcode_16.4.app/Contents/Developer/Toolchains/XcodeDefault.xctoolchain/usr/bin/swiftc -module-name PhotoAxisCoreTests -Onone -enforce-exclusivity\=checked @/Users/runner/Library/Developer/PhotoAxisBuilds/fe52d68e5807/DerivedData/Build/Intermediates.noindex/PhotoAxis.build/Debug/PhotoAxisCoreTests.build/Objects-normal/arm64/PhotoAxisCoreTests.SwiftFileList -DDEBUG -plugin-path /Applications/Xcode_16.4.app/Contents/Developer/Toolchains/XcodeDefault.xctoolchain/usr/lib/swift/host/plugins/testing -enable-experimental-feature DebugDescriptionMacro -sdk /Applications/Xcode_16.4.app/Contents/Developer/Platforms/MacOSX.platform/Developer/SDKs/MacOSX15.5.sdk -target arm64-apple-macos14.0 -g -module-cache-path /Users/runner/Library/Developer/PhotoAxisBuilds/fe52d68e5807/DerivedData/ModuleCache.noindex -Xfrontend -serialize-debugging-options -enable-testing -index-store-path /Users/runner/Library/Developer/PhotoAxisBuilds/fe52d68e5807/DerivedData/Index.noindex/DataStore -swift-version 6 -I /Users/runner/Library/Developer/PhotoAxisBuilds/fe52d68e5807/DerivedData/Build/Products/Debug -I /Applications/Xcode_16.4.app/Contents/Developer/Platforms/MacOSX.platform/Developer/usr/lib -F /Users/runner/Library/Developer/PhotoAxisBuilds/fe52d68e5807/DerivedData/Build/Products/Debug -F /Applications/Xcode_16.4.app/Contents/Developer/Platforms/MacOSX.platform/Developer/Library/Frameworks -c -j3 -enable-batch-mode -incremental -Xcc -ivfsstatcache -Xcc /Users/runner/Library/Developer/PhotoAxisBuilds/fe52d68e5807/DerivedData/SDKStatCaches.noindex/macosx15.5-24F74-a403186ba963133a54a0e0cacd566b0b.sdkstatcache -output-file-map /Users/runner/Library/Developer/PhotoAxisBuilds/fe52d68e5807/DerivedData/Build/Intermediates.noindex/PhotoAxis.build/Debug/PhotoAxisCoreTests.build/Objects-normal/arm64/PhotoAxisCoreTests-OutputFileMap.json -use-frontend-parseable-output -save-temps -no-color-diagnostics -serialize-diagnostics -emit-dependencies -emit-module -emit-module-path /Users/runner/Library/Developer/PhotoAxisBuilds/fe52d68e5807/DerivedData/Build/Intermediates.noindex/PhotoAxis.build/Debug/PhotoAxisCoreTests.build/Objects-normal/arm64/PhotoAxisCoreTests.swiftmodule -validate-clang-modules-once -clang-build-session-file /Users/runner/Library/Developer/PhotoAxisBuilds/fe52d68e5807/DerivedData/ModuleCache.noindex/Session.modulevalidation -Xcc -I/Users/runner/Library/Developer/PhotoAxisBuilds/fe52d68e5807/DerivedData/Build/Intermediates.noindex/PhotoAxis.build/Debug/PhotoAxisCoreTests.build/swift-overrides.hmap -emit-const-values -Xfrontend -const-gather-protocols-file -Xfrontend /Users/runner/Library/Developer/PhotoAxisBuilds/fe52d68e5807/DerivedData/Build/Intermediates.noindex/PhotoAxis.build/Debug/PhotoAxisCoreTests.build/Objects-normal/arm64/PhotoAxisCoreTests_const_extract_protocols.json -Xcc -iquote -Xcc /Users/runner/Library/Developer/PhotoAxisBuilds/fe52d68e5807/DerivedData/Build/Intermediates.noindex/PhotoAxis.build/Debug/PhotoAxisCoreTests.build/PhotoAxisCoreTests-generated-files.hmap -Xcc -I/Users/runner/Library/Developer/PhotoAxisBuilds/fe52d68e5807/DerivedData/Build/Intermediates.noindex/PhotoAxis.build/Debug/PhotoAxisCoreTests.build/PhotoAxisCoreTests-own-target-headers.hmap -Xcc -I/Users/runner/Library/Developer/PhotoAxisBuilds/fe52d68e5807/DerivedData/Build/Intermediates.noindex/PhotoAxis.build/Debug/PhotoAxisCoreTests.build/PhotoAxisCoreTests-all-non-framework-target-headers.hmap -Xcc -ivfsoverlay -Xcc /Users/runner/Library/Developer/PhotoAxisBuilds/fe52d68e5807/DerivedData/Build/Intermediates.noindex/PhotoAxis.build/Debug/PhotoAxis-9730526f0700b8b20d57e2b47e796b5b-VFS/all-product-headers.yaml -Xcc -iquote -Xcc /Users/runner/Library/Developer/PhotoAxisBuilds/fe52d68e5807/DerivedData/Build/Intermediates.noindex/PhotoAxis.build/Debug/PhotoAxisCoreTests.build/PhotoAxisCoreTests-project-headers.hmap -Xcc -I/Users/runner/Library/Developer/PhotoAxisBuilds/fe52d68e5807/DerivedData/Build/Products/Debug/include -Xcc -I/Users/runner/Library/Developer/PhotoAxisBuilds/fe52d68e5807/DerivedData/Build/Intermediates.noindex/PhotoAxis.build/Debug/PhotoAxisCoreTests.build/DerivedSources-normal/arm64 -Xcc -I/Users/runner/Library/Developer/PhotoAxisBuilds/fe52d68e5807/DerivedData/Build/Intermediates.noindex/PhotoAxis.build/Debug/PhotoAxisCoreTests.build/DerivedSources/arm64 -Xcc -I/Users/runner/Library/Developer/PhotoAxisBuilds/fe52d68e5807/DerivedData/Build/Intermediates.noindex/PhotoAxis.build/Debug/PhotoAxisCoreTests.build/DerivedSources -emit-objc-header -emit-objc-header-path /Users/runner/Library/Developer/PhotoAxisBuilds/fe52d68e5807/DerivedData/Build/Intermediates.noindex/PhotoAxis.build/Debug/PhotoAxisCoreTests.build/Objects-normal/arm64/PhotoAxisCoreTests-Swift.h -working-directory $REPO -experimental-emit-module-separately -disable-cmo
build-test	Model and geometry tests; Debug build	2026-10-03T23:47:52.4068290Z 
build-test	Model and geometry tests; Debug build	2026-10-03T23:47:52.4176950Z SwiftCompile normal arm64 Compiling\ OCRExecution.swift,\ OpenImageAnalysis.swift,\ L10n.swift,\ AdjustmentControlsView.swift,\ CanvasCursor.swift,\ CanvasEditing.swift,\ ColorControlsView.swift,\ ContentControlsView.swift,\ ContentInteraction.swift,\ CropInteraction.swift,\ CropOptionsView.swift,\ DocumentCanvasView.swift,\ DocumentControls.swift,\ DocumentCoordinator.swift,\ DocumentSizeController.swift,\ ExportController.swift,\ LayerListView.swift,\ NativeTextEditor.swift,\ OptionsBarView.swift,\ PaintInteraction.swift,\ PerspectiveInteraction.swift $REPO/Sources/PhotoAxisApp/Investigation/OCRExecution.swift $REPO/Sources/PhotoAxisApp/Investigation/OpenImageAnalysis.swift $REPO/Sources/PhotoAxisApp/Localization/L10n.swift $REPO/Sources/PhotoAxisApp/NativeWorkspace/AdjustmentControlsView.swift $REPO/Sources/PhotoAxisApp/NativeWorkspace/CanvasCursor.swift $REPO/Sources/PhotoAxisApp/NativeWorkspace/CanvasEditing.swift $REPO/Sources/PhotoAxisApp/NativeWorkspace/ColorControlsView.swift $REPO/Sources/PhotoAxisApp/NativeWorkspace/ContentControlsView.swift $REPO/Sources/PhotoAxisApp/NativeWorkspace/ContentInteraction.swift $REPO/Sources/PhotoAxisApp/NativeWorkspace/CropInteraction.swift $REPO/Sources/PhotoAxisApp/NativeWorkspace/CropOptionsView.swift $REPO/Sources/PhotoAxisApp/NativeWorkspace/DocumentCanvasView.swift $REPO/Sources/PhotoAxisApp/NativeWorkspace/DocumentControls.swift $REPO/Sources/PhotoAxisApp/NativeWorkspace/DocumentCoordinator.swift $REPO/Sources/PhotoAxisApp/NativeWorkspace/DocumentSizeController.swift $REPO/Sources/PhotoAxisApp/NativeWorkspace/ExportController.swift $REPO/Sources/PhotoAxisApp/NativeWorkspace/LayerListView.swift $REPO/Sources/PhotoAxisApp/NativeWorkspace/NativeTextEditor.swift $REPO/Sources/PhotoAxisApp/NativeWorkspace/OptionsBarView.swift $REPO/Sources/PhotoAxisApp/NativeWorkspace/PaintInteraction.swift $REPO/Sources/PhotoAxisApp/NativeWorkspace/PerspectiveInteraction.swift (in target 'PhotoAxis' from project 'PhotoAxis')
build-test	Model and geometry tests; Debug build	2026-10-03T23:47:52.4287110Z 
build-test	Model and geometry tests; Debug build	2026-10-03T23:47:52.4404430Z SwiftCompile normal arm64 $REPO/Sources/PhotoAxisApp/Investigation/OCRExecution.swift (in target 'PhotoAxis' from project 'PhotoAxis')
build-test	Model and geometry tests; Debug build	2026-10-03T23:47:52.4526380Z     cd $REPO
build-test	Model and geometry tests; Debug build	2026-10-03T23:47:52.4650900Z     
build-test	Model and geometry tests; Debug build	2026-10-03T23:47:52.4799410Z 
build-test	Model and geometry tests; Debug build	2026-10-03T23:47:52.4905870Z SwiftCompile normal arm64 $REPO/Sources/PhotoAxisApp/Investigation/OpenImageAnalysis.swift (in target 'PhotoAxis' from project 'PhotoAxis')
build-test	Model and geometry tests; Debug build	2026-10-03T23:47:52.5036860Z     cd $REPO
build-test	Model and geometry tests; Debug build	2026-10-03T23:47:52.5182850Z     
build-test	Model and geometry tests; Debug build	2026-10-03T23:47:52.5323500Z 
build-test	Model and geometry tests; Debug build	2026-10-03T23:47:52.5444020Z SwiftCompile normal arm64 $REPO/Sources/PhotoAxisApp/Localization/L10n.swift (in target 'PhotoAxis' from project 'PhotoAxis')
build-test	Model and geometry tests; Debug build	2026-10-03T23:47:52.5571470Z     cd $REPO
build-test	Model and geometry tests; Debug build	2026-10-03T23:47:52.5672430Z     
build-test	Model and geometry tests; Debug build	2026-10-03T23:47:52.5773000Z 
build-test	Model and geometry tests; Debug build	2026-10-03T23:47:52.5874320Z SwiftCompile normal arm64 $REPO/Sources/PhotoAxisApp/NativeWorkspace/AdjustmentControlsView.swift (in target 'PhotoAxis' from project 'PhotoAxis')
build-test	Model and geometry tests; Debug build	2026-10-03T23:47:52.5976000Z     cd $REPO
build-test	Model and geometry tests; Debug build	2026-10-03T23:47:52.6037500Z     
build-test	Model and geometry tests; Debug build	2026-10-03T23:47:52.6138080Z 
build-test	Model and geometry tests; Debug build	2026-10-03T23:47:52.6239230Z SwiftCompile normal arm64 $REPO/Sources/PhotoAxisApp/NativeWorkspace/CanvasCursor.swift (in target 'PhotoAxis' from project 'PhotoAxis')
build-test	Model and geometry tests; Debug build	2026-10-03T23:47:52.6340770Z     cd $REPO
build-test	Model and geometry tests; Debug build	2026-10-03T23:47:52.6441910Z     
build-test	Model and geometry tests; Debug build	2026-10-03T23:47:52.6543660Z 
build-test	Model and geometry tests; Debug build	2026-10-03T23:47:52.6645050Z SwiftCompile normal arm64 $REPO/Sources/PhotoAxisApp/NativeWorkspace/CanvasEditing.swift (in target 'PhotoAxis' from project 'PhotoAxis')
build-test	Model and geometry tests; Debug build	2026-10-03T23:47:52.6746800Z     cd $REPO
build-test	Model and geometry tests; Debug build	2026-10-03T23:47:52.6861830Z     
build-test	Model and geometry tests; Debug build	2026-10-03T23:47:52.6999310Z 
build-test	Model and geometry tests; Debug build	2026-10-03T23:47:52.7130290Z SwiftCompile normal arm64 $REPO/Sources/PhotoAxisApp/NativeWorkspace/ColorControlsView.swift (in target 'PhotoAxis' from project 'PhotoAxis')
build-test	Model and geometry tests; Debug build	2026-10-03T23:47:52.7255750Z     cd $REPO
build-test	Model and geometry tests; Debug build	2026-10-03T23:47:52.7378790Z     
build-test	Model and geometry tests; Debug build	2026-10-03T23:47:52.7502620Z 
build-test	Model and geometry tests; Debug build	2026-10-03T23:47:52.7635160Z SwiftCompile normal arm64 $REPO/Sources/PhotoAxisApp/NativeWorkspace/ContentControlsView.swift (in target 'PhotoAxis' from project 'PhotoAxis')
build-test	Model and geometry tests; Debug build	2026-10-03T23:47:52.7757630Z     cd $REPO
build-test	Model and geometry tests; Debug build	2026-10-03T23:47:52.7879740Z     
build-test	Model and geometry tests; Debug build	2026-10-03T23:47:52.8012280Z 
build-test	Model and geometry tests; Debug build	2026-10-03T23:47:52.8129390Z SwiftCompile normal arm64 $REPO/Sources/PhotoAxisApp/NativeWorkspace/ContentInteraction.swift (in target 'PhotoAxis' from project 'PhotoAxis')
build-test	Model and geometry tests; Debug build	2026-10-03T23:47:52.8232200Z     cd $REPO
build-test	Model and geometry tests; Debug build	2026-10-03T23:47:52.8333250Z     
build-test	Model and geometry tests; Debug build	2026-10-03T23:47:52.8434010Z 
build-test	Model and geometry tests; Debug build	2026-10-03T23:47:52.8535870Z SwiftCompile normal arm64 $REPO/Sources/PhotoAxisApp/NativeWorkspace/CropInteraction.swift (in target 'PhotoAxis' from project 'PhotoAxis')
build-test	Model and geometry tests; Debug build	2026-10-03T23:47:52.8637300Z     cd $REPO
build-test	Model and geometry tests; Debug build	2026-10-03T23:47:52.8738290Z     
build-test	Model and geometry tests; Debug build	2026-10-03T23:47:52.8838810Z 
build-test	Model and geometry tests; Debug build	2026-10-03T23:47:52.8940230Z SwiftCompile normal arm64 $REPO/Sources/PhotoAxisApp/NativeWorkspace/CropOptionsView.swift (in target 'PhotoAxis' from project 'PhotoAxis')
build-test	Model and geometry tests; Debug build	2026-10-03T23:47:52.9012530Z     cd $REPO
build-test	Model and geometry tests; Debug build	2026-10-03T23:47:52.9113480Z     
build-test	Model and geometry tests; Debug build	2026-10-03T23:47:52.9214010Z 
build-test	Model and geometry tests; Debug build	2026-10-03T23:47:52.9315150Z SwiftCompile normal arm64 $REPO/Sources/PhotoAxisApp/NativeWorkspace/DocumentCanvasView.swift (in target 'PhotoAxis' from project 'PhotoAxis')
build-test	Model and geometry tests; Debug build	2026-10-03T23:47:52.9427630Z     cd $REPO
build-test	Model and geometry tests; Debug build	2026-10-03T23:47:52.9550200Z     
build-test	Model and geometry tests; Debug build	2026-10-03T23:47:52.9674570Z 
build-test	Model and geometry tests; Debug build	2026-10-03T23:47:52.9803290Z SwiftCompile normal arm64 $REPO/Sources/PhotoAxisApp/NativeWorkspace/DocumentControls.swift (in target 'PhotoAxis' from project 'PhotoAxis')
build-test	Model and geometry tests; Debug build	2026-10-03T23:47:52.9930060Z     cd $REPO
build-test	Model and geometry tests; Debug build	2026-10-03T23:47:53.0075360Z     
build-test	Model and geometry tests; Debug build	2026-10-03T23:47:53.0198390Z 
build-test	Model and geometry tests; Debug build	2026-10-03T23:47:53.0323180Z SwiftCompile normal arm64 $REPO/Sources/PhotoAxisApp/NativeWorkspace/DocumentCoordinator.swift (in target 'PhotoAxis' from project 'PhotoAxis')
build-test	Model and geometry tests; Debug build	2026-10-03T23:47:53.0464810Z     cd $REPO
build-test	Model and geometry tests; Debug build	2026-10-03T23:47:53.0638620Z     
build-test	Model and geometry tests; Debug build	2026-10-03T23:47:53.0744550Z 
build-test	Model and geometry tests; Debug build	2026-10-03T23:47:53.0849560Z SwiftCompile normal arm64 $REPO/Sources/PhotoAxisApp/NativeWorkspace/DocumentSizeController.swift (in target 'PhotoAxis' from project 'PhotoAxis')
build-test	Model and geometry tests; Debug build	2026-10-03T23:47:53.0952740Z     cd $REPO
build-test	Model and geometry tests; Debug build	2026-10-03T23:47:53.1055340Z     
build-test	Model and geometry tests; Debug build	2026-10-03T23:47:53.1156870Z 
build-test	Model and geometry tests; Debug build	2026-10-03T23:47:53.1262770Z SwiftCompile normal arm64 $REPO/Sources/PhotoAxisApp/NativeWorkspace/ExportController.swift (in target 'PhotoAxis' from project 'PhotoAxis')
build-test	Model and geometry tests; Debug build	2026-10-03T23:47:53.1361100Z     cd $REPO
build-test	Model and geometry tests; Debug build	2026-10-03T23:47:53.1462320Z     
build-test	Model and geometry tests; Debug build	2026-10-03T23:47:53.1562950Z 
build-test	Model and geometry tests; Debug build	2026-10-03T23:47:53.1664190Z SwiftCompile normal arm64 $REPO/Sources/PhotoAxisApp/NativeWorkspace/LayerListView.swift (in target 'PhotoAxis' from project 'PhotoAxis')
build-test	Model and geometry tests; Debug build	2026-10-03T23:47:53.1766550Z     cd $REPO
build-test	Model and geometry tests; Debug build	2026-10-03T23:47:53.1868110Z     
build-test	Model and geometry tests; Debug build	2026-10-03T23:47:53.1972130Z 
build-test	Model and geometry tests; Debug build	2026-10-03T23:47:53.2085130Z SwiftCompile normal arm64 $REPO/Sources/PhotoAxisApp/NativeWorkspace/NativeTextEditor.swift (in target 'PhotoAxis' from project 'PhotoAxis')
build-test	Model and geometry tests; Debug build	2026-10-03T23:47:53.2194420Z     cd $REPO
build-test	Model and geometry tests; Debug build	2026-10-03T23:47:53.2298600Z     
build-test	Model and geometry tests; Debug build	2026-10-03T23:47:53.2414950Z 
build-test	Model and geometry tests; Debug build	2026-10-03T23:47:53.2529520Z SwiftCompile normal arm64 $REPO/Sources/PhotoAxisApp/NativeWorkspace/OptionsBarView.swift (in target 'PhotoAxis' from project 'PhotoAxis')
build-test	Model and geometry tests; Debug build	2026-10-03T23:47:53.2641420Z     cd $REPO
build-test	Model and geometry tests; Debug build	2026-10-03T23:47:53.2777380Z     
build-test	Model and geometry tests; Debug build	2026-10-03T23:47:53.2878810Z 
build-test	Model and geometry tests; Debug build	2026-10-03T23:47:53.3008110Z SwiftCompile normal arm64 $REPO/Sources/PhotoAxisApp/NativeWorkspace/PaintInteraction.swift (in target 'PhotoAxis' from project 'PhotoAxis')
build-test	Model and geometry tests; Debug build	2026-10-03T23:47:53.3111160Z     cd $REPO
build-test	Model and geometry tests; Debug build	2026-10-03T23:47:53.3212620Z     
build-test	Model and geometry tests; Debug build	2026-10-03T23:47:53.3338100Z 
build-test	Model and geometry tests; Debug build	2026-10-03T23:47:53.3441060Z SwiftCompile normal arm64 $REPO/Sources/PhotoAxisApp/NativeWorkspace/PerspectiveInteraction.swift (in target 'PhotoAxis' from project 'PhotoAxis')
build-test	Model and geometry tests; Debug build	2026-10-03T23:47:53.3543740Z     cd $REPO
build-test	Model and geometry tests; Debug build	2026-10-03T23:47:53.3646540Z     
build-test	Model and geometry tests; Debug build	2026-10-03T23:47:53.3747880Z 
build-test	Model and geometry tests; Debug build	2026-10-03T23:47:53.3850580Z SwiftDriverJobDiscovery normal arm64 Compiling OCRExecution.swift, OpenImageAnalysis.swift, L10n.swift, AdjustmentControlsView.swift, CanvasCursor.swift, CanvasEditing.swift, ColorControlsView.swift, ContentControlsView.swift, ContentInteraction.swift, CropInteraction.swift, CropOptionsView.swift, DocumentCanvasView.swift, DocumentControls.swift, DocumentCoordinator.swift, DocumentSizeController.swift, ExportController.swift, LayerListView.swift, NativeTextEditor.swift, OptionsBarView.swift, PaintInteraction.swift, PerspectiveInteraction.swift (in target 'PhotoAxis' from project 'PhotoAxis')
build-test	Model and geometry tests; Debug build	2026-10-03T23:47:53.3955450Z 
build-test	Model and geometry tests; Debug build	2026-10-03T23:47:53.4058540Z SwiftDriverJobDiscovery normal arm64 Compiling PerspectiveLivePreview.swift, PerspectiveOptionsView.swift, RecoveryController.swift, RulerView.swift, SettingsWindowController.swift, SidebarView.swift, ToolsRailView.swift, TransformOptionsView.swift, WorkspaceControls.swift, WorkspacePreferences.swift, WorkspaceWindowController.swift, AdjustmentFilters.swift, ContentRasterizer.swift, ImagePipeline.swift, PaintRasterizer.swift, ScanFilters.swift, ScanBatchStore.swift, ScanController.swift, ScanEngine.swift, ToolKind.swift, main.swift (in target 'PhotoAxis' from project 'PhotoAxis')
build-test	Model and geometry tests; Debug build	2026-10-03T23:47:53.4161880Z 
build-test	Model and geometry tests; Debug build	2026-10-03T23:47:53.4263430Z ExtractAppIntentsMetadata (in target 'PhotoAxisCore' from project 'PhotoAxis')
build-test	Model and geometry tests; Debug build	2026-10-03T23:47:53.4364640Z     cd $REPO
build-test	Model and geometry tests; Debug build	2026-10-03T23:47:53.4477390Z     /Applications/Xcode_16.4.app/Contents/Developer/Toolchains/XcodeDefault.xctoolchain/usr/bin/appintentsmetadataprocessor --toolchain-dir /Applications/Xcode_16.4.app/Contents/Developer/Toolchains/XcodeDefault.xctoolchain --module-name PhotoAxisCore --sdk-root /Applications/Xcode_16.4.app/Contents/Developer/Platforms/MacOSX.platform/Developer/SDKs/MacOSX15.5.sdk --xcode-version 16F6 --platform-family macOS --deployment-target 14.0 --bundle-identifier local.photoaxis.core --output /Users/runner/Library/Developer/PhotoAxisBuilds/fe52d68e5807/DerivedData/Build/Products/Debug/PhotoAxisCore.framework/Versions/A/Resources --target-triple arm64-apple-macos14.0 --binary-file /Users/runner/Library/Developer/PhotoAxisBuilds/fe52d68e5807/DerivedData/Build/Products/Debug/PhotoAxisCore.framework/Versions/A/PhotoAxisCore --dependency-file /Users/runner/Library/Developer/PhotoAxisBuilds/fe52d68e5807/DerivedData/Build/Intermediates.noindex/PhotoAxis.build/Debug/PhotoAxisCore.build/Objects-normal/arm64/PhotoAxisCore_dependency_info.dat --stringsdata-file /Users/runner/Library/Developer/PhotoAxisBuilds/fe52d68e5807/DerivedData/Build/Intermediates.noindex/PhotoAxis.build/Debug/PhotoAxisCore.build/Objects-normal/arm64/ExtractedAppShortcutsMetadata.stringsdata --source-file-list /Users/runner/Library/Developer/PhotoAxisBuilds/fe52d68e5807/DerivedData/Build/Intermediates.noindex/PhotoAxis.build/Debug/PhotoAxisCore.build/Objects-normal/arm64/PhotoAxisCore.SwiftFileList --metadata-file-list /Users/runner/Library/Developer/PhotoAxisBuilds/fe52d68e5807/DerivedData/Build/Intermediates.noindex/PhotoAxis.build/Debug/PhotoAxisCore.build/PhotoAxisCore.DependencyMetadataFileList --static-metadata-file-list /Users/runner/Library/Developer/PhotoAxisBuilds/fe52d68e5807/DerivedData/Build/Intermediates.noindex/PhotoAxis.build/Debug/PhotoAxisCore.build/PhotoAxisCore.DependencyStaticMetadataFileList --swift-const-vals-list /Users/runner/Library/Developer/PhotoAxisBuilds/fe52d68e5807/DerivedData/Build/Intermediates.noindex/PhotoAxis.build/Debug/PhotoAxisCore.build/Objects-normal/arm64/PhotoAxisCore.SwiftConstValuesFileList --compile-time-extraction --deployment-aware-processing --validate-assistant-intents --no-app-shortcuts-localization
build-test	Model and geometry tests; Debug build	2026-10-03T23:47:53.4612710Z 2026-10-03 23:47:46.272 appintentsmetadataprocessor[2140:9515] Starting appintentsmetadataprocessor export
build-test	Model and geometry tests; Debug build	2026-10-03T23:47:53.4741410Z 2026-10-03 23:47:46.297 appintentsmetadataprocessor[2140:9515] warning: Metadata extraction skipped. No AppIntents.framework dependency found.
build-test	Model and geometry tests; Debug build	2026-10-03T23:47:53.4857200Z 
build-test	Model and geometry tests; Debug build	2026-10-03T23:47:53.4967250Z SwiftDriver PhotoAxisAppTests normal arm64 com.apple.xcode.tools.swift.compiler (in target 'PhotoAxisAppTests' from project 'PhotoAxis')
build-test	Model and geometry tests; Debug build	2026-10-03T23:47:53.5099450Z     cd $REPO
build-test	Model and geometry tests; Debug build	2026-10-03T23:47:53.5226850Z     builtin-SwiftDriver -- /Applications/Xcode_16.4.app/Contents/Developer/Toolchains/XcodeDefault.xctoolchain/usr/bin/swiftc -module-name PhotoAxisAppTests -Onone -enforce-exclusivity\=checked @/Users/runner/Library/Developer/PhotoAxisBuilds/fe52d68e5807/DerivedData/Build/Intermediates.noindex/PhotoAxis.build/Debug/PhotoAxisAppTests.build/Objects-normal/arm64/PhotoAxisAppTests.SwiftFileList -DDEBUG -plugin-path /Applications/Xcode_16.4.app/Contents/Developer/Toolchains/XcodeDefault.xctoolchain/usr/lib/swift/host/plugins/testing -enable-experimental-feature DebugDescriptionMacro -sdk /Applications/Xcode_16.4.app/Contents/Developer/Platforms/MacOSX.platform/Developer/SDKs/MacOSX15.5.sdk -target arm64-apple-macos14.0 -g -module-cache-path /Users/runner/Library/Developer/PhotoAxisBuilds/fe52d68e5807/DerivedData/ModuleCache.noindex -Xfrontend -serialize-debugging-options -enable-testing -index-store-path /Users/runner/Library/Developer/PhotoAxisBuilds/fe52d68e5807/DerivedData/Index.noindex/DataStore -swift-version 6 -I /Users/runner/Library/Developer/PhotoAxisBuilds/fe52d68e5807/DerivedData/Build/Products/Debug -I /Applications/Xcode_16.4.app/Contents/Developer/Platforms/MacOSX.platform/Developer/usr/lib -F /Users/runner/Library/Developer/PhotoAxisBuilds/fe52d68e5807/DerivedData/Build/Products/Debug -F /Applications/Xcode_16.4.app/Contents/Developer/Platforms/MacOSX.platform/Developer/Library/Frameworks -c -j3 -enable-batch-mode -incremental -Xcc -ivfsstatcache -Xcc /Users/runner/Library/Developer/PhotoAxisBuilds/fe52d68e5807/DerivedData/SDKStatCaches.noindex/macosx15.5-24F74-a403186ba963133a54a0e0cacd566b0b.sdkstatcache -output-file-map /Users/runner/Library/Developer/PhotoAxisBuilds/fe52d68e5807/DerivedData/Build/Intermediates.noindex/PhotoAxis.build/Debug/PhotoAxisAppTests.build/Objects-normal/arm64/PhotoAxisAppTests-OutputFileMap.json -use-frontend-parseable-output -save-temps -no-color-diagnostics -serialize-diagnostics -emit-dependencies -emit-module -emit-module-path /Users/runner/Library/Developer/PhotoAxisBuilds/fe52d68e5807/DerivedData/Build/Intermediates.noindex/PhotoAxis.build/Debug/PhotoAxisAppTests.build/Objects-normal/arm64/PhotoAxisAppTests.swiftmodule -validate-clang-modules-once -clang-build-session-file /Users/runner/Library/Developer/PhotoAxisBuilds/fe52d68e5807/DerivedData/ModuleCache.noindex/Session.modulevalidation -Xcc -I/Users/runner/Library/Developer/PhotoAxisBuilds/fe52d68e5807/DerivedData/Build/Intermediates.noindex/PhotoAxis.build/Debug/PhotoAxisAppTests.build/swift-overrides.hmap -emit-const-values -Xfrontend -const-gather-protocols-file -Xfrontend /Users/runner/Library/Developer/PhotoAxisBuilds/fe52d68e5807/DerivedData/Build/Intermediates.noindex/PhotoAxis.build/Debug/PhotoAxisAppTests.build/Objects-normal/arm64/PhotoAxisAppTests_const_extract_protocols.json -Xcc -iquote -Xcc /Users/runner/Library/Developer/PhotoAxisBuilds/fe52d68e5807/DerivedData/Build/Intermediates.noindex/PhotoAxis.build/Debug/PhotoAxisAppTests.build/PhotoAxisAppTests-generated-files.hmap -Xcc -I/Users/runner/Library/Developer/PhotoAxisBuilds/fe52d68e5807/DerivedData/Build/Intermediates.noindex/PhotoAxis.build/Debug/PhotoAxisAppTests.build/PhotoAxisAppTests-own-target-headers.hmap -Xcc -I/Users/runner/Library/Developer/PhotoAxisBuilds/fe52d68e5807/DerivedData/Build/Intermediates.noindex/PhotoAxis.build/Debug/PhotoAxisAppTests.build/PhotoAxisAppTests-all-non-framework-target-headers.hmap -Xcc -ivfsoverlay -Xcc /Users/runner/Library/Developer/PhotoAxisBuilds/fe52d68e5807/DerivedData/Build/Intermediates.noindex/PhotoAxis.build/Debug/PhotoAxis-9730526f0700b8b20d57e2b47e796b5b-VFS/all-product-headers.yaml -Xcc -iquote -Xcc /Users/runner/Library/Developer/PhotoAxisBuilds/fe52d68e5807/DerivedData/Build/Intermediates.noindex/PhotoAxis.build/Debug/PhotoAxisAppTests.build/PhotoAxisAppTests-project-headers.hmap -Xcc -I/Users/runner/Library/Developer/PhotoAxisBuilds/fe52d68e5807/DerivedData/Build/Products/Debug/include -Xcc -I/Users/runner/Library/Developer/PhotoAxisBuilds/fe52d68e5807/DerivedData/Build/Intermediates.noindex/PhotoAxis.build/Debug/PhotoAxisAppTests.build/DerivedSources-normal/arm64 -Xcc -I/Users/runner/Library/Developer/PhotoAxisBuilds/fe52d68e5807/DerivedData/Build/Intermediates.noindex/PhotoAxis.build/Debug/PhotoAxisAppTests.build/DerivedSources/arm64 -Xcc -I/Users/runner/Library/Developer/PhotoAxisBuilds/fe52d68e5807/DerivedData/Build/Intermediates.noindex/PhotoAxis.build/Debug/PhotoAxisAppTests.build/DerivedSources -emit-objc-header -emit-objc-header-path /Users/runner/Library/Developer/PhotoAxisBuilds/fe52d68e5807/DerivedData/Build/Intermediates.noindex/PhotoAxis.build/Debug/PhotoAxisAppTests.build/Objects-normal/arm64/PhotoAxisAppTests-Swift.h -working-directory $REPO -experimental-emit-module-separately -disable-cmo
build-test	Model and geometry tests; Debug build	2026-10-03T23:47:53.5270660Z 
build-test	Model and geometry tests; Debug build	2026-10-03T23:47:53.5373160Z SwiftEmitModule normal arm64 Emitting\ module\ for\ PhotoAxisAppTests (in target 'PhotoAxisAppTests' from project 'PhotoAxis')
build-test	Model and geometry tests; Debug build	2026-10-03T23:47:53.5481230Z 
build-test	Model and geometry tests; Debug build	2026-10-03T23:47:53.5583400Z EmitSwiftModule normal arm64 (in target 'PhotoAxisAppTests' from project 'PhotoAxis')
build-test	Model and geometry tests; Debug build	2026-10-03T23:47:53.5693370Z     cd $REPO
build-test	Model and geometry tests; Debug build	2026-10-03T23:47:53.5871180Z     
build-test	Model and geometry tests; Debug build	2026-10-03T23:47:53.6248380Z 
build-test	Model and geometry tests; Debug build	2026-10-03T23:47:53.6399880Z SwiftCompile normal arm64 Compiling\ InvestigationAnalysisTests.swift,\ InvestigationWorkflowTests.swift,\ LayerEditingTests.swift,\ MultiLayerPerspectiveTests.swift,\ OpenImageCursorTests.swift,\ PaintLiveTests.swift,\ PerspectiveEditingTests.swift $REPO/Tests/PhotoAxisAppTests/InvestigationAnalysisTests.swift $REPO/Tests/PhotoAxisAppTests/InvestigationWorkflowTests.swift $REPO/Tests/PhotoAxisAppTests/LayerEditingTests.swift $REPO/Tests/PhotoAxisAppTests/MultiLayerPerspectiveTests.swift $REPO/Tests/PhotoAxisAppTests/OpenImageCursorTests.swift $REPO/Tests/PhotoAxisAppTests/PaintLiveTests.swift $REPO/Tests/PhotoAxisAppTests/PerspectiveEditingTests.swift (in target 'PhotoAxisAppTests' from project 'PhotoAxis')
build-test	Model and geometry tests; Debug build	2026-10-03T23:47:53.6461430Z SwiftCompile normal arm64 $REPO/Tests/PhotoAxisAppTests/InvestigationAnalysisTests.swift (in target 'PhotoAxisAppTests' from project 'PhotoAxis')
build-test	Model and geometry tests; Debug build	2026-10-03T23:47:53.6567140Z     cd $REPO
build-test	Model and geometry tests; Debug build	2026-10-03T23:47:53.6761010Z     
build-test	Model and geometry tests; Debug build	2026-10-03T23:47:56.2502940Z 
build-test	Model and geometry tests; Debug build	2026-10-03T23:47:56.2602730Z SwiftCompile normal arm64 $REPO/Tests/PhotoAxisAppTests/InvestigationWorkflowTests.swift (in target 'PhotoAxisAppTests' from project 'PhotoAxis')
build-test	Model and geometry tests; Debug build	2026-10-03T23:47:56.2704500Z     cd $REPO
build-test	Model and geometry tests; Debug build	2026-10-03T23:47:56.2805160Z     
build-test	Model and geometry tests; Debug build	2026-10-03T23:47:56.2905830Z 
build-test	Model and geometry tests; Debug build	2026-10-03T23:47:56.3008690Z SwiftCompile normal arm64 $REPO/Tests/PhotoAxisAppTests/LayerEditingTests.swift (in target 'PhotoAxisAppTests' from project 'PhotoAxis')
build-test	Model and geometry tests; Debug build	2026-10-03T23:47:56.3111640Z     cd $REPO
build-test	Model and geometry tests; Debug build	2026-10-03T23:47:56.3216710Z     
build-test	Model and geometry tests; Debug build	2026-10-03T23:47:56.3321620Z 
build-test	Model and geometry tests; Debug build	2026-10-03T23:47:56.3422790Z SwiftCompile normal arm64 $REPO/Tests/PhotoAxisAppTests/MultiLayerPerspectiveTests.swift (in target 'PhotoAxisAppTests' from project 'PhotoAxis')
build-test	Model and geometry tests; Debug build	2026-10-03T23:47:56.3524700Z     cd $REPO
build-test	Model and geometry tests; Debug build	2026-10-03T23:47:56.3625900Z     
build-test	Model and geometry tests; Debug build	2026-10-03T23:47:56.3727040Z 
build-test	Model and geometry tests; Debug build	2026-10-03T23:47:56.3830860Z SwiftCompile normal arm64 $REPO/Tests/PhotoAxisAppTests/OpenImageCursorTests.swift (in target 'PhotoAxisAppTests' from project 'PhotoAxis')
build-test	Model and geometry tests; Debug build	2026-10-03T23:47:56.3933090Z     cd $REPO
build-test	Model and geometry tests; Debug build	2026-10-03T23:47:56.4034830Z     
build-test	Model and geometry tests; Debug build	2026-10-03T23:47:56.4135630Z 
build-test	Model and geometry tests; Debug build	2026-10-03T23:47:56.4237220Z SwiftCompile normal arm64 $REPO/Tests/PhotoAxisAppTests/PaintLiveTests.swift (in target 'PhotoAxisAppTests' from project 'PhotoAxis')
build-test	Model and geometry tests; Debug build	2026-10-03T23:47:56.4337310Z     cd $REPO
build-test	Model and geometry tests; Debug build	2026-10-03T23:47:56.4438240Z     
build-test	Model and geometry tests; Debug build	2026-10-03T23:47:56.4565910Z 
build-test	Model and geometry tests; Debug build	2026-10-03T23:47:56.4681830Z SwiftCompile normal arm64 $REPO/Tests/PhotoAxisAppTests/PerspectiveEditingTests.swift (in target 'PhotoAxisAppTests' from project 'PhotoAxis')
build-test	Model and geometry tests; Debug build	2026-10-03T23:47:56.4784650Z     cd $REPO
build-test	Model and geometry tests; Debug build	2026-10-03T23:47:56.4884740Z     
build-test	Model and geometry tests; Debug build	2026-10-03T23:47:56.4986690Z 
build-test	Model and geometry tests; Debug build	2026-10-03T23:47:56.5092820Z SwiftCompile normal arm64 Compiling\ PreferencesAppearanceTests.swift,\ ProjectDocumentTests.swift,\ RecoveryTests.swift,\ ScanTests.swift,\ ViewportSamplingTests.swift,\ WorkspaceRefinementTests.swift,\ WorkspaceTests.swift $REPO/Tests/PhotoAxisAppTests/PreferencesAppearanceTests.swift $REPO/Tests/PhotoAxisAppTests/ProjectDocumentTests.swift $REPO/Tests/PhotoAxisAppTests/RecoveryTests.swift $REPO/Tests/PhotoAxisAppTests/ScanTests.swift $REPO/Tests/PhotoAxisAppTests/ViewportSamplingTests.swift $REPO/Tests/PhotoAxisAppTests/WorkspaceRefinementTests.swift $REPO/Tests/PhotoAxisAppTests/WorkspaceTests.swift (in target 'PhotoAxisAppTests' from project 'PhotoAxis')
build-test	Model and geometry tests; Debug build	2026-10-03T23:47:56.5197220Z 
build-test	Model and geometry tests; Debug build	2026-10-03T23:47:56.5298390Z SwiftCompile normal arm64 $REPO/Tests/PhotoAxisAppTests/PreferencesAppearanceTests.swift (in target 'PhotoAxisAppTests' from project 'PhotoAxis')
build-test	Model and geometry tests; Debug build	2026-10-03T23:47:56.5399920Z     cd $REPO
build-test	Model and geometry tests; Debug build	2026-10-03T23:47:56.5519740Z     
build-test	Model and geometry tests; Debug build	2026-10-03T23:47:56.5619980Z 
build-test	Model and geometry tests; Debug build	2026-10-03T23:47:56.5722560Z SwiftCompile normal arm64 $REPO/Tests/PhotoAxisAppTests/ProjectDocumentTests.swift (in target 'PhotoAxisAppTests' from project 'PhotoAxis')
build-test	Model and geometry tests; Debug build	2026-10-03T23:47:56.5829610Z     cd $REPO
build-test	Model and geometry tests; Debug build	2026-10-03T23:47:56.5931030Z     
build-test	Model and geometry tests; Debug build	2026-10-03T23:47:56.6031710Z 
build-test	Model and geometry tests; Debug build	2026-10-03T23:47:56.6136460Z SwiftCompile normal arm64 $REPO/Tests/PhotoAxisAppTests/RecoveryTests.swift (in target 'PhotoAxisAppTests' from project 'PhotoAxis')
build-test	Model and geometry tests; Debug build	2026-10-03T23:47:56.6239150Z     cd $REPO
build-test	Model and geometry tests; Debug build	2026-10-03T23:47:56.6340190Z     
build-test	Model and geometry tests; Debug build	2026-10-03T23:47:56.6441400Z 
build-test	Model and geometry tests; Debug build	2026-10-03T23:47:56.6542590Z SwiftCompile normal arm64 $REPO/Tests/PhotoAxisAppTests/ScanTests.swift (in target 'PhotoAxisAppTests' from project 'PhotoAxis')
build-test	Model and geometry tests; Debug build	2026-10-03T23:47:56.6644220Z     cd $REPO
build-test	Model and geometry tests; Debug build	2026-10-03T23:47:56.6745440Z     
build-test	Model and geometry tests; Debug build	2026-10-03T23:47:56.6845970Z 
build-test	Model and geometry tests; Debug build	2026-10-03T23:47:56.6962360Z SwiftCompile normal arm64 $REPO/Tests/PhotoAxisAppTests/ViewportSamplingTests.swift (in target 'PhotoAxisAppTests' from project 'PhotoAxis')
build-test	Model and geometry tests; Debug build	2026-10-03T23:47:56.7065130Z     cd $REPO
build-test	Model and geometry tests; Debug build	2026-10-03T23:47:56.7166190Z     
build-test	Model and geometry tests; Debug build	2026-10-03T23:47:56.7266840Z 
build-test	Model and geometry tests; Debug build	2026-10-03T23:47:56.7369180Z SwiftCompile normal arm64 $REPO/Tests/PhotoAxisAppTests/WorkspaceRefinementTests.swift (in target 'PhotoAxisAppTests' from project 'PhotoAxis')
build-test	Model and geometry tests; Debug build	2026-10-03T23:47:56.7480460Z     cd $REPO
build-test	Model and geometry tests; Debug build	2026-10-03T23:47:56.7589410Z     
build-test	Model and geometry tests; Debug build	2026-10-03T23:47:56.7693770Z 
build-test	Model and geometry tests; Debug build	2026-10-03T23:47:56.7795430Z SwiftCompile normal arm64 $REPO/Tests/PhotoAxisAppTests/WorkspaceTests.swift (in target 'PhotoAxisAppTests' from project 'PhotoAxis')
build-test	Model and geometry tests; Debug build	2026-10-03T23:47:56.7897630Z     cd $REPO
build-test	Model and geometry tests; Debug build	2026-10-03T23:47:56.7999550Z     
build-test	Model and geometry tests; Debug build	2026-10-03T23:47:56.8100230Z 
build-test	Model and geometry tests; Debug build	2026-10-03T23:47:56.8201360Z SwiftDriverJobDiscovery normal arm64 Emitting module for PhotoAxisAppTests (in target 'PhotoAxisAppTests' from project 'PhotoAxis')
build-test	Model and geometry tests; Debug build	2026-10-03T23:47:56.8303820Z 
build-test	Model and geometry tests; Debug build	2026-10-03T23:47:56.8405840Z SwiftDriver\ Compilation\ Requirements PhotoAxisAppTests normal arm64 com.apple.xcode.tools.swift.compiler (in target 'PhotoAxisAppTests' from project 'PhotoAxis')
build-test	Model and geometry tests; Debug build	2026-10-03T23:47:56.8508120Z     cd $REPO
build-test	Model and geometry tests; Debug build	2026-10-03T23:47:56.8653710Z     builtin-Swift-Compilation-Requirements -- /Applications/Xcode_16.4.app/Contents/Developer/Toolchains/XcodeDefault.xctoolchain/usr/bin/swiftc -module-name PhotoAxisAppTests -Onone -enforce-exclusivity\=checked @/Users/runner/Library/Developer/PhotoAxisBuilds/fe52d68e5807/DerivedData/Build/Intermediates.noindex/PhotoAxis.build/Debug/PhotoAxisAppTests.build/Objects-normal/arm64/PhotoAxisAppTests.SwiftFileList -DDEBUG -plugin-path /Applications/Xcode_16.4.app/Contents/Developer/Toolchains/XcodeDefault.xctoolchain/usr/lib/swift/host/plugins/testing -enable-experimental-feature DebugDescriptionMacro -sdk /Applications/Xcode_16.4.app/Contents/Developer/Platforms/MacOSX.platform/Developer/SDKs/MacOSX15.5.sdk -target arm64-apple-macos14.0 -g -module-cache-path /Users/runner/Library/Developer/PhotoAxisBuilds/fe52d68e5807/DerivedData/ModuleCache.noindex -Xfrontend -serialize-debugging-options -enable-testing -index-store-path /Users/runner/Library/Developer/PhotoAxisBuilds/fe52d68e5807/DerivedData/Index.noindex/DataStore -swift-version 6 -I /Users/runner/Library/Developer/PhotoAxisBuilds/fe52d68e5807/DerivedData/Build/Products/Debug -I /Applications/Xcode_16.4.app/Contents/Developer/Platforms/MacOSX.platform/Developer/usr/lib -F /Users/runner/Library/Developer/PhotoAxisBuilds/fe52d68e5807/DerivedData/Build/Products/Debug -F /Applications/Xcode_16.4.app/Contents/Developer/Platforms/MacOSX.platform/Developer/Library/Frameworks -c -j3 -enable-batch-mode -incremental -Xcc -ivfsstatcache -Xcc /Users/runner/Library/Developer/PhotoAxisBuilds/fe52d68e5807/DerivedData/SDKStatCaches.noindex/macosx15.5-24F74-a403186ba963133a54a0e0cacd566b0b.sdkstatcache -output-file-map /Users/runner/Library/Developer/PhotoAxisBuilds/fe52d68e5807/DerivedData/Build/Intermediates.noindex/PhotoAxis.build/Debug/PhotoAxisAppTests.build/Objects-normal/arm64/PhotoAxisAppTests-OutputFileMap.json -use-frontend-parseable-output -save-temps -no-color-diagnostics -serialize-diagnostics -emit-dependencies -emit-module -emit-module-path /Users/runner/Library/Developer/PhotoAxisBuilds/fe52d68e5807/DerivedData/Build/Intermediates.noindex/PhotoAxis.build/Debug/PhotoAxisAppTests.build/Objects-normal/arm64/PhotoAxisAppTests.swiftmodule -validate-clang-modules-once -clang-build-session-file /Users/runner/Library/Developer/PhotoAxisBuilds/fe52d68e5807/DerivedData/ModuleCache.noindex/Session.modulevalidation -Xcc -I/Users/runner/Library/Developer/PhotoAxisBuilds/fe52d68e5807/DerivedData/Build/Intermediates.noindex/PhotoAxis.build/Debug/PhotoAxisAppTests.build/swift-overrides.hmap -emit-const-values -Xfrontend -const-gather-protocols-file -Xfrontend /Users/runner/Library/Developer/PhotoAxisBuilds/fe52d68e5807/DerivedData/Build/Intermediates.noindex/PhotoAxis.build/Debug/PhotoAxisAppTests.build/Objects-normal/arm64/PhotoAxisAppTests_const_extract_protocols.json -Xcc -iquote -Xcc /Users/runner/Library/Developer/PhotoAxisBuilds/fe52d68e5807/DerivedData/Build/Intermediates.noindex/PhotoAxis.build/Debug/PhotoAxisAppTests.build/PhotoAxisAppTests-generated-files.hmap -Xcc -I/Users/runner/Library/Developer/PhotoAxisBuilds/fe52d68e5807/DerivedData/Build/Intermediates.noindex/PhotoAxis.build/Debug/PhotoAxisAppTests.build/PhotoAxisAppTests-own-target-headers.hmap -Xcc -I/Users/runner/Library/Developer/PhotoAxisBuilds/fe52d68e5807/DerivedData/Build/Intermediates.noindex/PhotoAxis.build/Debug/PhotoAxisAppTests.build/PhotoAxisAppTests-all-non-framework-target-headers.hmap -Xcc -ivfsoverlay -Xcc /Users/runner/Library/Developer/PhotoAxisBuilds/fe52d68e5807/DerivedData/Build/Intermediates.noindex/PhotoAxis.build/Debug/PhotoAxis-9730526f0700b8b20d57e2b47e796b5b-VFS/all-product-headers.yaml -Xcc -iquote -Xcc /Users/runner/Library/Developer/PhotoAxisBuilds/fe52d68e5807/DerivedData/Build/Intermediates.noindex/PhotoAxis.build/Debug/PhotoAxisAppTests.build/PhotoAxisAppTests-project-headers.hmap -Xcc -I/Users/runner/Library/Developer/PhotoAxisBuilds/fe52d68e5807/DerivedData/Build/Products/Debug/include -Xcc -I/Users/runner/Library/Developer/PhotoAxisBuilds/fe52d68e5807/DerivedData/Build/Intermediates.noindex/PhotoAxis.build/Debug/PhotoAxisAppTests.build/DerivedSources-normal/arm64 -Xcc -I/Users/runner/Library/Developer/PhotoAxisBuilds/fe52d68e5807/DerivedData/Build/Intermediates.noindex/PhotoAxis.build/Debug/PhotoAxisAppTests.build/DerivedSources/arm64 -Xcc -I/Users/runner/Library/Developer/PhotoAxisBuilds/fe52d68e5807/DerivedData/Build/Intermediates.noindex/PhotoAxis.build/Debug/PhotoAxisAppTests.build/DerivedSources -emit-objc-header -emit-objc-header-path /Users/runner/Library/Developer/PhotoAxisBuilds/fe52d68e5807/DerivedData/Build/Intermediates.noindex/PhotoAxis.build/Debug/PhotoAxisAppTests.build/Objects-normal/arm64/PhotoAxisAppTests-Swift.h -working-directory $REPO -experimental-emit-module-separately -disable-cmo
build-test	Model and geometry tests; Debug build	2026-10-03T23:47:56.8684700Z 
build-test	Model and geometry tests; Debug build	2026-10-03T23:47:56.8791220Z SwiftDriverJobDiscovery normal arm64 Compiling AppDelegate.swift, AdjustmentEditing.swift, ContentEditing.swift, CropEditing.swift, ExportStore.swift, ICCEmbedding.swift, PaintEditing.swift, PerspectiveEditing.swift, PhotoDocument.swift, ProjectStore.swift, RecoveryCrashFixture.swift, RecoveryStore.swift, TransformEditing.swift, InvestigationAnalysisEngine.swift, InvestigationAnalysisStore.swift, InvestigationCaseStore.swift, InvestigationComparison.swift, InvestigationController.swift, InvestigationReviewController.swift, InvestigationSharing.swift, InvestigationWorkspacePanel.swift (in target 'PhotoAxis' from project 'PhotoAxis')
build-test	Model and geometry tests; Debug build	2026-10-03T23:47:56.8914280Z 
build-test	Model and geometry tests; Debug build	2026-10-03T23:47:56.9018280Z SwiftCompile normal arm64 Compiling\ AcceptanceWorkflowTests.swift,\ BenchmarkTests.swift,\ ContentEditingTests.swift,\ CropEditingTests.swift,\ DocumentTests.swift,\ ExportTests.swift,\ ImageAdjustmentTests.swift $REPO/Tests/PhotoAxisAppTests/AcceptanceWorkflowTests.swift $REPO/Tests/PhotoAxisAppTests/BenchmarkTests.swift $REPO/Tests/PhotoAxisAppTests/ContentEditingTests.swift $REPO/Tests/PhotoAxisAppTests/CropEditingTests.swift $REPO/Tests/PhotoAxisAppTests/DocumentTests.swift $REPO/Tests/PhotoAxisAppTests/ExportTests.swift $REPO/Tests/PhotoAxisAppTests/ImageAdjustmentTests.swift (in target 'PhotoAxisAppTests' from project 'PhotoAxis')
build-test	Model and geometry tests; Debug build	2026-10-03T23:47:56.9130260Z SwiftCompile normal arm64 $REPO/Tests/PhotoAxisAppTests/AcceptanceWorkflowTests.swift (in target 'PhotoAxisAppTests' from project 'PhotoAxis')
build-test	Model and geometry tests; Debug build	2026-10-03T23:47:56.9259400Z     cd $REPO
build-test	Model and geometry tests; Debug build	2026-10-03T23:47:56.9360620Z     
build-test	Model and geometry tests; Debug build	2026-10-03T23:47:58.9164540Z 
build-test	Model and geometry tests; Debug build	2026-10-03T23:47:58.9265810Z SwiftCompile normal arm64 $REPO/Tests/PhotoAxisAppTests/BenchmarkTests.swift (in target 'PhotoAxisAppTests' from project 'PhotoAxis')
build-test	Model and geometry tests; Debug build	2026-10-03T23:47:58.9365700Z     cd $REPO
build-test	Model and geometry tests; Debug build	2026-10-03T23:47:58.9467400Z     
build-test	Model and geometry tests; Debug build	2026-10-03T23:47:58.9568050Z 
build-test	Model and geometry tests; Debug build	2026-10-03T23:47:58.9669210Z SwiftCompile normal arm64 $REPO/Tests/PhotoAxisAppTests/ContentEditingTests.swift (in target 'PhotoAxisAppTests' from project 'PhotoAxis')
build-test	Model and geometry tests; Debug build	2026-10-03T23:47:58.9770860Z     cd $REPO
build-test	Model and geometry tests; Debug build	2026-10-03T23:47:58.9872800Z     
build-test	Model and geometry tests; Debug build	2026-10-03T23:47:58.9976020Z 
build-test	Model and geometry tests; Debug build	2026-10-03T23:47:59.0077210Z SwiftCompile normal arm64 $REPO/Tests/PhotoAxisAppTests/CropEditingTests.swift (in target 'PhotoAxisAppTests' from project 'PhotoAxis')
build-test	Model and geometry tests; Debug build	2026-10-03T23:47:59.0177090Z     cd $REPO
build-test	Model and geometry tests; Debug build	2026-10-03T23:47:59.0277410Z     
build-test	Model and geometry tests; Debug build	2026-10-03T23:47:59.0378080Z 
build-test	Model and geometry tests; Debug build	2026-10-03T23:47:59.0479060Z SwiftCompile normal arm64 $REPO/Tests/PhotoAxisAppTests/DocumentTests.swift (in target 'PhotoAxisAppTests' from project 'PhotoAxis')
build-test	Model and geometry tests; Debug build	2026-10-03T23:47:59.0580890Z     cd $REPO
build-test	Model and geometry tests; Debug build	2026-10-03T23:47:59.0681370Z     
build-test	Model and geometry tests; Debug build	2026-10-03T23:47:59.0782110Z 
build-test	Model and geometry tests; Debug build	2026-10-03T23:47:59.0885420Z SwiftCompile normal arm64 $REPO/Tests/PhotoAxisAppTests/ExportTests.swift (in target 'PhotoAxisAppTests' from project 'PhotoAxis')
build-test	Model and geometry tests; Debug build	2026-10-03T23:47:59.0986710Z     cd $REPO
build-test	Model and geometry tests; Debug build	2026-10-03T23:47:59.1094990Z     
build-test	Model and geometry tests; Debug build	2026-10-03T23:47:59.1197420Z $REPO/Tests/PhotoAxisAppTests/ExportTests.swift:107:12: warning: unnecessary check for 'macOS'; enclosing scope ensures guard will always be true
build-test	Model and geometry tests; Debug build	2026-10-03T23:47:59.1301290Z         if #available(macOS 15, *) {
build-test	Model and geometry tests; Debug build	2026-10-03T23:47:59.1403940Z            ^
build-test	Model and geometry tests; Debug build	2026-10-03T23:47:59.1504940Z $REPO/Tests/PhotoAxisAppTests/ExportTests.swift:105:9: note: enclosing scope here
build-test	Model and geometry tests; Debug build	2026-10-03T23:47:59.1607120Z         guard #available(macOS 15, *) else { throw XCTSkip("ISO gain-map fixture verification requires macOS 15+; macOS 14 remains a separate target-machine check") }
build-test	Model and geometry tests; Debug build	2026-10-03T23:47:59.1709600Z         ^
build-test	Model and geometry tests; Debug build	2026-10-03T23:47:59.1813160Z $REPO/Tests/PhotoAxisAppTests/ExportTests.swift:137:16: warning: unnecessary check for 'macOS'; enclosing scope ensures guard will always be true
build-test	Model and geometry tests; Debug build	2026-10-03T23:47:59.1942390Z             if #available(macOS 15, *) { XCTAssertNil(CGImageSourceCopyAuxiliaryDataInfoAtIndex(result,0,kCGImageAuxiliaryDataTypeISOGainMap)) }
build-test	Model and geometry tests; Debug build	2026-10-03T23:47:59.2043770Z                ^
build-test	Model and geometry tests; Debug build	2026-10-03T23:47:59.2145060Z $REPO/Tests/PhotoAxisAppTests/ExportTests.swift:105:9: note: enclosing scope here
build-test	Model and geometry tests; Debug build	2026-10-03T23:47:59.2275490Z         guard #available(macOS 15, *) else { throw XCTSkip("ISO gain-map fixture verification requires macOS 15+; macOS 14 remains a separate target-machine check") }
build-test	Model and geometry tests; Debug build	2026-10-03T23:47:59.2377180Z         ^
build-test	Model and geometry tests; Debug build	2026-10-03T23:47:59.2481430Z 
build-test	Model and geometry tests; Debug build	2026-10-03T23:47:59.2584850Z SwiftCompile normal arm64 $REPO/Tests/PhotoAxisAppTests/ImageAdjustmentTests.swift (in target 'PhotoAxisAppTests' from project 'PhotoAxis')
build-test	Model and geometry tests; Debug build	2026-10-03T23:47:59.2692440Z     cd $REPO
build-test	Model and geometry tests; Debug build	2026-10-03T23:47:59.2795830Z     
build-test	Model and geometry tests; Debug build	2026-10-03T23:47:59.2925640Z 
build-test	Model and geometry tests; Debug build	2026-10-03T23:47:59.3032050Z SwiftMergeGeneratedHeaders /Users/runner/Library/Developer/PhotoAxisBuilds/fe52d68e5807/DerivedData/Build/Intermediates.noindex/PhotoAxis.build/Debug/PhotoAxisAppTests.build/DerivedSources/PhotoAxisAppTests-Swift.h /Users/runner/Library/Developer/PhotoAxisBuilds/fe52d68e5807/DerivedData/Build/Intermediates.noindex/PhotoAxis.build/Debug/PhotoAxisAppTests.build/Objects-normal/arm64/PhotoAxisAppTests-Swift.h (in target 'PhotoAxisAppTests' from project 'PhotoAxis')
build-test	Model and geometry tests; Debug build	2026-10-03T23:47:59.3143550Z     cd $REPO
build-test	Model and geometry tests; Debug build	2026-10-03T23:47:59.3254840Z     builtin-swiftHeaderTool -arch arm64 /Users/runner/Library/Developer/PhotoAxisBuilds/fe52d68e5807/DerivedData/Build/Intermediates.noindex/PhotoAxis.build/Debug/PhotoAxisAppTests.build/Objects-normal/arm64/PhotoAxisAppTests-Swift.h -o /Users/runner/Library/Developer/PhotoAxisBuilds/fe52d68e5807/DerivedData/Build/Intermediates.noindex/PhotoAxis.build/Debug/PhotoAxisAppTests.build/DerivedSources/PhotoAxisAppTests-Swift.h
build-test	Model and geometry tests; Debug build	2026-10-03T23:47:59.3357470Z 
build-test	Model and geometry tests; Debug build	2026-10-03T23:47:59.3459150Z SwiftDriverJobDiscovery normal arm64 Compiling PreferencesAppearanceTests.swift, ProjectDocumentTests.swift, RecoveryTests.swift, ScanTests.swift, ViewportSamplingTests.swift, WorkspaceRefinementTests.swift, WorkspaceTests.swift (in target 'PhotoAxisAppTests' from project 'PhotoAxis')
build-test	Model and geometry tests; Debug build	2026-10-03T23:47:59.3560830Z 
build-test	Model and geometry tests; Debug build	2026-10-03T23:47:59.3663570Z Copy /Users/runner/Library/Developer/PhotoAxisBuilds/fe52d68e5807/DerivedData/Build/Products/Debug/PhotoAxisAppTests.swiftmodule/arm64-apple-macos.swiftmodule /Users/runner/Library/Developer/PhotoAxisBuilds/fe52d68e5807/DerivedData/Build/Intermediates.noindex/PhotoAxis.build/Debug/PhotoAxisAppTests.build/Objects-normal/arm64/PhotoAxisAppTests.swiftmodule (in target 'PhotoAxisAppTests' from project 'PhotoAxis')
build-test	Model and geometry tests; Debug build	2026-10-03T23:47:59.3765860Z     cd $REPO
build-test	Model and geometry tests; Debug build	2026-10-03T23:47:59.3900030Z     builtin-copy -exclude .DS_Store -exclude CVS -exclude .svn -exclude .git -exclude .hg -strip-unsigned-binaries -strip-deterministic -strip-tool /Applications/Xcode_16.4.app/Contents/Developer/Toolchains/XcodeDefault.xctoolchain/usr/bin/strip -resolve-src-symlinks -rename /Users/runner/Library/Developer/PhotoAxisBuilds/fe52d68e5807/DerivedData/Build/Intermediates.noindex/PhotoAxis.build/Debug/PhotoAxisAppTests.build/Objects-normal/arm64/PhotoAxisAppTests.swiftmodule /Users/runner/Library/Developer/PhotoAxisBuilds/fe52d68e5807/DerivedData/Build/Products/Debug/PhotoAxisAppTests.swiftmodule/arm64-apple-macos.swiftmodule
build-test	Model and geometry tests; Debug build	2026-10-03T23:47:59.3902120Z 
build-test	Model and geometry tests; Debug build	2026-10-03T23:47:59.4025140Z Copy /Users/runner/Library/Developer/PhotoAxisBuilds/fe52d68e5807/DerivedData/Build/Products/Debug/PhotoAxisAppTests.swiftmodule/arm64-apple-macos.swiftdoc /Users/runner/Library/Developer/PhotoAxisBuilds/fe52d68e5807/DerivedData/Build/Intermediates.noindex/PhotoAxis.build/Debug/PhotoAxisAppTests.build/Objects-normal/arm64/PhotoAxisAppTests.swiftdoc (in target 'PhotoAxisAppTests' from project 'PhotoAxis')
build-test	Model and geometry tests; Debug build	2026-10-03T23:47:59.4158620Z     cd $REPO
build-test	Model and geometry tests; Debug build	2026-10-03T23:47:59.4263080Z     builtin-copy -exclude .DS_Store -exclude CVS -exclude .svn -exclude .git -exclude .hg -strip-unsigned-binaries -strip-deterministic -strip-tool /Applications/Xcode_16.4.app/Contents/Developer/Toolchains/XcodeDefault.xctoolchain/usr/bin/strip -resolve-src-symlinks -rename /Users/runner/Library/Developer/PhotoAxisBuilds/fe52d68e5807/DerivedData/Build/Intermediates.noindex/PhotoAxis.build/Debug/PhotoAxisAppTests.build/Objects-normal/arm64/PhotoAxisAppTests.swiftdoc /Users/runner/Library/Developer/PhotoAxisBuilds/fe52d68e5807/DerivedData/Build/Products/Debug/PhotoAxisAppTests.swiftmodule/arm64-apple-macos.swiftdoc
build-test	Model and geometry tests; Debug build	2026-10-03T23:47:59.4369750Z 
build-test	Model and geometry tests; Debug build	2026-10-03T23:47:59.4481710Z Copy /Users/runner/Library/Developer/PhotoAxisBuilds/fe52d68e5807/DerivedData/Build/Products/Debug/PhotoAxisAppTests.swiftmodule/arm64-apple-macos.abi.json /Users/runner/Library/Developer/PhotoAxisBuilds/fe52d68e5807/DerivedData/Build/Intermediates.noindex/PhotoAxis.build/Debug/PhotoAxisAppTests.build/Objects-normal/arm64/PhotoAxisAppTests.abi.json (in target 'PhotoAxisAppTests' from project 'PhotoAxis')
build-test	Model and geometry tests; Debug build	2026-10-03T23:47:59.4596400Z     cd $REPO
build-test	Model and geometry tests; Debug build	2026-10-03T23:47:59.4699430Z     builtin-copy -exclude .DS_Store -exclude CVS -exclude .svn -exclude .git -exclude .hg -strip-unsigned-binaries -strip-deterministic -strip-tool /Applications/Xcode_16.4.app/Contents/Developer/Toolchains/XcodeDefault.xctoolchain/usr/bin/strip -resolve-src-symlinks -rename /Users/runner/Library/Developer/PhotoAxisBuilds/fe52d68e5807/DerivedData/Build/Intermediates.noindex/PhotoAxis.build/Debug/PhotoAxisAppTests.build/Objects-normal/arm64/PhotoAxisAppTests.abi.json /Users/runner/Library/Developer/PhotoAxisBuilds/fe52d68e5807/DerivedData/Build/Products/Debug/PhotoAxisAppTests.swiftmodule/arm64-apple-macos.abi.json
build-test	Model and geometry tests; Debug build	2026-10-03T23:47:59.4806860Z 
build-test	Model and geometry tests; Debug build	2026-10-03T23:47:59.4909970Z Copy /Users/runner/Library/Developer/PhotoAxisBuilds/fe52d68e5807/DerivedData/Build/Products/Debug/PhotoAxisAppTests.swiftmodule/Project/arm64-apple-macos.swiftsourceinfo /Users/runner/Library/Developer/PhotoAxisBuilds/fe52d68e5807/DerivedData/Build/Intermediates.noindex/PhotoAxis.build/Debug/PhotoAxisAppTests.build/Objects-normal/arm64/PhotoAxisAppTests.swiftsourceinfo (in target 'PhotoAxisAppTests' from project 'PhotoAxis')
build-test	Model and geometry tests; Debug build	2026-10-03T23:47:59.5016740Z     cd $REPO
build-test	Model and geometry tests; Debug build	2026-10-03T23:47:59.5119910Z     builtin-copy -exclude .DS_Store -exclude CVS -exclude .svn -exclude .git -exclude .hg -strip-unsigned-binaries -strip-deterministic -strip-tool /Applications/Xcode_16.4.app/Contents/Developer/Toolchains/XcodeDefault.xctoolchain/usr/bin/strip -resolve-src-symlinks -rename /Users/runner/Library/Developer/PhotoAxisBuilds/fe52d68e5807/DerivedData/Build/Intermediates.noindex/PhotoAxis.build/Debug/PhotoAxisAppTests.build/Objects-normal/arm64/PhotoAxisAppTests.swiftsourceinfo /Users/runner/Library/Developer/PhotoAxisBuilds/fe52d68e5807/DerivedData/Build/Products/Debug/PhotoAxisAppTests.swiftmodule/Project/arm64-apple-macos.swiftsourceinfo
build-test	Model and geometry tests; Debug build	2026-10-03T23:47:59.5234780Z 
build-test	Model and geometry tests; Debug build	2026-10-03T23:47:59.5336090Z SwiftDriver\ Compilation PhotoAxis normal arm64 com.apple.xcode.tools.swift.compiler (in target 'PhotoAxis' from project 'PhotoAxis')
build-test	Model and geometry tests; Debug build	2026-10-03T23:47:59.5446020Z     cd $REPO
build-test	Model and geometry tests; Debug build	2026-10-03T23:47:59.5562000Z     builtin-Swift-Compilation -- /Applications/Xcode_16.4.app/Contents/Developer/Toolchains/XcodeDefault.xctoolchain/usr/bin/swiftc -module-name PhotoAxis -Onone -enforce-exclusivity\=checked @/Users/runner/Library/Developer/PhotoAxisBuilds/fe52d68e5807/DerivedData/Build/Intermediates.noindex/PhotoAxis.build/Debug/PhotoAxis.build/Objects-normal/arm64/PhotoAxis.SwiftFileList -DDEBUG -enable-experimental-feature DebugDescriptionMacro -sdk /Applications/Xcode_16.4.app/Contents/Developer/Platforms/MacOSX.platform/Developer/SDKs/MacOSX15.5.sdk -target arm64-apple-macos14.0 -g -module-cache-path /Users/runner/Library/Developer/PhotoAxisBuilds/fe52d68e5807/DerivedData/ModuleCache.noindex -Xfrontend -serialize-debugging-options -enable-testing -index-store-path /Users/runner/Library/Developer/PhotoAxisBuilds/fe52d68e5807/DerivedData/Index.noindex/DataStore -swift-version 6 -I /Users/runner/Library/Developer/PhotoAxisBuilds/fe52d68e5807/DerivedData/Build/Products/Debug -F /Users/runner/Library/Developer/PhotoAxisBuilds/fe52d68e5807/DerivedData/Build/Products/Debug -c -j3 -enable-batch-mode -incremental -Xcc -ivfsstatcache -Xcc /Users/runner/Library/Developer/PhotoAxisBuilds/fe52d68e5807/DerivedData/SDKStatCaches.noindex/macosx15.5-24F74-a403186ba963133a54a0e0cacd566b0b.sdkstatcache -output-file-map /Users/runner/Library/Developer/PhotoAxisBuilds/fe52d68e5807/DerivedData/Build/Intermediates.noindex/PhotoAxis.build/Debug/PhotoAxis.build/Objects-normal/arm64/PhotoAxis-OutputFileMap.json -use-frontend-parseable-output -save-temps -no-color-diagnostics -serialize-diagnostics -emit-dependencies -emit-module -emit-module-path /Users/runner/Library/Developer/PhotoAxisBuilds/fe52d68e5807/DerivedData/Build/Intermediates.noindex/PhotoAxis.build/Debug/PhotoAxis.build/Objects-normal/arm64/PhotoAxis.swiftmodule -validate-clang-modules-once -clang-build-session-file /Users/runner/Library/Developer/PhotoAxisBuilds/fe52d68e5807/DerivedData/ModuleCache.noindex/Session.modulevalidation -Xcc -I/Users/runner/Library/Developer/PhotoAxisBuilds/fe52d68e5807/DerivedData/Build/Intermediates.noindex/PhotoAxis.build/Debug/PhotoAxis.build/swift-overrides.hmap -emit-const-values -Xfrontend -const-gather-protocols-file -Xfrontend /Users/runner/Library/Developer/PhotoAxisBuilds/fe52d68e5807/DerivedData/Build/Intermediates.noindex/PhotoAxis.build/Debug/PhotoAxis.build/Objects-normal/arm64/PhotoAxis_const_extract_protocols.json -Xcc -iquote -Xcc /Users/runner/Library/Developer/PhotoAxisBuilds/fe52d68e5807/DerivedData/Build/Intermediates.noindex/PhotoAxis.build/Debug/PhotoAxis.build/PhotoAxis-generated-files.hmap -Xcc -I/Users/runner/Library/Developer/PhotoAxisBuilds/fe52d68e5807/DerivedData/Build/Intermediates.noindex/PhotoAxis.build/Debug/PhotoAxis.build/PhotoAxis-own-target-headers.hmap -Xcc -I/Users/runner/Library/Developer/PhotoAxisBuilds/fe52d68e5807/DerivedData/Build/Intermediates.noindex/PhotoAxis.build/Debug/PhotoAxis.build/PhotoAxis-all-non-framework-target-headers.hmap -Xcc -ivfsoverlay -Xcc /Users/runner/Library/Developer/PhotoAxisBuilds/fe52d68e5807/DerivedData/Build/Intermediates.noindex/PhotoAxis.build/Debug/PhotoAxis-9730526f0700b8b20d57e2b47e796b5b-VFS/all-product-headers.yaml -Xcc -iquote -Xcc /Users/runner/Library/Developer/PhotoAxisBuilds/fe52d68e5807/DerivedData/Build/Intermediates.noindex/PhotoAxis.build/Debug/PhotoAxis.build/PhotoAxis-project-headers.hmap -Xcc -I/Users/runner/Library/Developer/PhotoAxisBuilds/fe52d68e5807/DerivedData/Build/Products/Debug/include -Xcc -I/Users/runner/Library/Developer/PhotoAxisBuilds/fe52d68e5807/DerivedData/Build/Intermediates.noindex/PhotoAxis.build/Debug/PhotoAxis.build/DerivedSources-normal/arm64 -Xcc -I/Users/runner/Library/Developer/PhotoAxisBuilds/fe52d68e5807/DerivedData/Build/Intermediates.noindex/PhotoAxis.build/Debug/PhotoAxis.build/DerivedSources/arm64 -Xcc -I/Users/runner/Library/Developer/PhotoAxisBuilds/fe52d68e5807/DerivedData/Build/Intermediates.noindex/PhotoAxis.build/Debug/PhotoAxis.build/DerivedSources -emit-objc-header -emit-objc-header-path /Users/runner/Library/Developer/PhotoAxisBuilds/fe52d68e5807/DerivedData/Build/Intermediates.noindex/PhotoAxis.build/Debug/PhotoAxis.build/Objects-normal/arm64/PhotoAxis-Swift.h -working-directory $REPO -experimental-emit-module-separately -disable-cmo
build-test	Model and geometry tests; Debug build	2026-10-03T23:47:59.5678160Z 
build-test	Model and geometry tests; Debug build	2026-10-03T23:47:59.5780300Z GenerateTAPI /Users/runner/Library/Developer/PhotoAxisBuilds/fe52d68e5807/DerivedData/Build/Intermediates.noindex/EagerLinkingTBDs/Debug/PhotoAxisCore.framework/Versions/A/PhotoAxisCore.tbd (in target 'PhotoAxisCore' from project 'PhotoAxis')
build-test	Model and geometry tests; Debug build	2026-10-03T23:47:59.5882310Z     cd $REPO
build-test	Model and geometry tests; Debug build	2026-10-03T23:47:59.5985510Z     /Applications/Xcode_16.4.app/Contents/Developer/Toolchains/XcodeDefault.xctoolchain/usr/bin/tapi stubify -isysroot /Applications/Xcode_16.4.app/Contents/Developer/Platforms/MacOSX.platform/Developer/SDKs/MacOSX15.5.sdk -F/Users/runner/Library/Developer/PhotoAxisBuilds/fe52d68e5807/DerivedData/Build/Products/Debug -L/Users/runner/Library/Developer/PhotoAxisBuilds/fe52d68e5807/DerivedData/Build/Products/Debug /Users/runner/Library/Developer/PhotoAxisBuilds/fe52d68e5807/DerivedData/Build/Products/Debug/PhotoAxisCore.framework/Versions/A/PhotoAxisCore -o /Users/runner/Library/Developer/PhotoAxisBuilds/fe52d68e5807/DerivedData/Build/Intermediates.noindex/EagerLinkingTBDs/Debug/PhotoAxisCore.framework/Versions/A/PhotoAxisCore.tbd
build-test	Model and geometry tests; Debug build	2026-10-03T23:47:59.6089130Z 
build-test	Model and geometry tests; Debug build	2026-10-03T23:47:59.6190960Z CodeSign /Users/runner/Library/Developer/PhotoAxisBuilds/fe52d68e5807/DerivedData/Build/Products/Debug/PhotoAxisCore.framework/Versions/A (in target 'PhotoAxisCore' from project 'PhotoAxis')
build-test	Model and geometry tests; Debug build	2026-10-03T23:47:59.6293280Z     cd $REPO
build-test	Model and geometry tests; Debug build	2026-10-03T23:47:59.6399840Z     
build-test	Model and geometry tests; Debug build	2026-10-03T23:47:59.6500820Z     Signing Identity:     "Sign to Run Locally"
build-test	Model and geometry tests; Debug build	2026-10-03T23:47:59.6607260Z     
build-test	Model and geometry tests; Debug build	2026-10-03T23:47:59.6711390Z     /usr/bin/codesign --force --sign - --timestamp\=none --generate-entitlement-der /Users/runner/Library/Developer/PhotoAxisBuilds/fe52d68e5807/DerivedData/Build/Products/Debug/PhotoAxisCore.framework/Versions/A
build-test	Model and geometry tests; Debug build	2026-10-03T23:47:59.6812620Z 
build-test	Model and geometry tests; Debug build	2026-10-03T23:47:59.6914090Z RegisterExecutionPolicyException /Users/runner/Library/Developer/PhotoAxisBuilds/fe52d68e5807/DerivedData/Build/Products/Debug/PhotoAxisCore.framework (in target 'PhotoAxisCore' from project 'PhotoAxis')
build-test	Model and geometry tests; Debug build	2026-10-03T23:47:59.7016320Z     cd $REPO
build-test	Model and geometry tests; Debug build	2026-10-03T23:47:59.7117830Z     builtin-RegisterExecutionPolicyException /Users/runner/Library/Developer/PhotoAxisBuilds/fe52d68e5807/DerivedData/Build/Products/Debug/PhotoAxisCore.framework
build-test	Model and geometry tests; Debug build	2026-10-03T23:47:59.7218910Z 
build-test	Model and geometry tests; Debug build	2026-10-03T23:47:59.7320840Z SymLink /Users/runner/Library/Developer/PhotoAxisBuilds/fe52d68e5807/DerivedData/Build/Intermediates.noindex/EagerLinkingTBDs/Debug/PhotoAxisCore.framework/PhotoAxisCore.tbd /Users/runner/Library/Developer/PhotoAxisBuilds/fe52d68e5807/DerivedData/Build/Intermediates.noindex/EagerLinkingTBDs/Debug/PhotoAxisCore.framework/Versions/A/PhotoAxisCore.tbd (in target 'PhotoAxisCore' from project 'PhotoAxis')
build-test	Model and geometry tests; Debug build	2026-10-03T23:47:59.7425030Z     cd $REPO
build-test	Model and geometry tests; Debug build	2026-10-03T23:47:59.7527270Z     /bin/ln -sfh /Users/runner/Library/Developer/PhotoAxisBuilds/fe52d68e5807/DerivedData/Build/Intermediates.noindex/EagerLinkingTBDs/Debug/PhotoAxisCore.framework/Versions/A/PhotoAxisCore.tbd /Users/runner/Library/Developer/PhotoAxisBuilds/fe52d68e5807/DerivedData/Build/Intermediates.noindex/EagerLinkingTBDs/Debug/PhotoAxisCore.framework/PhotoAxisCore.tbd
build-test	Model and geometry tests; Debug build	2026-10-03T23:47:59.7818400Z 
build-test	Model and geometry tests; Debug build	2026-10-03T23:47:59.8001640Z Touch /Users/runner/Library/Developer/PhotoAxisBuilds/fe52d68e5807/DerivedData/Build/Products/Debug/PhotoAxisCore.framework (in target 'PhotoAxisCore' from project 'PhotoAxis')
build-test	Model and geometry tests; Debug build	2026-10-03T23:47:59.8266050Z     cd $REPO
build-test	Model and geometry tests; Debug build	2026-10-03T23:47:59.8506300Z     /usr/bin/touch -c /Users/runner/Library/Developer/PhotoAxisBuilds/fe52d68e5807/DerivedData/Build/Products/Debug/PhotoAxisCore.framework
build-test	Model and geometry tests; Debug build	2026-10-03T23:47:59.8621200Z 
build-test	Model and geometry tests; Debug build	2026-10-03T23:47:59.8732550Z Ld /Users/runner/Library/Developer/PhotoAxisBuilds/fe52d68e5807/DerivedData/Build/Products/Debug/PhotoAxisCoreTests.xctest/Contents/MacOS/PhotoAxisCoreTests normal (in target 'PhotoAxisCoreTests' from project 'PhotoAxis')
build-test	Model and geometry tests; Debug build	2026-10-03T23:47:59.8845480Z     cd $REPO
build-test	Model and geometry tests; Debug build	2026-10-03T23:47:59.8953330Z     /Applications/Xcode_16.4.app/Contents/Developer/Toolchains/XcodeDefault.xctoolchain/usr/bin/clang -Xlinker -reproducible -target arm64-apple-macos14.0 -bundle -isysroot /Applications/Xcode_16.4.app/Contents/Developer/Platforms/MacOSX.platform/Developer/SDKs/MacOSX15.5.sdk -Os -L/Users/runner/Library/Developer/PhotoAxisBuilds/fe52d68e5807/DerivedData/Build/Intermediates.noindex/EagerLinkingTBDs/Debug -L/Users/runner/Library/Developer/PhotoAxisBuilds/fe52d68e5807/DerivedData/Build/Products/Debug -L/Applications/Xcode_16.4.app/Contents/Developer/Platforms/MacOSX.platform/Developer/usr/lib -F/Users/runner/Library/Developer/PhotoAxisBuilds/fe52d68e5807/DerivedData/Build/Intermediates.noindex/EagerLinkingTBDs/Debug -F/Users/runner/Library/Developer/PhotoAxisBuilds/fe52d68e5807/DerivedData/Build/Products/Debug -iframework /Applications/Xcode_16.4.app/Contents/Developer/Platforms/MacOSX.platform/Developer/Library/Frameworks -filelist /Users/runner/Library/Developer/PhotoAxisBuilds/fe52d68e5807/DerivedData/Build/Intermediates.noindex/PhotoAxis.build/Debug/PhotoAxisCoreTests.build/Objects-normal/arm64/PhotoAxisCoreTests.LinkFileList -Xlinker -rpath -Xlinker @loader_path/../Frameworks -Xlinker -rpath -Xlinker @executable_path/../Frameworks -Xlinker -object_path_lto -Xlinker /Users/runner/Library/Developer/PhotoAxisBuilds/fe52d68e5807/DerivedData/Build/Intermediates.noindex/PhotoAxis.build/Debug/PhotoAxisCoreTests.build/Objects-normal/arm64/PhotoAxisCoreTests_lto.o -rdynamic -Xlinker -dependency_info -Xlinker /Users/runner/Library/Developer/PhotoAxisBuilds/fe52d68e5807/DerivedData/Build/Intermediates.noindex/PhotoAxis.build/Debug/PhotoAxisCoreTests.build/Objects-normal/arm64/PhotoAxisCoreTests_dependency_info.dat -fobjc-link-runtime -L/Applications/Xcode_16.4.app/Contents/Developer/Toolchains/XcodeDefault.xctoolchain/usr/lib/swift/macosx -L/usr/lib/swift -Xlinker -add_ast_path -Xlinker /Users/runner/Library/Developer/PhotoAxisBuilds/fe52d68e5807/DerivedData/Build/Intermediates.noindex/PhotoAxis.build/Debug/PhotoAxisCoreTests.build/Objects-normal/arm64/PhotoAxisCoreTests.swiftmodule -framework XCTest -lXCTestSwiftSupport -framework PhotoAxisCore -Xlinker -no_adhoc_codesign -o /Users/runner/Library/Developer/PhotoAxisBuilds/fe52d68e5807/DerivedData/Build/Products/Debug/PhotoAxisCoreTests.xctest/Contents/MacOS/PhotoAxisCoreTests
build-test	Model and geometry tests; Debug build	2026-10-03T23:47:59.9061730Z 
build-test	Model and geometry tests; Debug build	2026-10-03T23:47:59.9163320Z Ld /Users/runner/Library/Developer/PhotoAxisBuilds/fe52d68e5807/DerivedData/Build/Products/Debug/PhotoAxis.app/Contents/MacOS/__preview.dylib normal (in target 'PhotoAxis' from project 'PhotoAxis')
build-test	Model and geometry tests; Debug build	2026-10-03T23:47:59.9265010Z     cd $REPO
build-test	Model and geometry tests; Debug build	2026-10-03T23:47:59.9369010Z     /Applications/Xcode_16.4.app/Contents/Developer/Toolchains/XcodeDefault.xctoolchain/usr/bin/clang -Xlinker -reproducible -target arm64-apple-macos14.0 -dynamiclib -isysroot /Applications/Xcode_16.4.app/Contents/Developer/Platforms/MacOSX.platform/Developer/SDKs/MacOSX15.5.sdk -Os -L/Users/runner/Library/Developer/PhotoAxisBuilds/fe52d68e5807/DerivedData/Build/Products/Debug -F/Users/runner/Library/Developer/PhotoAxisBuilds/fe52d68e5807/DerivedData/Build/Products/Debug -install_name @rpath/PhotoAxis.debug.dylib -rdynamic -Xlinker -dependency_info -Xlinker /Users/runner/Library/Developer/PhotoAxisBuilds/fe52d68e5807/DerivedData/Build/Intermediates.noindex/PhotoAxis.build/Debug/PhotoAxis.build/Objects-normal/arm64/PhotoAxis_dependency_info.dat -Xlinker -no_adhoc_codesign -o /Users/runner/Library/Developer/PhotoAxisBuilds/fe52d68e5807/DerivedData/Build/Products/Debug/PhotoAxis.app/Contents/MacOS/__preview.dylib
build-test	Model and geometry tests; Debug build	2026-10-03T23:47:59.9474150Z 
build-test	Model and geometry tests; Debug build	2026-10-03T23:47:59.9575400Z Ld /Users/runner/Library/Developer/PhotoAxisBuilds/fe52d68e5807/DerivedData/Build/Products/Debug/PhotoAxis.app/Contents/MacOS/PhotoAxis.debug.dylib normal (in target 'PhotoAxis' from project 'PhotoAxis')
build-test	Model and geometry tests; Debug build	2026-10-03T23:47:59.9686070Z     cd $REPO
build-test	Model and geometry tests; Debug build	2026-10-03T23:47:59.9795740Z     /Applications/Xcode_16.4.app/Contents/Developer/Toolchains/XcodeDefault.xctoolchain/usr/bin/clang -Xlinker -reproducible -target arm64-apple-macos14.0 -dynamiclib -isysroot /Applications/Xcode_16.4.app/Contents/Developer/Platforms/MacOSX.platform/Developer/SDKs/MacOSX15.5.sdk -Os -L/Users/runner/Library/Developer/PhotoAxisBuilds/fe52d68e5807/DerivedData/Build/Intermediates.noindex/EagerLinkingTBDs/Debug -L/Users/runner/Library/Developer/PhotoAxisBuilds/fe52d68e5807/DerivedData/Build/Products/Debug -F/Users/runner/Library/Developer/PhotoAxisBuilds/fe52d68e5807/DerivedData/Build/Intermediates.noindex/EagerLinkingTBDs/Debug -F/Users/runner/Library/Developer/PhotoAxisBuilds/fe52d68e5807/DerivedData/Build/Products/Debug -filelist /Users/runner/Library/Developer/PhotoAxisBuilds/fe52d68e5807/DerivedData/Build/Intermediates.noindex/PhotoAxis.build/Debug/PhotoAxis.build/Objects-normal/arm64/PhotoAxis.LinkFileList -install_name @rpath/PhotoAxis.debug.dylib -Xlinker -rpath -Xlinker @executable_path/../Frameworks -Xlinker -rpath -Xlinker @loader_path/../Frameworks -Xlinker -object_path_lto -Xlinker /Users/runner/Library/Developer/PhotoAxisBuilds/fe52d68e5807/DerivedData/Build/Intermediates.noindex/PhotoAxis.build/Debug/PhotoAxis.build/Objects-normal/arm64/PhotoAxis_lto.o -rdynamic -Xlinker -dependency_info -Xlinker /Users/runner/Library/Developer/PhotoAxisBuilds/fe52d68e5807/DerivedData/Build/Intermediates.noindex/PhotoAxis.build/Debug/PhotoAxis.build/Objects-normal/arm64/PhotoAxis_dependency_info.dat -fobjc-link-runtime -L/Applications/Xcode_16.4.app/Contents/Developer/Toolchains/XcodeDefault.xctoolchain/usr/lib/swift/macosx -L/usr/lib/swift -Xlinker -add_ast_path -Xlinker /Users/runner/Library/Developer/PhotoAxisBuilds/fe52d68e5807/DerivedData/Build/Intermediates.noindex/PhotoAxis.build/Debug/PhotoAxis.build/Objects-normal/arm64/PhotoAxis.swiftmodule -Xlinker -alias -Xlinker _main -Xlinker ___debug_main_executable_dylib_entry_point -framework PhotoAxisCore -Xlinker -no_adhoc_codesign -o /Users/runner/Library/Developer/PhotoAxisBuilds/fe52d68e5807/DerivedData/Build/Products/Debug/PhotoAxis.app/Contents/MacOS/PhotoAxis.debug.dylib
build-test	Model and geometry tests; Debug build	2026-10-03T23:47:59.9905640Z 
build-test	Model and geometry tests; Debug build	2026-10-03T23:48:00.0157210Z ProcessInfoPlistFile /Users/runner/Library/Developer/PhotoAxisBuilds/fe52d68e5807/DerivedData/Build/Products/Debug/PhotoAxisCoreTests.xctest/Contents/Info.plist /Users/runner/Library/Developer/PhotoAxisBuilds/fe52d68e5807/DerivedData/Build/Intermediates.noindex/PhotoAxis.build/Debug/PhotoAxisCoreTests.build/empty-PhotoAxisCoreTests.plist (in target 'PhotoAxisCoreTests' from project 'PhotoAxis')
build-test	Model and geometry tests; Debug build	2026-10-03T23:48:00.0160250Z     cd $REPO
build-test	Model and geometry tests; Debug build	2026-10-03T23:48:00.0337820Z     builtin-infoPlistUtility /Users/runner/Library/Developer/PhotoAxisBuilds/fe52d68e5807/DerivedData/Build/Intermediates.noindex/PhotoAxis.build/Debug/PhotoAxisCoreTests.build/empty-PhotoAxisCoreTests.plist -producttype com.apple.product-type.bundle.unit-test -expandbuildsettings -platform macosx -o /Users/runner/Library/Developer/PhotoAxisBuilds/fe52d68e5807/DerivedData/Build/Products/Debug/PhotoAxisCoreTests.xctest/Contents/Info.plist
build-test	Model and geometry tests; Debug build	2026-10-03T23:48:00.0450400Z 
build-test	Model and geometry tests; Debug build	2026-10-03T23:48:00.0625360Z ConstructStubExecutorLinkFileList /Users/runner/Library/Developer/PhotoAxisBuilds/fe52d68e5807/DerivedData/Build/Intermediates.noindex/PhotoAxis.build/Debug/PhotoAxis.build/PhotoAxis-ExecutorLinkFileList-normal-arm64.txt (in target 'PhotoAxis' from project 'PhotoAxis')
build-test	Model and geometry tests; Debug build	2026-10-03T23:48:00.0769580Z     cd $REPO
build-test	Model and geometry tests; Debug build	2026-10-03T23:48:00.0874680Z     construct-stub-executor-link-file-list /Users/runner/Library/Developer/PhotoAxisBuilds/fe52d68e5807/DerivedData/Build/Products/Debug/PhotoAxis.app/Contents/MacOS/PhotoAxis.debug.dylib /Applications/Xcode_16.4.app/Contents/Developer/Platforms/MacOSX.platform/Developer/usr/lib/libPreviewsJITStubExecutor_no_swift_entry_point.a /Applications/Xcode_16.4.app/Contents/Developer/Platforms/MacOSX.platform/Developer/usr/lib/libPreviewsJITStubExecutor.a --output /Users/runner/Library/Developer/PhotoAxisBuilds/fe52d68e5807/DerivedData/Build/Intermediates.noindex/PhotoAxis.build/Debug/PhotoAxis.build/PhotoAxis-ExecutorLinkFileList-normal-arm64.txt
build-test	Model and geometry tests; Debug build	2026-10-03T23:48:00.0972170Z note: Using stub executor library with Swift entry point. (in target 'PhotoAxis' from project 'PhotoAxis')
build-test	Model and geometry tests; Debug build	2026-10-03T23:48:00.1073020Z 
build-test	Model and geometry tests; Debug build	2026-10-03T23:48:00.1176420Z Copy /Users/runner/Library/Developer/PhotoAxisBuilds/fe52d68e5807/DerivedData/Build/Products/Debug/PhotoAxis.app/Contents/Frameworks/libXCTestSwiftSupport.dylib /Applications/Xcode_16.4.app/Contents/Developer/Platforms/MacOSX.platform/Developer/usr/lib/libXCTestSwiftSupport.dylib (in target 'PhotoAxis' from project 'PhotoAxis')
build-test	Model and geometry tests; Debug build	2026-10-03T23:48:00.1278740Z     cd $REPO
build-test	Model and geometry tests; Debug build	2026-10-03T23:48:00.1383670Z     builtin-copy -exclude .DS_Store -exclude CVS -exclude .svn -exclude .git -exclude .hg -exclude Headers -exclude PrivateHeaders -exclude Modules -exclude \*.tbd -strip-unsigned-binaries -strip-deterministic -strip-tool /Applications/Xcode_16.4.app/Contents/Developer/Toolchains/XcodeDefault.xctoolchain/usr/bin/strip -resolve-src-symlinks /Applications/Xcode_16.4.app/Contents/Developer/Platforms/MacOSX.platform/Developer/usr/lib/libXCTestSwiftSupport.dylib /Users/runner/Library/Developer/PhotoAxisBuilds/fe52d68e5807/DerivedData/Build/Products/Debug/PhotoAxis.app/Contents/Frameworks
build-test	Model and geometry tests; Debug build	2026-10-03T23:48:00.1495570Z warning: not stripping binary because it is signed: /Applications/Xcode_16.4.app/Contents/Developer/Platforms/MacOSX.platform/Developer/usr/lib/libXCTestSwiftSupport.dylib (in target 'PhotoAxis' from project 'PhotoAxis')
build-test	Model and geometry tests; Debug build	2026-10-03T23:48:00.1596870Z 
build-test	Model and geometry tests; Debug build	2026-10-03T23:48:00.1698040Z Ld /Users/runner/Library/Developer/PhotoAxisBuilds/fe52d68e5807/DerivedData/Build/Products/Debug/PhotoAxis.app/Contents/MacOS/PhotoAxis normal (in target 'PhotoAxis' from project 'PhotoAxis')
build-test	Model and geometry tests; Debug build	2026-10-03T23:48:00.1805390Z     cd $REPO
build-test	Model and geometry tests; Debug build	2026-10-03T23:48:00.1922180Z     /Applications/Xcode_16.4.app/Contents/Developer/Toolchains/XcodeDefault.xctoolchain/usr/bin/clang -Xlinker -reproducible -target arm64-apple-macos14.0 -isysroot /Applications/Xcode_16.4.app/Contents/Developer/Platforms/MacOSX.platform/Developer/SDKs/MacOSX15.5.sdk -Os -L/Users/runner/Library/Developer/PhotoAxisBuilds/fe52d68e5807/DerivedData/Build/Products/Debug -F/Users/runner/Library/Developer/PhotoAxisBuilds/fe52d68e5807/DerivedData/Build/Products/Debug -Xlinker -rpath -Xlinker @executable_path -Xlinker -rpath -Xlinker @executable_path/../Frameworks -Xlinker -rpath -Xlinker @loader_path/../Frameworks -rdynamic -e ___debug_blank_executor_main -Xlinker -sectcreate -Xlinker __TEXT -Xlinker __debug_dylib -Xlinker /Users/runner/Library/Developer/PhotoAxisBuilds/fe52d68e5807/DerivedData/Build/Intermediates.noindex/PhotoAxis.build/Debug/PhotoAxis.build/PhotoAxis-DebugDylibPath-normal-arm64.txt -Xlinker -sectcreate -Xlinker __TEXT -Xlinker __debug_instlnm -Xlinker /Users/runner/Library/Developer/PhotoAxisBuilds/fe52d68e5807/DerivedData/Build/Intermediates.noindex/PhotoAxis.build/Debug/PhotoAxis.build/PhotoAxis-DebugDylibInstallName-normal-arm64.txt -Xlinker -filelist -Xlinker /Users/runner/Library/Developer/PhotoAxisBuilds/fe52d68e5807/DerivedData/Build/Intermediates.noindex/PhotoAxis.build/Debug/PhotoAxis.build/PhotoAxis-ExecutorLinkFileList-normal-arm64.txt /Users/runner/Library/Developer/PhotoAxisBuilds/fe52d68e5807/DerivedData/Build/Products/Debug/PhotoAxis.app/Contents/MacOS/PhotoAxis.debug.dylib -Xlinker -no_adhoc_codesign -o /Users/runner/Library/Developer/PhotoAxisBuilds/fe52d68e5807/DerivedData/Build/Products/Debug/PhotoAxis.app/Contents/MacOS/PhotoAxis
build-test	Model and geometry tests; Debug build	2026-10-03T23:48:00.2032310Z 
build-test	Model and geometry tests; Debug build	2026-10-03T23:48:00.2230920Z Copy /Users/runner/Library/Developer/PhotoAxisBuilds/fe52d68e5807/DerivedData/Build/Products/Debug/PhotoAxis.app/Contents/Frameworks/libXCTestBundleInject.dylib /Applications/Xcode_16.4.app/Contents/Developer/Platforms/MacOSX.platform/Developer/usr/lib/libXCTestBundleInject.dylib (in target 'PhotoAxis' from project 'PhotoAxis')
build-test	Model and geometry tests; Debug build	2026-10-03T23:48:00.2333850Z     cd $REPO
build-test	Model and geometry tests; Debug build	2026-10-03T23:48:00.2436900Z     builtin-copy -exclude .DS_Store -exclude CVS -exclude .svn -exclude .git -exclude .hg -exclude Headers -exclude PrivateHeaders -exclude Modules -exclude \*.tbd -strip-unsigned-binaries -strip-deterministic -strip-tool /Applications/Xcode_16.4.app/Contents/Developer/Toolchains/XcodeDefault.xctoolchain/usr/bin/strip -resolve-src-symlinks /Applications/Xcode_16.4.app/Contents/Developer/Platforms/MacOSX.platform/Developer/usr/lib/libXCTestBundleInject.dylib /Users/runner/Library/Developer/PhotoAxisBuilds/fe52d68e5807/DerivedData/Build/Products/Debug/PhotoAxis.app/Contents/Frameworks
build-test	Model and geometry tests; Debug build	2026-10-03T23:48:00.2559960Z warning: not stripping binary because it is signed: /Applications/Xcode_16.4.app/Contents/Developer/Platforms/MacOSX.platform/Developer/usr/lib/libXCTestBundleInject.dylib (in target 'PhotoAxis' from project 'PhotoAxis')
build-test	Model and geometry tests; Debug build	2026-10-03T23:48:00.2667940Z 
build-test	Model and geometry tests; Debug build	2026-10-03T23:48:00.2801480Z Copy /Users/runner/Library/Developer/PhotoAxisBuilds/fe52d68e5807/DerivedData/Build/Products/Debug/PhotoAxis.app/Contents/Frameworks/XCUnit.framework /Applications/Xcode_16.4.app/Contents/Developer/Platforms/MacOSX.platform/Developer/Library/PrivateFrameworks/XCUnit.framework (in target 'PhotoAxis' from project 'PhotoAxis')
build-test	Model and geometry tests; Debug build	2026-10-03T23:48:00.2903490Z     cd $REPO
build-test	Model and geometry tests; Debug build	2026-10-03T23:48:00.3050180Z     builtin-copy -exclude .DS_Store -exclude CVS -exclude .svn -exclude .git -exclude .hg -exclude Headers -exclude PrivateHeaders -exclude Modules -exclude \*.tbd -strip-unsigned-binaries -strip-deterministic -strip-tool /Applications/Xcode_16.4.app/Contents/Developer/Toolchains/XcodeDefault.xctoolchain/usr/bin/strip -resolve-src-symlinks /Applications/Xcode_16.4.app/Contents/Developer/Platforms/MacOSX.platform/Developer/Library/PrivateFrameworks/XCUnit.framework /Users/runner/Library/Developer/PhotoAxisBuilds/fe52d68e5807/DerivedData/Build/Products/Debug/PhotoAxis.app/Contents/Frameworks
build-test	Model and geometry tests; Debug build	2026-10-03T23:48:00.3159600Z warning: not stripping binary because it is signed: /Applications/Xcode_16.4.app/Contents/Developer/Platforms/MacOSX.platform/Developer/Library/PrivateFrameworks/XCUnit.framework/Versions/A/XCUnit (in target 'PhotoAxis' from project 'PhotoAxis')
build-test	Model and geometry tests; Debug build	2026-10-03T23:48:00.3164330Z 
build-test	Model and geometry tests; Debug build	2026-10-03T23:48:00.3429250Z Copy /Users/runner/Library/Developer/PhotoAxisBuilds/fe52d68e5807/DerivedData/Build/Products/Debug/PhotoAxis.app/Contents/Frameworks/XCUIAutomation.framework /Applications/Xcode_16.4.app/Contents/Developer/Platforms/MacOSX.platform/Developer/Library/Frameworks/XCUIAutomation.framework (in target 'PhotoAxis' from project 'PhotoAxis')
build-test	Model and geometry tests; Debug build	2026-10-03T23:48:00.3531500Z     cd $REPO
build-test	Model and geometry tests; Debug build	2026-10-03T23:48:00.3634220Z     builtin-copy -exclude .DS_Store -exclude CVS -exclude .svn -exclude .git -exclude .hg -exclude Headers -exclude PrivateHeaders -exclude Modules -exclude \*.tbd -strip-unsigned-binaries -strip-deterministic -strip-tool /Applications/Xcode_16.4.app/Contents/Developer/Toolchains/XcodeDefault.xctoolchain/usr/bin/strip -resolve-src-symlinks /Applications/Xcode_16.4.app/Contents/Developer/Platforms/MacOSX.platform/Developer/Library/Frameworks/XCUIAutomation.framework /Users/runner/Library/Developer/PhotoAxisBuilds/fe52d68e5807/DerivedData/Build/Products/Debug/PhotoAxis.app/Contents/Frameworks
build-test	Model and geometry tests; Debug build	2026-10-03T23:48:00.3737460Z warning: not stripping binary because it is signed: /Applications/Xcode_16.4.app/Contents/Developer/Platforms/MacOSX.platform/Developer/Library/Frameworks/XCUIAutomation.framework/Versions/A/XCUIAutomation (in target 'PhotoAxis' from project 'PhotoAxis')
build-test	Model and geometry tests; Debug build	2026-10-03T23:48:00.3839100Z 
build-test	Model and geometry tests; Debug build	2026-10-03T23:48:00.3940750Z Copy /Users/runner/Library/Developer/PhotoAxisBuilds/fe52d68e5807/DerivedData/Build/Products/Debug/PhotoAxis.app/Contents/Frameworks/XCTestSupport.framework /Applications/Xcode_16.4.app/Contents/Developer/Platforms/MacOSX.platform/Developer/Library/PrivateFrameworks/XCTestSupport.framework (in target 'PhotoAxis' from project 'PhotoAxis')
build-test	Model and geometry tests; Debug build	2026-10-03T23:48:00.4042730Z     cd $REPO
build-test	Model and geometry tests; Debug build	2026-10-03T23:48:00.4148600Z     builtin-copy -exclude .DS_Store -exclude CVS -exclude .svn -exclude .git -exclude .hg -exclude Headers -exclude PrivateHeaders -exclude Modules -exclude \*.tbd -strip-unsigned-binaries -strip-deterministic -strip-tool /Applications/Xcode_16.4.app/Contents/Developer/Toolchains/XcodeDefault.xctoolchain/usr/bin/strip -resolve-src-symlinks /Applications/Xcode_16.4.app/Contents/Developer/Platforms/MacOSX.platform/Developer/Library/PrivateFrameworks/XCTestSupport.framework /Users/runner/Library/Developer/PhotoAxisBuilds/fe52d68e5807/DerivedData/Build/Products/Debug/PhotoAxis.app/Contents/Frameworks
build-test	Model and geometry tests; Debug build	2026-10-03T23:48:00.4253320Z warning: not stripping binary because it is signed: /Applications/Xcode_16.4.app/Contents/Developer/Platforms/MacOSX.platform/Developer/Library/PrivateFrameworks/XCTestSupport.framework/Versions/A/XCTestSupport (in target 'PhotoAxis' from project 'PhotoAxis')
build-test	Model and geometry tests; Debug build	2026-10-03T23:48:00.4360770Z 
build-test	Model and geometry tests; Debug build	2026-10-03T23:48:00.4467030Z Copy /Users/runner/Library/Developer/PhotoAxisBuilds/fe52d68e5807/DerivedData/Build/Products/Debug/PhotoAxis.app/Contents/Frameworks/XCTestCore.framework /Applications/Xcode_16.4.app/Contents/Developer/Platforms/MacOSX.platform/Developer/Library/PrivateFrameworks/XCTestCore.framework (in target 'PhotoAxis' from project 'PhotoAxis')
build-test	Model and geometry tests; Debug build	2026-10-03T23:48:00.4574250Z     cd $REPO
build-test	Model and geometry tests; Debug build	2026-10-03T23:48:00.4658600Z     builtin-copy -exclude .DS_Store -exclude CVS -exclude .svn -exclude .git -exclude .hg -exclude Headers -exclude PrivateHeaders -exclude Modules -exclude \*.tbd -strip-unsigned-binaries -strip-deterministic -strip-tool /Applications/Xcode_16.4.app/Contents/Developer/Toolchains/XcodeDefault.xctoolchain/usr/bin/strip -resolve-src-symlinks /Applications/Xcode_16.4.app/Contents/Developer/Platforms/MacOSX.platform/Developer/Library/PrivateFrameworks/XCTestCore.framework /Users/runner/Library/Developer/PhotoAxisBuilds/fe52d68e5807/DerivedData/Build/Products/Debug/PhotoAxis.app/Contents/Frameworks
build-test	Model and geometry tests; Debug build	2026-10-03T23:48:00.4763040Z warning: not stripping binary because it is signed: /Applications/Xcode_16.4.app/Contents/Developer/Platforms/MacOSX.platform/Developer/Library/PrivateFrameworks/XCTestCore.framework/Versions/A/XCTestCore (in target 'PhotoAxis' from project 'PhotoAxis')
build-test	Model and geometry tests; Debug build	2026-10-03T23:48:00.4864240Z 
build-test	Model and geometry tests; Debug build	2026-10-03T23:48:00.4965770Z Copy /Users/runner/Library/Developer/PhotoAxisBuilds/fe52d68e5807/DerivedData/Build/Products/Debug/PhotoAxis.app/Contents/Frameworks/XCTest.framework /Applications/Xcode_16.4.app/Contents/Developer/Platforms/MacOSX.platform/Developer/Library/Frameworks/XCTest.framework (in target 'PhotoAxis' from project 'PhotoAxis')
build-test	Model and geometry tests; Debug build	2026-10-03T23:48:00.5067730Z     cd $REPO
build-test	Model and geometry tests; Debug build	2026-10-03T23:48:00.5148090Z     builtin-copy -exclude .DS_Store -exclude CVS -exclude .svn -exclude .git -exclude .hg -exclude Headers -exclude PrivateHeaders -exclude Modules -exclude \*.tbd -strip-unsigned-binaries -strip-deterministic -strip-tool /Applications/Xcode_16.4.app/Contents/Developer/Toolchains/XcodeDefault.xctoolchain/usr/bin/strip -resolve-src-symlinks /Applications/Xcode_16.4.app/Contents/Developer/Platforms/MacOSX.platform/Developer/Library/Frameworks/XCTest.framework /Users/runner/Library/Developer/PhotoAxisBuilds/fe52d68e5807/DerivedData/Build/Products/Debug/PhotoAxis.app/Contents/Frameworks
build-test	Model and geometry tests; Debug build	2026-10-03T23:48:00.5254530Z warning: not stripping binary because it is signed: /Applications/Xcode_16.4.app/Contents/Developer/Platforms/MacOSX.platform/Developer/Library/Frameworks/XCTest.framework/Versions/A/XCTest (in target 'PhotoAxis' from project 'PhotoAxis')
build-test	Model and geometry tests; Debug build	2026-10-03T23:48:00.5356760Z 
build-test	Model and geometry tests; Debug build	2026-10-03T23:48:00.5460810Z Copy /Users/runner/Library/Developer/PhotoAxisBuilds/fe52d68e5807/DerivedData/Build/Products/Debug/PhotoAxis.app/Contents/Frameworks/XCTAutomationSupport.framework /Applications/Xcode_16.4.app/Contents/Developer/Platforms/MacOSX.platform/Developer/Library/PrivateFrameworks/XCTAutomationSupport.framework (in target 'PhotoAxis' from project 'PhotoAxis')
build-test	Model and geometry tests; Debug build	2026-10-03T23:48:00.5563690Z     cd $REPO
build-test	Model and geometry tests; Debug build	2026-10-03T23:48:00.5668190Z     builtin-copy -exclude .DS_Store -exclude CVS -exclude .svn -exclude .git -exclude .hg -exclude Headers -exclude PrivateHeaders -exclude Modules -exclude \*.tbd -strip-unsigned-binaries -strip-deterministic -strip-tool /Applications/Xcode_16.4.app/Contents/Developer/Toolchains/XcodeDefault.xctoolchain/usr/bin/strip -resolve-src-symlinks /Applications/Xcode_16.4.app/Contents/Developer/Platforms/MacOSX.platform/Developer/Library/PrivateFrameworks/XCTAutomationSupport.framework /Users/runner/Library/Developer/PhotoAxisBuilds/fe52d68e5807/DerivedData/Build/Products/Debug/PhotoAxis.app/Contents/Frameworks
build-test	Model and geometry tests; Debug build	2026-10-03T23:48:00.5773930Z warning: not stripping binary because it is signed: /Applications/Xcode_16.4.app/Contents/Developer/Platforms/MacOSX.platform/Developer/Library/PrivateFrameworks/XCTAutomationSupport.framework/Versions/A/XCTAutomationSupport (in target 'PhotoAxis' from project 'PhotoAxis')
build-test	Model and geometry tests; Debug build	2026-10-03T23:48:00.5872640Z 
build-test	Model and geometry tests; Debug build	2026-10-03T23:48:00.5974280Z Copy /Users/runner/Library/Developer/PhotoAxisBuilds/fe52d68e5807/DerivedData/Build/Products/Debug/PhotoAxis.app/Contents/Frameworks/Testing.framework /Applications/Xcode_16.4.app/Contents/Developer/Platforms/MacOSX.platform/Developer/Library/Frameworks/Testing.framework (in target 'PhotoAxis' from project 'PhotoAxis')
build-test	Model and geometry tests; Debug build	2026-10-03T23:48:00.6076220Z     cd $REPO
build-test	Model and geometry tests; Debug build	2026-10-03T23:48:00.6178680Z     builtin-copy -exclude .DS_Store -exclude CVS -exclude .svn -exclude .git -exclude .hg -exclude Headers -exclude PrivateHeaders -exclude Modules -exclude \*.tbd -strip-unsigned-binaries -strip-deterministic -strip-tool /Applications/Xcode_16.4.app/Contents/Developer/Toolchains/XcodeDefault.xctoolchain/usr/bin/strip -resolve-src-symlinks /Applications/Xcode_16.4.app/Contents/Developer/Platforms/MacOSX.platform/Developer/Library/Frameworks/Testing.framework /Users/runner/Library/Developer/PhotoAxisBuilds/fe52d68e5807/DerivedData/Build/Products/Debug/PhotoAxis.app/Contents/Frameworks
build-test	Model and geometry tests; Debug build	2026-10-03T23:48:00.6278550Z warning: not stripping binary because it is signed: /Applications/Xcode_16.4.app/Contents/Developer/Platforms/MacOSX.platform/Developer/Library/Frameworks/Testing.framework/Versions/A/Testing (in target 'PhotoAxis' from project 'PhotoAxis')
build-test	Model and geometry tests; Debug build	2026-10-03T23:48:00.6379730Z 
build-test	Model and geometry tests; Debug build	2026-10-03T23:48:00.6481370Z CodeSign /Users/runner/Library/Developer/PhotoAxisBuilds/fe52d68e5807/DerivedData/Build/Products/Debug/PhotoAxis.app/Contents/Frameworks/libXCTestSwiftSupport.dylib (in target 'PhotoAxis' from project 'PhotoAxis')
build-test	Model and geometry tests; Debug build	2026-10-03T23:48:00.6583510Z     cd $REPO
build-test	Model and geometry tests; Debug build	2026-10-03T23:48:00.6685590Z     
build-test	Model and geometry tests; Debug build	2026-10-03T23:48:00.6786500Z     Signing Identity:     "Sign to Run Locally"
build-test	Model and geometry tests; Debug build	2026-10-03T23:48:00.6886820Z     
build-test	Model and geometry tests; Debug build	2026-10-03T23:48:00.6988480Z     /usr/bin/codesign --force --sign - --timestamp\=none --preserve-metadata\=identifier,entitlements,flags --generate-entitlement-der /Users/runner/Library/Developer/PhotoAxisBuilds/fe52d68e5807/DerivedData/Build/Products/Debug/PhotoAxis.app/Contents/Frameworks/libXCTestSwiftSupport.dylib
build-test	Model and geometry tests; Debug build	2026-10-03T23:48:00.7089270Z /Users/runner/Library/Developer/PhotoAxisBuilds/fe52d68e5807/DerivedData/Build/Products/Debug/PhotoAxis.app/Contents/Frameworks/libXCTestSwiftSupport.dylib: replacing existing signature
build-test	Model and geometry tests; Debug build	2026-10-03T23:48:00.7189650Z 
build-test	Model and geometry tests; Debug build	2026-10-03T23:48:00.7294820Z CodeSign /Users/runner/Library/Developer/PhotoAxisBuilds/fe52d68e5807/DerivedData/Build/Products/Debug/PhotoAxis.app/Contents/Frameworks/libXCTestBundleInject.dylib (in target 'PhotoAxis' from project 'PhotoAxis')
build-test	Model and geometry tests; Debug build	2026-10-03T23:48:00.7396810Z     cd $REPO
build-test	Model and geometry tests; Debug build	2026-10-03T23:48:00.7498380Z     
build-test	Model and geometry tests; Debug build	2026-10-03T23:48:00.7599270Z     Signing Identity:     "Sign to Run Locally"
build-test	Model and geometry tests; Debug build	2026-10-03T23:48:00.7700170Z     
build-test	Model and geometry tests; Debug build	2026-10-03T23:48:00.7802530Z     /usr/bin/codesign --force --sign - --timestamp\=none --preserve-metadata\=identifier,entitlements,flags --generate-entitlement-der /Users/runner/Library/Developer/PhotoAxisBuilds/fe52d68e5807/DerivedData/Build/Products/Debug/PhotoAxis.app/Contents/Frameworks/libXCTestBundleInject.dylib
build-test	Model and geometry tests; Debug build	2026-10-03T23:48:00.7902000Z /Users/runner/Library/Developer/PhotoAxisBuilds/fe52d68e5807/DerivedData/Build/Products/Debug/PhotoAxis.app/Contents/Frameworks/libXCTestBundleInject.dylib: replacing existing signature
build-test	Model and geometry tests; Debug build	2026-10-03T23:48:00.8001270Z 
build-test	Model and geometry tests; Debug build	2026-10-03T23:48:00.8102590Z CodeSign /Users/runner/Library/Developer/PhotoAxisBuilds/fe52d68e5807/DerivedData/Build/Products/Debug/PhotoAxis.app/Contents/Frameworks/XCUnit.framework (in target 'PhotoAxis' from project 'PhotoAxis')
build-test	Model and geometry tests; Debug build	2026-10-03T23:48:00.8203890Z     cd $REPO
build-test	Model and geometry tests; Debug build	2026-10-03T23:48:00.8304970Z     
build-test	Model and geometry tests; Debug build	2026-10-03T23:48:00.8411450Z     Signing Identity:     "Sign to Run Locally"
build-test	Model and geometry tests; Debug build	2026-10-03T23:48:00.8512440Z     
build-test	Model and geometry tests; Debug build	2026-10-03T23:48:00.8614000Z     /usr/bin/codesign --force --sign - --timestamp\=none --preserve-metadata\=identifier,entitlements,flags --generate-entitlement-der /Users/runner/Library/Developer/PhotoAxisBuilds/fe52d68e5807/DerivedData/Build/Products/Debug/PhotoAxis.app/Contents/Frameworks/XCUnit.framework
build-test	Model and geometry tests; Debug build	2026-10-03T23:48:00.8713960Z /Users/runner/Library/Developer/PhotoAxisBuilds/fe52d68e5807/DerivedData/Build/Products/Debug/PhotoAxis.app/Contents/Frameworks/XCUnit.framework: replacing existing signature
build-test	Model and geometry tests; Debug build	2026-10-03T23:48:00.8815000Z 
build-test	Model and geometry tests; Debug build	2026-10-03T23:48:00.8924480Z CodeSign /Users/runner/Library/Developer/PhotoAxisBuilds/fe52d68e5807/DerivedData/Build/Products/Debug/PhotoAxis.app/Contents/Frameworks/XCUIAutomation.framework (in target 'PhotoAxis' from project 'PhotoAxis')
build-test	Model and geometry tests; Debug build	2026-10-03T23:48:00.9026430Z     cd $REPO
build-test	Model and geometry tests; Debug build	2026-10-03T23:48:00.9127510Z     
build-test	Model and geometry tests; Debug build	2026-10-03T23:48:00.9231350Z     Signing Identity:     "Sign to Run Locally"
build-test	Model and geometry tests; Debug build	2026-10-03T23:48:00.9332500Z     
build-test	Model and geometry tests; Debug build	2026-10-03T23:48:00.9434270Z     /usr/bin/codesign --force --sign - --timestamp\=none --preserve-metadata\=identifier,entitlements,flags --generate-entitlement-der /Users/runner/Library/Developer/PhotoAxisBuilds/fe52d68e5807/DerivedData/Build/Products/Debug/PhotoAxis.app/Contents/Frameworks/XCUIAutomation.framework
build-test	Model and geometry tests; Debug build	2026-10-03T23:48:00.9534780Z /Users/runner/Library/Developer/PhotoAxisBuilds/fe52d68e5807/DerivedData/Build/Products/Debug/PhotoAxis.app/Contents/Frameworks/XCUIAutomation.framework: replacing existing signature
build-test	Model and geometry tests; Debug build	2026-10-03T23:48:00.9635890Z 
build-test	Model and geometry tests; Debug build	2026-10-03T23:48:00.9737120Z CodeSign /Users/runner/Library/Developer/PhotoAxisBuilds/fe52d68e5807/DerivedData/Build/Products/Debug/PhotoAxis.app/Contents/Frameworks/XCTestSupport.framework (in target 'PhotoAxis' from project 'PhotoAxis')
build-test	Model and geometry tests; Debug build	2026-10-03T23:48:00.9837470Z     cd $REPO
build-test	Model and geometry tests; Debug build	2026-10-03T23:48:00.9938400Z     
build-test	Model and geometry tests; Debug build	2026-10-03T23:48:01.0039490Z     Signing Identity:     "Sign to Run Locally"
build-test	Model and geometry tests; Debug build	2026-10-03T23:48:01.0140440Z     
build-test	Model and geometry tests; Debug build	2026-10-03T23:48:01.0241390Z     /usr/bin/codesign --force --sign - --timestamp\=none --preserve-metadata\=identifier,entitlements,flags --generate-entitlement-der /Users/runner/Library/Developer/PhotoAxisBuilds/fe52d68e5807/DerivedData/Build/Products/Debug/PhotoAxis.app/Contents/Frameworks/XCTestSupport.framework
build-test	Model and geometry tests; Debug build	2026-10-03T23:48:01.0342070Z /Users/runner/Library/Developer/PhotoAxisBuilds/fe52d68e5807/DerivedData/Build/Products/Debug/PhotoAxis.app/Contents/Frameworks/XCTestSupport.framework: replacing existing signature
build-test	Model and geometry tests; Debug build	2026-10-03T23:48:01.0441900Z 
build-test	Model and geometry tests; Debug build	2026-10-03T23:48:01.0544400Z CodeSign /Users/runner/Library/Developer/PhotoAxisBuilds/fe52d68e5807/DerivedData/Build/Products/Debug/PhotoAxis.app/Contents/Frameworks/XCTestCore.framework (in target 'PhotoAxis' from project 'PhotoAxis')
build-test	Model and geometry tests; Debug build	2026-10-03T23:48:01.0644340Z     cd $REPO
build-test	Model and geometry tests; Debug build	2026-10-03T23:48:01.0744760Z     
build-test	Model and geometry tests; Debug build	2026-10-03T23:48:01.0848020Z     Signing Identity:     "Sign to Run Locally"
build-test	Model and geometry tests; Debug build	2026-10-03T23:48:01.0949010Z     
build-test	Model and geometry tests; Debug build	2026-10-03T23:48:01.1050660Z     /usr/bin/codesign --force --sign - --timestamp\=none --preserve-metadata\=identifier,entitlements,flags --generate-entitlement-der /Users/runner/Library/Developer/PhotoAxisBuilds/fe52d68e5807/DerivedData/Build/Products/Debug/PhotoAxis.app/Contents/Frameworks/XCTestCore.framework
build-test	Model and geometry tests; Debug build	2026-10-03T23:48:01.1152530Z /Users/runner/Library/Developer/PhotoAxisBuilds/fe52d68e5807/DerivedData/Build/Products/Debug/PhotoAxis.app/Contents/Frameworks/XCTestCore.framework: replacing existing signature
build-test	Model and geometry tests; Debug build	2026-10-03T23:48:01.1254780Z 
build-test	Model and geometry tests; Debug build	2026-10-03T23:48:01.1355940Z CodeSign /Users/runner/Library/Developer/PhotoAxisBuilds/fe52d68e5807/DerivedData/Build/Products/Debug/PhotoAxis.app/Contents/Frameworks/XCTest.framework (in target 'PhotoAxis' from project 'PhotoAxis')
build-test	Model and geometry tests; Debug build	2026-10-03T23:48:01.1456480Z     cd $REPO
build-test	Model and geometry tests; Debug build	2026-10-03T23:48:01.1556780Z     
build-test	Model and geometry tests; Debug build	2026-10-03T23:48:01.1657780Z     Signing Identity:     "Sign to Run Locally"
build-test	Model and geometry tests; Debug build	2026-10-03T23:48:01.1758060Z     
build-test	Model and geometry tests; Debug build	2026-10-03T23:48:01.1860390Z     /usr/bin/codesign --force --sign - --timestamp\=none --preserve-metadata\=identifier,entitlements,flags --generate-entitlement-der /Users/runner/Library/Developer/PhotoAxisBuilds/fe52d68e5807/DerivedData/Build/Products/Debug/PhotoAxis.app/Contents/Frameworks/XCTest.framework
build-test	Model and geometry tests; Debug build	2026-10-03T23:48:01.1960970Z /Users/runner/Library/Developer/PhotoAxisBuilds/fe52d68e5807/DerivedData/Build/Products/Debug/PhotoAxis.app/Contents/Frameworks/XCTest.framework: replacing existing signature
build-test	Model and geometry tests; Debug build	2026-10-03T23:48:01.2062070Z 
build-test	Model and geometry tests; Debug build	2026-10-03T23:48:01.2163350Z CodeSign /Users/runner/Library/Developer/PhotoAxisBuilds/fe52d68e5807/DerivedData/Build/Products/Debug/PhotoAxis.app/Contents/Frameworks/XCTAutomationSupport.framework (in target 'PhotoAxis' from project 'PhotoAxis')
build-test	Model and geometry tests; Debug build	2026-10-03T23:48:01.2265000Z     cd $REPO
build-test	Model and geometry tests; Debug build	2026-10-03T23:48:01.2364870Z     
build-test	Model and geometry tests; Debug build	2026-10-03T23:48:01.2465680Z     Signing Identity:     "Sign to Run Locally"
build-test	Model and geometry tests; Debug build	2026-10-03T23:48:01.2567060Z     
build-test	Model and geometry tests; Debug build	2026-10-03T23:48:01.2668530Z     /usr/bin/codesign --force --sign - --timestamp\=none --preserve-metadata\=identifier,entitlements,flags --generate-entitlement-der /Users/runner/Library/Developer/PhotoAxisBuilds/fe52d68e5807/DerivedData/Build/Products/Debug/PhotoAxis.app/Contents/Frameworks/XCTAutomationSupport.framework
build-test	Model and geometry tests; Debug build	2026-10-03T23:48:01.2768840Z /Users/runner/Library/Developer/PhotoAxisBuilds/fe52d68e5807/DerivedData/Build/Products/Debug/PhotoAxis.app/Contents/Frameworks/XCTAutomationSupport.framework: replacing existing signature
build-test	Model and geometry tests; Debug build	2026-10-03T23:48:01.2868630Z 
build-test	Model and geometry tests; Debug build	2026-10-03T23:48:01.2969950Z CodeSign /Users/runner/Library/Developer/PhotoAxisBuilds/fe52d68e5807/DerivedData/Build/Products/Debug/PhotoAxis.app/Contents/Frameworks/Testing.framework (in target 'PhotoAxis' from project 'PhotoAxis')
build-test	Model and geometry tests; Debug build	2026-10-03T23:48:01.3071980Z     cd $REPO
build-test	Model and geometry tests; Debug build	2026-10-03T23:48:01.3174830Z     
build-test	Model and geometry tests; Debug build	2026-10-03T23:48:01.3278560Z     Signing Identity:     "Sign to Run Locally"
build-test	Model and geometry tests; Debug build	2026-10-03T23:48:01.3380650Z     
build-test	Model and geometry tests; Debug build	2026-10-03T23:48:01.3481030Z     /usr/bin/codesign --force --sign - --timestamp\=none --preserve-metadata\=identifier,entitlements,flags --generate-entitlement-der /Users/runner/Library/Developer/PhotoAxisBuilds/fe52d68e5807/DerivedData/Build/Products/Debug/PhotoAxis.app/Contents/Frameworks/Testing.framework
build-test	Model and geometry tests; Debug build	2026-10-03T23:48:01.3580890Z /Users/runner/Library/Developer/PhotoAxisBuilds/fe52d68e5807/DerivedData/Build/Products/Debug/PhotoAxis.app/Contents/Frameworks/Testing.framework: replacing existing signature
build-test	Model and geometry tests; Debug build	2026-10-03T23:48:01.3687920Z 
build-test	Model and geometry tests; Debug build	2026-10-03T23:48:01.3789630Z ExtractAppIntentsMetadata (in target 'PhotoAxisCoreTests' from project 'PhotoAxis')
build-test	Model and geometry tests; Debug build	2026-10-03T23:48:01.3890620Z     cd $REPO
build-test	Model and geometry tests; Debug build	2026-10-03T23:48:01.4002740Z     /Applications/Xcode_16.4.app/Contents/Developer/Toolchains/XcodeDefault.xctoolchain/usr/bin/appintentsmetadataprocessor --toolchain-dir /Applications/Xcode_16.4.app/Contents/Developer/Toolchains/XcodeDefault.xctoolchain --module-name PhotoAxisCoreTests --sdk-root /Applications/Xcode_16.4.app/Contents/Developer/Platforms/MacOSX.platform/Developer/SDKs/MacOSX15.5.sdk --xcode-version 16F6 --platform-family macOS --deployment-target 14.0 --bundle-identifier local.photoaxis.tests --output /Users/runner/Library/Developer/PhotoAxisBuilds/fe52d68e5807/DerivedData/Build/Products/Debug/PhotoAxisCoreTests.xctest/Contents/Resources --target-triple arm64-apple-macos14.0 --binary-file /Users/runner/Library/Developer/PhotoAxisBuilds/fe52d68e5807/DerivedData/Build/Products/Debug/PhotoAxisCoreTests.xctest/Contents/MacOS/PhotoAxisCoreTests --dependency-file /Users/runner/Library/Developer/PhotoAxisBuilds/fe52d68e5807/DerivedData/Build/Intermediates.noindex/PhotoAxis.build/Debug/PhotoAxisCoreTests.build/Objects-normal/arm64/PhotoAxisCoreTests_dependency_info.dat --stringsdata-file /Users/runner/Library/Developer/PhotoAxisBuilds/fe52d68e5807/DerivedData/Build/Intermediates.noindex/PhotoAxis.build/Debug/PhotoAxisCoreTests.build/Objects-normal/arm64/ExtractedAppShortcutsMetadata.stringsdata --source-file-list /Users/runner/Library/Developer/PhotoAxisBuilds/fe52d68e5807/DerivedData/Build/Intermediates.noindex/PhotoAxis.build/Debug/PhotoAxisCoreTests.build/Objects-normal/arm64/PhotoAxisCoreTests.SwiftFileList --metadata-file-list /Users/runner/Library/Developer/PhotoAxisBuilds/fe52d68e5807/DerivedData/Build/Intermediates.noindex/PhotoAxis.build/Debug/PhotoAxisCoreTests.build/PhotoAxisCoreTests.DependencyMetadataFileList --static-metadata-file-list /Users/runner/Library/Developer/PhotoAxisBuilds/fe52d68e5807/DerivedData/Build/Intermediates.noindex/PhotoAxis.build/Debug/PhotoAxisCoreTests.build/PhotoAxisCoreTests.DependencyStaticMetadataFileList --swift-const-vals-list /Users/runner/Library/Developer/PhotoAxisBuilds/fe52d68e5807/DerivedData/Build/Intermediates.noindex/PhotoAxis.build/Debug/PhotoAxisCoreTests.build/Objects-normal/arm64/PhotoAxisCoreTests.SwiftConstValuesFileList --compile-time-extraction --deployment-aware-processing --validate-assistant-intents --no-app-shortcuts-localization
build-test	Model and geometry tests; Debug build	2026-10-03T23:48:01.4111280Z 2026-10-03 23:47:55.382 appintentsmetadataprocessor[2274:9964] Starting appintentsmetadataprocessor export
build-test	Model and geometry tests; Debug build	2026-10-03T23:48:01.4211680Z 2026-10-03 23:47:55.394 appintentsmetadataprocessor[2274:9964] warning: Metadata extraction skipped. No AppIntents.framework dependency found.
build-test	Model and geometry tests; Debug build	2026-10-03T23:48:01.4311640Z 
build-test	Model and geometry tests; Debug build	2026-10-03T23:48:01.4412780Z CopySwiftLibs /Users/runner/Library/Developer/PhotoAxisBuilds/fe52d68e5807/DerivedData/Build/Products/Debug/PhotoAxisCoreTests.xctest (in target 'PhotoAxisCoreTests' from project 'PhotoAxis')
build-test	Model and geometry tests; Debug build	2026-10-03T23:48:01.4512740Z     cd $REPO
build-test	Model and geometry tests; Debug build	2026-10-03T23:48:01.4618890Z     builtin-swiftStdLibTool --copy --verbose --sign - --scan-executable /Users/runner/Library/Developer/PhotoAxisBuilds/fe52d68e5807/DerivedData/Build/Products/Debug/PhotoAxisCoreTests.xctest/Contents/MacOS/PhotoAxisCoreTests --scan-folder /Users/runner/Library/Developer/PhotoAxisBuilds/fe52d68e5807/DerivedData/Build/Products/Debug/PhotoAxisCoreTests.xctest/Contents/Frameworks --scan-folder /Users/runner/Library/Developer/PhotoAxisBuilds/fe52d68e5807/DerivedData/Build/Products/Debug/PhotoAxisCoreTests.xctest/Contents/PlugIns --scan-folder /Users/runner/Library/Developer/PhotoAxisBuilds/fe52d68e5807/DerivedData/Build/Products/Debug/PhotoAxisCoreTests.xctest/Contents/Library/SystemExtensions --scan-folder /Users/runner/Library/Developer/PhotoAxisBuilds/fe52d68e5807/DerivedData/Build/Products/Debug/PhotoAxisCoreTests.xctest/Contents/Extensions --scan-folder /Users/runner/Library/Developer/PhotoAxisBuilds/fe52d68e5807/DerivedData/Build/Products/Debug/PhotoAxisCore.framework --platform macosx --toolchain /Applications/Xcode_16.4.app/Contents/Developer/Toolchains/XcodeDefault.xctoolchain --destination /Users/runner/Library/Developer/PhotoAxisBuilds/fe52d68e5807/DerivedData/Build/Products/Debug/PhotoAxisCoreTests.xctest/Contents/Frameworks --strip-bitcode --scan-executable /Applications/Xcode_16.4.app/Contents/Developer/Platforms/MacOSX.platform/Developer/usr/lib/libXCTestSwiftSupport.dylib --strip-bitcode-tool /Applications/Xcode_16.4.app/Contents/Developer/Toolchains/XcodeDefault.xctoolchain/usr/bin/bitcode_strip --emit-dependency-info /Users/runner/Library/Developer/PhotoAxisBuilds/fe52d68e5807/DerivedData/Build/Intermediates.noindex/PhotoAxis.build/Debug/PhotoAxisCoreTests.build/SwiftStdLibToolInputDependencies.dep --filter-for-swift-os
build-test	Model and geometry tests; Debug build	2026-10-03T23:48:01.4713910Z 
build-test	Model and geometry tests; Debug build	2026-10-03T23:48:01.4815240Z PhaseScriptExecution Compile\ Core\ Image\ kernel /Users/runner/Library/Developer/PhotoAxisBuilds/fe52d68e5807/DerivedData/Build/Intermediates.noindex/PhotoAxis.build/Debug/PhotoAxis.build/Script-51503C2492BDF84DA711D67B.sh (in target 'PhotoAxis' from project 'PhotoAxis')
build-test	Model and geometry tests; Debug build	2026-10-03T23:48:01.4914920Z     cd $REPO
build-test	Model and geometry tests; Debug build	2026-10-03T23:48:01.5015180Z     export ACTION\=build
build-test	Model and geometry tests; Debug build	2026-10-03T23:48:01.5116690Z     export AD_HOC_CODE_SIGNING_ALLOWED\=YES
build-test	Model and geometry tests; Debug build	2026-10-03T23:48:01.5217690Z     export AGGREGATE_TRACKED_DOMAINS\=YES
build-test	Model and geometry tests; Debug build	2026-10-03T23:48:01.5318630Z     export ALLOW_BUILD_REQUEST_OVERRIDES\=NO
build-test	Model and geometry tests; Debug build	2026-10-03T23:48:01.5419540Z     export ALLOW_TARGET_PLATFORM_SPECIALIZATION\=NO
build-test	Model and geometry tests; Debug build	2026-10-03T23:48:01.5520460Z     export ALTERNATE_GROUP\=staff
build-test	Model and geometry tests; Debug build	2026-10-03T23:48:01.5621970Z     export ALTERNATE_MODE\=u+w,go-w,a+rX
build-test	Model and geometry tests; Debug build	2026-10-03T23:48:01.5729530Z     export ALTERNATE_OWNER\=runner
build-test	Model and geometry tests; Debug build	2026-10-03T23:48:01.5831400Z     export ALTERNATIVE_DISTRIBUTION_WEB\=NO
build-test	Model and geometry tests; Debug build	2026-10-03T23:48:01.5932280Z     export ALWAYS_EMBED_SWIFT_STANDARD_LIBRARIES\=NO
build-test	Model and geometry tests; Debug build	2026-10-03T23:48:01.6033090Z     export ALWAYS_SEARCH_USER_PATHS\=YES
build-test	Model and geometry tests; Debug build	2026-10-03T23:48:01.6134070Z     export ALWAYS_USE_SEPARATE_HEADERMAPS\=NO
build-test	Model and geometry tests; Debug build	2026-10-03T23:48:01.6237630Z     export APPLICATION_EXTENSION_API_ONLY\=NO
build-test	Model and geometry tests; Debug build	2026-10-03T23:48:01.6338440Z     export APPLY_RULES_IN_COPY_FILES\=NO
build-test	Model and geometry tests; Debug build	2026-10-03T23:48:01.6438960Z     export APPLY_RULES_IN_COPY_HEADERS\=NO
build-test	Model and geometry tests; Debug build	2026-10-03T23:48:01.6539710Z     export APP_SHORTCUTS_ENABLE_FLEXIBLE_MATCHING\=YES
build-test	Model and geometry tests; Debug build	2026-10-03T23:48:01.6639720Z     export ARCHS\=arm64
build-test	Model and geometry tests; Debug build	2026-10-03T23:48:01.6740570Z     export ARCHS_STANDARD\=arm64\ x86_64
build-test	Model and geometry tests; Debug build	2026-10-03T23:48:01.6841860Z     export ARCHS_STANDARD_32_64_BIT\=arm64\ x86_64\ i386
build-test	Model and geometry tests; Debug build	2026-10-03T23:48:01.6942180Z     export ARCHS_STANDARD_32_BIT\=i386
build-test	Model and geometry tests; Debug build	2026-10-03T23:48:01.7042820Z     export ARCHS_STANDARD_64_BIT\=arm64\ x86_64
build-test	Model and geometry tests; Debug build	2026-10-03T23:48:01.7143620Z     export ARCHS_STANDARD_INCLUDING_64_BIT\=arm64\ x86_64
build-test	Model and geometry tests; Debug build	2026-10-03T23:48:01.7246280Z     export AUTOMATICALLY_MERGE_DEPENDENCIES\=NO
build-test	Model and geometry tests; Debug build	2026-10-03T23:48:01.7347330Z     export AVAILABLE_PLATFORMS\=android\ appletvos\ appletvsimulator\ driverkit\ iphoneos\ iphonesimulator\ macosx\ qnx\ watchos\ watchsimulator\ xros\ xrsimulator
build-test	Model and geometry tests; Debug build	2026-10-03T23:48:01.7448370Z     export BITCODE_GENERATION_MODE\=marker
build-test	Model and geometry tests; Debug build	2026-10-03T23:48:01.7549390Z     export BUILD_ACTIVE_RESOURCES_ONLY\=NO
build-test	Model and geometry tests; Debug build	2026-10-03T23:48:01.7649850Z     export BUILD_COMPONENTS\=headers\ build
build-test	Model and geometry tests; Debug build	2026-10-03T23:48:01.7752160Z     export BUILD_DIR\=/Users/runner/Library/Developer/PhotoAxisBuilds/fe52d68e5807/DerivedData/Build/Products
build-test	Model and geometry tests; Debug build	2026-10-03T23:48:01.7858660Z     export BUILD_LIBRARY_FOR_DISTRIBUTION\=NO
build-test	Model and geometry tests; Debug build	2026-10-03T23:48:01.7959220Z     export BUILD_ROOT\=/Users/runner/Library/Developer/PhotoAxisBuilds/fe52d68e5807/DerivedData/Build/Products
build-test	Model and geometry tests; Debug build	2026-10-03T23:48:01.8061030Z     export BUILD_STYLE\=
build-test	Model and geometry tests; Debug build	2026-10-03T23:48:01.8162020Z     export BUILD_VARIANTS\=normal
build-test	Model and geometry tests; Debug build	2026-10-03T23:48:01.8264070Z     export BUILT_PRODUCTS_DIR\=/Users/runner/Library/Developer/PhotoAxisBuilds/fe52d68e5807/DerivedData/Build/Products/Debug
build-test	Model and geometry tests; Debug build	2026-10-03T23:48:01.8364330Z     export BUNDLE_CONTENTS_FOLDER_PATH\=Contents/
build-test	Model and geometry tests; Debug build	2026-10-03T23:48:01.8464760Z     export BUNDLE_CONTENTS_FOLDER_PATH_deep\=Contents/
build-test	Model and geometry tests; Debug build	2026-10-03T23:48:01.8518280Z     export BUNDLE_EXECUTABLE_FOLDER_NAME_deep\=MacOS
build-test	Model and geometry tests; Debug build	2026-10-03T23:48:01.8519210Z     export BUNDLE_EXECUTABLE_FOLDER_PATH\=Contents/MacOS
build-test	Model and geometry tests; Debug build	2026-10-03T23:48:01.8520230Z     export BUNDLE_EXTENSIONS_FOLDER_PATH\=Contents/Extensions
build-test	Model and geometry tests; Debug build	2026-10-03T23:48:01.8520640Z     export BUNDLE_FORMAT\=deep
build-test	Model and geometry tests; Debug build	2026-10-03T23:48:01.8521810Z     export BUNDLE_FRAMEWORKS_FOLDER_PATH\=Contents/Frameworks
build-test	Model and geometry tests; Debug build	2026-10-03T23:48:01.8522470Z     export BUNDLE_PLUGINS_FOLDER_PATH\=Contents/PlugIns
build-test	Model and geometry tests; Debug build	2026-10-03T23:48:01.8522910Z     export BUNDLE_PRIVATE_HEADERS_FOLDER_PATH\=Contents/PrivateHeaders
build-test	Model and geometry tests; Debug build	2026-10-03T23:48:01.8523440Z     export BUNDLE_PUBLIC_HEADERS_FOLDER_PATH\=Contents/Headers
build-test	Model and geometry tests; Debug build	2026-10-03T23:48:01.8525140Z     export CACHE_ROOT\=/var/folders/nj/vtw8zd2j31d1gdrtntc5y4600000gn/C/com.apple.DeveloperTools/16.4-16F6/Xcode
build-test	Model and geometry tests; Debug build	2026-10-03T23:48:01.8525970Z     export CCHROOT\=/var/folders/nj/vtw8zd2j31d1gdrtntc5y4600000gn/C/com.apple.DeveloperTools/16.4-16F6/Xcode
build-test	Model and geometry tests; Debug build	2026-10-03T23:48:01.8526490Z     export CHMOD\=/bin/chmod
build-test	Model and geometry tests; Debug build	2026-10-03T23:48:01.8527520Z     export CHOWN\=/usr/sbin/chown
build-test	Model and geometry tests; Debug build	2026-10-03T23:48:01.8528160Z     export CLANG_CACHE_FINE_GRAINED_OUTPUTS\=YES
build-test	Model and geometry tests; Debug build	2026-10-03T23:48:01.8528530Z     export CLANG_ENABLE_EXPLICIT_MODULES\=YES
build-test	Model and geometry tests; Debug build	2026-10-03T23:48:01.8529060Z     export CLANG_ENABLE_MODULES\=YES
build-test	Model and geometry tests; Debug build	2026-10-03T23:48:01.8529380Z     export CLANG_ENABLE_OBJC_ARC\=YES
build-test	Model and geometry tests; Debug build	2026-10-03T23:48:01.8530300Z     export CLANG_MODULES_BUILD_SESSION_FILE\=/Users/runner/Library/Developer/PhotoAxisBuilds/fe52d68e5807/DerivedData/ModuleCache.noindex/Session.modulevalidation
build-test	Model and geometry tests; Debug build	2026-10-03T23:48:01.8534630Z     export CLASS_FILE_DIR\=/Users/runner/Library/Developer/PhotoAxisBuilds/fe52d68e5807/DerivedData/Build/Intermediates.noindex/PhotoAxis.build/Debug/PhotoAxis.build/JavaClasses
build-test	Model and geometry tests; Debug build	2026-10-03T23:48:01.8535640Z     export CLEAN_PRECOMPS\=YES
build-test	Model and geometry tests; Debug build	2026-10-03T23:48:01.8535960Z     export CLONE_HEADERS\=NO
build-test	Model and geometry tests; Debug build	2026-10-03T23:48:01.8538180Z     export CODESIGNING_FOLDER_PATH\=/Users/runner/Library/Developer/PhotoAxisBuilds/fe52d68e5807/DerivedData/Build/Products/Debug/PhotoAxis.app
build-test	Model and geometry tests; Debug build	2026-10-03T23:48:01.8539600Z     export CODE_SIGNING_ALLOWED\=YES
build-test	Model and geometry tests; Debug build	2026-10-03T23:48:01.8540600Z     export CODE_SIGNING_REQUIRED\=YES
build-test	Model and geometry tests; Debug build	2026-10-03T23:48:01.8541240Z     export CODE_SIGN_IDENTITY\=-
build-test	Model and geometry tests; Debug build	2026-10-03T23:48:01.8541590Z     export CODE_SIGN_IDENTITY_NO\=Apple\ Development
build-test	Model and geometry tests; Debug build	2026-10-03T23:48:01.8541990Z     export CODE_SIGN_IDENTITY_YES\=-
build-test	Model and geometry tests; Debug build	2026-10-03T23:48:01.8544420Z     export CODE_SIGN_INJECT_BASE_ENTITLEMENTS\=YES
build-test	Model and geometry tests; Debug build	2026-10-03T23:48:01.8544810Z     export CODE_SIGN_STYLE\=Manual
build-test	Model and geometry tests; Debug build	2026-10-03T23:48:01.8545600Z     export COLOR_DIAGNOSTICS\=NO
build-test	Model and geometry tests; Debug build	2026-10-03T23:48:01.8546040Z     export COMBINE_HIDPI_IMAGES\=NO
build-test	Model and geometry tests; Debug build	2026-10-03T23:48:01.8546660Z     export COMPILATION_CACHE_CAS_PATH\=/Users/runner/Library/Developer/PhotoAxisBuilds/fe52d68e5807/DerivedData/CompilationCache.noindex
build-test	Model and geometry tests; Debug build	2026-10-03T23:48:01.8548290Z     export COMPILATION_CACHE_KEEP_CAS_DIRECTORY\=YES
build-test	Model and geometry tests; Debug build	2026-10-03T23:48:01.8548680Z     export COMPILER_INDEX_STORE_ENABLE\=Default
build-test	Model and geometry tests; Debug build	2026-10-03T23:48:01.8549790Z     export COMPOSITE_SDK_DIRS\=/Users/runner/Library/Developer/PhotoAxisBuilds/fe52d68e5807/DerivedData/Build/Intermediates.noindex/CompositeSDKs
build-test	Model and geometry tests; Debug build	2026-10-03T23:48:01.8560870Z     export COMPRESS_PNG_FILES\=NO
build-test	Model and geometry tests; Debug build	2026-10-03T23:48:01.8561600Z     export CONFIGURATION\=Debug
build-test	Model and geometry tests; Debug build	2026-10-03T23:48:01.8562170Z     export CONFIGURATION_BUILD_DIR\=/Users/runner/Library/Developer/PhotoAxisBuilds/fe52d68e5807/DerivedData/Build/Products/Debug
build-test	Model and geometry tests; Debug build	2026-10-03T23:48:01.8563440Z     export CONFIGURATION_TEMP_DIR\=/Users/runner/Library/Developer/PhotoAxisBuilds/fe52d68e5807/DerivedData/Build/Intermediates.noindex/PhotoAxis.build/Debug
build-test	Model and geometry tests; Debug build	2026-10-03T23:48:01.8564350Z     export CONTENTS_FOLDER_PATH\=PhotoAxis.app/Contents
build-test	Model and geometry tests; Debug build	2026-10-03T23:48:01.8564950Z     export CONTENTS_FOLDER_PATH_SHALLOW_BUNDLE_NO\=PhotoAxis.app/Contents
build-test	Model and geometry tests; Debug build	2026-10-03T23:48:01.8565430Z     export CONTENTS_FOLDER_PATH_SHALLOW_BUNDLE_YES\=PhotoAxis.app
build-test	Model and geometry tests; Debug build	2026-10-03T23:48:01.8565930Z     export COPYING_PRESERVES_HFS_DATA\=NO
build-test	Model and geometry tests; Debug build	2026-10-03T23:48:01.8583190Z     export COPY_HEADERS_RUN_UNIFDEF\=NO
build-test	Model and geometry tests; Debug build	2026-10-03T23:48:01.8583540Z     export COPY_PHASE_STRIP\=YES
build-test	Model and geometry tests; Debug build	2026-10-03T23:48:01.8583850Z     export CP\=/bin/cp
build-test	Model and geometry tests; Debug build	2026-10-03T23:48:01.8584160Z     export CREATE_INFOPLIST_SECTION_IN_BINARY\=NO
build-test	Model and geometry tests; Debug build	2026-10-03T23:48:01.8584780Z     export CURRENT_ARCH\=undefined_arch
build-test	Model and geometry tests; Debug build	2026-10-03T23:48:01.8585140Z     export CURRENT_PROJECT_VERSION\=9
build-test	Model and geometry tests; Debug build	2026-10-03T23:48:01.8587270Z     export CURRENT_VARIANT\=normal
build-test	Model and geometry tests; Debug build	2026-10-03T23:48:01.8587580Z     export DEAD_CODE_STRIPPING\=NO
build-test	Model and geometry tests; Debug build	2026-10-03T23:48:01.8588180Z     export DEBUGGING_SYMBOLS\=YES
build-test	Model and geometry tests; Debug build	2026-10-03T23:48:01.8588760Z     export DEBUG_INFORMATION_FORMAT\=dwarf
build-test	Model and geometry tests; Debug build	2026-10-03T23:48:01.8589950Z     export DEBUG_INFORMATION_VERSION\=compiler-default
build-test	Model and geometry tests; Debug build	2026-10-03T23:48:01.8590620Z     export DEFAULT_COMPILER\=com.apple.compilers.llvm.clang.1_0
build-test	Model and geometry tests; Debug build	2026-10-03T23:48:01.8591100Z     export DEFAULT_DEXT_INSTALL_PATH\=/System/Library/DriverExtensions
build-test	Model and geometry tests; Debug build	2026-10-03T23:48:01.8591630Z     export DEFAULT_KEXT_INSTALL_PATH\=/System/Library/Extensions
build-test	Model and geometry tests; Debug build	2026-10-03T23:48:01.8593770Z     export DEFINES_MODULE\=NO
build-test	Model and geometry tests; Debug build	2026-10-03T23:48:01.8594090Z     export DEPLOYMENT_LOCATION\=NO
build-test	Model and geometry tests; Debug build	2026-10-03T23:48:01.8595030Z     export DEPLOYMENT_POSTPROCESSING\=NO
build-test	Model and geometry tests; Debug build	2026-10-03T23:48:01.8595450Z     export DEPLOYMENT_TARGET_SETTING_NAME\=MACOSX_DEPLOYMENT_TARGET
build-test	Model and geometry tests; Debug build	2026-10-03T23:48:01.8696720Z     export DEPLOYMENT_TARGET_SUGGESTED_VALUES\=10.13\ 10.14\ 10.15\ 11.0\ 11.1\ 11.2\ 11.3\ 11.4\ 11.5\ 12.0\ 12.2\ 12.3\ 12.4\ 13.0\ 13.1\ 13.2\ 13.3\ 13.4\ 13.5\ 14.0\ 14.1\ 14.2\ 14.3\ 14.4\ 14.5\ 14.6\ 15.0\ 15.1\ 15.2\ 15.3\ 15.4\ 15.5
build-test	Model and geometry tests; Debug build	2026-10-03T23:48:01.8711900Z     export DERIVED_FILES_DIR\=/Users/runner/Library/Developer/PhotoAxisBuilds/fe52d68e5807/DerivedData/Build/Intermediates.noindex/PhotoAxis.build/Debug/PhotoAxis.build/DerivedSources
build-test	Model and geometry tests; Debug build	2026-10-03T23:48:01.8715840Z     export DERIVED_FILE_DIR\=/Users/runner/Library/Developer/PhotoAxisBuilds/fe52d68e5807/DerivedData/Build/Intermediates.noindex/PhotoAxis.build/Debug/PhotoAxis.build/DerivedSources
build-test	Model and geometry tests; Debug build	2026-10-03T23:48:01.8740930Z     export DERIVED_SOURCES_DIR\=/Users/runner/Library/Developer/PhotoAxisBuilds/fe52d68e5807/DerivedData/Build/Intermediates.noindex/PhotoAxis.build/Debug/PhotoAxis.build/DerivedSources
build-test	Model and geometry tests; Debug build	2026-10-03T23:48:01.8743860Z     export DEVELOPER_APPLICATIONS_DIR\=/Applications/Xcode_16.4.app/Contents/Developer/Applications
build-test	Model and geometry tests; Debug build	2026-10-03T23:48:01.8744990Z     export DEVELOPER_BIN_DIR\=/Applications/Xcode_16.4.app/Contents/Developer/usr/bin
build-test	Model and geometry tests; Debug build	2026-10-03T23:48:01.8745540Z     export DEVELOPER_DIR\=/Applications/Xcode_16.4.app/Contents/Developer
build-test	Model and geometry tests; Debug build	2026-10-03T23:48:01.8747580Z     export DEVELOPER_FRAMEWORKS_DIR\=/Applications/Xcode_16.4.app/Contents/Developer/Library/Frameworks
build-test	Model and geometry tests; Debug build	2026-10-03T23:48:01.8748740Z     export DEVELOPER_FRAMEWORKS_DIR_QUOTED\=/Applications/Xcode_16.4.app/Contents/Developer/Library/Frameworks
build-test	Model and geometry tests; Debug build	2026-10-03T23:48:01.8756860Z     export DEVELOPER_LIBRARY_DIR\=/Applications/Xcode_16.4.app/Contents/Developer/Library
build-test	Model and geometry tests; Debug build	2026-10-03T23:48:01.8757580Z     export DEVELOPER_SDK_DIR\=/Applications/Xcode_16.4.app/Contents/Developer/Platforms/MacOSX.platform/Developer/SDKs
build-test	Model and geometry tests; Debug build	2026-10-03T23:48:01.8758260Z     export DEVELOPER_TOOLS_DIR\=/Applications/Xcode_16.4.app/Contents/Developer/Tools
build-test	Model and geometry tests; Debug build	2026-10-03T23:48:01.8771430Z     export DEVELOPER_USR_DIR\=/Applications/Xcode_16.4.app/Contents/Developer/usr
build-test	Model and geometry tests; Debug build	2026-10-03T23:48:01.8777150Z     export DEVELOPMENT_LANGUAGE\=en
build-test	Model and geometry tests; Debug build	2026-10-03T23:48:01.8777550Z     export DIAGNOSE_MISSING_TARGET_DEPENDENCIES\=YES
build-test	Model and geometry tests; Debug build	2026-10-03T23:48:01.8777910Z     export DIFF\=/usr/bin/diff
build-test	Model and geometry tests; Debug build	2026-10-03T23:48:01.8779730Z     export DOCUMENTATION_FOLDER_PATH\=PhotoAxis.app/Contents/Resources/en.lproj/Documentation
build-test	Model and geometry tests; Debug build	2026-10-03T23:48:01.8780230Z     export DONT_GENERATE_INFOPLIST_FILE\=NO
build-test	Model and geometry tests; Debug build	2026-10-03T23:48:01.8780600Z     export DSTROOT\=/tmp/PhotoAxis.dst
build-test	Model and geometry tests; Debug build	2026-10-03T23:48:01.8784660Z     export DT_TOOLCHAIN_DIR\=/Applications/Xcode_16.4.app/Contents/Developer/Toolchains/XcodeDefault.xctoolchain
build-test	Model and geometry tests; Debug build	2026-10-03T23:48:01.8785300Z     export DWARF_DSYM_FILE_NAME\=PhotoAxis.app.dSYM
build-test	Model and geometry tests; Debug build	2026-10-03T23:48:01.8785720Z     export DWARF_DSYM_FILE_SHOULD_ACCOMPANY_PRODUCT\=NO
build-test	Model and geometry tests; Debug build	2026-10-03T23:48:01.8788390Z     export DWARF_DSYM_FOLDER_PATH\=/Users/runner/Library/Developer/PhotoAxisBuilds/fe52d68e5807/DerivedData/Build/Products/Debug
build-test	Model and geometry tests; Debug build	2026-10-03T23:48:01.8789540Z     export DYNAMIC_LIBRARY_EXTENSION\=dylib
build-test	Model and geometry tests; Debug build	2026-10-03T23:48:01.8820850Z     export EAGER_COMPILATION_ALLOW_SCRIPTS\=YES
build-test	Model and geometry tests; Debug build	2026-10-03T23:48:01.8824700Z     export EAGER_LINKING\=NO
build-test	Model and geometry tests; Debug build	2026-10-03T23:48:01.8825020Z     export EMBEDDED_CONTENT_CONTAINS_SWIFT\=NO
build-test	Model and geometry tests; Debug build	2026-10-03T23:48:01.8825420Z     export EMBEDDED_PROFILE_NAME\=embedded.provisionprofile
build-test	Model and geometry tests; Debug build	2026-10-03T23:48:01.8825890Z     export EMBED_ASSET_PACKS_IN_PRODUCT_BUNDLE\=NO
build-test	Model and geometry tests; Debug build	2026-10-03T23:48:01.8826490Z     export ENABLE_APP_SANDBOX\=NO
build-test	Model and geometry tests; Debug build	2026-10-03T23:48:01.8826820Z     export ENABLE_BITCODE\=NO
build-test	Model and geometry tests; Debug build	2026-10-03T23:48:01.8827130Z     export ENABLE_CODE_COVERAGE\=YES
build-test	Model and geometry tests; Debug build	2026-10-03T23:48:01.8827940Z     export ENABLE_DEBUG_DYLIB\=YES
build-test	Model and geometry tests; Debug build	2026-10-03T23:48:01.8830750Z     export ENABLE_DEFAULT_HEADER_SEARCH_PATHS\=YES
build-test	Model and geometry tests; Debug build	2026-10-03T23:48:01.8831730Z     export ENABLE_DEFAULT_SEARCH_PATHS\=YES
build-test	Model and geometry tests; Debug build	2026-10-03T23:48:01.8833660Z     export ENABLE_HARDENED_RUNTIME\=NO
build-test	Model and geometry tests; Debug build	2026-10-03T23:48:01.8834320Z     export ENABLE_HEADER_DEPENDENCIES\=YES
build-test	Model and geometry tests; Debug build	2026-10-03T23:48:01.8834680Z     export ENABLE_INCOMING_NETWORK_CONNECTIONS\=NO
build-test	Model and geometry tests; Debug build	2026-10-03T23:48:01.8835230Z     export ENABLE_ON_DEMAND_RESOURCES\=NO
build-test	Model and geometry tests; Debug build	2026-10-03T23:48:01.8836470Z     export ENABLE_OUTGOING_NETWORK_CONNECTIONS\=NO
build-test	Model and geometry tests; Debug build	2026-10-03T23:48:01.8838590Z     export ENABLE_PREVIEWS\=NO
build-test	Model and geometry tests; Debug build	2026-10-03T23:48:01.8839440Z     export ENABLE_RESOURCE_ACCESS_AUDIO_INPUT\=NO
build-test	Model and geometry tests; Debug build	2026-10-03T23:48:01.8841310Z     export ENABLE_RESOURCE_ACCESS_BLUETOOTH\=NO
build-test	Model and geometry tests; Debug build	2026-10-03T23:48:01.8842480Z     export ENABLE_RESOURCE_ACCESS_CALENDARS\=NO
build-test	Model and geometry tests; Debug build	2026-10-03T23:48:01.8843240Z     export ENABLE_RESOURCE_ACCESS_CAMERA\=NO
build-test	Model and geometry tests; Debug build	2026-10-03T23:48:01.8882940Z     export ENABLE_RESOURCE_ACCESS_CONTACTS\=NO
build-test	Model and geometry tests; Debug build	2026-10-03T23:48:01.8884050Z     export ENABLE_RESOURCE_ACCESS_LOCATION\=NO
build-test	Model and geometry tests; Debug build	2026-10-03T23:48:01.8884720Z     export ENABLE_RESOURCE_ACCESS_PRINTING\=NO
build-test	Model and geometry tests; Debug build	2026-10-03T23:48:01.8885140Z     export ENABLE_RESOURCE_ACCESS_USB\=NO
build-test	Model and geometry tests; Debug build	2026-10-03T23:48:01.8987260Z     export ENABLE_SDK_IMPORTS\=NO
build-test	Model and geometry tests; Debug build	2026-10-03T23:48:01.9098520Z     export ENABLE_TESTABILITY\=YES
build-test	Model and geometry tests; Debug build	2026-10-03T23:48:01.9200010Z     export ENABLE_TESTING_SEARCH_PATHS\=NO
build-test	Model and geometry tests; Debug build	2026-10-03T23:48:01.9300720Z     export ENABLE_USER_SCRIPT_SANDBOXING\=YES
build-test	Model and geometry tests; Debug build	2026-10-03T23:48:01.9409950Z     export ENABLE_XOJIT_PREVIEWS\=YES
build-test	Model and geometry tests; Debug build	2026-10-03T23:48:01.9459180Z     export ENFORCE_VALID_ARCHS\=YES
build-test	Model and geometry tests; Debug build	2026-10-03T23:48:01.9459560Z     export ENTITLEMENTS_ALLOWED\=YES
build-test	Model and geometry tests; Debug build	2026-10-03T23:48:01.9460810Z     export ENTITLEMENTS_DESTINATION\=Signature
build-test	Model and geometry tests; Debug build	2026-10-03T23:48:01.9468870Z     export ENTITLEMENTS_REQUIRED\=NO
build-test	Model and geometry tests; Debug build	2026-10-03T23:48:01.9470320Z     export EXCLUDED_INSTALLSRC_SUBDIRECTORY_PATTERNS\=.DS_Store\ .svn\ .git\ .hg\ CVS
build-test	Model and geometry tests; Debug build	2026-10-03T23:48:01.9473120Z     export EXCLUDED_RECURSIVE_SEARCH_PATH_SUBDIRECTORIES\=\*.nib\ \*.lproj\ \*.framework\ \*.gch\ \*.xcode\*\ \*.xcassets\ \(\*\)\ .DS_Store\ CVS\ .svn\ .git\ .hg\ \*.pbproj\ \*.pbxproj
build-test	Model and geometry tests; Debug build	2026-10-03T23:48:01.9574130Z     export EXECUTABLES_FOLDER_PATH\=PhotoAxis.app/Contents/Executables
build-test	Model and geometry tests; Debug build	2026-10-03T23:48:01.9676420Z     export EXECUTABLE_BLANK_INJECTION_DYLIB_PATH\=PhotoAxis.app/Contents/MacOS/__preview.dylib
build-test	Model and geometry tests; Debug build	2026-10-03T23:48:01.9709860Z     export EXECUTABLE_DEBUG_DYLIB_INSTALL_NAME\=@rpath/PhotoAxis.debug.dylib
build-test	Model and geometry tests; Debug build	2026-10-03T23:48:01.9712590Z     export EXECUTABLE_DEBUG_DYLIB_PATH\=PhotoAxis.app/Contents/MacOS/PhotoAxis.debug.dylib
build-test	Model and geometry tests; Debug build	2026-10-03T23:48:01.9713790Z     export EXECUTABLE_FOLDER_PATH\=PhotoAxis.app/Contents/MacOS
build-test	Model and geometry tests; Debug build	2026-10-03T23:48:01.9716750Z     export EXECUTABLE_FOLDER_PATH_SHALLOW_BUNDLE_NO\=PhotoAxis.app/Contents/MacOS
build-test	Model and geometry tests; Debug build	2026-10-03T23:48:01.9732820Z     export EXECUTABLE_FOLDER_PATH_SHALLOW_BUNDLE_YES\=PhotoAxis.app/Contents
build-test	Model and geometry tests; Debug build	2026-10-03T23:48:01.9740110Z     export EXECUTABLE_NAME\=PhotoAxis
build-test	Model and geometry tests; Debug build	2026-10-03T23:48:01.9742310Z     export EXECUTABLE_PATH\=PhotoAxis.app/Contents/MacOS/PhotoAxis
build-test	Model and geometry tests; Debug build	2026-10-03T23:48:01.9843490Z     export EXPANDED_CODE_SIGN_IDENTITY\=-
build-test	Model and geometry tests; Debug build	2026-10-03T23:48:01.9944330Z     export EXPANDED_CODE_SIGN_IDENTITY_NAME\=Sign\ to\ Run\ Locally
build-test	Model and geometry tests; Debug build	2026-10-03T23:48:02.0046670Z     export EXTENSIONS_FOLDER_PATH\=PhotoAxis.app/Contents/Extensions
build-test	Model and geometry tests; Debug build	2026-10-03T23:48:02.0067580Z     export FILE_LIST\=/Users/runner/Library/Developer/PhotoAxisBuilds/fe52d68e5807/DerivedData/Build/Intermediates.noindex/PhotoAxis.build/Debug/PhotoAxis.build/Objects/LinkFileList
build-test	Model and geometry tests; Debug build	2026-10-03T23:48:02.0072360Z     export FIXED_FILES_DIR\=/Users/runner/Library/Developer/PhotoAxisBuilds/fe52d68e5807/DerivedData/Build/Intermediates.noindex/PhotoAxis.build/Debug/PhotoAxis.build/FixedFiles
build-test	Model and geometry tests; Debug build	2026-10-03T23:48:02.0077240Z     export FRAMEWORKS_FOLDER_PATH\=PhotoAxis.app/Contents/Frameworks
build-test	Model and geometry tests; Debug build	2026-10-03T23:48:02.0077810Z     export FRAMEWORK_FLAG_PREFIX\=-framework
build-test	Model and geometry tests; Debug build	2026-10-03T23:48:02.0081810Z     export FRAMEWORK_SEARCH_PATHS\=/Users/runner/Library/Developer/PhotoAxisBuilds/fe52d68e5807/DerivedData/Build/Products/Debug\ 
build-test	Model and geometry tests; Debug build	2026-10-03T23:48:02.0083250Z     export FRAMEWORK_VERSION\=A
build-test	Model and geometry tests; Debug build	2026-10-03T23:48:02.0083590Z     export FULL_PRODUCT_NAME\=PhotoAxis.app
build-test	Model and geometry tests; Debug build	2026-10-03T23:48:02.0084340Z     export FUSE_BUILD_PHASES\=YES
build-test	Model and geometry tests; Debug build	2026-10-03T23:48:02.0084800Z     export FUSE_BUILD_SCRIPT_PHASES\=NO
build-test	Model and geometry tests; Debug build	2026-10-03T23:48:02.0085560Z     export GCC3_VERSION\=3.3
build-test	Model and geometry tests; Debug build	2026-10-03T23:48:02.0086540Z     export GCC_DYNAMIC_NO_PIC\=NO
build-test	Model and geometry tests; Debug build	2026-10-03T23:48:02.0086920Z     export GCC_INLINES_ARE_PRIVATE_EXTERN\=YES
build-test	Model and geometry tests; Debug build	2026-10-03T23:48:02.0093160Z     export GCC_PFE_FILE_C_DIALECTS\=c\ objective-c\ c++\ objective-c++
build-test	Model and geometry tests; Debug build	2026-10-03T23:48:02.0097900Z     export GCC_SYMBOLS_PRIVATE_EXTERN\=NO
build-test	Model and geometry tests; Debug build	2026-10-03T23:48:02.0126590Z     export GCC_TREAT_WARNINGS_AS_ERRORS\=NO
build-test	Model and geometry tests; Debug build	2026-10-03T23:48:02.0227760Z     export GCC_VERSION\=com.apple.compilers.llvm.clang.1_0
build-test	Model and geometry tests; Debug build	2026-10-03T23:48:02.0281350Z     export GCC_VERSION_IDENTIFIER\=com_apple_compilers_llvm_clang_1_0
build-test	Model and geometry tests; Debug build	2026-10-03T23:48:02.0281900Z     export GCC_WARN_64_TO_32_BIT_CONVERSION\=NO
build-test	Model and geometry tests; Debug build	2026-10-03T23:48:02.0283250Z     export GENERATED_MODULEMAP_DIR\=/Users/runner/Library/Developer/PhotoAxisBuilds/fe52d68e5807/DerivedData/Build/Intermediates.noindex/GeneratedModuleMaps
build-test	Model and geometry tests; Debug build	2026-10-03T23:48:02.0284780Z     export GENERATE_INFOPLIST_FILE\=NO
build-test	Model and geometry tests; Debug build	2026-10-03T23:48:02.0287620Z     export GENERATE_INTERMEDIATE_TEXT_BASED_STUBS\=YES
build-test	Model and geometry tests; Debug build	2026-10-03T23:48:02.0290960Z     export GENERATE_MASTER_OBJECT_FILE\=NO
build-test	Model and geometry tests; Debug build	2026-10-03T23:48:02.0291350Z     export GENERATE_PKGINFO_FILE\=YES
build-test	Model and geometry tests; Debug build	2026-10-03T23:48:02.0295380Z     export GENERATE_PROFILING_CODE\=NO
build-test	Model and geometry tests; Debug build	2026-10-03T23:48:02.0295930Z     export GENERATE_TEXT_BASED_STUBS\=NO
build-test	Model and geometry tests; Debug build	2026-10-03T23:48:02.0298490Z     export GID\=20
build-test	Model and geometry tests; Debug build	2026-10-03T23:48:02.0301420Z     export GROUP\=staff
build-test	Model and geometry tests; Debug build	2026-10-03T23:48:02.0304460Z     export HEADERMAP_INCLUDES_FLAT_ENTRIES_FOR_TARGET_BEING_BUILT\=YES
build-test	Model and geometry tests; Debug build	2026-10-03T23:48:02.0304960Z     export HEADERMAP_INCLUDES_FRAMEWORK_ENTRIES_FOR_ALL_PRODUCT_TYPES\=YES
build-test	Model and geometry tests; Debug build	2026-10-03T23:48:02.0305860Z     export HEADERMAP_INCLUDES_FRAMEWORK_ENTRIES_FOR_TARGETS_NOT_BEING_BUILT\=YES
build-test	Model and geometry tests; Debug build	2026-10-03T23:48:02.0307190Z     export HEADERMAP_INCLUDES_NONPUBLIC_NONPRIVATE_HEADERS\=YES
build-test	Model and geometry tests; Debug build	2026-10-03T23:48:02.0309550Z     export HEADERMAP_INCLUDES_PROJECT_HEADERS\=YES
build-test	Model and geometry tests; Debug build	2026-10-03T23:48:02.0310250Z     export HEADERMAP_USES_FRAMEWORK_PREFIX_ENTRIES\=YES
build-test	Model and geometry tests; Debug build	2026-10-03T23:48:02.0311790Z     export HEADERMAP_USES_VFS\=NO
build-test	Model and geometry tests; Debug build	2026-10-03T23:48:02.0312410Z     export HEADER_SEARCH_PATHS\=/Users/runner/Library/Developer/PhotoAxisBuilds/fe52d68e5807/DerivedData/Build/Products/Debug/include\ 
build-test	Model and geometry tests; Debug build	2026-10-03T23:48:02.0315930Z     export HIDE_BITCODE_SYMBOLS\=YES
build-test	Model and geometry tests; Debug build	2026-10-03T23:48:02.0319860Z     export HOME\=/Users/runner
build-test	Model and geometry tests; Debug build	2026-10-03T23:48:02.0321150Z     export HOST_ARCH\=arm64
build-test	Model and geometry tests; Debug build	2026-10-03T23:48:02.0322720Z     export HOST_PLATFORM\=macosx
build-test	Model and geometry tests; Debug build	2026-10-03T23:48:02.0326260Z     export ICONV\=/usr/bin/iconv
build-test	Model and geometry tests; Debug build	2026-10-03T23:48:02.0327430Z     export IMPLICIT_DEPENDENCY_DOMAIN\=default
build-test	Model and geometry tests; Debug build	2026-10-03T23:48:02.0336360Z     export INFOPLIST_ENABLE_CFBUNDLEICONS_MERGE\=YES
build-test	Model and geometry tests; Debug build	2026-10-03T23:48:02.0337360Z     export INFOPLIST_EXPAND_BUILD_SETTINGS\=YES
build-test	Model and geometry tests; Debug build	2026-10-03T23:48:02.0340790Z     export INFOPLIST_FILE\=Config/Info.plist
build-test	Model and geometry tests; Debug build	2026-10-03T23:48:02.0345000Z     export INFOPLIST_OUTPUT_FORMAT\=same-as-input
build-test	Model and geometry tests; Debug build	2026-10-03T23:48:02.0445720Z     export INFOPLIST_PATH\=PhotoAxis.app/Contents/Info.plist
build-test	Model and geometry tests; Debug build	2026-10-03T23:48:02.0491230Z     export INFOPLIST_PREPROCESS\=NO
build-test	Model and geometry tests; Debug build	2026-10-03T23:48:02.0492690Z     export INFOSTRINGS_PATH\=PhotoAxis.app/Contents/Resources/en.lproj/InfoPlist.strings
build-test	Model and geometry tests; Debug build	2026-10-03T23:48:02.0496820Z     export INLINE_PRIVATE_FRAMEWORKS\=NO
build-test	Model and geometry tests; Debug build	2026-10-03T23:48:02.0524370Z     export INSTALLAPI_IGNORE_SKIP_INSTALL\=YES
build-test	Model and geometry tests; Debug build	2026-10-03T23:48:02.0524810Z     export INSTALLHDRS_COPY_PHASE\=NO
build-test	Model and geometry tests; Debug build	2026-10-03T23:48:02.0526840Z     export INSTALLHDRS_SCRIPT_PHASE\=NO
build-test	Model and geometry tests; Debug build	2026-10-03T23:48:02.0527250Z     export INSTALL_DIR\=/tmp/PhotoAxis.dst/Applications
build-test	Model and geometry tests; Debug build	2026-10-03T23:48:02.0536020Z     export INSTALL_GROUP\=staff
build-test	Model and geometry tests; Debug build	2026-10-03T23:48:02.0536420Z     export INSTALL_MODE_FLAG\=u+w,go-w,a+rX
build-test	Model and geometry tests; Debug build	2026-10-03T23:48:02.0537270Z     export INSTALL_OWNER\=runner
build-test	Model and geometry tests; Debug build	2026-10-03T23:48:02.0537670Z     export INSTALL_PATH\=/Applications
build-test	Model and geometry tests; Debug build	2026-10-03T23:48:02.0538650Z     export INSTALL_ROOT\=/tmp/PhotoAxis.dst
build-test	Model and geometry tests; Debug build	2026-10-03T23:48:02.0539300Z     export IOS_UNZIPPERED_TWIN_PREFIX_PATH\=/System/iOSSupport
build-test	Model and geometry tests; Debug build	2026-10-03T23:48:02.0539690Z     export IS_MACCATALYST\=NO
build-test	Model and geometry tests; Debug build	2026-10-03T23:48:02.0540000Z     export IS_UNOPTIMIZED_BUILD\=YES
build-test	Model and geometry tests; Debug build	2026-10-03T23:48:02.0543070Z     export JAVAC_DEFAULT_FLAGS\=-J-Xms64m\ -J-XX:NewSize\=4M\ -J-Dfile.encoding\=UTF8
build-test	Model and geometry tests; Debug build	2026-10-03T23:48:02.0561020Z     export JAVA_APP_STUB\=/System/Library/Frameworks/JavaVM.framework/Resources/MacOS/JavaApplicationStub
build-test	Model and geometry tests; Debug build	2026-10-03T23:48:02.0563200Z     export JAVA_ARCHIVE_CLASSES\=YES
build-test	Model and geometry tests; Debug build	2026-10-03T23:48:02.0564620Z     export JAVA_ARCHIVE_TYPE\=JAR
build-test	Model and geometry tests; Debug build	2026-10-03T23:48:02.0570290Z     export JAVA_COMPILER\=/usr/bin/javac
build-test	Model and geometry tests; Debug build	2026-10-03T23:48:02.0571080Z     export JAVA_FOLDER_PATH\=PhotoAxis.app/Contents/Resources/Java
build-test	Model and geometry tests; Debug build	2026-10-03T23:48:02.0577320Z     export JAVA_FRAMEWORK_RESOURCES_DIRS\=Resources
build-test	Model and geometry tests; Debug build	2026-10-03T23:48:02.0578740Z     export JAVA_JAR_FLAGS\=cv
build-test	Model and geometry tests; Debug build	2026-10-03T23:48:02.0580920Z     export JAVA_SOURCE_SUBDIR\=.
build-test	Model and geometry tests; Debug build	2026-10-03T23:48:02.0581250Z     export JAVA_USE_DEPENDENCIES\=YES
build-test	Model and geometry tests; Debug build	2026-10-03T23:48:02.0581970Z     export JAVA_ZIP_FLAGS\=-urg
build-test	Model and geometry tests; Debug build	2026-10-03T23:48:02.0586360Z     export JIKES_DEFAULT_FLAGS\=+E\ +OLDCSO
build-test	Model and geometry tests; Debug build	2026-10-03T23:48:02.0588620Z     export KASAN_CFLAGS_CLASSIC\=-DKASAN\=1\ -DKASAN_CLASSIC\=1\ -fsanitize\=address\ -mllvm\ -asan-globals-live-support\ -mllvm\ -asan-force-dynamic-shadow
build-test	Model and geometry tests; Debug build	2026-10-03T23:48:02.0590880Z     export KASAN_CFLAGS_TBI\=-DKASAN\=1\ -DKASAN_TBI\=1\ -fsanitize\=kernel-hwaddress\ -mllvm\ -hwasan-recover\=0\ -mllvm\ -hwasan-instrument-atomics\=0\ -mllvm\ -hwasan-instrument-stack\=1\ -mllvm\ -hwasan-generate-tags-with-calls\=1\ -mllvm\ -hwasan-instrument-with-calls\=1\ -mllvm\ -hwasan-use-short-granules\=0\ -mllvm\ -hwasan-memory-access-callback-prefix\=__asan_
build-test	Model and geometry tests; Debug build	2026-10-03T23:48:02.0612760Z     export KASAN_DEFAULT_CFLAGS\=-DKASAN\=1\ -DKASAN_CLASSIC\=1\ -fsanitize\=address\ -mllvm\ -asan-globals-live-support\ -mllvm\ -asan-force-dynamic-shadow
build-test	Model and geometry tests; Debug build	2026-10-03T23:48:02.0614700Z     export KEEP_PRIVATE_EXTERNS\=NO
build-test	Model and geometry tests; Debug build	2026-10-03T23:48:02.0615720Z     export LD_DEPENDENCY_INFO_FILE\=/Users/runner/Library/Developer/PhotoAxisBuilds/fe52d68e5807/DerivedData/Build/Intermediates.noindex/PhotoAxis.build/Debug/PhotoAxis.build/Objects-normal/undefined_arch/PhotoAxis_dependency_info.dat
build-test	Model and geometry tests; Debug build	2026-10-03T23:48:02.0717780Z     export LD_EXPORT_SYMBOLS\=YES
build-test	Model and geometry tests; Debug build	2026-10-03T23:48:02.0819210Z     export LD_GENERATE_MAP_FILE\=NO
build-test	Model and geometry tests; Debug build	2026-10-03T23:48:02.0941720Z     export LD_MAP_FILE_PATH\=/Users/runner/Library/Developer/PhotoAxisBuilds/fe52d68e5807/DerivedData/Build/Intermediates.noindex/PhotoAxis.build/Debug/PhotoAxis.build/PhotoAxis-LinkMap-normal-undefined_arch.txt
build-test	Model and geometry tests; Debug build	2026-10-03T23:48:02.1043220Z     export LD_NO_PIE\=NO
build-test	Model and geometry tests; Debug build	2026-10-03T23:48:02.1088970Z     export LD_QUOTE_LINKER_ARGUMENTS_FOR_COMPILER_DRIVER\=YES
build-test	Model and geometry tests; Debug build	2026-10-03T23:48:02.1090930Z     export LD_RUNPATH_SEARCH_PATHS\=\ @executable_path/../Frameworks\ @loader_path/../Frameworks
build-test	Model and geometry tests; Debug build	2026-10-03T23:48:02.1193070Z     export LD_RUNPATH_SEARCH_PATHS_YES\=@loader_path/../Frameworks
build-test	Model and geometry tests; Debug build	2026-10-03T23:48:02.1294280Z     export LD_SHARED_CACHE_ELIGIBLE\=Automatic
build-test	Model and geometry tests; Debug build	2026-10-03T23:48:02.1395090Z     export LD_WARN_DUPLICATE_LIBRARIES\=NO
build-test	Model and geometry tests; Debug build	2026-10-03T23:48:02.1497090Z     export LD_WARN_UNUSED_DYLIBS\=NO
build-test	Model and geometry tests; Debug build	2026-10-03T23:48:02.1598770Z     export LEGACY_DEVELOPER_DIR\=/Applications/Xcode_16.4.app/Contents/PlugIns/Xcode3Core.ideplugin/Contents/SharedSupport/Developer
build-test	Model and geometry tests; Debug build	2026-10-03T23:48:02.1699710Z     export LEX\=lex
build-test	Model and geometry tests; Debug build	2026-10-03T23:48:02.1800580Z     export LIBRARY_DEXT_INSTALL_PATH\=/Library/DriverExtensions
build-test	Model and geometry tests; Debug build	2026-10-03T23:48:02.1901390Z     export LIBRARY_FLAG_NOSPACE\=YES
build-test	Model and geometry tests; Debug build	2026-10-03T23:48:02.2002140Z     export LIBRARY_FLAG_PREFIX\=-l
build-test	Model and geometry tests; Debug build	2026-10-03T23:48:02.2102900Z     export LIBRARY_KEXT_INSTALL_PATH\=/Library/Extensions
build-test	Model and geometry tests; Debug build	2026-10-03T23:48:02.2203930Z     export LIBRARY_SEARCH_PATHS\=/Users/runner/Library/Developer/PhotoAxisBuilds/fe52d68e5807/DerivedData/Build/Products/Debug\ 
build-test	Model and geometry tests; Debug build	2026-10-03T23:48:02.2305050Z     export LINKER_DISPLAYS_MANGLED_NAMES\=NO
build-test	Model and geometry tests; Debug build	2026-10-03T23:48:02.2406670Z     export LINK_FILE_LIST_normal_arm64\=/Users/runner/Library/Developer/PhotoAxisBuilds/fe52d68e5807/DerivedData/Build/Intermediates.noindex/PhotoAxis.build/Debug/PhotoAxis.build/Objects-normal/arm64/PhotoAxis.LinkFileList
build-test	Model and geometry tests; Debug build	2026-10-03T23:48:02.2508610Z     export LINK_OBJC_RUNTIME\=YES
build-test	Model and geometry tests; Debug build	2026-10-03T23:48:02.2559830Z     export LINK_WITH_STANDARD_LIBRARIES\=YES
build-test	Model and geometry tests; Debug build	2026-10-03T23:48:02.2560260Z     export LLVM_TARGET_TRIPLE_OS_VERSION\=macos14.0
build-test	Model and geometry tests; Debug build	2026-10-03T23:48:02.2562200Z     export LLVM_TARGET_TRIPLE_OS_VERSION_NO\=macos14.0
build-test	Model and geometry tests; Debug build	2026-10-03T23:48:02.2566000Z     export LLVM_TARGET_TRIPLE_OS_VERSION_YES\=macos15.5
build-test	Model and geometry tests; Debug build	2026-10-03T23:48:02.2603110Z     export LLVM_TARGET_TRIPLE_VENDOR\=apple
build-test	Model and geometry tests; Debug build	2026-10-03T23:48:02.2605160Z     export LM_AUX_CONST_METADATA_LIST_PATH_normal_arm64\=/Users/runner/Library/Developer/PhotoAxisBuilds/fe52d68e5807/DerivedData/Build/Intermediates.noindex/PhotoAxis.build/Debug/PhotoAxis.build/Objects-normal/arm64/PhotoAxis.SwiftConstValuesFileList
build-test	Model and geometry tests; Debug build	2026-10-03T23:48:02.2606770Z     export LOCALIZATION_EXPORT_SUPPORTED\=YES
build-test	Model and geometry tests; Debug build	2026-10-03T23:48:02.2608130Z     export LOCALIZATION_PREFERS_STRING_CATALOGS\=NO
build-test	Model and geometry tests; Debug build	2026-10-03T23:48:02.2608790Z     export LOCALIZED_RESOURCES_FOLDER_PATH\=PhotoAxis.app/Contents/Resources/en.lproj
build-test	Model and geometry tests; Debug build	2026-10-03T23:48:02.2612280Z     export LOCALIZED_STRING_MACRO_NAMES\=NSLocalizedString\ CFCopyLocalizedString
build-test	Model and geometry tests; Debug build	2026-10-03T23:48:02.2614030Z     export LOCALIZED_STRING_SWIFTUI_SUPPORT\=YES
build-test	Model and geometry tests; Debug build	2026-10-03T23:48:02.2614480Z     export LOCAL_ADMIN_APPS_DIR\=/Applications/Utilities
build-test	Model and geometry tests; Debug build	2026-10-03T23:48:02.2642640Z     export LOCAL_APPS_DIR\=/Applications
build-test	Model and geometry tests; Debug build	2026-10-03T23:48:02.2646460Z     export LOCAL_DEVELOPER_DIR\=/Library/Developer
build-test	Model and geometry tests; Debug build	2026-10-03T23:48:02.2646880Z     export LOCAL_LIBRARY_DIR\=/Library
build-test	Model and geometry tests; Debug build	2026-10-03T23:48:02.2647250Z     export LOCROOT\=$REPO
build-test	Model and geometry tests; Debug build	2026-10-03T23:48:02.2673380Z     export LOCSYMROOT\=$REPO
build-test	Model and geometry tests; Debug build	2026-10-03T23:48:02.2675360Z     export MACH_O_TYPE\=mh_execute
build-test	Model and geometry tests; Debug build	2026-10-03T23:48:02.2678060Z     export MACOSX_DEPLOYMENT_TARGET\=14.0
build-test	Model and geometry tests; Debug build	2026-10-03T23:48:02.2678430Z     export MAC_OS_X_PRODUCT_BUILD_VERSION\=24G830
build-test	Model and geometry tests; Debug build	2026-10-03T23:48:02.2678790Z     export MAC_OS_X_VERSION_ACTUAL\=150709
build-test	Model and geometry tests; Debug build	2026-10-03T23:48:02.2679120Z     export MAC_OS_X_VERSION_MAJOR\=150000
build-test	Model and geometry tests; Debug build	2026-10-03T23:48:02.2679440Z     export MAC_OS_X_VERSION_MINOR\=150700
build-test	Model and geometry tests; Debug build	2026-10-03T23:48:02.2681170Z     export MAKE_MERGEABLE\=NO
build-test	Model and geometry tests; Debug build	2026-10-03T23:48:02.2681510Z     export MARKETING_VERSION\=1.0.0
build-test	Model and geometry tests; Debug build	2026-10-03T23:48:02.2683010Z     export MERGEABLE_LIBRARY\=NO
build-test	Model and geometry tests; Debug build	2026-10-03T23:48:02.2683420Z     export MERGED_BINARY_TYPE\=none
build-test	Model and geometry tests; Debug build	2026-10-03T23:48:02.2683740Z     export MERGE_LINKED_LIBRARIES\=NO
build-test	Model and geometry tests; Debug build	2026-10-03T23:48:02.2684080Z     export METAL_LIBRARY_FILE_BASE\=default
build-test	Model and geometry tests; Debug build	2026-10-03T23:48:02.2685040Z     export METAL_LIBRARY_OUTPUT_DIR\=/Users/runner/Library/Developer/PhotoAxisBuilds/fe52d68e5807/DerivedData/Build/Products/Debug/PhotoAxis.app/Contents/Resources
build-test	Model and geometry tests; Debug build	2026-10-03T23:48:02.2705720Z     export MODULES_FOLDER_PATH\=PhotoAxis.app/Contents/Modules
build-test	Model and geometry tests; Debug build	2026-10-03T23:48:02.2707000Z     export MODULE_CACHE_DIR\=/Users/runner/Library/Developer/PhotoAxisBuilds/fe52d68e5807/DerivedData/ModuleCache.noindex
build-test	Model and geometry tests; Debug build	2026-10-03T23:48:02.2708390Z     export NATIVE_ARCH\=arm64
build-test	Model and geometry tests; Debug build	2026-10-03T23:48:02.2709780Z     export NATIVE_ARCH_32_BIT\=arm
build-test	Model and geometry tests; Debug build	2026-10-03T23:48:02.2710380Z     export NATIVE_ARCH_64_BIT\=arm64
build-test	Model and geometry tests; Debug build	2026-10-03T23:48:02.2723250Z     export NATIVE_ARCH_ACTUAL\=arm64
build-test	Model and geometry tests; Debug build	2026-10-03T23:48:02.2728030Z     export NO_COMMON\=YES
build-test	Model and geometry tests; Debug build	2026-10-03T23:48:02.2737560Z     export OBJECT_FILE_DIR\=/Users/runner/Library/Developer/PhotoAxisBuilds/fe52d68e5807/DerivedData/Build/Intermediates.noindex/PhotoAxis.build/Debug/PhotoAxis.build/Objects
build-test	Model and geometry tests; Debug build	2026-10-03T23:48:02.2745140Z     export OBJECT_FILE_DIR_normal\=/Users/runner/Library/Developer/PhotoAxisBuilds/fe52d68e5807/DerivedData/Build/Intermediates.noindex/PhotoAxis.build/Debug/PhotoAxis.build/Objects-normal
build-test	Model and geometry tests; Debug build	2026-10-03T23:48:02.2746990Z     export OBJROOT\=/Users/runner/Library/Developer/PhotoAxisBuilds/fe52d68e5807/DerivedData/Build/Intermediates.noindex
build-test	Model and geometry tests; Debug build	2026-10-03T23:48:02.2760840Z     export ONLY_ACTIVE_ARCH\=NO
build-test	Model and geometry tests; Debug build	2026-10-03T23:48:02.2761690Z     export OS\=MACOS
build-test	Model and geometry tests; Debug build	2026-10-03T23:48:02.2764950Z     export OSAC\=/usr/bin/osacompile
build-test	Model and geometry tests; Debug build	2026-10-03T23:48:02.2766710Z     export PACKAGE_TYPE\=com.apple.package-type.wrapper.application
build-test	Model and geometry tests; Debug build	2026-10-03T23:48:02.2767130Z     export PASCAL_STRINGS\=YES
build-test	Model and geometry tests; Debug build	2026-10-03T23:48:02.2773550Z     export PATH\=/Applications/Xcode_16.4.app/Contents/SharedFrameworks/SwiftBuild.framework/Versions/A/PlugIns/SWBBuildService.bundle/Contents/PlugIns/SWBUniversalPlatformPlugin.bundle/Contents/Frameworks/SWBUniversalPlatform.framework/Resources:/Applications/Xcode_16.4.app/Contents/Developer/Toolchains/XcodeDefault.xctoolchain/usr/bin:/Applications/Xcode_16.4.app/Contents/Developer/Toolchains/XcodeDefault.xctoolchain/usr/local/bin:/Applications/Xcode_16.4.app/Contents/Developer/Toolchains/XcodeDefault.xctoolchain/usr/libexec:/Applications/Xcode_16.4.app/Contents/Developer/Platforms/MacOSX.platform/usr/bin:/Applications/Xcode_16.4.app/Contents/Developer/Platforms/MacOSX.platform/usr/local/bin:/Applications/Xcode_16.4.app/Contents/Developer/Platforms/MacOSX.platform/Developer/usr/bin:/Applications/Xcode_16.4.app/Contents/Developer/Platforms/MacOSX.platform/Developer/usr/local/bin:/Applications/Xcode_16.4.app/Contents/Developer/usr/bin:/Applications/Xcode_16.4.app/Contents/Developer/usr/local/bin:/opt/homebrew/lib/ruby/gems/3.3.0/bin:/opt/homebrew/opt/ruby@3.3/bin:/Users/runner/.local/bin:/opt/homebrew/bin:/opt/homebrew/sbin:/Users/runner/.cargo/bin:/usr/local/opt/curl/bin:/usr/local/bin:/usr/local/sbin:/Users/runner/bin:/Users/runner/.yarn/bin:/Users/runner/Library/Android/sdk/tools:/Users/runner/Library/Android/sdk/platform-tools:/Library/Frameworks/Python.framework/Versions/Current/bin:/Library/Frameworks/Mono.framework/Versions/Current/Commands:/usr/bin:/bin:/usr/sbin:/sbin:/Users/runner/.dotnet/tools
build-test	Model and geometry tests; Debug build	2026-10-03T23:48:02.2781690Z     export PATH_PREFIXES_EXCLUDED_FROM_HEADER_DEPENDENCIES\=/usr/include\ /usr/local/include\ /System/Library/Frameworks\ /System/Library/PrivateFrameworks\ /Applications/Xcode_16.4.app/Contents/Developer/Headers\ /Applications/Xcode_16.4.app/Contents/Developer/SDKs\ /Applications/Xcode_16.4.app/Contents/Developer/Platforms
build-test	Model and geometry tests; Debug build	2026-10-03T23:48:02.2784550Z     export PBDEVELOPMENTPLIST_PATH\=PhotoAxis.app/Contents/pbdevelopment.plist
build-test	Model and geometry tests; Debug build	2026-10-03T23:48:02.2788230Z     export PER_ARCH_MODULE_FILE_DIR\=/Users/runner/Library/Developer/PhotoAxisBuilds/fe52d68e5807/DerivedData/Build/Intermediates.noindex/PhotoAxis.build/Debug/PhotoAxis.build/Objects-normal/undefined_arch
build-test	Model and geometry tests; Debug build	2026-10-03T23:48:02.2790540Z     export PER_ARCH_OBJECT_FILE_DIR\=/Users/runner/Library/Developer/PhotoAxisBuilds/fe52d68e5807/DerivedData/Build/Intermediates.noindex/PhotoAxis.build/Debug/PhotoAxis.build/Objects-normal/undefined_arch
build-test	Model and geometry tests; Debug build	2026-10-03T23:48:02.2798450Z     export PER_VARIANT_OBJECT_FILE_DIR\=/Users/runner/Library/Developer/PhotoAxisBuilds/fe52d68e5807/DerivedData/Build/Intermediates.noindex/PhotoAxis.build/Debug/PhotoAxis.build/Objects-normal
build-test	Model and geometry tests; Debug build	2026-10-03T23:48:02.2801130Z     export PHOTOAXIS_APP_BUNDLE_ID\=local.photoaxis.development
build-test	Model and geometry tests; Debug build	2026-10-03T23:48:02.2802020Z     export PHOTOAXIS_CASE_UTI\=com.photoaxis.document.investigation
build-test	Model and geometry tests; Debug build	2026-10-03T23:48:02.2813890Z     export PHOTOAXIS_CORE_BUNDLE_ID\=local.photoaxis.core
build-test	Model and geometry tests; Debug build	2026-10-03T23:48:02.2815530Z     export PHOTOAXIS_DOCUMENT_UTI\=com.photoaxis.document
build-test	Model and geometry tests; Debug build	2026-10-03T23:48:02.2820070Z     export PKGINFO_FILE_PATH\=/Users/runner/Library/Developer/PhotoAxisBuilds/fe52d68e5807/DerivedData/Build/Intermediates.noindex/PhotoAxis.build/Debug/PhotoAxis.build/PkgInfo
build-test	Model and geometry tests; Debug build	2026-10-03T23:48:02.2821280Z     export PKGINFO_PATH\=PhotoAxis.app/Contents/PkgInfo
build-test	Model and geometry tests; Debug build	2026-10-03T23:48:02.2822180Z     export PLATFORM_DEVELOPER_APPLICATIONS_DIR\=/Applications/Xcode_16.4.app/Contents/Developer/Applications
build-test	Model and geometry tests; Debug build	2026-10-03T23:48:02.2852860Z     export PLATFORM_DEVELOPER_BIN_DIR\=/Applications/Xcode_16.4.app/Contents/Developer/usr/bin
build-test	Model and geometry tests; Debug build	2026-10-03T23:48:02.2855980Z     export PLATFORM_DEVELOPER_LIBRARY_DIR\=/Applications/Xcode_16.4.app/Contents/Developer/Library
build-test	Model and geometry tests; Debug build	2026-10-03T23:48:02.2857610Z     export PLATFORM_DEVELOPER_SDK_DIR\=/Applications/Xcode_16.4.app/Contents/Developer/Platforms/MacOSX.platform/Developer/SDKs
build-test	Model and geometry tests; Debug build	2026-10-03T23:48:02.2874220Z     export PLATFORM_DEVELOPER_TOOLS_DIR\=/Applications/Xcode_16.4.app/Contents/Developer/Tools
build-test	Model and geometry tests; Debug build	2026-10-03T23:48:02.2874850Z     export PLATFORM_DEVELOPER_USR_DIR\=/Applications/Xcode_16.4.app/Contents/Developer/usr
build-test	Model and geometry tests; Debug build	2026-10-03T23:48:02.2885620Z     export PLATFORM_DIR\=/Applications/Xcode_16.4.app/Contents/Developer/Platforms/MacOSX.platform
build-test	Model and geometry tests; Debug build	2026-10-03T23:48:02.2904010Z     export PLATFORM_DISPLAY_NAME\=macOS
build-test	Model and geometry tests; Debug build	2026-10-03T23:48:02.2971700Z     export PLATFORM_FAMILY_NAME\=macOS
build-test	Model and geometry tests; Debug build	2026-10-03T23:48:02.2972110Z     export PLATFORM_NAME\=macosx
build-test	Model and geometry tests; Debug build	2026-10-03T23:48:02.2975690Z     export PLATFORM_PREFERRED_ARCH\=x86_64
build-test	Model and geometry tests; Debug build	2026-10-03T23:48:02.2979180Z     export PLATFORM_PRODUCT_BUILD_VERSION\=24F74
build-test	Model and geometry tests; Debug build	2026-10-03T23:48:02.2980510Z     export PLATFORM_REQUIRES_SWIFT_AUTOLINK_EXTRACT\=NO
build-test	Model and geometry tests; Debug build	2026-10-03T23:48:02.2987180Z     export PLATFORM_REQUIRES_SWIFT_MODULEWRAP\=NO
build-test	Model and geometry tests; Debug build	2026-10-03T23:48:02.2988030Z     export PLIST_FILE_OUTPUT_FORMAT\=same-as-input
build-test	Model and geometry tests; Debug build	2026-10-03T23:48:02.2988920Z     export PLUGINS_FOLDER_PATH\=PhotoAxis.app/Contents/PlugIns
build-test	Model and geometry tests; Debug build	2026-10-03T23:48:02.2990980Z     export PRECOMPS_INCLUDE_HEADERS_FROM_BUILT_PRODUCTS_DIR\=YES
build-test	Model and geometry tests; Debug build	2026-10-03T23:48:02.2991830Z     export PRECOMP_DESTINATION_DIR\=/Users/runner/Library/Developer/PhotoAxisBuilds/fe52d68e5807/DerivedData/Build/Intermediates.noindex/PhotoAxis.build/Debug/PhotoAxis.build/PrefixHeaders
build-test	Model and geometry tests; Debug build	2026-10-03T23:48:02.2995720Z     export PRIVATE_HEADERS_FOLDER_PATH\=PhotoAxis.app/Contents/PrivateHeaders
build-test	Model and geometry tests; Debug build	2026-10-03T23:48:02.3005720Z     export PROCESSED_INFOPLIST_PATH\=/Users/runner/Library/Developer/PhotoAxisBuilds/fe52d68e5807/DerivedData/Build/Intermediates.noindex/PhotoAxis.build/Debug/PhotoAxis.build/Objects-normal/undefined_arch/Processed-Info.plist
build-test	Model and geometry tests; Debug build	2026-10-03T23:48:02.3008080Z     export PRODUCT_BUNDLE_IDENTIFIER\=local.photoaxis.development
build-test	Model and geometry tests; Debug build	2026-10-03T23:48:02.3009510Z     export PRODUCT_BUNDLE_PACKAGE_TYPE\=APPL
build-test	Model and geometry tests; Debug build	2026-10-03T23:48:02.3009850Z     export PRODUCT_MODULE_NAME\=PhotoAxis
build-test	Model and geometry tests; Debug build	2026-10-03T23:48:02.3010180Z     export PRODUCT_NAME\=PhotoAxis
build-test	Model and geometry tests; Debug build	2026-10-03T23:48:02.3010610Z     export PRODUCT_SETTINGS_PATH\=$REPO/Config/Info.plist
build-test	Model and geometry tests; Debug build	2026-10-03T23:48:02.3012010Z     export PRODUCT_TYPE\=com.apple.product-type.application
build-test	Model and geometry tests; Debug build	2026-10-03T23:48:02.3013110Z     export PROFILING_CODE\=NO
build-test	Model and geometry tests; Debug build	2026-10-03T23:48:02.3014090Z     export PROJECT\=PhotoAxis
build-test	Model and geometry tests; Debug build	2026-10-03T23:48:02.3015400Z     export PROJECT_DERIVED_FILE_DIR\=/Users/runner/Library/Developer/PhotoAxisBuilds/fe52d68e5807/DerivedData/Build/Intermediates.noindex/PhotoAxis.build/DerivedSources
build-test	Model and geometry tests; Debug build	2026-10-03T23:48:02.3016320Z     export PROJECT_DIR\=$REPO
build-test	Model and geometry tests; Debug build	2026-10-03T23:48:02.3029890Z     export PROJECT_FILE_PATH\=$REPO/PhotoAxis.xcodeproj
build-test	Model and geometry tests; Debug build	2026-10-03T23:48:02.3030510Z     export PROJECT_GUID\=9730526f0700b8b20d57e2b47e796b5b
build-test	Model and geometry tests; Debug build	2026-10-03T23:48:02.3031540Z     export PROJECT_NAME\=PhotoAxis
build-test	Model and geometry tests; Debug build	2026-10-03T23:48:02.3032240Z     export PROJECT_TEMP_DIR\=/Users/runner/Library/Developer/PhotoAxisBuilds/fe52d68e5807/DerivedData/Build/Intermediates.noindex/PhotoAxis.build
build-test	Model and geometry tests; Debug build	2026-10-03T23:48:02.3034150Z     export PROJECT_TEMP_ROOT\=/Users/runner/Library/Developer/PhotoAxisBuilds/fe52d68e5807/DerivedData/Build/Intermediates.noindex
build-test	Model and geometry tests; Debug build	2026-10-03T23:48:02.3034840Z     export PROVISIONING_PROFILE_REQUIRED\=NO
build-test	Model and geometry tests; Debug build	2026-10-03T23:48:02.3035320Z     export PROVISIONING_PROFILE_REQUIRED_YES_YES\=YES
build-test	Model and geometry tests; Debug build	2026-10-03T23:48:02.3035690Z     export PROVISIONING_PROFILE_SUPPORTED\=YES
build-test	Model and geometry tests; Debug build	2026-10-03T23:48:02.3036100Z     export PUBLIC_HEADERS_FOLDER_PATH\=PhotoAxis.app/Contents/Headers
build-test	Model and geometry tests; Debug build	2026-10-03T23:48:02.3036880Z     export RECOMMENDED_MACOSX_DEPLOYMENT_TARGET\=11.0
build-test	Model and geometry tests; Debug build	2026-10-03T23:48:02.3037270Z     export RECURSIVE_SEARCH_PATHS_FOLLOW_SYMLINKS\=YES
build-test	Model and geometry tests; Debug build	2026-10-03T23:48:02.3037630Z     export REMOVE_CVS_FROM_RESOURCES\=YES
build-test	Model and geometry tests; Debug build	2026-10-03T23:48:02.3037950Z     export REMOVE_GIT_FROM_RESOURCES\=YES
build-test	Model and geometry tests; Debug build	2026-10-03T23:48:02.3038340Z     export REMOVE_HEADERS_FROM_EMBEDDED_BUNDLES\=YES
build-test	Model and geometry tests; Debug build	2026-10-03T23:48:02.3038690Z     export REMOVE_HG_FROM_RESOURCES\=YES
build-test	Model and geometry tests; Debug build	2026-10-03T23:48:02.3040870Z     export REMOVE_STATIC_EXECUTABLES_FROM_EMBEDDED_BUNDLES\=YES
build-test	Model and geometry tests; Debug build	2026-10-03T23:48:02.3041280Z     export REMOVE_SVN_FROM_RESOURCES\=YES
build-test	Model and geometry tests; Debug build	2026-10-03T23:48:02.3042150Z     export RESCHEDULE_INDEPENDENT_HEADERS_PHASES\=YES
build-test	Model and geometry tests; Debug build	2026-10-03T23:48:02.3043870Z     export REZ_COLLECTOR_DIR\=/Users/runner/Library/Developer/PhotoAxisBuilds/fe52d68e5807/DerivedData/Build/Intermediates.noindex/PhotoAxis.build/Debug/PhotoAxis.build/ResourceManagerResources
build-test	Model and geometry tests; Debug build	2026-10-03T23:48:02.3048380Z     export REZ_OBJECTS_DIR\=/Users/runner/Library/Developer/PhotoAxisBuilds/fe52d68e5807/DerivedData/Build/Intermediates.noindex/PhotoAxis.build/Debug/PhotoAxis.build/ResourceManagerResources/Objects
build-test	Model and geometry tests; Debug build	2026-10-03T23:48:02.3052910Z     export REZ_SEARCH_PATHS\=/Users/runner/Library/Developer/PhotoAxisBuilds/fe52d68e5807/DerivedData/Build/Products/Debug\ 
build-test	Model and geometry tests; Debug build	2026-10-03T23:48:02.3054020Z     export SCAN_ALL_SOURCE_FILES_FOR_INCLUDES\=NO
build-test	Model and geometry tests; Debug build	2026-10-03T23:48:02.3054640Z     export SCRIPTS_FOLDER_PATH\=PhotoAxis.app/Contents/Resources/Scripts
build-test	Model and geometry tests; Debug build	2026-10-03T23:48:02.3055400Z     export SCRIPT_INPUT_FILE_0\=$REPO/Sources/PhotoAxisApp/Renderer/Perspective.ci.metal
build-test	Model and geometry tests; Debug build	2026-10-03T23:48:02.3058010Z     export SCRIPT_INPUT_FILE_COUNT\=1
build-test	Model and geometry tests; Debug build	2026-10-03T23:48:02.3058480Z     export SCRIPT_INPUT_FILE_LIST_COUNT\=0
build-test	Model and geometry tests; Debug build	2026-10-03T23:48:02.3061950Z     export SCRIPT_OUTPUT_FILE_0\=/Users/runner/Library/Developer/PhotoAxisBuilds/fe52d68e5807/DerivedData/Build/Products/Debug/PhotoAxis.app/Contents/Resources/Perspective.metallib
build-test	Model and geometry tests; Debug build	2026-10-03T23:48:02.3063060Z     export SCRIPT_OUTPUT_FILE_COUNT\=1
build-test	Model and geometry tests; Debug build	2026-10-03T23:48:02.3063460Z     export SCRIPT_OUTPUT_FILE_LIST_COUNT\=0
build-test	Model and geometry tests; Debug build	2026-10-03T23:48:02.3065090Z     export SDKROOT\=/Applications/Xcode_16.4.app/Contents/Developer/Platforms/MacOSX.platform/Developer/SDKs/MacOSX15.5.sdk
build-test	Model and geometry tests; Debug build	2026-10-03T23:48:02.3066240Z     export SDK_DIR\=/Applications/Xcode_16.4.app/Contents/Developer/Platforms/MacOSX.platform/Developer/SDKs/MacOSX15.5.sdk
build-test	Model and geometry tests; Debug build	2026-10-03T23:48:02.3067840Z     export SDK_DIR_macosx\=/Applications/Xcode_16.4.app/Contents/Developer/Platforms/MacOSX.platform/Developer/SDKs/MacOSX15.5.sdk
build-test	Model and geometry tests; Debug build	2026-10-03T23:48:02.3069190Z     export SDK_DIR_macosx15_5\=/Applications/Xcode_16.4.app/Contents/Developer/Platforms/MacOSX.platform/Developer/SDKs/MacOSX15.5.sdk
build-test	Model and geometry tests; Debug build	2026-10-03T23:48:02.3070080Z     export SDK_NAME\=macosx15.5
build-test	Model and geometry tests; Debug build	2026-10-03T23:48:02.3070640Z     export SDK_NAMES\=macosx15.5
build-test	Model and geometry tests; Debug build	2026-10-03T23:48:02.3071750Z     export SDK_PRODUCT_BUILD_VERSION\=24F74
build-test	Model and geometry tests; Debug build	2026-10-03T23:48:02.3074030Z     export SDK_STAT_CACHE_DIR\=/Users/runner/Library/Developer/PhotoAxisBuilds/fe52d68e5807/DerivedData
build-test	Model and geometry tests; Debug build	2026-10-03T23:48:02.3074950Z     export SDK_STAT_CACHE_ENABLE\=YES
build-test	Model and geometry tests; Debug build	2026-10-03T23:48:02.3076370Z     export SDK_STAT_CACHE_PATH\=/Users/runner/Library/Developer/PhotoAxisBuilds/fe52d68e5807/DerivedData/SDKStatCaches.noindex/macosx15.5-24F74-a403186ba963133a54a0e0cacd566b0b.sdkstatcache
build-test	Model and geometry tests; Debug build	2026-10-03T23:48:02.3077580Z     export SDK_VERSION\=15.5
build-test	Model and geometry tests; Debug build	2026-10-03T23:48:02.3077930Z     export SDK_VERSION_ACTUAL\=150500
build-test	Model and geometry tests; Debug build	2026-10-03T23:48:02.3078720Z     export SDK_VERSION_MAJOR\=150000
build-test	Model and geometry tests; Debug build	2026-10-03T23:48:02.3079080Z     export SDK_VERSION_MINOR\=150500
build-test	Model and geometry tests; Debug build	2026-10-03T23:48:02.3079490Z     export SED\=/usr/bin/sed
build-test	Model and geometry tests; Debug build	2026-10-03T23:48:02.3080030Z     export SEPARATE_STRIP\=NO
build-test	Model and geometry tests; Debug build	2026-10-03T23:48:02.3080390Z     export SEPARATE_SYMBOL_EDIT\=NO
build-test	Model and geometry tests; Debug build	2026-10-03T23:48:02.3081640Z     export SET_DIR_MODE_OWNER_GROUP\=YES
build-test	Model and geometry tests; Debug build	2026-10-03T23:48:02.3082040Z     export SET_FILE_MODE_OWNER_GROUP\=NO
build-test	Model and geometry tests; Debug build	2026-10-03T23:48:02.3082670Z     export SHALLOW_BUNDLE\=NO
build-test	Model and geometry tests; Debug build	2026-10-03T23:48:02.3083150Z     export SHALLOW_BUNDLE_PLATFORM\=NO
build-test	Model and geometry tests; Debug build	2026-10-03T23:48:02.3083480Z     export SHALLOW_BUNDLE_TRIPLE\=macos
build-test	Model and geometry tests; Debug build	2026-10-03T23:48:02.3083950Z     export SHALLOW_BUNDLE_ios_macabi\=NO
build-test	Model and geometry tests; Debug build	2026-10-03T23:48:02.3085970Z     export SHALLOW_BUNDLE_macos\=NO
build-test	Model and geometry tests; Debug build	2026-10-03T23:48:02.3086990Z     export SHARED_DERIVED_FILE_DIR\=/Users/runner/Library/Developer/PhotoAxisBuilds/fe52d68e5807/DerivedData/Build/Products/Debug/DerivedSources
build-test	Model and geometry tests; Debug build	2026-10-03T23:48:02.3088340Z     export SHARED_FRAMEWORKS_FOLDER_PATH\=PhotoAxis.app/Contents/SharedFrameworks
build-test	Model and geometry tests; Debug build	2026-10-03T23:48:02.3089340Z     export SHARED_PRECOMPS_DIR\=/Users/runner/Library/Developer/PhotoAxisBuilds/fe52d68e5807/DerivedData/Build/Intermediates.noindex/PrecompiledHeaders
build-test	Model and geometry tests; Debug build	2026-10-03T23:48:02.3090350Z     export SHARED_SUPPORT_FOLDER_PATH\=PhotoAxis.app/Contents/SharedSupport
build-test	Model and geometry tests; Debug build	2026-10-03T23:48:02.3090860Z     export SKIP_INSTALL\=NO
build-test	Model and geometry tests; Debug build	2026-10-03T23:48:02.3091310Z     export SOURCE_ROOT\=$REPO
build-test	Model and geometry tests; Debug build	2026-10-03T23:48:02.3092870Z     export SRCROOT\=$REPO
build-test	Model and geometry tests; Debug build	2026-10-03T23:48:02.3094680Z     export STRINGSDATA_DIR\=/Users/runner/Library/Developer/PhotoAxisBuilds/fe52d68e5807/DerivedData/Build/Intermediates.noindex/PhotoAxis.build/Debug/PhotoAxis.build/Objects-normal/undefined_arch
build-test	Model and geometry tests; Debug build	2026-10-03T23:48:02.3096000Z     export STRINGSDATA_ROOT\=/Users/runner/Library/Developer/PhotoAxisBuilds/fe52d68e5807/DerivedData/Build/Intermediates.noindex/PhotoAxis.build/Debug/PhotoAxis.build
build-test	Model and geometry tests; Debug build	2026-10-03T23:48:02.3097040Z     export STRINGS_FILE_INFOPLIST_RENAME\=YES
build-test	Model and geometry tests; Debug build	2026-10-03T23:48:02.3097590Z     export STRINGS_FILE_OUTPUT_ENCODING\=UTF-16
build-test	Model and geometry tests; Debug build	2026-10-03T23:48:02.3098550Z     export STRIP_BITCODE_FROM_COPIED_FILES\=NO
build-test	Model and geometry tests; Debug build	2026-10-03T23:48:02.3099410Z     export STRIP_INSTALLED_PRODUCT\=NO
build-test	Model and geometry tests; Debug build	2026-10-03T23:48:02.3100030Z     export STRIP_PNG_TEXT\=NO
build-test	Model and geometry tests; Debug build	2026-10-03T23:48:02.3100560Z     export STRIP_STYLE\=all
build-test	Model and geometry tests; Debug build	2026-10-03T23:48:02.3100970Z     export STRIP_SWIFT_SYMBOLS\=YES
build-test	Model and geometry tests; Debug build	2026-10-03T23:48:02.3101910Z     export SUPPORTED_PLATFORMS\=macosx
build-test	Model and geometry tests; Debug build	2026-10-03T23:48:02.3102510Z     export SUPPORTS_MACCATALYST\=NO
build-test	Model and geometry tests; Debug build	2026-10-03T23:48:02.3104770Z     export SUPPORTS_ON_DEMAND_RESOURCES\=NO
build-test	Model and geometry tests; Debug build	2026-10-03T23:48:02.3106620Z     export SUPPORTS_TEXT_BASED_API\=NO
build-test	Model and geometry tests; Debug build	2026-10-03T23:48:02.3107900Z     export SUPPRESS_WARNINGS\=NO
build-test	Model and geometry tests; Debug build	2026-10-03T23:48:02.3108300Z     export SWIFT_ACTIVE_COMPILATION_CONDITIONS\=DEBUG
build-test	Model and geometry tests; Debug build	2026-10-03T23:48:02.3109430Z     export SWIFT_EMIT_LOC_STRINGS\=NO
build-test	Model and geometry tests; Debug build	2026-10-03T23:48:02.3110190Z     export SWIFT_OPTIMIZATION_LEVEL\=-Onone
build-test	Model and geometry tests; Debug build	2026-10-03T23:48:02.3110600Z     export SWIFT_PLATFORM_TARGET_PREFIX\=macos
build-test	Model and geometry tests; Debug build	2026-10-03T23:48:02.3113110Z     export SWIFT_RESPONSE_FILE_PATH_normal_arm64\=/Users/runner/Library/Developer/PhotoAxisBuilds/fe52d68e5807/DerivedData/Build/Intermediates.noindex/PhotoAxis.build/Debug/PhotoAxis.build/Objects-normal/arm64/PhotoAxis.SwiftFileList
build-test	Model and geometry tests; Debug build	2026-10-03T23:48:02.3114800Z     export SWIFT_STRICT_CONCURRENCY\=complete
build-test	Model and geometry tests; Debug build	2026-10-03T23:48:02.3117140Z     export SWIFT_VERSION\=6.0
build-test	Model and geometry tests; Debug build	2026-10-03T23:48:02.3121590Z     export SYMROOT\=/Users/runner/Library/Developer/PhotoAxisBuilds/fe52d68e5807/DerivedData/Build/Products
build-test	Model and geometry tests; Debug build	2026-10-03T23:48:02.3122280Z     export SYSTEM_ADMIN_APPS_DIR\=/Applications/Utilities
build-test	Model and geometry tests; Debug build	2026-10-03T23:48:02.3124090Z     export SYSTEM_APPS_DIR\=/Applications
build-test	Model and geometry tests; Debug build	2026-10-03T23:48:02.3125010Z     export SYSTEM_CORE_SERVICES_DIR\=/System/Library/CoreServices
build-test	Model and geometry tests; Debug build	2026-10-03T23:48:02.3125840Z     export SYSTEM_DEMOS_DIR\=/Applications/Extras
build-test	Model and geometry tests; Debug build	2026-10-03T23:48:02.3128200Z     export SYSTEM_DEVELOPER_APPS_DIR\=/Applications/Xcode_16.4.app/Contents/Developer/Applications
build-test	Model and geometry tests; Debug build	2026-10-03T23:48:02.3129370Z     export SYSTEM_DEVELOPER_BIN_DIR\=/Applications/Xcode_16.4.app/Contents/Developer/usr/bin
build-test	Model and geometry tests; Debug build	2026-10-03T23:48:02.3130640Z     export SYSTEM_DEVELOPER_DEMOS_DIR\=/Applications/Xcode_16.4.app/Contents/Developer/Applications/Utilities/Built\ Examples
build-test	Model and geometry tests; Debug build	2026-10-03T23:48:02.3133990Z     export SYSTEM_DEVELOPER_DIR\=/Applications/Xcode_16.4.app/Contents/Developer
build-test	Model and geometry tests; Debug build	2026-10-03T23:48:02.3135250Z     export SYSTEM_DEVELOPER_DOC_DIR\=/Applications/Xcode_16.4.app/Contents/Developer/ADC\ Reference\ Library
build-test	Model and geometry tests; Debug build	2026-10-03T23:48:02.3136960Z     export SYSTEM_DEVELOPER_GRAPHICS_TOOLS_DIR\=/Applications/Xcode_16.4.app/Contents/Developer/Applications/Graphics\ Tools
build-test	Model and geometry tests; Debug build	2026-10-03T23:48:02.3139530Z     export SYSTEM_DEVELOPER_JAVA_TOOLS_DIR\=/Applications/Xcode_16.4.app/Contents/Developer/Applications/Java\ Tools
build-test	Model and geometry tests; Debug build	2026-10-03T23:48:02.3141270Z     export SYSTEM_DEVELOPER_PERFORMANCE_TOOLS_DIR\=/Applications/Xcode_16.4.app/Contents/Developer/Applications/Performance\ Tools
build-test	Model and geometry tests; Debug build	2026-10-03T23:48:02.3143800Z     export SYSTEM_DEVELOPER_RELEASENOTES_DIR\=/Applications/Xcode_16.4.app/Contents/Developer/ADC\ Reference\ Library/releasenotes
build-test	Model and geometry tests; Debug build	2026-10-03T23:48:02.3145790Z     export SYSTEM_DEVELOPER_TOOLS\=/Applications/Xcode_16.4.app/Contents/Developer/Tools
build-test	Model and geometry tests; Debug build	2026-10-03T23:48:02.3147520Z     export SYSTEM_DEVELOPER_TOOLS_DOC_DIR\=/Applications/Xcode_16.4.app/Contents/Developer/ADC\ Reference\ Library/documentation/DeveloperTools
build-test	Model and geometry tests; Debug build	2026-10-03T23:48:02.3151030Z     export SYSTEM_DEVELOPER_TOOLS_RELEASENOTES_DIR\=/Applications/Xcode_16.4.app/Contents/Developer/ADC\ Reference\ Library/releasenotes/DeveloperTools
build-test	Model and geometry tests; Debug build	2026-10-03T23:48:02.3152310Z     export SYSTEM_DEVELOPER_USR_DIR\=/Applications/Xcode_16.4.app/Contents/Developer/usr
build-test	Model and geometry tests; Debug build	2026-10-03T23:48:02.3154080Z     export SYSTEM_DEVELOPER_UTILITIES_DIR\=/Applications/Xcode_16.4.app/Contents/Developer/Applications/Utilities
build-test	Model and geometry tests; Debug build	2026-10-03T23:48:02.3154970Z     export SYSTEM_DEXT_INSTALL_PATH\=/System/Library/DriverExtensions
build-test	Model and geometry tests; Debug build	2026-10-03T23:48:02.3155620Z     export SYSTEM_DOCUMENTATION_DIR\=/Library/Documentation
build-test	Model and geometry tests; Debug build	2026-10-03T23:48:02.3160060Z     export SYSTEM_EXTENSIONS_FOLDER_PATH\=PhotoAxis.app/Contents/Library/SystemExtensions
build-test	Model and geometry tests; Debug build	2026-10-03T23:48:02.3161080Z     export SYSTEM_EXTENSIONS_FOLDER_PATH_SHALLOW_BUNDLE_NO\=PhotoAxis.app/Contents/Library/SystemExtensions
build-test	Model and geometry tests; Debug build	2026-10-03T23:48:02.3162260Z     export SYSTEM_EXTENSIONS_FOLDER_PATH_SHALLOW_BUNDLE_YES\=PhotoAxis.app/Contents/SystemExtensions
build-test	Model and geometry tests; Debug build	2026-10-03T23:48:02.3163710Z     export SYSTEM_KEXT_INSTALL_PATH\=/System/Library/Extensions
build-test	Model and geometry tests; Debug build	2026-10-03T23:48:02.3165870Z     export SYSTEM_LIBRARY_DIR\=/System/Library
build-test	Model and geometry tests; Debug build	2026-10-03T23:48:02.3166230Z     export TAPI_DEMANGLE\=YES
build-test	Model and geometry tests; Debug build	2026-10-03T23:48:02.3166590Z     export TAPI_ENABLE_PROJECT_HEADERS\=NO
build-test	Model and geometry tests; Debug build	2026-10-03T23:48:02.3168240Z     export TAPI_LANGUAGE\=objective-c
build-test	Model and geometry tests; Debug build	2026-10-03T23:48:02.3168610Z     export TAPI_LANGUAGE_STANDARD\=compiler-default
build-test	Model and geometry tests; Debug build	2026-10-03T23:48:02.3169940Z     export TAPI_USE_SRCROOT\=YES
build-test	Model and geometry tests; Debug build	2026-10-03T23:48:02.3170470Z     export TAPI_VERIFY_MODE\=Pedantic
build-test	Model and geometry tests; Debug build	2026-10-03T23:48:02.3170790Z     export TARGETNAME\=PhotoAxis
build-test	Model and geometry tests; Debug build	2026-10-03T23:48:02.3171440Z     export TARGET_BUILD_DIR\=/Users/runner/Library/Developer/PhotoAxisBuilds/fe52d68e5807/DerivedData/Build/Products/Debug
build-test	Model and geometry tests; Debug build	2026-10-03T23:48:02.3172010Z     export TARGET_NAME\=PhotoAxis
build-test	Model and geometry tests; Debug build	2026-10-03T23:48:02.3172920Z     export TARGET_TEMP_DIR\=/Users/runner/Library/Developer/PhotoAxisBuilds/fe52d68e5807/DerivedData/Build/Intermediates.noindex/PhotoAxis.build/Debug/PhotoAxis.build
build-test	Model and geometry tests; Debug build	2026-10-03T23:48:02.3174480Z     export TEMP_DIR\=/Users/runner/Library/Developer/PhotoAxisBuilds/fe52d68e5807/DerivedData/Build/Intermediates.noindex/PhotoAxis.build/Debug/PhotoAxis.build
build-test	Model and geometry tests; Debug build	2026-10-03T23:48:02.3176610Z     export TEMP_FILES_DIR\=/Users/runner/Library/Developer/PhotoAxisBuilds/fe52d68e5807/DerivedData/Build/Intermediates.noindex/PhotoAxis.build/Debug/PhotoAxis.build
build-test	Model and geometry tests; Debug build	2026-10-03T23:48:02.3178160Z     export TEMP_FILE_DIR\=/Users/runner/Library/Developer/PhotoAxisBuilds/fe52d68e5807/DerivedData/Build/Intermediates.noindex/PhotoAxis.build/Debug/PhotoAxis.build
build-test	Model and geometry tests; Debug build	2026-10-03T23:48:02.3179070Z     export TEMP_ROOT\=/Users/runner/Library/Developer/PhotoAxisBuilds/fe52d68e5807/DerivedData/Build/Intermediates.noindex
build-test	Model and geometry tests; Debug build	2026-10-03T23:48:02.3184340Z     export TEMP_SANDBOX_DIR\=/Users/runner/Library/Developer/PhotoAxisBuilds/fe52d68e5807/DerivedData/Build/Intermediates.noindex/TemporaryTaskSandboxes
build-test	Model and geometry tests; Debug build	2026-10-03T23:48:02.3186220Z     export TEST_FRAMEWORK_SEARCH_PATHS\=\ /Applications/Xcode_16.4.app/Contents/Developer/Platforms/MacOSX.platform/Developer/Library/Frameworks
build-test	Model and geometry tests; Debug build	2026-10-03T23:48:02.3187300Z     export TEST_LIBRARY_SEARCH_PATHS\=\ /Applications/Xcode_16.4.app/Contents/Developer/Platforms/MacOSX.platform/Developer/usr/lib
build-test	Model and geometry tests; Debug build	2026-10-03T23:48:02.3188430Z     export TOOLCHAINS\=com.apple.dt.toolchain.XcodeDefault
build-test	Model and geometry tests; Debug build	2026-10-03T23:48:02.3189850Z     export TOOLCHAIN_DIR\=/Applications/Xcode_16.4.app/Contents/Developer/Toolchains/XcodeDefault.xctoolchain
build-test	Model and geometry tests; Debug build	2026-10-03T23:48:02.3190590Z     export TREAT_MISSING_BASELINES_AS_TEST_FAILURES\=NO
build-test	Model and geometry tests; Debug build	2026-10-03T23:48:02.3192070Z     export TREAT_MISSING_SCRIPT_PHASE_OUTPUTS_AS_ERRORS\=NO
build-test	Model and geometry tests; Debug build	2026-10-03T23:48:02.3192600Z     export UID\=501
build-test	Model and geometry tests; Debug build	2026-10-03T23:48:02.3193430Z     export UNINSTALLED_PRODUCTS_DIR\=/Users/runner/Library/Developer/PhotoAxisBuilds/fe52d68e5807/DerivedData/Build/Intermediates.noindex/UninstalledProducts
build-test	Model and geometry tests; Debug build	2026-10-03T23:48:02.3194970Z     export UNLOCALIZED_RESOURCES_FOLDER_PATH\=PhotoAxis.app/Contents/Resources
build-test	Model and geometry tests; Debug build	2026-10-03T23:48:02.3196910Z     export UNLOCALIZED_RESOURCES_FOLDER_PATH_SHALLOW_BUNDLE_NO\=PhotoAxis.app/Contents/Resources
build-test	Model and geometry tests; Debug build	2026-10-03T23:48:02.3198470Z     export UNLOCALIZED_RESOURCES_FOLDER_PATH_SHALLOW_BUNDLE_YES\=PhotoAxis.app/Contents
build-test	Model and geometry tests; Debug build	2026-10-03T23:48:02.3200160Z     export UNSTRIPPED_PRODUCT\=NO
build-test	Model and geometry tests; Debug build	2026-10-03T23:48:02.3200630Z     export USER\=runner
build-test	Model and geometry tests; Debug build	2026-10-03T23:48:02.3201030Z     export USER_APPS_DIR\=/Users/runner/Applications
build-test	Model and geometry tests; Debug build	2026-10-03T23:48:02.3201680Z     export USER_LIBRARY_DIR\=/Users/runner/Library
build-test	Model and geometry tests; Debug build	2026-10-03T23:48:02.3202130Z     export USE_DYNAMIC_NO_PIC\=YES
build-test	Model and geometry tests; Debug build	2026-10-03T23:48:02.3202480Z     export USE_HEADERMAP\=YES
build-test	Model and geometry tests; Debug build	2026-10-03T23:48:02.3202780Z     export USE_HEADER_SYMLINKS\=NO
build-test	Model and geometry tests; Debug build	2026-10-03T23:48:02.3203630Z     export VALIDATE_DEVELOPMENT_ASSET_PATHS\=YES_ERROR
build-test	Model and geometry tests; Debug build	2026-10-03T23:48:02.3204010Z     export VALIDATE_PRODUCT\=NO
build-test	Model and geometry tests; Debug build	2026-10-03T23:48:02.3204450Z     export VALID_ARCHS\=arm64\ arm64e\ i386\ x86_64
build-test	Model and geometry tests; Debug build	2026-10-03T23:48:02.3205460Z     export VERBOSE_PBXCP\=NO
build-test	Model and geometry tests; Debug build	2026-10-03T23:48:02.3207150Z     export VERSIONPLIST_PATH\=PhotoAxis.app/Contents/version.plist
build-test	Model and geometry tests; Debug build	2026-10-03T23:48:02.3207690Z     export VERSION_INFO_BUILDER\=runner
build-test	Model and geometry tests; Debug build	2026-10-03T23:48:02.3211380Z     export VERSION_INFO_FILE\=PhotoAxis_vers.c
build-test	Model and geometry tests; Debug build	2026-10-03T23:48:02.3211840Z     export VERSION_INFO_STRING\=\"@\(\#\)PROGRAM:PhotoAxis\ \ PROJECT:PhotoAxis-9\"
build-test	Model and geometry tests; Debug build	2026-10-03T23:48:02.3214590Z     export WORKSPACE_DIR\=$REPO/PhotoAxis.xcodeproj
build-test	Model and geometry tests; Debug build	2026-10-03T23:48:02.3215100Z     export WRAPPER_EXTENSION\=app
build-test	Model and geometry tests; Debug build	2026-10-03T23:48:02.3215410Z     export WRAPPER_NAME\=PhotoAxis.app
build-test	Model and geometry tests; Debug build	2026-10-03T23:48:02.3216160Z     export WRAPPER_SUFFIX\=.app
build-test	Model and geometry tests; Debug build	2026-10-03T23:48:02.3216670Z     export WRAP_ASSET_PACKS_IN_SEPARATE_DIRECTORIES\=NO
build-test	Model and geometry tests; Debug build	2026-10-03T23:48:02.3217820Z     export XCODE_APP_SUPPORT_DIR\=/Applications/Xcode_16.4.app/Contents/Developer/Library/Xcode
build-test	Model and geometry tests; Debug build	2026-10-03T23:48:02.3218350Z     export XCODE_PRODUCT_BUILD_VERSION\=16F6
build-test	Model and geometry tests; Debug build	2026-10-03T23:48:02.3218680Z     export XCODE_VERSION_ACTUAL\=1640
build-test	Model and geometry tests; Debug build	2026-10-03T23:48:02.3219160Z     export XCODE_VERSION_MAJOR\=1600
build-test	Model and geometry tests; Debug build	2026-10-03T23:48:02.3219710Z     export XCODE_VERSION_MINOR\=1640
build-test	Model and geometry tests; Debug build	2026-10-03T23:48:02.3220240Z     export XPCSERVICES_FOLDER_PATH\=PhotoAxis.app/Contents/XPCServices
build-test	Model and geometry tests; Debug build	2026-10-03T23:48:02.3220630Z     export YACC\=yacc
build-test	Model and geometry tests; Debug build	2026-10-03T23:48:02.3221530Z     export _BOOL_\=NO
build-test	Model and geometry tests; Debug build	2026-10-03T23:48:02.3222020Z     export _BOOL_NO\=NO
build-test	Model and geometry tests; Debug build	2026-10-03T23:48:02.3322620Z     export _BOOL_YES\=YES
build-test	Model and geometry tests; Debug build	2026-10-03T23:48:02.3425450Z     export _DEVELOPMENT_TEAM_IS_EMPTY\=YES
build-test	Model and geometry tests; Debug build	2026-10-03T23:48:02.3527350Z     export _DISCOVER_COMMAND_LINE_LINKER_INPUTS\=YES
build-test	Model and geometry tests; Debug build	2026-10-03T23:48:02.3630510Z     export _DISCOVER_COMMAND_LINE_LINKER_INPUTS_INCLUDE_WL\=YES
build-test	Model and geometry tests; Debug build	2026-10-03T23:48:02.3812160Z     export _IS_EMPTY_\=YES
build-test	Model and geometry tests; Debug build	2026-10-03T23:48:02.4019910Z     export _MACOSX_DEPLOYMENT_TARGET_IS_EMPTY\=NO
build-test	Model and geometry tests; Debug build	2026-10-03T23:48:02.4068920Z     export _WRAPPER_CONTENTS_DIR\=/Contents
build-test	Model and geometry tests; Debug build	2026-10-03T23:48:02.4225410Z     export _WRAPPER_CONTENTS_DIR_SHALLOW_BUNDLE_NO\=/Contents
build-test	Model and geometry tests; Debug build	2026-10-03T23:48:02.4328260Z     export _WRAPPER_PARENT_PATH\=/..
build-test	Model and geometry tests; Debug build	2026-10-03T23:48:02.4429440Z     export _WRAPPER_PARENT_PATH_SHALLOW_BUNDLE_NO\=/..
build-test	Model and geometry tests; Debug build	2026-10-03T23:48:02.4449870Z     export _WRAPPER_RESOURCES_DIR\=/Resources
build-test	Model and geometry tests; Debug build	2026-10-03T23:48:02.4452100Z     export _WRAPPER_RESOURCES_DIR_SHALLOW_BUNDLE_NO\=/Resources
build-test	Model and geometry tests; Debug build	2026-10-03T23:48:02.4452750Z     export __DIAGNOSE_DEPRECATED_ARCHS\=YES
build-test	Model and geometry tests; Debug build	2026-10-03T23:48:02.4553970Z     export __IS_NOT_MACOS\=NO
build-test	Model and geometry tests; Debug build	2026-10-03T23:48:02.4655050Z     export __IS_NOT_MACOS_macosx\=NO
build-test	Model and geometry tests; Debug build	2026-10-03T23:48:02.4756020Z     export __IS_NOT_SIMULATOR\=YES
build-test	Model and geometry tests; Debug build	2026-10-03T23:48:02.4856670Z     export __IS_NOT_SIMULATOR_simulator\=NO
build-test	Model and geometry tests; Debug build	2026-10-03T23:48:02.4958420Z     export arch\=undefined_arch
build-test	Model and geometry tests; Debug build	2026-10-03T23:48:02.5059090Z     export variant\=normal
build-test	Model and geometry tests; Debug build	2026-10-03T23:48:02.5186500Z     /usr/bin/sandbox-exec -D SCRIPT_OUTPUT_FILE_0\=/Users/runner/Library/Developer/PhotoAxisBuilds/fe52d68e5807/DerivedData/Build/Products/Debug/PhotoAxis.app/Contents/Resources/Perspective.metallib -D SCRIPT_INPUT_FILE_0\=$REPO/Sources/PhotoAxisApp/Renderer/Perspective.ci.metal -D SCRIPT_INPUT_FILE_1\=/Users/runner/Library/Developer/PhotoAxisBuilds/fe52d68e5807/DerivedData/Build/Intermediates.noindex/PhotoAxis.build/Debug/PhotoAxis.build/Script-51503C2492BDF84DA711D67B.sh -D SCRIPT_INPUT_ANCESTOR_0\=/ -D SCRIPT_INPUT_ANCESTOR_1\=/Users -D SCRIPT_INPUT_ANCESTOR_2\=/Users/runner -D SCRIPT_INPUT_ANCESTOR_3\=/Users/runner/Library -D SCRIPT_INPUT_ANCESTOR_4\=/Users/runner/Library/Developer -D SCRIPT_INPUT_ANCESTOR_5\=/Users/runner/Library/Developer/PhotoAxisBuilds -D SCRIPT_INPUT_ANCESTOR_6\=/Users/runner/Library/Developer/PhotoAxisBuilds/fe52d68e5807 -D SCRIPT_INPUT_ANCESTOR_7\=/Users/runner/Library/Developer/PhotoAxisBuilds/fe52d68e5807/DerivedData -D SCRIPT_INPUT_ANCESTOR_8\=/Users/runner/Library/Developer/PhotoAxisBuilds/fe52d68e5807/DerivedData/Build -D SCRIPT_INPUT_ANCESTOR_9\=/Users/runner/Library/Developer/PhotoAxisBuilds/fe52d68e5807/DerivedData/Build/Intermediates.noindex -D SCRIPT_INPUT_ANCESTOR_10\=/Users/runner/Library/Developer/PhotoAxisBuilds/fe52d68e5807/DerivedData/Build/Intermediates.noindex/PhotoAxis.build -D SCRIPT_INPUT_ANCESTOR_11\=/Users/runner/Library/Developer/PhotoAxisBuilds/fe52d68e5807/DerivedData/Build/Intermediates.noindex/PhotoAxis.build/Debug -D SCRIPT_INPUT_ANCESTOR_12\=/Users/runner/Library/Developer/PhotoAxisBuilds/fe52d68e5807/DerivedData/Build/Intermediates.noindex/PhotoAxis.build/Debug/PhotoAxis.build -D SCRIPT_INPUT_ANCESTOR_13\=/Users/runner/work -D SCRIPT_INPUT_ANCESTOR_14\=/Users/runner/work/PhotoAxis -D SCRIPT_INPUT_ANCESTOR_15\=$REPO -D SCRIPT_INPUT_ANCESTOR_16\=$REPO/Sources -D SCRIPT_INPUT_ANCESTOR_17\=$REPO/Sources/PhotoAxisApp -D SCRIPT_INPUT_ANCESTOR_18\=$REPO/Sources/PhotoAxisApp/Renderer -D SCRIPT_OUTPUT_ANCESTOR_0\=/ -D SCRIPT_OUTPUT_ANCESTOR_1\=/Users -D SCRIPT_OUTPUT_ANCESTOR_2\=/Users/runner -D SCRIPT_OUTPUT_ANCESTOR_3\=/Users/runner/Library -D SCRIPT_OUTPUT_ANCESTOR_4\=/Users/runner/Library/Developer -D SCRIPT_OUTPUT_ANCESTOR_5\=/Users/runner/Library/Developer/PhotoAxisBuilds -D SCRIPT_OUTPUT_ANCESTOR_6\=/Users/runner/Library/Developer/PhotoAxisBuilds/fe52d68e5807 -D SCRIPT_OUTPUT_ANCESTOR_7\=/Users/runner/Library/Developer/PhotoAxisBuilds/fe52d68e5807/DerivedData -D SCRIPT_OUTPUT_ANCESTOR_8\=/Users/runner/Library/Developer/PhotoAxisBuilds/fe52d68e5807/DerivedData/Build -D SCRIPT_OUTPUT_ANCESTOR_9\=/Users/runner/Library/Developer/PhotoAxisBuilds/fe52d68e5807/DerivedData/Build/Products -D SCRIPT_OUTPUT_ANCESTOR_10\=/Users/runner/Library/Developer/PhotoAxisBuilds/fe52d68e5807/DerivedData/Build/Products/Debug -D SCRIPT_OUTPUT_ANCESTOR_11\=/Users/runner/Library/Developer/PhotoAxisBuilds/fe52d68e5807/DerivedData/Build/Products/Debug/PhotoAxis.app -D SCRIPT_OUTPUT_ANCESTOR_12\=/Users/runner/Library/Developer/PhotoAxisBuilds/fe52d68e5807/DerivedData/Build/Products/Debug/PhotoAxis.app/Contents -D SCRIPT_OUTPUT_ANCESTOR_13\=/Users/runner/Library/Developer/PhotoAxisBuilds/fe52d68e5807/DerivedData/Build/Products/Debug/PhotoAxis.app/Contents/Resources -D SRCROOT\=$REPO -D PROJECT_DIR\=$REPO -D OBJROOT\=/Users/runner/Library/Developer/PhotoAxisBuilds/fe52d68e5807/DerivedData/Build/Intermediates.noindex -D SYMROOT\=/Users/runner/Library/Developer/PhotoAxisBuilds/fe52d68e5807/DerivedData/Build/Products -D DSTROOT\=/tmp/PhotoAxis.dst -D SHARED_PRECOMPS_DIR\=/Users/runner/Library/Developer/PhotoAxisBuilds/fe52d68e5807/DerivedData/Build/Intermediates.noindex/PrecompiledHeaders -D CACHE_ROOT\=/var/folders/nj/vtw8zd2j31d1gdrtntc5y4600000gn/C/com.apple.DeveloperTools/16.4-16F6/Xcode -D CONFIGURATION_BUILD_DIR\=/Users/runner/Library/Developer/PhotoAxisBuilds/fe52d68e5807/DerivedData/Build/Products/Debug -D CONFIGURATION_TEMP_DIR\=/Users/runner/Library/Developer/PhotoAxisBuilds/fe52d68e5807/DerivedData/Build/Intermediates.noindex/PhotoAxis.build/Debug -D LOCROOT\=$REPO -D LOCSYMROOT\=$REPO -D INDEX_PRECOMPS_DIR\=/Users/runner/Library/Developer/PhotoAxisBuilds/fe52d68e5807/DerivedData/Index.noindex/PrecompiledHeaders -D INDEX_DATA_STORE_DIR\=/Users/runner/Library/Developer/PhotoAxisBuilds/fe52d68e5807/DerivedData/Index.noindex/DataStore -D TEMP_DIR\=/Users/runner/Library/Developer/PhotoAxisBuilds/fe52d68e5807/DerivedData/Build/Intermediates.noindex/PhotoAxis.build/Debug/PhotoAxis.build -D TARGET_TEMP_DIR\=/Users/runner/Library/Developer/PhotoAxisBuilds/fe52d68e5807/DerivedData/Build/Intermediates.noindex/PhotoAxis.build/Debug/PhotoAxis.build -D DERIVED_FILE_DIR\=/Users/runner/Library/Developer/PhotoAxisBuilds/fe52d68e5807/DerivedData/Build/Intermediates.noindex/PhotoAxis.build/Debug/PhotoAxis.build/DerivedSources -f /Users/runner/Library/Developer/PhotoAxisBuilds/fe52d68e5807/DerivedData/Build/Intermediates.noindex/PhotoAxis.build/Debug/PhotoAxis.build/adc24781606f5dc0aad47b81368ab899.sb /bin/sh -c /Users/runner/Library/Developer/PhotoAxisBuilds/fe52d68e5807/DerivedData/Build/Intermediates.noindex/PhotoAxis.build/Debug/PhotoAxis.build/Script-51503C2492BDF84DA711D67B.sh
build-test	Model and geometry tests; Debug build	2026-10-03T23:48:02.5313500Z 
build-test	Model and geometry tests; Debug build	2026-10-03T23:48:02.5416130Z SwiftDriverJobDiscovery normal arm64 Compiling InvestigationAnalysisTests.swift, InvestigationWorkflowTests.swift, LayerEditingTests.swift, MultiLayerPerspectiveTests.swift, OpenImageCursorTests.swift, PaintLiveTests.swift, PerspectiveEditingTests.swift (in target 'PhotoAxisAppTests' from project 'PhotoAxis')
build-test	Model and geometry tests; Debug build	2026-10-03T23:48:02.5517630Z 
build-test	Model and geometry tests; Debug build	2026-10-03T23:48:02.5620440Z CodeSign /Users/runner/Library/Developer/PhotoAxisBuilds/fe52d68e5807/DerivedData/Build/Products/Debug/PhotoAxisCoreTests.xctest (in target 'PhotoAxisCoreTests' from project 'PhotoAxis')
build-test	Model and geometry tests; Debug build	2026-10-03T23:48:02.5722850Z     cd $REPO
build-test	Model and geometry tests; Debug build	2026-10-03T23:48:02.5823660Z     
build-test	Model and geometry tests; Debug build	2026-10-03T23:48:02.5924510Z     Signing Identity:     "Sign to Run Locally"
build-test	Model and geometry tests; Debug build	2026-10-03T23:48:02.6025370Z     
build-test	Model and geometry tests; Debug build	2026-10-03T23:48:02.6134870Z     /usr/bin/codesign --force --sign - --timestamp\=none --generate-entitlement-der /Users/runner/Library/Developer/PhotoAxisBuilds/fe52d68e5807/DerivedData/Build/Products/Debug/PhotoAxisCoreTests.xctest
build-test	Model and geometry tests; Debug build	2026-10-03T23:48:02.6257480Z 
build-test	Model and geometry tests; Debug build	2026-10-03T23:48:02.6358910Z RegisterExecutionPolicyException /Users/runner/Library/Developer/PhotoAxisBuilds/fe52d68e5807/DerivedData/Build/Products/Debug/PhotoAxisCoreTests.xctest (in target 'PhotoAxisCoreTests' from project 'PhotoAxis')
build-test	Model and geometry tests; Debug build	2026-10-03T23:48:02.6462580Z     cd $REPO
build-test	Model and geometry tests; Debug build	2026-10-03T23:48:02.6563960Z     builtin-RegisterExecutionPolicyException /Users/runner/Library/Developer/PhotoAxisBuilds/fe52d68e5807/DerivedData/Build/Products/Debug/PhotoAxisCoreTests.xctest
build-test	Model and geometry tests; Debug build	2026-10-03T23:48:02.6564640Z 
build-test	Model and geometry tests; Debug build	2026-10-03T23:48:02.6665820Z Touch /Users/runner/Library/Developer/PhotoAxisBuilds/fe52d68e5807/DerivedData/Build/Products/Debug/PhotoAxisCoreTests.xctest (in target 'PhotoAxisCoreTests' from project 'PhotoAxis')
build-test	Model and geometry tests; Debug build	2026-10-03T23:48:02.6767230Z     cd $REPO
build-test	Model and geometry tests; Debug build	2026-10-03T23:48:02.6872130Z     /usr/bin/touch -c /Users/runner/Library/Developer/PhotoAxisBuilds/fe52d68e5807/DerivedData/Build/Products/Debug/PhotoAxisCoreTests.xctest
build-test	Model and geometry tests; Debug build	2026-10-03T23:48:02.6973000Z 
build-test	Model and geometry tests; Debug build	2026-10-03T23:48:02.7075150Z SwiftDriverJobDiscovery normal arm64 Compiling AcceptanceWorkflowTests.swift, BenchmarkTests.swift, ContentEditingTests.swift, CropEditingTests.swift, DocumentTests.swift, ExportTests.swift, ImageAdjustmentTests.swift (in target 'PhotoAxisAppTests' from project 'PhotoAxis')
build-test	Model and geometry tests; Debug build	2026-10-03T23:48:02.7178880Z 
build-test	Model and geometry tests; Debug build	2026-10-03T23:48:02.7279770Z SwiftDriver\ Compilation PhotoAxisAppTests normal arm64 com.apple.xcode.tools.swift.compiler (in target 'PhotoAxisAppTests' from project 'PhotoAxis')
build-test	Model and geometry tests; Debug build	2026-10-03T23:48:02.7380970Z     cd $REPO
build-test	Model and geometry tests; Debug build	2026-10-03T23:48:02.7499260Z     builtin-Swift-Compilation -- /Applications/Xcode_16.4.app/Contents/Developer/Toolchains/XcodeDefault.xctoolchain/usr/bin/swiftc -module-name PhotoAxisAppTests -Onone -enforce-exclusivity\=checked @/Users/runner/Library/Developer/PhotoAxisBuilds/fe52d68e5807/DerivedData/Build/Intermediates.noindex/PhotoAxis.build/Debug/PhotoAxisAppTests.build/Objects-normal/arm64/PhotoAxisAppTests.SwiftFileList -DDEBUG -plugin-path /Applications/Xcode_16.4.app/Contents/Developer/Toolchains/XcodeDefault.xctoolchain/usr/lib/swift/host/plugins/testing -enable-experimental-feature DebugDescriptionMacro -sdk /Applications/Xcode_16.4.app/Contents/Developer/Platforms/MacOSX.platform/Developer/SDKs/MacOSX15.5.sdk -target arm64-apple-macos14.0 -g -module-cache-path /Users/runner/Library/Developer/PhotoAxisBuilds/fe52d68e5807/DerivedData/ModuleCache.noindex -Xfrontend -serialize-debugging-options -enable-testing -index-store-path /Users/runner/Library/Developer/PhotoAxisBuilds/fe52d68e5807/DerivedData/Index.noindex/DataStore -swift-version 6 -I /Users/runner/Library/Developer/PhotoAxisBuilds/fe52d68e5807/DerivedData/Build/Products/Debug -I /Applications/Xcode_16.4.app/Contents/Developer/Platforms/MacOSX.platform/Developer/usr/lib -F /Users/runner/Library/Developer/PhotoAxisBuilds/fe52d68e5807/DerivedData/Build/Products/Debug -F /Applications/Xcode_16.4.app/Contents/Developer/Platforms/MacOSX.platform/Developer/Library/Frameworks -c -j3 -enable-batch-mode -incremental -Xcc -ivfsstatcache -Xcc /Users/runner/Library/Developer/PhotoAxisBuilds/fe52d68e5807/DerivedData/SDKStatCaches.noindex/macosx15.5-24F74-a403186ba963133a54a0e0cacd566b0b.sdkstatcache -output-file-map /Users/runner/Library/Developer/PhotoAxisBuilds/fe52d68e5807/DerivedData/Build/Intermediates.noindex/PhotoAxis.build/Debug/PhotoAxisAppTests.build/Objects-normal/arm64/PhotoAxisAppTests-OutputFileMap.json -use-frontend-parseable-output -save-temps -no-color-diagnostics -serialize-diagnostics -emit-dependencies -emit-module -emit-module-path /Users/runner/Library/Developer/PhotoAxisBuilds/fe52d68e5807/DerivedData/Build/Intermediates.noindex/PhotoAxis.build/Debug/PhotoAxisAppTests.build/Objects-normal/arm64/PhotoAxisAppTests.swiftmodule -validate-clang-modules-once -clang-build-session-file /Users/runner/Library/Developer/PhotoAxisBuilds/fe52d68e5807/DerivedData/ModuleCache.noindex/Session.modulevalidation -Xcc -I/Users/runner/Library/Developer/PhotoAxisBuilds/fe52d68e5807/DerivedData/Build/Intermediates.noindex/PhotoAxis.build/Debug/PhotoAxisAppTests.build/swift-overrides.hmap -emit-const-values -Xfrontend -const-gather-protocols-file -Xfrontend /Users/runner/Library/Developer/PhotoAxisBuilds/fe52d68e5807/DerivedData/Build/Intermediates.noindex/PhotoAxis.build/Debug/PhotoAxisAppTests.build/Objects-normal/arm64/PhotoAxisAppTests_const_extract_protocols.json -Xcc -iquote -Xcc /Users/runner/Library/Developer/PhotoAxisBuilds/fe52d68e5807/DerivedData/Build/Intermediates.noindex/PhotoAxis.build/Debug/PhotoAxisAppTests.build/PhotoAxisAppTests-generated-files.hmap -Xcc -I/Users/runner/Library/Developer/PhotoAxisBuilds/fe52d68e5807/DerivedData/Build/Intermediates.noindex/PhotoAxis.build/Debug/PhotoAxisAppTests.build/PhotoAxisAppTests-own-target-headers.hmap -Xcc -I/Users/runner/Library/Developer/PhotoAxisBuilds/fe52d68e5807/DerivedData/Build/Intermediates.noindex/PhotoAxis.build/Debug/PhotoAxisAppTests.build/PhotoAxisAppTests-all-non-framework-target-headers.hmap -Xcc -ivfsoverlay -Xcc /Users/runner/Library/Developer/PhotoAxisBuilds/fe52d68e5807/DerivedData/Build/Intermediates.noindex/PhotoAxis.build/Debug/PhotoAxis-9730526f0700b8b20d57e2b47e796b5b-VFS/all-product-headers.yaml -Xcc -iquote -Xcc /Users/runner/Library/Developer/PhotoAxisBuilds/fe52d68e5807/DerivedData/Build/Intermediates.noindex/PhotoAxis.build/Debug/PhotoAxisAppTests.build/PhotoAxisAppTests-project-headers.hmap -Xcc -I/Users/runner/Library/Developer/PhotoAxisBuilds/fe52d68e5807/DerivedData/Build/Products/Debug/include -Xcc -I/Users/runner/Library/Developer/PhotoAxisBuilds/fe52d68e5807/DerivedData/Build/Intermediates.noindex/PhotoAxis.build/Debug/PhotoAxisAppTests.build/DerivedSources-normal/arm64 -Xcc -I/Users/runner/Library/Developer/PhotoAxisBuilds/fe52d68e5807/DerivedData/Build/Intermediates.noindex/PhotoAxis.build/Debug/PhotoAxisAppTests.build/DerivedSources/arm64 -Xcc -I/Users/runner/Library/Developer/PhotoAxisBuilds/fe52d68e5807/DerivedData/Build/Intermediates.noindex/PhotoAxis.build/Debug/PhotoAxisAppTests.build/DerivedSources -emit-objc-header -emit-objc-header-path /Users/runner/Library/Developer/PhotoAxisBuilds/fe52d68e5807/DerivedData/Build/Intermediates.noindex/PhotoAxis.build/Debug/PhotoAxisAppTests.build/Objects-normal/arm64/PhotoAxisAppTests-Swift.h -working-directory $REPO -experimental-emit-module-separately -disable-cmo
build-test	Model and geometry tests; Debug build	2026-10-03T23:48:02.7619040Z 
build-test	Model and geometry tests; Debug build	2026-10-03T23:48:02.7721250Z CpResource /Users/runner/Library/Developer/PhotoAxisBuilds/fe52d68e5807/DerivedData/Build/Products/Debug/PhotoAxis.app/Contents/Resources/PhotoAxis.icns $REPO/Sources/PhotoAxisApp/Resources/PhotoAxis.icns (in target 'PhotoAxis' from project 'PhotoAxis')
build-test	Model and geometry tests; Debug build	2026-10-03T23:48:02.7744670Z     cd $REPO
build-test	Model and geometry tests; Debug build	2026-10-03T23:48:02.7750170Z     builtin-copy -exclude .DS_Store -exclude CVS -exclude .svn -exclude .git -exclude .hg -strip-unsigned-binaries -strip-deterministic -strip-tool /Applications/Xcode_16.4.app/Contents/Developer/Toolchains/XcodeDefault.xctoolchain/usr/bin/strip -resolve-src-symlinks $REPO/Sources/PhotoAxisApp/Resources/PhotoAxis.icns /Users/runner/Library/Developer/PhotoAxisBuilds/fe52d68e5807/DerivedData/Build/Products/Debug/PhotoAxis.app/Contents/Resources
build-test	Model and geometry tests; Debug build	2026-10-03T23:48:02.7754230Z 
build-test	Model and geometry tests; Debug build	2026-10-03T23:48:02.7755340Z CopyStringsFile /Users/runner/Library/Developer/PhotoAxisBuilds/fe52d68e5807/DerivedData/Build/Products/Debug/PhotoAxis.app/Contents/Resources/vi.lproj/Localizable.strings $REPO/Sources/PhotoAxisApp/Localization/vi.lproj/Localizable.strings (in target 'PhotoAxis' from project 'PhotoAxis')
build-test	Model and geometry tests; Debug build	2026-10-03T23:48:02.7757470Z     cd $REPO
build-test	Model and geometry tests; Debug build	2026-10-03T23:48:02.7759080Z     builtin-copyStrings --validate --outputencoding UTF-16 --outfilename Localizable.strings --outdir /Users/runner/Library/Developer/PhotoAxisBuilds/fe52d68e5807/DerivedData/Build/Products/Debug/PhotoAxis.app/Contents/Resources/vi.lproj -- $REPO/Sources/PhotoAxisApp/Localization/vi.lproj/Localizable.strings
build-test	Model and geometry tests; Debug build	2026-10-03T23:48:02.7762500Z $REPO/Sources/PhotoAxisApp/Localization/vi.lproj/Localizable.strings:1:1: note: detected encoding of input file as Unicode (UTF-8) (in target 'PhotoAxis' from project 'PhotoAxis')
build-test	Model and geometry tests; Debug build	2026-10-03T23:48:02.7764190Z 
build-test	Model and geometry tests; Debug build	2026-10-03T23:48:02.7765370Z CopyStringsFile /Users/runner/Library/Developer/PhotoAxisBuilds/fe52d68e5807/DerivedData/Build/Products/Debug/PhotoAxis.app/Contents/Resources/en.lproj/Localizable.strings $REPO/Sources/PhotoAxisApp/Localization/en.lproj/Localizable.strings (in target 'PhotoAxis' from project 'PhotoAxis')
build-test	Model and geometry tests; Debug build	2026-10-03T23:48:02.7767720Z     cd $REPO
build-test	Model and geometry tests; Debug build	2026-10-03T23:48:02.7770890Z     builtin-copyStrings --validate --outputencoding UTF-16 --outfilename Localizable.strings --outdir /Users/runner/Library/Developer/PhotoAxisBuilds/fe52d68e5807/DerivedData/Build/Products/Debug/PhotoAxis.app/Contents/Resources/en.lproj -- $REPO/Sources/PhotoAxisApp/Localization/en.lproj/Localizable.strings
build-test	Model and geometry tests; Debug build	2026-10-03T23:48:02.7772950Z $REPO/Sources/PhotoAxisApp/Localization/en.lproj/Localizable.strings:1:1: note: detected encoding of input file as Unicode (UTF-8) (in target 'PhotoAxis' from project 'PhotoAxis')
build-test	Model and geometry tests; Debug build	2026-10-03T23:48:02.7774070Z 
build-test	Model and geometry tests; Debug build	2026-10-03T23:48:02.7776570Z Copy /Users/runner/Library/Developer/PhotoAxisBuilds/fe52d68e5807/DerivedData/Build/Products/Debug/PhotoAxis.app/Contents/Frameworks/PhotoAxisCore.framework /Users/runner/Library/Developer/PhotoAxisBuilds/fe52d68e5807/DerivedData/Build/Products/Debug/PhotoAxisCore.framework (in target 'PhotoAxis' from project 'PhotoAxis')
build-test	Model and geometry tests; Debug build	2026-10-03T23:48:02.7782510Z     cd $REPO
build-test	Model and geometry tests; Debug build	2026-10-03T23:48:02.7785220Z     builtin-copy -exclude .DS_Store -exclude CVS -exclude .svn -exclude .git -exclude .hg -exclude Headers -exclude PrivateHeaders -exclude Modules -exclude \*.tbd -strip-unsigned-binaries -strip-deterministic -strip-tool /Applications/Xcode_16.4.app/Contents/Developer/Toolchains/XcodeDefault.xctoolchain/usr/bin/strip -resolve-src-symlinks -remove-static-executable /Users/runner/Library/Developer/PhotoAxisBuilds/fe52d68e5807/DerivedData/Build/Products/Debug/PhotoAxisCore.framework /Users/runner/Library/Developer/PhotoAxisBuilds/fe52d68e5807/DerivedData/Build/Products/Debug/PhotoAxis.app/Contents/Frameworks
build-test	Model and geometry tests; Debug build	2026-10-03T23:48:02.7791480Z warning: not stripping binary because it is signed: /Users/runner/Library/Developer/PhotoAxisBuilds/fe52d68e5807/DerivedData/Build/Products/Debug/PhotoAxisCore.framework/Versions/A/PhotoAxisCore (in target 'PhotoAxis' from project 'PhotoAxis')
build-test	Model and geometry tests; Debug build	2026-10-03T23:48:02.7796270Z 
build-test	Model and geometry tests; Debug build	2026-10-03T23:48:02.7797230Z ProcessInfoPlistFile /Users/runner/Library/Developer/PhotoAxisBuilds/fe52d68e5807/DerivedData/Build/Products/Debug/PhotoAxis.app/Contents/Info.plist $REPO/Config/Info.plist (in target 'PhotoAxis' from project 'PhotoAxis')
build-test	Model and geometry tests; Debug build	2026-10-03T23:48:02.7799140Z     cd $REPO
build-test	Model and geometry tests; Debug build	2026-10-03T23:48:02.7801820Z     builtin-infoPlistUtility $REPO/Config/Info.plist -producttype com.apple.product-type.application -genpkginfo /Users/runner/Library/Developer/PhotoAxisBuilds/fe52d68e5807/DerivedData/Build/Products/Debug/PhotoAxis.app/Contents/PkgInfo -expandbuildsettings -platform macosx -scanforprivacyfile /Users/runner/Library/Developer/PhotoAxisBuilds/fe52d68e5807/DerivedData/Build/Products/Debug/PhotoAxis.app/Contents/Frameworks/PhotoAxisCore.framework -o /Users/runner/Library/Developer/PhotoAxisBuilds/fe52d68e5807/DerivedData/Build/Products/Debug/PhotoAxis.app/Contents/Info.plist
build-test	Model and geometry tests; Debug build	2026-10-03T23:48:02.7806760Z 
build-test	Model and geometry tests; Debug build	2026-10-03T23:48:02.7808540Z CodeSign /Users/runner/Library/Developer/PhotoAxisBuilds/fe52d68e5807/DerivedData/Build/Products/Debug/PhotoAxis.app/Contents/Frameworks/PhotoAxisCore.framework/Versions/A (in target 'PhotoAxis' from project 'PhotoAxis')
build-test	Model and geometry tests; Debug build	2026-10-03T23:48:02.7810750Z     cd $REPO
build-test	Model and geometry tests; Debug build	2026-10-03T23:48:02.7811040Z     
build-test	Model and geometry tests; Debug build	2026-10-03T23:48:02.7811260Z     Signing Identity:     "Sign to Run Locally"
build-test	Model and geometry tests; Debug build	2026-10-03T23:48:02.7811540Z     
build-test	Model and geometry tests; Debug build	2026-10-03T23:48:02.7813000Z     /usr/bin/codesign --force --sign - --timestamp\=none --preserve-metadata\=identifier,entitlements,flags --generate-entitlement-der /Users/runner/Library/Developer/PhotoAxisBuilds/fe52d68e5807/DerivedData/Build/Products/Debug/PhotoAxis.app/Contents/Frameworks/PhotoAxisCore.framework/Versions/A
build-test	Model and geometry tests; Debug build	2026-10-03T23:48:02.7815460Z /Users/runner/Library/Developer/PhotoAxisBuilds/fe52d68e5807/DerivedData/Build/Products/Debug/PhotoAxis.app/Contents/Frameworks/PhotoAxisCore.framework/Versions/A: replacing existing signature
build-test	Model and geometry tests; Debug build	2026-10-03T23:48:02.7816680Z 
build-test	Model and geometry tests; Debug build	2026-10-03T23:48:02.7824340Z ExtractAppIntentsMetadata (in target 'PhotoAxis' from project 'PhotoAxis')
build-test	Model and geometry tests; Debug build	2026-10-03T23:48:02.7825240Z     cd $REPO
build-test	Model and geometry tests; Debug build	2026-10-03T23:48:02.7834570Z     /Applications/Xcode_16.4.app/Contents/Developer/Toolchains/XcodeDefault.xctoolchain/usr/bin/appintentsmetadataprocessor --toolchain-dir /Applications/Xcode_16.4.app/Contents/Developer/Toolchains/XcodeDefault.xctoolchain --module-name PhotoAxis --sdk-root /Applications/Xcode_16.4.app/Contents/Developer/Platforms/MacOSX.platform/Developer/SDKs/MacOSX15.5.sdk --xcode-version 16F6 --platform-family macOS --deployment-target 14.0 --bundle-identifier local.photoaxis.development --output /Users/runner/Library/Developer/PhotoAxisBuilds/fe52d68e5807/DerivedData/Build/Products/Debug/PhotoAxis.app/Contents/Resources --target-triple arm64-apple-macos14.0 --binary-file /Users/runner/Library/Developer/PhotoAxisBuilds/fe52d68e5807/DerivedData/Build/Products/Debug/PhotoAxis.app/Contents/MacOS/PhotoAxis --dependency-file /Users/runner/Library/Developer/PhotoAxisBuilds/fe52d68e5807/DerivedData/Build/Intermediates.noindex/PhotoAxis.build/Debug/PhotoAxis.build/Objects-normal/arm64/PhotoAxis_dependency_info.dat --stringsdata-file /Users/runner/Library/Developer/PhotoAxisBuilds/fe52d68e5807/DerivedData/Build/Intermediates.noindex/PhotoAxis.build/Debug/PhotoAxis.build/Objects-normal/arm64/ExtractedAppShortcutsMetadata.stringsdata --source-file-list /Users/runner/Library/Developer/PhotoAxisBuilds/fe52d68e5807/DerivedData/Build/Intermediates.noindex/PhotoAxis.build/Debug/PhotoAxis.build/Objects-normal/arm64/PhotoAxis.SwiftFileList --metadata-file-list /Users/runner/Library/Developer/PhotoAxisBuilds/fe52d68e5807/DerivedData/Build/Intermediates.noindex/PhotoAxis.build/Debug/PhotoAxis.build/PhotoAxis.DependencyMetadataFileList --static-metadata-file-list /Users/runner/Library/Developer/PhotoAxisBuilds/fe52d68e5807/DerivedData/Build/Intermediates.noindex/PhotoAxis.build/Debug/PhotoAxis.build/PhotoAxis.DependencyStaticMetadataFileList --swift-const-vals-list /Users/runner/Library/Developer/PhotoAxisBuilds/fe52d68e5807/DerivedData/Build/Intermediates.noindex/PhotoAxis.build/Debug/PhotoAxis.build/Objects-normal/arm64/PhotoAxis.SwiftConstValuesFileList --compile-time-extraction --deployment-aware-processing --validate-assistant-intents --no-app-shortcuts-localization
build-test	Model and geometry tests; Debug build	2026-10-03T23:48:02.7844190Z 2026-10-03 23:47:59.184 appintentsmetadataprocessor[2361:10241] Starting appintentsmetadataprocessor export
build-test	Model and geometry tests; Debug build	2026-10-03T23:48:02.7845320Z 2026-10-03 23:47:59.186 appintentsmetadataprocessor[2361:10241] warning: Metadata extraction skipped. No AppIntents.framework dependency found.
build-test	Model and geometry tests; Debug build	2026-10-03T23:48:02.7856580Z 
build-test	Model and geometry tests; Debug build	2026-10-03T23:48:02.7857180Z CopySwiftLibs /Users/runner/Library/Developer/PhotoAxisBuilds/fe52d68e5807/DerivedData/Build/Products/Debug/PhotoAxis.app (in target 'PhotoAxis' from project 'PhotoAxis')
build-test	Model and geometry tests; Debug build	2026-10-03T23:48:02.7860070Z     cd $REPO
build-test	Model and geometry tests; Debug build	2026-10-03T23:48:02.7867290Z     builtin-swiftStdLibTool --copy --verbose --sign - --scan-executable /Users/runner/Library/Developer/PhotoAxisBuilds/fe52d68e5807/DerivedData/Build/Products/Debug/PhotoAxis.app/Contents/MacOS/PhotoAxis.debug.dylib --scan-folder /Users/runner/Library/Developer/PhotoAxisBuilds/fe52d68e5807/DerivedData/Build/Products/Debug/PhotoAxis.app/Contents/Frameworks --scan-folder /Users/runner/Library/Developer/PhotoAxisBuilds/fe52d68e5807/DerivedData/Build/Products/Debug/PhotoAxis.app/Contents/PlugIns --scan-folder /Users/runner/Library/Developer/PhotoAxisBuilds/fe52d68e5807/DerivedData/Build/Products/Debug/PhotoAxis.app/Contents/Library/SystemExtensions --scan-folder /Users/runner/Library/Developer/PhotoAxisBuilds/fe52d68e5807/DerivedData/Build/Products/Debug/PhotoAxis.app/Contents/Extensions --scan-folder /Users/runner/Library/Developer/PhotoAxisBuilds/fe52d68e5807/DerivedData/Build/Products/Debug/PhotoAxisCore.framework --platform macosx --toolchain /Applications/Xcode_16.4.app/Contents/Developer/Toolchains/XcodeDefault.xctoolchain --destination /Users/runner/Library/Developer/PhotoAxisBuilds/fe52d68e5807/DerivedData/Build/Products/Debug/PhotoAxis.app/Contents/Frameworks --strip-bitcode --strip-bitcode-tool /Applications/Xcode_16.4.app/Contents/Developer/Toolchains/XcodeDefault.xctoolchain/usr/bin/bitcode_strip --emit-dependency-info /Users/runner/Library/Developer/PhotoAxisBuilds/fe52d68e5807/DerivedData/Build/Intermediates.noindex/PhotoAxis.build/Debug/PhotoAxis.build/SwiftStdLibToolInputDependencies.dep --filter-for-swift-os
build-test	Model and geometry tests; Debug build	2026-10-03T23:48:02.7873550Z 
build-test	Model and geometry tests; Debug build	2026-10-03T23:48:02.7874330Z Ld /Users/runner/Library/Developer/PhotoAxisBuilds/fe52d68e5807/DerivedData/Build/Products/Debug/PhotoAxis.app/Contents/PlugIns/PhotoAxisAppTests.xctest/Contents/MacOS/PhotoAxisAppTests normal (in target 'PhotoAxisAppTests' from project 'PhotoAxis')
build-test	Model and geometry tests; Debug build	2026-10-03T23:48:02.7876100Z     cd $REPO
build-test	Model and geometry tests; Debug build	2026-10-03T23:48:02.7888470Z     /Applications/Xcode_16.4.app/Contents/Developer/Toolchains/XcodeDefault.xctoolchain/usr/bin/clang -Xlinker -reproducible -target arm64-apple-macos14.0 -bundle -isysroot /Applications/Xcode_16.4.app/Contents/Developer/Platforms/MacOSX.platform/Developer/SDKs/MacOSX15.5.sdk -Os -L/Users/runner/Library/Developer/PhotoAxisBuilds/fe52d68e5807/DerivedData/Build/Intermediates.noindex/EagerLinkingTBDs/Debug -L/Users/runner/Library/Developer/PhotoAxisBuilds/fe52d68e5807/DerivedData/Build/Products/Debug -L/Applications/Xcode_16.4.app/Contents/Developer/Platforms/MacOSX.platform/Developer/usr/lib -F/Users/runner/Library/Developer/PhotoAxisBuilds/fe52d68e5807/DerivedData/Build/Intermediates.noindex/EagerLinkingTBDs/Debug -F/Users/runner/Library/Developer/PhotoAxisBuilds/fe52d68e5807/DerivedData/Build/Products/Debug -iframework /Applications/Xcode_16.4.app/Contents/Developer/Platforms/MacOSX.platform/Developer/Library/Frameworks -filelist /Users/runner/Library/Developer/PhotoAxisBuilds/fe52d68e5807/DerivedData/Build/Intermediates.noindex/PhotoAxis.build/Debug/PhotoAxisAppTests.build/Objects-normal/arm64/PhotoAxisAppTests.LinkFileList -Xlinker -rpath -Xlinker @loader_path/../Frameworks -Xlinker -rpath -Xlinker @executable_path/../Frameworks -bundle_loader /Users/runner/Library/Developer/PhotoAxisBuilds/fe52d68e5807/DerivedData/Build/Products/Debug/PhotoAxis.app/Contents/MacOS/PhotoAxis -Xlinker -object_path_lto -Xlinker /Users/runner/Library/Developer/PhotoAxisBuilds/fe52d68e5807/DerivedData/Build/Intermediates.noindex/PhotoAxis.build/Debug/PhotoAxisAppTests.build/Objects-normal/arm64/PhotoAxisAppTests_lto.o -rdynamic -Xlinker -dependency_info -Xlinker /Users/runner/Library/Developer/PhotoAxisBuilds/fe52d68e5807/DerivedData/Build/Intermediates.noindex/PhotoAxis.build/Debug/PhotoAxisAppTests.build/Objects-normal/arm64/PhotoAxisAppTests_dependency_info.dat -fobjc-link-runtime -L/Applications/Xcode_16.4.app/Contents/Developer/Toolchains/XcodeDefault.xctoolchain/usr/lib/swift/macosx -L/usr/lib/swift -Xlinker -add_ast_path -Xlinker /Users/runner/Library/Developer/PhotoAxisBuilds/fe52d68e5807/DerivedData/Build/Intermediates.noindex/PhotoAxis.build/Debug/PhotoAxisAppTests.build/Objects-normal/arm64/PhotoAxisAppTests.swiftmodule -framework XCTest -lXCTestSwiftSupport -framework PhotoAxisCore /Users/runner/Library/Developer/PhotoAxisBuilds/fe52d68e5807/DerivedData/Build/Products/Debug/PhotoAxis.app/Contents/MacOS/PhotoAxis.debug.dylib -Xlinker -no_adhoc_codesign -o /Users/runner/Library/Developer/PhotoAxisBuilds/fe52d68e5807/DerivedData/Build/Products/Debug/PhotoAxis.app/Contents/PlugIns/PhotoAxisAppTests.xctest/Contents/MacOS/PhotoAxisAppTests
build-test	Model and geometry tests; Debug build	2026-10-03T23:48:02.7901940Z 
build-test	Model and geometry tests; Debug build	2026-10-03T23:48:02.7907080Z ProcessInfoPlistFile /Users/runner/Library/Developer/PhotoAxisBuilds/fe52d68e5807/DerivedData/Build/Products/Debug/PhotoAxis.app/Contents/PlugIns/PhotoAxisAppTests.xctest/Contents/Info.plist /Users/runner/Library/Developer/PhotoAxisBuilds/fe52d68e5807/DerivedData/Build/Intermediates.noindex/PhotoAxis.build/Debug/PhotoAxisAppTests.build/empty-PhotoAxisAppTests.plist (in target 'PhotoAxisAppTests' from project 'PhotoAxis')
build-test	Model and geometry tests; Debug build	2026-10-03T23:48:02.7910740Z     cd $REPO
build-test	Model and geometry tests; Debug build	2026-10-03T23:48:02.7913520Z     builtin-infoPlistUtility /Users/runner/Library/Developer/PhotoAxisBuilds/fe52d68e5807/DerivedData/Build/Intermediates.noindex/PhotoAxis.build/Debug/PhotoAxisAppTests.build/empty-PhotoAxisAppTests.plist -producttype com.apple.product-type.bundle.unit-test -expandbuildsettings -platform macosx -o /Users/runner/Library/Developer/PhotoAxisBuilds/fe52d68e5807/DerivedData/Build/Products/Debug/PhotoAxis.app/Contents/PlugIns/PhotoAxisAppTests.xctest/Contents/Info.plist
build-test	Model and geometry tests; Debug build	2026-10-03T23:48:02.7916070Z 
build-test	Model and geometry tests; Debug build	2026-10-03T23:48:02.7919820Z CpResource /Users/runner/Library/Developer/PhotoAxisBuilds/fe52d68e5807/DerivedData/Build/Products/Debug/PhotoAxis.app/Contents/PlugIns/PhotoAxisAppTests.xctest/Contents/Resources/P17 $REPO/Fixtures/P17 (in target 'PhotoAxisAppTests' from project 'PhotoAxis')
build-test	Model and geometry tests; Debug build	2026-10-03T23:48:02.7922480Z     cd $REPO
build-test	Model and geometry tests; Debug build	2026-10-03T23:48:02.7925010Z     builtin-copy -exclude .DS_Store -exclude CVS -exclude .svn -exclude .git -exclude .hg -strip-unsigned-binaries -strip-deterministic -strip-tool /Applications/Xcode_16.4.app/Contents/Developer/Toolchains/XcodeDefault.xctoolchain/usr/bin/strip -resolve-src-symlinks $REPO/Fixtures/P17 /Users/runner/Library/Developer/PhotoAxisBuilds/fe52d68e5807/DerivedData/Build/Products/Debug/PhotoAxis.app/Contents/PlugIns/PhotoAxisAppTests.xctest/Contents/Resources
build-test	Model and geometry tests; Debug build	2026-10-03T23:48:02.7933680Z 
build-test	Model and geometry tests; Debug build	2026-10-03T23:48:02.7936400Z CpResource /Users/runner/Library/Developer/PhotoAxisBuilds/fe52d68e5807/DerivedData/Build/Products/Debug/PhotoAxis.app/Contents/PlugIns/PhotoAxisAppTests.xctest/Contents/Resources/P10 $REPO/Fixtures/P10 (in target 'PhotoAxisAppTests' from project 'PhotoAxis')
build-test	Model and geometry tests; Debug build	2026-10-03T23:48:02.7938450Z     cd $REPO
build-test	Model and geometry tests; Debug build	2026-10-03T23:48:02.7940480Z     builtin-copy -exclude .DS_Store -exclude CVS -exclude .svn -exclude .git -exclude .hg -strip-unsigned-binaries -strip-deterministic -strip-tool /Applications/Xcode_16.4.app/Contents/Developer/Toolchains/XcodeDefault.xctoolchain/usr/bin/strip -resolve-src-symlinks $REPO/Fixtures/P10 /Users/runner/Library/Developer/PhotoAxisBuilds/fe52d68e5807/DerivedData/Build/Products/Debug/PhotoAxis.app/Contents/PlugIns/PhotoAxisAppTests.xctest/Contents/Resources
build-test	Model and geometry tests; Debug build	2026-10-03T23:48:02.7944300Z 
build-test	Model and geometry tests; Debug build	2026-10-03T23:48:02.7945410Z CpResource /Users/runner/Library/Developer/PhotoAxisBuilds/fe52d68e5807/DerivedData/Build/Products/Debug/PhotoAxis.app/Contents/PlugIns/PhotoAxisAppTests.xctest/Contents/Resources/P09 $REPO/Fixtures/P09 (in target 'PhotoAxisAppTests' from project 'PhotoAxis')
build-test	Model and geometry tests; Debug build	2026-10-03T23:48:02.7948870Z     cd $REPO
build-test	Model and geometry tests; Debug build	2026-10-03T23:48:02.7953500Z     builtin-copy -exclude .DS_Store -exclude CVS -exclude .svn -exclude .git -exclude .hg -strip-unsigned-binaries -strip-deterministic -strip-tool /Applications/Xcode_16.4.app/Contents/Developer/Toolchains/XcodeDefault.xctoolchain/usr/bin/strip -resolve-src-symlinks $REPO/Fixtures/P09 /Users/runner/Library/Developer/PhotoAxisBuilds/fe52d68e5807/DerivedData/Build/Products/Debug/PhotoAxis.app/Contents/PlugIns/PhotoAxisAppTests.xctest/Contents/Resources
build-test	Model and geometry tests; Debug build	2026-10-03T23:48:02.8057210Z 
build-test	Model and geometry tests; Debug build	2026-10-03T23:48:02.8158560Z CpResource /Users/runner/Library/Developer/PhotoAxisBuilds/fe52d68e5807/DerivedData/Build/Products/Debug/PhotoAxis.app/Contents/PlugIns/PhotoAxisAppTests.xctest/Contents/Resources/P02 $REPO/Fixtures/P02 (in target 'PhotoAxisAppTests' from project 'PhotoAxis')
build-test	Model and geometry tests; Debug build	2026-10-03T23:48:02.8260400Z     cd $REPO
build-test	Model and geometry tests; Debug build	2026-10-03T23:48:02.8283020Z     builtin-copy -exclude .DS_Store -exclude CVS -exclude .svn -exclude .git -exclude .hg -strip-unsigned-binaries -strip-deterministic -strip-tool /Applications/Xcode_16.4.app/Contents/Developer/Toolchains/XcodeDefault.xctoolchain/usr/bin/strip -resolve-src-symlinks $REPO/Fixtures/P02 /Users/runner/Library/Developer/PhotoAxisBuilds/fe52d68e5807/DerivedData/Build/Products/Debug/PhotoAxis.app/Contents/PlugIns/PhotoAxisAppTests.xctest/Contents/Resources
build-test	Model and geometry tests; Debug build	2026-10-03T23:48:02.8288810Z 
build-test	Model and geometry tests; Debug build	2026-10-03T23:48:02.8289160Z ExtractAppIntentsMetadata (in target 'PhotoAxisAppTests' from project 'PhotoAxis')
build-test	Model and geometry tests; Debug build	2026-10-03T23:48:02.8289600Z     cd $REPO
build-test	Model and geometry tests; Debug build	2026-10-03T23:48:02.8298480Z     /Applications/Xcode_16.4.app/Contents/Developer/Toolchains/XcodeDefault.xctoolchain/usr/bin/appintentsmetadataprocessor --toolchain-dir /Applications/Xcode_16.4.app/Contents/Developer/Toolchains/XcodeDefault.xctoolchain --module-name PhotoAxisAppTests --sdk-root /Applications/Xcode_16.4.app/Contents/Developer/Platforms/MacOSX.platform/Developer/SDKs/MacOSX15.5.sdk --xcode-version 16F6 --platform-family macOS --deployment-target 14.0 --bundle-identifier local.photoaxis.apptests --output /Users/runner/Library/Developer/PhotoAxisBuilds/fe52d68e5807/DerivedData/Build/Products/Debug/PhotoAxis.app/Contents/PlugIns/PhotoAxisAppTests.xctest/Contents/Resources --target-triple arm64-apple-macos14.0 --binary-file /Users/runner/Library/Developer/PhotoAxisBuilds/fe52d68e5807/DerivedData/Build/Products/Debug/PhotoAxis.app/Contents/PlugIns/PhotoAxisAppTests.xctest/Contents/MacOS/PhotoAxisAppTests --dependency-file /Users/runner/Library/Developer/PhotoAxisBuilds/fe52d68e5807/DerivedData/Build/Intermediates.noindex/PhotoAxis.build/Debug/PhotoAxisAppTests.build/Objects-normal/arm64/PhotoAxisAppTests_dependency_info.dat --stringsdata-file /Users/runner/Library/Developer/PhotoAxisBuilds/fe52d68e5807/DerivedData/Build/Intermediates.noindex/PhotoAxis.build/Debug/PhotoAxisAppTests.build/Objects-normal/arm64/ExtractedAppShortcutsMetadata.stringsdata --source-file-list /Users/runner/Library/Developer/PhotoAxisBuilds/fe52d68e5807/DerivedData/Build/Intermediates.noindex/PhotoAxis.build/Debug/PhotoAxisAppTests.build/Objects-normal/arm64/PhotoAxisAppTests.SwiftFileList --metadata-file-list /Users/runner/Library/Developer/PhotoAxisBuilds/fe52d68e5807/DerivedData/Build/Intermediates.noindex/PhotoAxis.build/Debug/PhotoAxisAppTests.build/PhotoAxisAppTests.DependencyMetadataFileList --static-metadata-file-list /Users/runner/Library/Developer/PhotoAxisBuilds/fe52d68e5807/DerivedData/Build/Intermediates.noindex/PhotoAxis.build/Debug/PhotoAxisAppTests.build/PhotoAxisAppTests.DependencyStaticMetadataFileList --swift-const-vals-list /Users/runner/Library/Developer/PhotoAxisBuilds/fe52d68e5807/DerivedData/Build/Intermediates.noindex/PhotoAxis.build/Debug/PhotoAxisAppTests.build/Objects-normal/arm64/PhotoAxisAppTests.SwiftConstValuesFileList --compile-time-extraction --deployment-aware-processing --validate-assistant-intents --no-app-shortcuts-localization
build-test	Model and geometry tests; Debug build	2026-10-03T23:48:02.8308450Z 2026-10-03 23:47:59.587 appintentsmetadataprocessor[2367:10264] Starting appintentsmetadataprocessor export
build-test	Model and geometry tests; Debug build	2026-10-03T23:48:02.8309460Z 2026-10-03 23:47:59.589 appintentsmetadataprocessor[2367:10264] warning: Metadata extraction skipped. No AppIntents.framework dependency found.
build-test	Model and geometry tests; Debug build	2026-10-03T23:48:02.8309970Z 
build-test	Model and geometry tests; Debug build	2026-10-03T23:48:02.8310690Z CopySwiftLibs /Users/runner/Library/Developer/PhotoAxisBuilds/fe52d68e5807/DerivedData/Build/Products/Debug/PhotoAxis.app/Contents/PlugIns/PhotoAxisAppTests.xctest (in target 'PhotoAxisAppTests' from project 'PhotoAxis')
build-test	Model and geometry tests; Debug build	2026-10-03T23:48:02.8312790Z     cd $REPO
build-test	Model and geometry tests; Debug build	2026-10-03T23:48:02.8322900Z     builtin-swiftStdLibTool --copy --verbose --sign - --scan-executable /Users/runner/Library/Developer/PhotoAxisBuilds/fe52d68e5807/DerivedData/Build/Products/Debug/PhotoAxis.app/Contents/PlugIns/PhotoAxisAppTests.xctest/Contents/MacOS/PhotoAxisAppTests --scan-folder /Users/runner/Library/Developer/PhotoAxisBuilds/fe52d68e5807/DerivedData/Build/Products/Debug/PhotoAxis.app/Contents/PlugIns/PhotoAxisAppTests.xctest/Contents/Frameworks --scan-folder /Users/runner/Library/Developer/PhotoAxisBuilds/fe52d68e5807/DerivedData/Build/Products/Debug/PhotoAxis.app/Contents/PlugIns/PhotoAxisAppTests.xctest/Contents/PlugIns --scan-folder /Users/runner/Library/Developer/PhotoAxisBuilds/fe52d68e5807/DerivedData/Build/Products/Debug/PhotoAxis.app/Contents/PlugIns/PhotoAxisAppTests.xctest/Contents/Library/SystemExtensions --scan-folder /Users/runner/Library/Developer/PhotoAxisBuilds/fe52d68e5807/DerivedData/Build/Products/Debug/PhotoAxis.app/Contents/PlugIns/PhotoAxisAppTests.xctest/Contents/Extensions --scan-folder /Users/runner/Library/Developer/PhotoAxisBuilds/fe52d68e5807/DerivedData/Build/Products/Debug/PhotoAxisCore.framework --platform macosx --toolchain /Applications/Xcode_16.4.app/Contents/Developer/Toolchains/XcodeDefault.xctoolchain --destination /Users/runner/Library/Developer/PhotoAxisBuilds/fe52d68e5807/DerivedData/Build/Products/Debug/PhotoAxis.app/Contents/PlugIns/PhotoAxisAppTests.xctest/Contents/Frameworks --strip-bitcode --scan-executable /Applications/Xcode_16.4.app/Contents/Developer/Platforms/MacOSX.platform/Developer/usr/lib/libXCTestSwiftSupport.dylib --strip-bitcode-tool /Applications/Xcode_16.4.app/Contents/Developer/Toolchains/XcodeDefault.xctoolchain/usr/bin/bitcode_strip --emit-dependency-info /Users/runner/Library/Developer/PhotoAxisBuilds/fe52d68e5807/DerivedData/Build/Intermediates.noindex/PhotoAxis.build/Debug/PhotoAxisAppTests.build/SwiftStdLibToolInputDependencies.dep --filter-for-swift-os
build-test	Model and geometry tests; Debug build	2026-10-03T23:48:02.8332060Z 
build-test	Model and geometry tests; Debug build	2026-10-03T23:48:02.8333030Z CodeSign /Users/runner/Library/Developer/PhotoAxisBuilds/fe52d68e5807/DerivedData/Build/Products/Debug/PhotoAxis.app/Contents/PlugIns/PhotoAxisAppTests.xctest (in target 'PhotoAxisAppTests' from project 'PhotoAxis')
build-test	Model and geometry tests; Debug build	2026-10-03T23:48:02.8335500Z     cd $REPO
build-test	Model and geometry tests; Debug build	2026-10-03T23:48:02.8335790Z     
build-test	Model and geometry tests; Debug build	2026-10-03T23:48:02.8339390Z     Signing Identity:     "Sign to Run Locally"
build-test	Model and geometry tests; Debug build	2026-10-03T23:48:02.8339690Z     
build-test	Model and geometry tests; Debug build	2026-10-03T23:48:02.8340480Z     /usr/bin/codesign --force --sign - --timestamp\=none --generate-entitlement-der /Users/runner/Library/Developer/PhotoAxisBuilds/fe52d68e5807/DerivedData/Build/Products/Debug/PhotoAxis.app/Contents/PlugIns/PhotoAxisAppTests.xctest
build-test	Model and geometry tests; Debug build	2026-10-03T23:48:02.8344250Z 
build-test	Model and geometry tests; Debug build	2026-10-03T23:48:02.8345080Z RegisterExecutionPolicyException /Users/runner/Library/Developer/PhotoAxisBuilds/fe52d68e5807/DerivedData/Build/Products/Debug/PhotoAxis.app/Contents/PlugIns/PhotoAxisAppTests.xctest (in target 'PhotoAxisAppTests' from project 'PhotoAxis')
build-test	Model and geometry tests; Debug build	2026-10-03T23:48:02.8346680Z     cd $REPO
build-test	Model and geometry tests; Debug build	2026-10-03T23:48:02.8417380Z     builtin-RegisterExecutionPolicyException /Users/runner/Library/Developer/PhotoAxisBuilds/fe52d68e5807/DerivedData/Build/Products/Debug/PhotoAxis.app/Contents/PlugIns/PhotoAxisAppTests.xctest
build-test	Model and geometry tests; Debug build	2026-10-03T23:48:02.8419180Z 
build-test	Model and geometry tests; Debug build	2026-10-03T23:48:02.8419890Z Touch /Users/runner/Library/Developer/PhotoAxisBuilds/fe52d68e5807/DerivedData/Build/Products/Debug/PhotoAxis.app/Contents/PlugIns/PhotoAxisAppTests.xctest (in target 'PhotoAxisAppTests' from project 'PhotoAxis')
build-test	Model and geometry tests; Debug build	2026-10-03T23:48:02.8420760Z     cd $REPO
build-test	Model and geometry tests; Debug build	2026-10-03T23:48:02.8523900Z     /usr/bin/touch -c /Users/runner/Library/Developer/PhotoAxisBuilds/fe52d68e5807/DerivedData/Build/Products/Debug/PhotoAxis.app/Contents/PlugIns/PhotoAxisAppTests.xctest
build-test	Model and geometry tests; Debug build	2026-10-03T23:48:02.8538590Z 
build-test	Model and geometry tests; Debug build	2026-10-03T23:48:02.8540800Z CodeSign /Users/runner/Library/Developer/PhotoAxisBuilds/fe52d68e5807/DerivedData/Build/Products/Debug/PhotoAxis.app/Contents/MacOS/PhotoAxis.debug.dylib (in target 'PhotoAxis' from project 'PhotoAxis')
build-test	Model and geometry tests; Debug build	2026-10-03T23:48:02.8543110Z     cd $REPO
build-test	Model and geometry tests; Debug build	2026-10-03T23:48:02.8645740Z     
build-test	Model and geometry tests; Debug build	2026-10-03T23:48:02.8746770Z     Signing Identity:     "Sign to Run Locally"
build-test	Model and geometry tests; Debug build	2026-10-03T23:48:02.8785860Z     
build-test	Model and geometry tests; Debug build	2026-10-03T23:48:02.8786780Z     /usr/bin/codesign --force --sign - --timestamp\=none --generate-entitlement-der /Users/runner/Library/Developer/PhotoAxisBuilds/fe52d68e5807/DerivedData/Build/Products/Debug/PhotoAxis.app/Contents/MacOS/PhotoAxis.debug.dylib
build-test	Model and geometry tests; Debug build	2026-10-03T23:48:02.8787770Z 
build-test	Model and geometry tests; Debug build	2026-10-03T23:48:02.8788370Z CodeSign /Users/runner/Library/Developer/PhotoAxisBuilds/fe52d68e5807/DerivedData/Build/Products/Debug/PhotoAxis.app/Contents/MacOS/__preview.dylib (in target 'PhotoAxis' from project 'PhotoAxis')
build-test	Model and geometry tests; Debug build	2026-10-03T23:48:02.8789160Z     cd $REPO
build-test	Model and geometry tests; Debug build	2026-10-03T23:48:02.8789440Z     
build-test	Model and geometry tests; Debug build	2026-10-03T23:48:02.8789660Z     Signing Identity:     "Sign to Run Locally"
build-test	Model and geometry tests; Debug build	2026-10-03T23:48:02.8790000Z     
build-test	Model and geometry tests; Debug build	2026-10-03T23:48:02.8790720Z     /usr/bin/codesign --force --sign - --timestamp\=none --generate-entitlement-der /Users/runner/Library/Developer/PhotoAxisBuilds/fe52d68e5807/DerivedData/Build/Products/Debug/PhotoAxis.app/Contents/MacOS/__preview.dylib
build-test	Model and geometry tests; Debug build	2026-10-03T23:48:02.8791780Z 
build-test	Model and geometry tests; Debug build	2026-10-03T23:48:02.8792360Z CodeSign /Users/runner/Library/Developer/PhotoAxisBuilds/fe52d68e5807/DerivedData/Build/Products/Debug/PhotoAxis.app (in target 'PhotoAxis' from project 'PhotoAxis')
build-test	Model and geometry tests; Debug build	2026-10-03T23:48:02.8794230Z     cd $REPO
build-test	Model and geometry tests; Debug build	2026-10-03T23:48:02.8795550Z     
build-test	Model and geometry tests; Debug build	2026-10-03T23:48:02.8798160Z     Signing Identity:     "Sign to Run Locally"
build-test	Model and geometry tests; Debug build	2026-10-03T23:48:02.8798980Z     
build-test	Model and geometry tests; Debug build	2026-10-03T23:48:02.8800150Z     /usr/bin/codesign --force --sign - --entitlements /Users/runner/Library/Developer/PhotoAxisBuilds/fe52d68e5807/DerivedData/Build/Intermediates.noindex/PhotoAxis.build/Debug/PhotoAxis.build/PhotoAxis.app.xcent --timestamp\=none --generate-entitlement-der /Users/runner/Library/Developer/PhotoAxisBuilds/fe52d68e5807/DerivedData/Build/Products/Debug/PhotoAxis.app
build-test	Model and geometry tests; Debug build	2026-10-03T23:48:02.8801550Z 
build-test	Model and geometry tests; Debug build	2026-10-03T23:48:02.8802130Z RegisterExecutionPolicyException /Users/runner/Library/Developer/PhotoAxisBuilds/fe52d68e5807/DerivedData/Build/Products/Debug/PhotoAxis.app (in target 'PhotoAxis' from project 'PhotoAxis')
build-test	Model and geometry tests; Debug build	2026-10-03T23:48:02.8802870Z     cd $REPO
build-test	Model and geometry tests; Debug build	2026-10-03T23:48:02.8803500Z     builtin-RegisterExecutionPolicyException /Users/runner/Library/Developer/PhotoAxisBuilds/fe52d68e5807/DerivedData/Build/Products/Debug/PhotoAxis.app
build-test	Model and geometry tests; Debug build	2026-10-03T23:48:02.8804050Z 
build-test	Model and geometry tests; Debug build	2026-10-03T23:48:02.8804540Z Validate /Users/runner/Library/Developer/PhotoAxisBuilds/fe52d68e5807/DerivedData/Build/Products/Debug/PhotoAxis.app (in target 'PhotoAxis' from project 'PhotoAxis')
build-test	Model and geometry tests; Debug build	2026-10-03T23:48:02.8805240Z     cd $REPO
build-test	Model and geometry tests; Debug build	2026-10-03T23:48:02.8806000Z     builtin-validationUtility /Users/runner/Library/Developer/PhotoAxisBuilds/fe52d68e5807/DerivedData/Build/Products/Debug/PhotoAxis.app -no-validate-extension -infoplist-subpath Contents/Info.plist
build-test	Model and geometry tests; Debug build	2026-10-03T23:48:02.8806680Z 
build-test	Model and geometry tests; Debug build	2026-10-03T23:48:02.8807160Z Touch /Users/runner/Library/Developer/PhotoAxisBuilds/fe52d68e5807/DerivedData/Build/Products/Debug/PhotoAxis.app (in target 'PhotoAxis' from project 'PhotoAxis')
build-test	Model and geometry tests; Debug build	2026-10-03T23:48:02.8807820Z     cd $REPO
build-test	Model and geometry tests; Debug build	2026-10-03T23:48:02.8808360Z     /usr/bin/touch -c /Users/runner/Library/Developer/PhotoAxisBuilds/fe52d68e5807/DerivedData/Build/Products/Debug/PhotoAxis.app
build-test	Model and geometry tests; Debug build	2026-10-03T23:48:02.8808810Z 
build-test	Model and geometry tests; Debug build	2026-10-03T23:48:02.8809370Z RegisterWithLaunchServices /Users/runner/Library/Developer/PhotoAxisBuilds/fe52d68e5807/DerivedData/Build/Products/Debug/PhotoAxis.app (in target 'PhotoAxis' from project 'PhotoAxis')
build-test	Model and geometry tests; Debug build	2026-10-03T23:48:02.8810190Z     cd $REPO
build-test	Model and geometry tests; Debug build	2026-10-03T23:48:02.8811580Z     /System/Library/Frameworks/CoreServices.framework/Versions/Current/Frameworks/LaunchServices.framework/Versions/Current/Support/lsregister -f -R -trusted /Users/runner/Library/Developer/PhotoAxisBuilds/fe52d68e5807/DerivedData/Build/Products/Debug/PhotoAxis.app
build-test	Model and geometry tests; Debug build	2026-10-03T23:48:02.8812800Z 
build-test	Model and geometry tests; Debug build	2026-10-03T23:48:05.8278670Z Test Suite 'All tests' started at 2026-10-03 23:48:05.818.
build-test	Model and geometry tests; Debug build	2026-10-03T23:48:05.8293990Z Test Suite 'PhotoAxisCoreTests.xctest' started at 2026-10-03 23:48:05.818.
build-test	Model and geometry tests; Debug build	2026-10-03T23:48:05.8294950Z Test Suite 'ExportOptionsTests' started at 2026-10-03 23:48:05.819.
build-test	Model and geometry tests; Debug build	2026-10-03T23:48:05.8318310Z Test Case '-[PhotoAxisCoreTests.ExportOptionsTests testExportBoundsQualityPPIAndOpaqueMatte]' started.
build-test	Model and geometry tests; Debug build	2026-10-03T23:48:05.8320940Z Test Case '-[PhotoAxisCoreTests.ExportOptionsTests testExportBoundsQualityPPIAndOpaqueMatte]' passed (0.003 seconds).
build-test	Model and geometry tests; Debug build	2026-10-03T23:48:05.8321560Z Test Suite 'ExportOptionsTests' passed at 2026-10-03 23:48:05.822.
build-test	Model and geometry tests; Debug build	2026-10-03T23:48:05.8322230Z 	 Executed 1 test, with 0 failures (0 unexpected) in 0.003 (0.004) seconds
build-test	Model and geometry tests; Debug build	2026-10-03T23:48:05.8322680Z Test Suite 'InvestigationTests' started at 2026-10-03 23:48:05.822.
build-test	Model and geometry tests; Debug build	2026-10-03T23:48:05.8325530Z Test Case '-[PhotoAxisCoreTests.InvestigationTests testAnnotationPiecesRemainTypedSourcesAndClipsArePreserved]' started.
build-test	Model and geometry tests; Debug build	2026-10-03T23:48:05.8466840Z Test Case '-[PhotoAxisCoreTests.InvestigationTests testAnnotationPiecesRemainTypedSourcesAndClipsArePreserved]' passed (0.010 seconds).
build-test	Model and geometry tests; Debug build	2026-10-03T23:48:05.8569760Z Test Case '-[PhotoAxisCoreTests.InvestigationTests testCalibratedDistanceAndConcaveAreaWithReversedWinding]' started.
build-test	Model and geometry tests; Debug build	2026-10-03T23:48:05.8674280Z Test Case '-[PhotoAxisCoreTests.InvestigationTests testCalibratedDistanceAndConcaveAreaWithReversedWinding]' passed (0.002 seconds).
build-test	Model and geometry tests; Debug build	2026-10-03T23:48:05.8703560Z Test Case '-[PhotoAxisCoreTests.InvestigationTests testCalibrationRequiresKnownScaleAndExplicitGeometryBasis]' started.
build-test	Model and geometry tests; Debug build	2026-10-03T23:48:05.8710060Z Test Case '-[PhotoAxisCoreTests.InvestigationTests testCalibrationRequiresKnownScaleAndExplicitGeometryBasis]' passed (0.001 seconds).
build-test	Model and geometry tests; Debug build	2026-10-03T23:48:05.8717860Z Test Case '-[PhotoAxisCoreTests.InvestigationTests testCaseJSONRejectsDeepNestingAndDuplicateKeysBeforeDecode]' started.
build-test	Model and geometry tests; Debug build	2026-10-03T23:48:05.8724940Z Test Case '-[PhotoAxisCoreTests.InvestigationTests testCaseJSONRejectsDeepNestingAndDuplicateKeysBeforeDecode]' passed (0.001 seconds).
build-test	Model and geometry tests; Debug build	2026-10-03T23:48:05.8726190Z Test Case '-[PhotoAxisCoreTests.InvestigationTests testCaseLedgerChecksMetadataSequenceAndHashLinks]' started.
build-test	Model and geometry tests; Debug build	2026-10-03T23:48:05.8730780Z Test Case '-[PhotoAxisCoreTests.InvestigationTests testCaseLedgerChecksMetadataSequenceAndHashLinks]' passed (0.003 seconds).
build-test	Model and geometry tests; Debug build	2026-10-03T23:48:05.8838190Z Test Case '-[PhotoAxisCoreTests.InvestigationTests testExactMediaTimeAndOffsetNeverReplaceOriginalPTS]' started.
build-test	Model and geometry tests; Debug build	2026-10-03T23:48:05.8941590Z Test Case '-[PhotoAxisCoreTests.InvestigationTests testExactMediaTimeAndOffsetNeverReplaceOriginalPTS]' passed (0.006 seconds).
build-test	Model and geometry tests; Debug build	2026-10-03T23:48:05.9052270Z Test Case '-[PhotoAxisCoreTests.InvestigationTests testLegacySchemaAndCaseBoundSchemaAreDistinctAndRoundTrip]' started.
build-test	Model and geometry tests; Debug build	2026-10-03T23:48:05.9156640Z Test Case '-[PhotoAxisCoreTests.InvestigationTests testLegacySchemaAndCaseBoundSchemaAreDistinctAndRoundTrip]' passed (0.001 seconds).
build-test	Model and geometry tests; Debug build	2026-10-03T23:48:05.9189440Z Test Case '-[PhotoAxisCoreTests.InvestigationTests testMagnifierUsesSourceCoordinatesAfterCanvasCrop]' started.
build-test	Model and geometry tests; Debug build	2026-10-03T23:48:05.9190650Z Test Case '-[PhotoAxisCoreTests.InvestigationTests testMagnifierUsesSourceCoordinatesAfterCanvasCrop]' passed (0.003 seconds).
build-test	Model and geometry tests; Debug build	2026-10-03T23:48:05.9192190Z Test Case '-[PhotoAxisCoreTests.InvestigationTests testMeasurementRejectsSelfIntersectionDegenerateAndNonfinitePoints]' started.
build-test	Model and geometry tests; Debug build	2026-10-03T23:48:05.9193430Z Test Case '-[PhotoAxisCoreTests.InvestigationTests testMeasurementRejectsSelfIntersectionDegenerateAndNonfinitePoints]' passed (0.001 seconds).
build-test	Model and geometry tests; Debug build	2026-10-03T23:48:05.9194530Z Test Case '-[PhotoAxisCoreTests.InvestigationTests testRegionBoundsRejectOverflowAndOffCanvas]' started.
build-test	Model and geometry tests; Debug build	2026-10-03T23:48:05.9196660Z Test Case '-[PhotoAxisCoreTests.InvestigationTests testRegionBoundsRejectOverflowAndOffCanvas]' passed (0.000 seconds).
build-test	Model and geometry tests; Debug build	2026-10-03T23:48:05.9198230Z Test Case '-[PhotoAxisCoreTests.InvestigationTests testVersionOneDigestSurvivesAndVersionTwoAnalysisIsIntegrityBound]' started.
build-test	Model and geometry tests; Debug build	2026-10-03T23:48:05.9199220Z Test Case '-[PhotoAxisCoreTests.InvestigationTests testVersionOneDigestSurvivesAndVersionTwoAnalysisIsIntegrityBound]' passed (0.002 seconds).
build-test	Model and geometry tests; Debug build	2026-10-03T23:48:05.9205020Z Test Suite 'InvestigationTests' passed at 2026-10-03 23:48:05.854.
build-test	Model and geometry tests; Debug build	2026-10-03T23:48:05.9205510Z 	 Executed 11 tests, with 0 failures (0 unexpected) in 0.030 (0.032) seconds
build-test	Model and geometry tests; Debug build	2026-10-03T23:48:05.9205960Z Test Suite 'PaintTests' started at 2026-10-03 23:48:05.854.
build-test	Model and geometry tests; Debug build	2026-10-03T23:48:05.9207170Z Test Case '-[PhotoAxisCoreTests.PaintTests testCloneReferenceSurvivesSharedSourceAndPaintFollowsGeometry]' started.
build-test	Model and geometry tests; Debug build	2026-10-03T23:48:05.9208920Z Test Case '-[PhotoAxisCoreTests.PaintTests testCloneReferenceSurvivesSharedSourceAndPaintFollowsGeometry]' passed (0.001 seconds).
build-test	Model and geometry tests; Debug build	2026-10-03T23:48:05.9210310Z Test Case '-[PhotoAxisCoreTests.PaintTests testHistoryAccountsForStrokeMetadataAndSourceRetention]' started.
build-test	Model and geometry tests; Debug build	2026-10-03T23:48:05.9211400Z Test Case '-[PhotoAxisCoreTests.PaintTests testHistoryAccountsForStrokeMetadataAndSourceRetention]' passed (0.001 seconds).
build-test	Model and geometry tests; Debug build	2026-10-03T23:48:05.9216020Z Test Case '-[PhotoAxisCoreTests.PaintTests testInterpolatedSpacingDotAndInvalidNumbers]' started.
build-test	Model and geometry tests; Debug build	2026-10-03T23:48:05.9217260Z Test Case '-[PhotoAxisCoreTests.PaintTests testInterpolatedSpacingDotAndInvalidNumbers]' passed (0.002 seconds).
build-test	Model and geometry tests; Debug build	2026-10-03T23:48:05.9220580Z Test Case '-[PhotoAxisCoreTests.PaintTests testQuotaFailureIsAtomicAndLockedPaintCannotBeChanged]' started.
build-test	Model and geometry tests; Debug build	2026-10-03T23:48:05.9221380Z Test Case '-[PhotoAxisCoreTests.PaintTests testQuotaFailureIsAtomicAndLockedPaintCannotBeChanged]' passed (0.001 seconds).
build-test	Model and geometry tests; Debug build	2026-10-03T23:48:05.9222570Z Test Case '-[PhotoAxisCoreTests.PaintTests testSchemaFourRoundTripAndOldVersionsRejectPaint]' started.
build-test	Model and geometry tests; Debug build	2026-10-03T23:48:05.9224610Z Test Case '-[PhotoAxisCoreTests.PaintTests testSchemaFourRoundTripAndOldVersionsRejectPaint]' passed (0.002 seconds).
build-test	Model and geometry tests; Debug build	2026-10-03T23:48:05.9225500Z Test Suite 'PaintTests' passed at 2026-10-03 23:48:05.860.
build-test	Model and geometry tests; Debug build	2026-10-03T23:48:05.9226790Z 	 Executed 5 tests, with 0 failures (0 unexpected) in 0.006 (0.006) seconds
build-test	Model and geometry tests; Debug build	2026-10-03T23:48:05.9227280Z Test Suite 'ProjectFormatTests' started at 2026-10-03 23:48:05.860.
build-test	Model and geometry tests; Debug build	2026-10-03T23:48:05.9229150Z Test Case '-[PhotoAxisCoreTests.ProjectFormatTests testSchemaRejectsInvalidVersionPayloadMatrixReferenceAndQuotas]' started.
build-test	Model and geometry tests; Debug build	2026-10-03T23:48:05.9231120Z Test Case '-[PhotoAxisCoreTests.ProjectFormatTests testSchemaRejectsInvalidVersionPayloadMatrixReferenceAndQuotas]' passed (0.002 seconds).
build-test	Model and geometry tests; Debug build	2026-10-03T23:48:05.9233000Z Test Case '-[PhotoAxisCoreTests.ProjectFormatTests testSchemaTypedRoundTripClipsPrecisionAndImageParameters]' started.
build-test	Model and geometry tests; Debug build	2026-10-03T23:48:05.9235220Z Test Case '-[PhotoAxisCoreTests.ProjectFormatTests testSchemaTypedRoundTripClipsPrecisionAndImageParameters]' passed (0.004 seconds).
build-test	Model and geometry tests; Debug build	2026-10-03T23:48:05.9236080Z Test Case '-[PhotoAxisCoreTests.ProjectFormatTests testZIPDeclaredAssetsAndSparseArchiveSizeAreBounded]' started.
build-test	Model and geometry tests; Debug build	2026-10-03T23:48:05.9236900Z Test Case '-[PhotoAxisCoreTests.ProjectFormatTests testZIPDeclaredAssetsAndSparseArchiveSizeAreBounded]' passed (0.002 seconds).
build-test	Model and geometry tests; Debug build	2026-10-03T23:48:05.9238370Z Test Case '-[PhotoAxisCoreTests.ProjectFormatTests testZIPRejectsCRCTruncationTraversalSymlinkEncryptionOverlapAndBombBeforeInflate]' started.
build-test	Model and geometry tests; Debug build	2026-10-03T23:48:05.9243790Z Test Case '-[PhotoAxisCoreTests.ProjectFormatTests testZIPRejectsCRCTruncationTraversalSymlinkEncryptionOverlapAndBombBeforeInflate]' passed (0.005 seconds).
build-test	Model and geometry tests; Debug build	2026-10-03T23:48:05.9244580Z Test Suite 'ProjectFormatTests' passed at 2026-10-03 23:48:05.874.
build-test	Model and geometry tests; Debug build	2026-10-03T23:48:05.9245040Z 	 Executed 4 tests, with 0 failures (0 unexpected) in 0.013 (0.013) seconds
build-test	Model and geometry tests; Debug build	2026-10-03T23:48:05.9248590Z Test Suite 'ScanModelTests' started at 2026-10-03 23:48:05.874.
build-test	Model and geometry tests; Debug build	2026-10-03T23:48:05.9249260Z Test Case '-[PhotoAxisCoreTests.ScanModelTests testDeskewGeometryKeepsSourcesClipsAndNormalizesWithoutStretch]' started.
build-test	Model and geometry tests; Debug build	2026-10-03T23:48:05.9250160Z Test Case '-[PhotoAxisCoreTests.ScanModelTests testDeskewGeometryKeepsSourcesClipsAndNormalizesWithoutStretch]' passed (0.001 seconds).
build-test	Model and geometry tests; Debug build	2026-10-03T23:48:05.9251480Z Test Case '-[PhotoAxisCoreTests.ScanModelTests testSettingsValidationAtomicLockAndSchemaCompatibility]' started.
build-test	Model and geometry tests; Debug build	2026-10-03T23:48:05.9255120Z Test Case '-[PhotoAxisCoreTests.ScanModelTests testSettingsValidationAtomicLockAndSchemaCompatibility]' passed (0.002 seconds).
build-test	Model and geometry tests; Debug build	2026-10-03T23:48:05.9256810Z Test Suite 'ScanModelTests' passed at 2026-10-03 23:48:05.877.
build-test	Model and geometry tests; Debug build	2026-10-03T23:48:05.9258800Z 	 Executed 2 tests, with 0 failures (0 unexpected) in 0.003 (0.003) seconds
build-test	Model and geometry tests; Debug build	2026-10-03T23:48:05.9259300Z Test Suite 'PhotoAxisCoreTests.xctest' passed at 2026-10-03 23:48:05.877.
build-test	Model and geometry tests; Debug build	2026-10-03T23:48:05.9259780Z 	 Executed 23 tests, with 0 failures (0 unexpected) in 0.054 (0.059) seconds
build-test	Model and geometry tests; Debug build	2026-10-03T23:48:05.9260210Z Test Suite 'All tests' passed at 2026-10-03 23:48:05.877.
build-test	Model and geometry tests; Debug build	2026-10-03T23:48:05.9262120Z 	 Executed 23 tests, with 0 failures (0 unexpected) in 0.054 (0.059) seconds
build-test	Model and geometry tests; Debug build	2026-10-03T23:48:05.9282900Z ◇ Test run started.
build-test	Model and geometry tests; Debug build	2026-10-03T23:48:05.9283260Z ↳ Testing Library Version: 124.4
build-test	Model and geometry tests; Debug build	2026-10-03T23:48:05.9283510Z ↳ Target Platform: arm64e-apple-macos14.0
build-test	Model and geometry tests; Debug build	2026-10-03T23:48:05.9283750Z ◇ Suite DocumentTests started.
build-test	Model and geometry tests; Debug build	2026-10-03T23:48:05.9283970Z ◇ Suite ImageAdjustmentTests started.
build-test	Model and geometry tests; Debug build	2026-10-03T23:48:05.9284200Z ◇ Suite LayerHistoryTests started.
build-test	Model and geometry tests; Debug build	2026-10-03T23:48:05.9284490Z ◇ Suite PerspectiveGeometryTests started.
build-test	Model and geometry tests; Debug build	2026-10-03T23:48:05.9284750Z ◇ Suite MultiLayerGeometryTests started.
build-test	Model and geometry tests; Debug build	2026-10-03T23:48:05.9284990Z ◇ Suite CropGeometryTests started.
build-test	Model and geometry tests; Debug build	2026-10-03T23:48:05.9285210Z ◇ Suite ContentTests started.
build-test	Model and geometry tests; Debug build	2026-10-03T23:48:05.9285560Z ◇ Test documentOperationsComposeAfterLayerMapping() started.
build-test	Model and geometry tests; Debug build	2026-10-03T23:48:05.9286790Z ◇ Test largeTranslationIsNotMistakenForSingularity() started.
build-test	Model and geometry tests; Debug build	2026-10-03T23:48:05.9287440Z ◇ Test perspectiveRoundTripPreservesCornerIdentity() started.
build-test	Model and geometry tests; Debug build	2026-10-03T23:48:05.9287810Z ◇ Test validatesDimensionsBeforeAllocation() started.
build-test	Model and geometry tests; Debug build	2026-10-03T23:48:05.9288110Z ◇ Test retinaZoomAndPanRoundTrip() started.
build-test	Model and geometry tests; Debug build	2026-10-03T23:48:05.9288400Z ◇ Test rejectsSingularityAndNonFiniteInput() started.
build-test	Model and geometry tests; Debug build	2026-10-03T23:48:05.9288710Z ◇ Test backgroundsStayTypedAndLocked() started.
build-test	Model and geometry tests; Debug build	2026-10-03T23:48:05.9289150Z ◇ Test placementPreservesSourceAndInsertsAboveSelection() started.
build-test	Model and geometry tests; Debug build	2026-10-03T23:48:05.9289530Z ◇ Test quotasAreAtomicAndDeduplicateSources() started.
build-test	Model and geometry tests; Debug build	2026-10-03T23:48:05.9289860Z ◇ Test boundsAndInvalidChangesAreAtomic() started.
build-test	Model and geometry tests; Debug build	2026-10-03T23:48:05.9290260Z ◇ Test duplicateAndGeometryPreserveStoredParametersAndSharedSource() started.
build-test	Model and geometry tests; Debug build	2026-10-03T23:48:05.9290680Z ◇ Test unsafeGeometryIsRejectedAtomically() started.
build-test	Model and geometry tests; Debug build	2026-10-03T23:48:05.9291010Z ◇ Test historyBudgetCountsRedoOnlyAssetsOnce() started.
build-test	Model and geometry tests; Debug build	2026-10-03T23:48:05.9291360Z ◇ Test lockedLayerProtectionAndSharedDuplicate() started.
build-test	Model and geometry tests; Debug build	2026-10-03T23:48:05.9291760Z ◇ Test geometryComposesWithoutLosingProjectiveMapping() started.
build-test	Model and geometry tests; Debug build	2026-10-03T23:48:05.9292180Z ◇ Test anchoredZoomAndBackingChangePreserveDocumentPoint() started.
build-test	Model and geometry tests; Debug build	2026-10-03T23:48:05.9292560Z ◇ Test cornerMappingInverseAndProjectedGrid() started.
build-test	Model and geometry tests; Debug build	2026-10-03T23:48:05.9292920Z ◇ Test invalidOperationIsAtomicAndViewportIndependent() started.
build-test	Model and geometry tests; Debug build	2026-10-03T23:48:05.9293310Z ◇ Test rejectsInvalidPolygonsAndSingularDomains() started.
build-test	Model and geometry tests; Debug build	2026-10-03T23:48:05.9293620Z ◇ Test outputModesLimitsAndSwap() started.
build-test	Model and geometry tests; Debug build	2026-10-03T23:48:05.9293930Z ◇ Test recoversKnownIndependentAnalyticHomography() started.
build-test	Model and geometry tests; Debug build	2026-10-03T23:48:05.9294320Z ◇ Test layerIdentityClipsHiddenLockedAndRepeatedCrop() started.
build-test	Model and geometry tests; Debug build	2026-10-03T23:48:05.9294710Z ◇ Test mixedLayerCropUsesCommonMappingAndIsAtomic() started.
build-test	Model and geometry tests; Debug build	2026-10-03T23:48:05.9295070Z ◇ Test homogeneousScaleDoesNotChangeTextRouting() started.
build-test	Model and geometry tests; Debug build	2026-10-03T23:48:05.9295450Z ◇ Test repeatedCropIntersectsAndEmptyLayersAreRetained() started.
build-test	Model and geometry tests; Debug build	2026-10-03T23:48:05.9295930Z ◇ Test rotationsFlipsAndPixelOutput() started.
build-test	Model and geometry tests; Debug build	2026-10-03T23:48:05.9296270Z ◇ Test historyBranchAndSavedIdentitySurviveTrimming() started.
build-test	Model and geometry tests; Debug build	2026-10-03T23:48:05.9296630Z ◇ Test cropMapsEveryLayerAndKeepsSourceClip() started.
build-test	Model and geometry tests; Debug build	2026-10-03T23:48:05.9296960Z ◇ Test invalidCropAtomicAndProjectiveClip() started.
build-test	Model and geometry tests; Debug build	2026-10-03T23:48:05.9297250Z ◇ Test allNineAnchorsAndPPIOnly() started.
build-test	Model and geometry tests; Debug build	2026-10-03T23:48:05.9297570Z ◇ Test shapeColorAndContentKeepTransformsAndClip() started.
build-test	Model and geometry tests; Debug build	2026-10-03T23:48:05.9297970Z ◇ Test contentLayerQuotaAndHistoryRestoration() started.
build-test	Model and geometry tests; Debug build	2026-10-03T23:48:05.9298300Z ◇ Test typedContentValidationAndAtomicLock() started.
build-test	Model and geometry tests; Debug build	2026-10-03T23:48:05.9298740Z ✔ Test documentOperationsComposeAfterLayerMapping() passed after 0.006 seconds.
build-test	Model and geometry tests; Debug build	2026-10-03T23:48:05.9299250Z ✔ Test largeTranslationIsNotMistakenForSingularity() passed after 0.006 seconds.
build-test	Model and geometry tests; Debug build	2026-10-03T23:48:05.9299750Z ✔ Test perspectiveRoundTripPreservesCornerIdentity() passed after 0.007 seconds.
build-test	Model and geometry tests; Debug build	2026-10-03T23:48:05.9300230Z ✔ Test validatesDimensionsBeforeAllocation() passed after 0.009 seconds.
build-test	Model and geometry tests; Debug build	2026-10-03T23:48:05.9300650Z ✔ Test retinaZoomAndPanRoundTrip() passed after 0.010 seconds.
build-test	Model and geometry tests; Debug build	2026-10-03T23:48:05.9301060Z ✔ Test rejectsSingularityAndNonFiniteInput() passed after 0.010 seconds.
build-test	Model and geometry tests; Debug build	2026-10-03T23:48:05.9301480Z ✔ Test backgroundsStayTypedAndLocked() passed after 0.010 seconds.
build-test	Model and geometry tests; Debug build	2026-10-03T23:48:05.9301950Z ✔ Test placementPreservesSourceAndInsertsAboveSelection() passed after 0.010 seconds.
build-test	Model and geometry tests; Debug build	2026-10-03T23:48:05.9302440Z ✔ Test quotasAreAtomicAndDeduplicateSources() passed after 0.010 seconds.
build-test	Model and geometry tests; Debug build	2026-10-03T23:48:05.9302980Z ✔ Test duplicateAndGeometryPreserveStoredParametersAndSharedSource() passed after 0.010 seconds.
build-test	Model and geometry tests; Debug build	2026-10-03T23:48:05.9303500Z ✔ Test unsafeGeometryIsRejectedAtomically() passed after 0.010 seconds.
build-test	Model and geometry tests; Debug build	2026-10-03T23:48:05.9303960Z ✔ Test lockedLayerProtectionAndSharedDuplicate() passed after 0.011 seconds.
build-test	Model and geometry tests; Debug build	2026-10-03T23:48:05.9304450Z ✔ Test geometryComposesWithoutLosingProjectiveMapping() passed after 0.010 seconds.
build-test	Model and geometry tests; Debug build	2026-10-03T23:48:05.9305110Z ✔ Test anchoredZoomAndBackingChangePreserveDocumentPoint() passed after 0.011 seconds.
build-test	Model and geometry tests; Debug build	2026-10-03T23:48:05.9305600Z ✔ Test cornerMappingInverseAndProjectedGrid() passed after 0.009 seconds.
build-test	Model and geometry tests; Debug build	2026-10-03T23:48:05.9306250Z ✔ Test invalidOperationIsAtomicAndViewportIndependent() passed after 0.015 seconds.
build-test	Model and geometry tests; Debug build	2026-10-03T23:48:05.9306750Z ✔ Test rejectsInvalidPolygonsAndSingularDomains() passed after 0.015 seconds.
build-test	Model and geometry tests; Debug build	2026-10-03T23:48:05.9307170Z ✔ Test outputModesLimitsAndSwap() passed after 0.015 seconds.
build-test	Model and geometry tests; Debug build	2026-10-03T23:48:05.9307600Z ✔ Test recoversKnownIndependentAnalyticHomography() passed after 0.015 seconds.
build-test	Model and geometry tests; Debug build	2026-10-03T23:48:05.9308100Z ✔ Test layerIdentityClipsHiddenLockedAndRepeatedCrop() passed after 0.015 seconds.
build-test	Model and geometry tests; Debug build	2026-10-03T23:48:05.9308600Z ✔ Test mixedLayerCropUsesCommonMappingAndIsAtomic() passed after 0.015 seconds.
build-test	Model and geometry tests; Debug build	2026-10-03T23:48:05.9309080Z ✔ Test homogeneousScaleDoesNotChangeTextRouting() passed after 0.015 seconds.
build-test	Model and geometry tests; Debug build	2026-10-03T23:48:05.9309590Z ✔ Test repeatedCropIntersectsAndEmptyLayersAreRetained() passed after 0.015 seconds.
build-test	Model and geometry tests; Debug build	2026-10-03T23:48:05.9310110Z ✔ Test historyBranchAndSavedIdentitySurviveTrimming() passed after 0.015 seconds.
build-test	Model and geometry tests; Debug build	2026-10-03T23:48:05.9310580Z ✔ Test cropMapsEveryLayerAndKeepsSourceClip() passed after 0.014 seconds.
build-test	Model and geometry tests; Debug build	2026-10-03T23:48:05.9311060Z ✔ Test invalidCropAtomicAndProjectiveClip() passed after 0.019 seconds.
build-test	Model and geometry tests; Debug build	2026-10-03T23:48:05.9311490Z ✔ Test boundsAndInvalidChangesAreAtomic() passed after 0.022 seconds.
build-test	Model and geometry tests; Debug build	2026-10-03T23:48:05.9311940Z ✔ Test shapeColorAndContentKeepTransformsAndClip() passed after 0.018 seconds.
build-test	Model and geometry tests; Debug build	2026-10-03T23:48:05.9344560Z ✔ Test typedContentValidationAndAtomicLock() passed after 0.019 seconds.
build-test	Model and geometry tests; Debug build	2026-10-03T23:48:05.9345270Z ✔ Test rotationsFlipsAndPixelOutput() passed after 0.021 seconds.
build-test	Model and geometry tests; Debug build	2026-10-03T23:48:05.9345810Z ✔ Test contentLayerQuotaAndHistoryRestoration() passed after 0.020 seconds.
build-test	Model and geometry tests; Debug build	2026-10-03T23:48:05.9346300Z ✔ Suite DocumentTests passed after 0.024 seconds.
build-test	Model and geometry tests; Debug build	2026-10-03T23:48:05.9346930Z ✔ Suite ImageAdjustmentTests passed after 0.024 seconds.
build-test	Model and geometry tests; Debug build	2026-10-03T23:48:05.9347940Z ✔ Suite PerspectiveGeometryTests passed after 0.024 seconds.
build-test	Model and geometry tests; Debug build	2026-10-03T23:48:05.9348330Z ✔ Suite MultiLayerGeometryTests passed after 0.024 seconds.
build-test	Model and geometry tests; Debug build	2026-10-03T23:48:05.9348780Z ✔ Suite ContentTests passed after 0.024 seconds.
build-test	Model and geometry tests; Debug build	2026-10-03T23:48:05.9349210Z ✔ Test allNineAnchorsAndPPIOnly() passed after 0.021 seconds.
build-test	Model and geometry tests; Debug build	2026-10-03T23:48:05.9350100Z ✔ Suite CropGeometryTests passed after 0.024 seconds.
build-test	Model and geometry tests; Debug build	2026-10-03T23:48:05.9384380Z ✔ Test historyBudgetCountsRedoOnlyAssetsOnce() passed after 0.035 seconds.
build-test	Model and geometry tests; Debug build	2026-10-03T23:48:05.9391160Z ✔ Suite LayerHistoryTests passed after 0.037 seconds.
build-test	Model and geometry tests; Debug build	2026-10-03T23:48:05.9391920Z ✔ Test run with 33 tests passed after 0.037 seconds.
build-test	Model and geometry tests; Debug build	2026-10-03T23:48:06.6252950Z 2026-10-03 23:48:06.624557+0000 PhotoAxis[2404:10759] ApplePersistenceIgnoreState: Existing state will not be touched. New state will be written to /var/folders/nj/vtw8zd2j31d1gdrtntc5y4600000gn/T/local.photoaxis.development.savedState
build-test	Model and geometry tests; Debug build	2026-10-03T23:48:08.0220860Z Test Suite 'All tests' started at 2026-10-03 23:48:08.014.
build-test	Model and geometry tests; Debug build	2026-10-03T23:48:08.0226590Z Test Suite 'PhotoAxisAppTests.xctest' started at 2026-10-03 23:48:08.015.
build-test	Model and geometry tests; Debug build	2026-10-03T23:48:08.0227070Z Test Suite 'AcceptanceWorkflowTests' started at 2026-10-03 23:48:08.015.
build-test	Model and geometry tests; Debug build	2026-10-03T23:48:08.0227750Z Test Case '-[PhotoAxisAppTests.AcceptanceWorkflowTests testFullMixedWorkflowSaveCloseReopenContinueAndExportBothLanguages]' started.
build-test	Model and geometry tests; Debug build	2026-10-03T23:48:08.0300110Z 2026-10-03 23:48:08.029318+0000 PhotoAxis[2404:10782] fopen failed for data file: errno = 2 (No such file or directory)
build-test	Model and geometry tests; Debug build	2026-10-03T23:48:08.0301190Z 2026-10-03 23:48:08.029341+0000 PhotoAxis[2404:10782] Errors found! Invalidating cache...
build-test	Model and geometry tests; Debug build	2026-10-03T23:48:08.1075650Z 2026-10-03 23:48:08.106588+0000 PhotoAxis[2404:10782] fopen failed for data file: errno = 2 (No such file or directory)
build-test	Model and geometry tests; Debug build	2026-10-03T23:48:08.1079660Z 2026-10-03 23:48:08.106634+0000 PhotoAxis[2404:10782] Errors found! Invalidating cache...
build-test	Model and geometry tests; Debug build	2026-10-03T23:48:08.7575380Z Test Case '-[PhotoAxisAppTests.AcceptanceWorkflowTests testFullMixedWorkflowSaveCloseReopenContinueAndExportBothLanguages]' passed (0.739 seconds).
build-test	Model and geometry tests; Debug build	2026-10-03T23:48:08.7584800Z Test Suite 'AcceptanceWorkflowTests' passed at 2026-10-03 23:48:08.754.
build-test	Model and geometry tests; Debug build	2026-10-03T23:48:08.7585840Z 	 Executed 1 test, with 0 failures (0 unexpected) in 0.739 (0.740) seconds
build-test	Model and geometry tests; Debug build	2026-10-03T23:48:08.7586330Z Test Suite 'BenchmarkTests' started at 2026-10-03 23:48:08.754.
build-test	Model and geometry tests; Debug build	2026-10-03T23:48:08.7587060Z Test Case '-[PhotoAxisAppTests.BenchmarkTests testFiveRunMixedTenLayerInteractionWorkerLatency]' started.
build-test	Model and geometry tests; Debug build	2026-10-03T23:48:08.8612560Z $REPO/Tests/PhotoAxisAppTests/BenchmarkTests.swift:16: -[PhotoAxisAppTests.BenchmarkTests testFiveRunMixedTenLayerInteractionWorkerLatency] : Test skipped - Run scripts/benchmark.sh for the opt-in Release benchmark
build-test	Model and geometry tests; Debug build	2026-10-03T23:48:08.8615160Z Test Case '-[PhotoAxisAppTests.BenchmarkTests testFiveRunMixedTenLayerInteractionWorkerLatency]' skipped (0.105 seconds).
build-test	Model and geometry tests; Debug build	2026-10-03T23:48:08.8616470Z Test Case '-[PhotoAxisAppTests.BenchmarkTests testFiveRunOpenAndFullPNGExport24MP]' started.
build-test	Model and geometry tests; Debug build	2026-10-03T23:48:08.9637270Z $REPO/Tests/PhotoAxisAppTests/BenchmarkTests.swift:16: -[PhotoAxisAppTests.BenchmarkTests testFiveRunOpenAndFullPNGExport24MP] : Test skipped - Run scripts/benchmark.sh for the opt-in Release benchmark
build-test	Model and geometry tests; Debug build	2026-10-03T23:48:08.9644330Z Test Case '-[PhotoAxisAppTests.BenchmarkTests testFiveRunOpenAndFullPNGExport24MP]' skipped (0.103 seconds).
build-test	Model and geometry tests; Debug build	2026-10-03T23:48:08.9659040Z Test Case '-[PhotoAxisAppTests.BenchmarkTests testFullQuotaFiveTabsRepeatedLifecycleAndRecovery]' started.
build-test	Model and geometry tests; Debug build	2026-10-03T23:48:09.0332480Z $REPO/Tests/PhotoAxisAppTests/BenchmarkTests.swift:16: -[PhotoAxisAppTests.BenchmarkTests testFullQuotaFiveTabsRepeatedLifecycleAndRecovery] : Test skipped - Run scripts/benchmark.sh for the opt-in Release benchmark
build-test	Model and geometry tests; Debug build	2026-10-03T23:48:09.0348750Z Test Case '-[PhotoAxisAppTests.BenchmarkTests testFullQuotaFiveTabsRepeatedLifecycleAndRecovery]' skipped (0.057 seconds).
build-test	Model and geometry tests; Debug build	2026-10-03T23:48:09.0367050Z Test Suite 'BenchmarkTests' passed at 2026-10-03 23:48:09.019.
build-test	Model and geometry tests; Debug build	2026-10-03T23:48:09.0367760Z 	 Executed 3 tests, with 3 tests skipped and 0 failures (0 unexpected) in 0.264 (0.265) seconds
build-test	Model and geometry tests; Debug build	2026-10-03T23:48:09.0368420Z Test Suite 'ContentEditingTests' started at 2026-10-03 23:48:09.020.
build-test	Model and geometry tests; Debug build	2026-10-03T23:48:09.0372270Z Test Case '-[PhotoAxisAppTests.ContentEditingTests testInspectorLayoutColorActionsAndMissingFontNotice]' started.
build-test	Model and geometry tests; Debug build	2026-10-03T23:48:09.1924830Z Test Case '-[PhotoAxisAppTests.ContentEditingTests testInspectorLayoutColorActionsAndMissingFontNotice]' passed (0.156 seconds).
build-test	Model and geometry tests; Debug build	2026-10-03T23:48:09.2032600Z Test Case '-[PhotoAxisAppTests.ContentEditingTests testInstalledVietnameseInputContext]' started.
build-test	Model and geometry tests; Debug build	2026-10-03T23:48:09.4239630Z 2026-10-03 23:48:09.242879+0000 PhotoAxis[2404:10759] [CursorUI] ViewBridge to RemoteViewService Terminated: Error Domain=com.apple.ViewBridge Code=18 "(null)" UserInfo={com.apple.ViewBridge.error.hint=this process disconnected remote view controller -- benign unless unexpected, com.apple.ViewBridge.error.description=NSViewBridgeErrorCanceled}
build-test	Model and geometry tests; Debug build	2026-10-03T23:48:09.8917660Z $REPO/Tests/PhotoAxisAppTests/ContentEditingTests.swift:173: -[PhotoAxisAppTests.ContentEditingTests testInstalledVietnameseInputContext] : Test skipped - The native context cannot activate Telex; manual IME acceptance remains required
build-test	Model and geometry tests; Debug build	2026-10-03T23:48:09.8942700Z Test Case '-[PhotoAxisAppTests.ContentEditingTests testInstalledVietnameseInputContext]' skipped (0.651 seconds).
build-test	Model and geometry tests; Debug build	2026-10-03T23:48:09.8944980Z Test Case '-[PhotoAxisAppTests.ContentEditingTests testNativeCompositionTypingKeysCancelAndApply]' started.
build-test	Model and geometry tests; Debug build	2026-10-03T23:48:10.1390710Z Test Case '-[PhotoAxisAppTests.ContentEditingTests testNativeCompositionTypingKeysCancelAndApply]' passed (0.309 seconds).
build-test	Model and geometry tests; Debug build	2026-10-03T23:48:10.1391870Z Test Case '-[PhotoAxisAppTests.ContentEditingTests testNativeShapeGesturesAndPropertiesRouting]' started.
build-test	Model and geometry tests; Debug build	2026-10-03T23:48:10.3812720Z Test Case '-[PhotoAxisAppTests.ContentEditingTests testNativeShapeGesturesAndPropertiesRouting]' passed (0.208 seconds).
build-test	Model and geometry tests; Debug build	2026-10-03T23:48:10.3818100Z Test Case '-[PhotoAxisAppTests.ContentEditingTests testShapeAlphaHitTestingAndCompositeEyedropper]' started.
build-test	Model and geometry tests; Debug build	2026-10-03T23:48:10.4804700Z Test Case '-[PhotoAxisAppTests.ContentEditingTests testShapeAlphaHitTestingAndCompositeEyedropper]' passed (0.131 seconds).
build-test	Model and geometry tests; Debug build	2026-10-03T23:48:10.4906820Z Test Case '-[PhotoAxisAppTests.ContentEditingTests testTextRenderingAlignmentBoundsAndQuota]' started.
build-test	Model and geometry tests; Debug build	2026-10-03T23:48:10.5044880Z Test Case '-[PhotoAxisAppTests.ContentEditingTests testTextRenderingAlignmentBoundsAndQuota]' passed (0.026 seconds).
build-test	Model and geometry tests; Debug build	2026-10-03T23:48:10.5057050Z Test Case '-[PhotoAxisAppTests.ContentEditingTests testTextSessionsUnicodeFontFallbackAndUndo]' started.
build-test	Model and geometry tests; Debug build	2026-10-03T23:48:10.5291820Z Test Case '-[PhotoAxisAppTests.ContentEditingTests testTextSessionsUnicodeFontFallbackAndUndo]' passed (0.024 seconds).
build-test	Model and geometry tests; Debug build	2026-10-03T23:48:10.5308600Z Test Suite 'ContentEditingTests' passed at 2026-10-03 23:48:10.525.
build-test	Model and geometry tests; Debug build	2026-10-03T23:48:10.5309390Z 	 Executed 7 tests, with 1 test skipped and 0 failures (0 unexpected) in 1.503 (1.505) seconds
build-test	Model and geometry tests; Debug build	2026-10-03T23:48:10.5311070Z Test Suite 'CropEditingTests' started at 2026-10-03 23:48:10.525.
build-test	Model and geometry tests; Debug build	2026-10-03T23:48:10.5311810Z Test Case '-[PhotoAxisAppTests.CropEditingTests testCropHandlesPanCancelAndApplyInNativeWindow]' started.
build-test	Model and geometry tests; Debug build	2026-10-03T23:48:10.9503730Z Test Case '-[PhotoAxisAppTests.CropEditingTests testCropHandlesPanCancelAndApplyInNativeWindow]' passed (0.422 seconds).
build-test	Model and geometry tests; Debug build	2026-10-03T23:48:10.9610920Z Test Case '-[PhotoAxisAppTests.CropEditingTests testCropRenderUndoAndNoResurrectionAfterCanvasMoveRotate]' started.
build-test	Model and geometry tests; Debug build	2026-10-03T23:48:11.0372730Z Test Case '-[PhotoAxisAppTests.CropEditingTests testCropRenderUndoAndNoResurrectionAfterCanvasMoveRotate]' passed (0.086 seconds).
build-test	Model and geometry tests; Debug build	2026-10-03T23:48:11.0380070Z Test Case '-[PhotoAxisAppTests.CropEditingTests testRatioPixelsCancelAndIndependentTabs]' started.
build-test	Model and geometry tests; Debug build	2026-10-03T23:48:11.0805910Z Test Case '-[PhotoAxisAppTests.CropEditingTests testRatioPixelsCancelAndIndependentTabs]' passed (0.043 seconds).
build-test	Model and geometry tests; Debug build	2026-10-03T23:48:11.0812360Z Test Case '-[PhotoAxisAppTests.CropEditingTests testSizeDialogValidationPPIAndLockedBackground]' started.
build-test	Model and geometry tests; Debug build	2026-10-03T23:48:11.1142070Z Test Case '-[PhotoAxisAppTests.CropEditingTests testSizeDialogValidationPPIAndLockedBackground]' passed (0.032 seconds).
build-test	Model and geometry tests; Debug build	2026-10-03T23:48:11.1152390Z Test Suite 'CropEditingTests' passed at 2026-10-03 23:48:11.109.
build-test	Model and geometry tests; Debug build	2026-10-03T23:48:11.1152920Z 	 Executed 4 tests, with 0 failures (0 unexpected) in 0.583 (0.584) seconds
build-test	Model and geometry tests; Debug build	2026-10-03T23:48:11.1153340Z Test Suite 'DocumentAppTests' started at 2026-10-03 23:48:11.109.
build-test	Model and geometry tests; Debug build	2026-10-03T23:48:11.1153920Z Test Case '-[PhotoAxisAppTests.DocumentAppTests testBatchPartialFailureAndClosedTargetDiscard]' started.
build-test	Model and geometry tests; Debug build	2026-10-03T23:48:11.1280370Z 2026-10-03 23:48:11.124747+0000 PhotoAxis[2404:10783] [PhotoAxis] handle_error:268: PNG read error
build-test	Model and geometry tests; Debug build	2026-10-03T23:48:11.1290990Z 2026-10-03 23:48:11.126719+0000 PhotoAxis[2404:10783] [PhotoAxis] imagePNG_error_break:384: *** ERROR: imagePNG_error_break
build-test	Model and geometry tests; Debug build	2026-10-03T23:48:11.1291960Z 2026-10-03 23:48:11.126744+0000 PhotoAxis[2404:10783] [PhotoAxis] makeImagePlus:3754: *** ERROR: 'PNG '-_reader->initImage[0] failed err=-50
build-test	Model and geometry tests; Debug build	2026-10-03T23:48:11.1401290Z Test Case '-[PhotoAxisAppTests.DocumentAppTests testBatchPartialFailureAndClosedTargetDiscard]' passed (0.027 seconds).
build-test	Model and geometry tests; Debug build	2026-10-03T23:48:11.1408100Z Test Case '-[PhotoAxisAppTests.DocumentAppTests testClipboardRoutingAndNativeNavigationWithoutDirtyOrUndo]' started.
build-test	Model and geometry tests; Debug build	2026-10-03T23:48:11.3619470Z Test Case '-[PhotoAxisAppTests.DocumentAppTests testClipboardRoutingAndNativeNavigationWithoutDirtyOrUndo]' passed (0.222 seconds).
build-test	Model and geometry tests; Debug build	2026-10-03T23:48:11.3721840Z Test Case '-[PhotoAxisAppTests.DocumentAppTests testHighDepthGrayscaleUnprofiledAndOversizedMetadata]' started.
build-test	Model and geometry tests; Debug build	2026-10-03T23:48:11.4389260Z Test Case '-[PhotoAxisAppTests.DocumentAppTests testHighDepthGrayscaleUnprofiledAndOversizedMetadata]' passed (0.075 seconds).
build-test	Model and geometry tests; Debug build	2026-10-03T23:48:11.4427000Z Test Case '-[PhotoAxisAppTests.DocumentAppTests testImportUnicodeEXIFAlphaAndImmutableSources]' started.
build-test	Model and geometry tests; Debug build	2026-10-03T23:48:11.5086350Z Test Case '-[PhotoAxisAppTests.DocumentAppTests testImportUnicodeEXIFAlphaAndImmutableSources]' passed (0.070 seconds).
build-test	Model and geometry tests; Debug build	2026-10-03T23:48:11.5106920Z Test Case '-[PhotoAxisAppTests.DocumentAppTests testNewPresetsValidationAndRegionalNumbers]' started.
build-test	Model and geometry tests; Debug build	2026-10-03T23:48:11.5273450Z Test Case '-[PhotoAxisAppTests.DocumentAppTests testNewPresetsValidationAndRegionalNumbers]' passed (0.017 seconds).
build-test	Model and geometry tests; Debug build	2026-10-03T23:48:11.5336580Z Test Case '-[PhotoAxisAppTests.DocumentAppTests testP3AndHEICConversion]' started.
build-test	Model and geometry tests; Debug build	2026-10-03T23:48:11.5679410Z 2026-10-03 23:48:11.565843+0000 PhotoAxis[2404:10783] [PhotoAxis] writeImageAtIndex:1035: ⭕️ ERROR: 'PhotoAxis' is trying to save an opaque image (640x480) with 'AlphaLast'. This would unnecessarily increase the file size and will double (!!!) the required memory when decoding the image --> ignoring alpha.
build-test	Model and geometry tests; Debug build	2026-10-03T23:48:11.5681910Z IOServiceMatchingfailed for: AppleM2ScalerParavirtDriver
build-test	Model and geometry tests; Debug build	2026-10-03T23:48:11.7864140Z Test Case '-[PhotoAxisAppTests.DocumentAppTests testP3AndHEICConversion]' passed (0.259 seconds).
build-test	Model and geometry tests; Debug build	2026-10-03T23:48:11.7918770Z Test Case '-[PhotoAxisAppTests.DocumentAppTests testQuotaPreflightResizeConsentAndCacheReclamation]' started.
build-test	Model and geometry tests; Debug build	2026-10-03T23:48:11.7921610Z Test Case '-[PhotoAxisAppTests.DocumentAppTests testQuotaPreflightResizeConsentAndCacheReclamation]' passed (0.005 seconds).
build-test	Model and geometry tests; Debug build	2026-10-03T23:48:11.7923780Z Test Case '-[PhotoAxisAppTests.DocumentAppTests testRejectsCorruptUnsupportedAndMultipleImages]' started.
build-test	Model and geometry tests; Debug build	2026-10-03T23:48:11.7924560Z 2026-10-03 23:48:11.786936+0000 PhotoAxis[2404:10782] [PhotoAxis] handle_error:268: PNG read error
build-test	Model and geometry tests; Debug build	2026-10-03T23:48:11.7925600Z 2026-10-03 23:48:11.786966+0000 PhotoAxis[2404:10782] [PhotoAxis] imagePNG_error_break:384: *** ERROR: imagePNG_error_break
build-test	Model and geometry tests; Debug build	2026-10-03T23:48:11.7927140Z 2026-10-03 23:48:11.786974+0000 PhotoAxis[2404:10782] [PhotoAxis] makeImagePlus:3754: *** ERROR: 'PNG '-_reader->initImage[0] failed err=-50
build-test	Model and geometry tests; Debug build	2026-10-03T23:48:11.8211930Z Test Case '-[PhotoAxisAppTests.DocumentAppTests testRejectsCorruptUnsupportedAndMultipleImages]' passed (0.029 seconds).
build-test	Model and geometry tests; Debug build	2026-10-03T23:48:11.8313630Z Test Case '-[PhotoAxisAppTests.DocumentAppTests testRendererCornersAndOverlayCoordinatesAtBothBackingScales]' started.
build-test	Model and geometry tests; Debug build	2026-10-03T23:48:11.8977300Z Test Case '-[PhotoAxisAppTests.DocumentAppTests testRendererCornersAndOverlayCoordinatesAtBothBackingScales]' passed (0.077 seconds).
build-test	Model and geometry tests; Debug build	2026-10-03T23:48:11.9011330Z Test Case '-[PhotoAxisAppTests.DocumentAppTests testTabsKeepNavigationSelectionUndoAndRejectSixth]' started.
build-test	Model and geometry tests; Debug build	2026-10-03T23:48:11.9036060Z Test Case '-[PhotoAxisAppTests.DocumentAppTests testTabsKeepNavigationSelectionUndoAndRejectSixth]' passed (0.002 seconds).
build-test	Model and geometry tests; Debug build	2026-10-03T23:48:11.9036960Z Test Suite 'DocumentAppTests' passed at 2026-10-03 23:48:11.894.
build-test	Model and geometry tests; Debug build	2026-10-03T23:48:11.9037610Z 	 Executed 10 tests, with 0 failures (0 unexpected) in 0.783 (0.785) seconds
build-test	Model and geometry tests; Debug build	2026-10-03T23:48:11.9038730Z Test Suite 'ExportTests' started at 2026-10-03 23:48:11.895.
build-test	Model and geometry tests; Debug build	2026-10-03T23:48:11.9040100Z Test Case '-[PhotoAxisAppTests.ExportTests testActualISOGainMapIsImportedAsSDRAndExportedWithoutHDRMetadata]' started.
build-test	Model and geometry tests; Debug build	2026-10-03T23:48:12.0358350Z 2026-10-03 23:48:12.035327+0000 PhotoAxis[2404:10759] [PhotoAxis] +[HDRImageConverter imageConverterWithOptions:]:40: ☀️ Failed to initialize Metal converter, falling back to SIMD for image conversion (slow)
build-test	Model and geometry tests; Debug build	2026-10-03T23:48:12.0388390Z 2026-10-03 23:48:12.038307+0000 PhotoAxis[2404:10759] [PhotoAxis] +[HDRImageConverter imageConverterWithOptions:]:40: ☀️ Failed to initialize Metal converter, falling back to SIMD for image conversion (slow)
build-test	Model and geometry tests; Debug build	2026-10-03T23:48:12.0395410Z too few samples
build-test	Model and geometry tests; Debug build	2026-10-03T23:48:12.0396750Z 2026-10-03 23:48:12.039230+0000 PhotoAxis[2404:10759] [PhotoAxis] +[HDRImageConverter computeToneMappingCurveFromLumaGainHistogram:]:301: Failed to fill gaps
build-test	Model and geometry tests; Debug build	2026-10-03T23:48:12.0398980Z 2026-10-03 23:48:12.039238+0000 PhotoAxis[2404:10759] [PhotoAxis] -[HDRImageConverter generateToneMappingCurveForImage:targetHeadroom:]:155: Failed to compute tone mapping curve from luma gain histogram
build-test	Model and geometry tests; Debug build	2026-10-03T23:48:12.0411900Z 2026-10-03 23:48:12.040726+0000 PhotoAxis[2404:10759] [PhotoAxis] IIOCreateHDRFlexGTCInfo:398: kCGFlexRangeAlternateColorSpace option must be set for FlexRange
build-test	Model and geometry tests; Debug build	2026-10-03T23:48:12.0413460Z 2026-10-03 23:48:12.040745+0000 PhotoAxis[2404:10759] [PhotoAxis] +[HDRImageConverter imageConverterWithOptions:]:40: ☀️ Failed to initialize Metal converter, falling back to SIMD for image conversion (slow)
build-test	Model and geometry tests; Debug build	2026-10-03T23:48:12.0416270Z too few samples
build-test	Model and geometry tests; Debug build	2026-10-03T23:48:12.0417480Z 2026-10-03 23:48:12.041414+0000 PhotoAxis[2404:10759] [PhotoAxis] +[HDRImageConverter computeToneMappingCurveFromLumaGainHistogram:]:301: Failed to fill gaps
build-test	Model and geometry tests; Debug build	2026-10-03T23:48:12.0423640Z 2026-10-03 23:48:12.041420+0000 PhotoAxis[2404:10759] [PhotoAxis] -[HDRImageConverter generateToneMappingCurveForImage:targetHeadroom:]:155: Failed to compute tone mapping curve from luma gain histogram
build-test	Model and geometry tests; Debug build	2026-10-03T23:48:12.1450430Z Test Case '-[PhotoAxisAppTests.ExportTests testActualISOGainMapIsImportedAsSDRAndExportedWithoutHDRMetadata]' passed (0.248 seconds).
build-test	Model and geometry tests; Debug build	2026-10-03T23:48:12.1459540Z Test Case '-[PhotoAxisAppTests.ExportTests testAtomicExportFailureCancellationAndConcurrentEditKeepDestinationAndDirtyState]' started.
build-test	Model and geometry tests; Debug build	2026-10-03T23:48:12.1951500Z Test Case '-[PhotoAxisAppTests.ExportTests testAtomicExportFailureCancellationAndConcurrentEditKeepDestinationAndDirtyState]' passed (0.044 seconds).
build-test	Model and geometry tests; Debug build	2026-10-03T23:48:12.1958590Z Test Case '-[PhotoAxisAppTests.ExportTests testFreshMetadataDropsGPSKeepsEXIFOrientationAndConvertsP3GrayDepth]' started.
build-test	Model and geometry tests; Debug build	2026-10-03T23:48:12.3320310Z Test Case '-[PhotoAxisAppTests.ExportTests testFreshMetadataDropsGPSKeepsEXIFOrientationAndConvertsP3GrayDepth]' passed (0.142 seconds).
build-test	Model and geometry tests; Debug build	2026-10-03T23:48:12.3324850Z Test Case '-[PhotoAxisAppTests.ExportTests testJPEGWhiteAndColoredMattePNGFlattenQualityAndLinearAlphaEdges]' started.
build-test	Model and geometry tests; Debug build	2026-10-03T23:48:12.6091130Z Test Case '-[PhotoAxisAppTests.ExportTests testJPEGWhiteAndColoredMattePNGFlattenQualityAndLinearAlphaEdges]' passed (0.278 seconds).
build-test	Model and geometry tests; Debug build	2026-10-03T23:48:12.6095400Z Test Case '-[PhotoAxisAppTests.ExportTests testMixedCropSaveCloseOpenEditExportCrossLanguageHiddenLayersAndSnapshot]' started.
build-test	Model and geometry tests; Debug build	2026-10-03T23:48:12.7080750Z Test Case '-[PhotoAxisAppTests.ExportTests testMixedCropSaveCloseOpenEditExportCrossLanguageHiddenLayersAndSnapshot]' passed (0.098 seconds).
build-test	Model and geometry tests; Debug build	2026-10-03T23:48:12.7085380Z Test Case '-[PhotoAxisAppTests.ExportTests testNativeExportFieldsLinkedDimensionsLocaleValidationAndPreviewForBothLanguages]' started.
build-test	Model and geometry tests; Debug build	2026-10-03T23:48:12.7931500Z Test Case '-[PhotoAxisAppTests.ExportTests testNativeExportFieldsLinkedDimensionsLocaleValidationAndPreviewForBothLanguages]' passed (0.085 seconds).
build-test	Model and geometry tests; Debug build	2026-10-03T23:48:12.7936830Z Test Case '-[PhotoAxisAppTests.ExportTests testPNGAlphaICCResizePPIAndNoDocumentMutation]' started.
build-test	Model and geometry tests; Debug build	2026-10-03T23:48:13.0290770Z Test Case '-[PhotoAxisAppTests.ExportTests testPNGAlphaICCResizePPIAndNoDocumentMutation]' passed (0.236 seconds).
build-test	Model and geometry tests; Debug build	2026-10-03T23:48:13.0299790Z Test Suite 'ExportTests' passed at 2026-10-03 23:48:13.026.
build-test	Model and geometry tests; Debug build	2026-10-03T23:48:13.0300270Z 	 Executed 7 tests, with 0 failures (0 unexpected) in 1.130 (1.131) seconds
build-test	Model and geometry tests; Debug build	2026-10-03T23:48:13.0300850Z Test Suite 'ImageAdjustmentTests' started at 2026-10-03 23:48:13.026.
build-test	Model and geometry tests; Debug build	2026-10-03T23:48:13.0301680Z Test Case '-[PhotoAxisAppTests.ImageAdjustmentTests testAlphaOtherLayerAndPerspectivePreserveLocalAdjustment]' started.
build-test	Model and geometry tests; Debug build	2026-10-03T23:48:13.4397600Z Test Case '-[PhotoAxisAppTests.ImageAdjustmentTests testAlphaOtherLayerAndPerspectivePreserveLocalAdjustment]' passed (0.293 seconds).
build-test	Model and geometry tests; Debug build	2026-10-03T23:48:13.5443330Z Test Case '-[PhotoAxisAppTests.ImageAdjustmentTests testNativeControlsCommitCancelInvalidLockAndLanguageLayout]' started.
build-test	Model and geometry tests; Debug build	2026-10-03T23:48:13.7381980Z Test Case '-[PhotoAxisAppTests.ImageAdjustmentTests testNativeControlsCommitCancelInvalidLockAndLanguageLayout]' passed (0.416 seconds).
build-test	Model and geometry tests; Debug build	2026-10-03T23:48:13.7386040Z Test Case '-[PhotoAxisAppTests.ImageAdjustmentTests testNeutralExtremesOrderAndBypassPixelOracle]' started.
build-test	Model and geometry tests; Debug build	2026-10-03T23:48:13.9063910Z Test Case '-[PhotoAxisAppTests.ImageAdjustmentTests testNeutralExtremesOrderAndBypassPixelOracle]' passed (0.169 seconds).
build-test	Model and geometry tests; Debug build	2026-10-03T23:48:13.9068070Z Test Case '-[PhotoAxisAppTests.ImageAdjustmentTests testRapidPreviewTabSwitchAndShortResponseMeasurement]' started.
build-test	Model and geometry tests; Debug build	2026-10-03T23:48:14.2339130Z Test Case '-[PhotoAxisAppTests.ImageAdjustmentTests testRapidPreviewTabSwitchAndShortResponseMeasurement]' passed (0.327 seconds).
build-test	Model and geometry tests; Debug build	2026-10-03T23:48:14.2343260Z Test Case '-[PhotoAxisAppTests.ImageAdjustmentTests testTransactionCancelUndoBranchEnableResetLockAndNoSourceMutation]' started.
build-test	Model and geometry tests; Debug build	2026-10-03T23:48:14.2488860Z Test Case '-[PhotoAxisAppTests.ImageAdjustmentTests testTransactionCancelUndoBranchEnableResetLockAndNoSourceMutation]' passed (0.016 seconds).
build-test	Model and geometry tests; Debug build	2026-10-03T23:48:14.2508940Z Test Suite 'ImageAdjustmentTests' passed at 2026-10-03 23:48:14.247.
build-test	Model and geometry tests; Debug build	2026-10-03T23:48:14.2521430Z 	 Executed 5 tests, with 0 failures (0 unexpected) in 1.220 (1.221) seconds
build-test	Model and geometry tests; Debug build	2026-10-03T23:48:14.2522100Z Test Suite 'InvestigationAnalysisTests' started at 2026-10-03 23:48:14.248.
build-test	Model and geometry tests; Debug build	2026-10-03T23:48:14.2522980Z Test Case '-[PhotoAxisAppTests.InvestigationAnalysisTests testAnalysisTamperingIsRejectedAndExportContainsSeparateRawAndConfirmedText]' started.
build-test	Model and geometry tests; Debug build	2026-10-03T23:48:15.0059900Z Test Case '-[PhotoAxisAppTests.InvestigationAnalysisTests testAnalysisTamperingIsRejectedAndExportContainsSeparateRawAndConfirmedText]' passed (0.755 seconds).
build-test	Model and geometry tests; Debug build	2026-10-03T23:48:15.0068420Z Test Case '-[PhotoAxisAppTests.InvestigationAnalysisTests testCalibrationMeasureStalenessAndReceiptRollbackWithoutChangingPixels]' started.
build-test	Model and geometry tests; Debug build	2026-10-03T23:48:15.0732510Z Test Case '-[PhotoAxisAppTests.InvestigationAnalysisTests testCalibrationMeasureStalenessAndReceiptRollbackWithoutChangingPixels]' passed (0.068 seconds).
build-test	Model and geometry tests; Debug build	2026-10-03T23:48:15.0746290Z Test Case '-[PhotoAxisAppTests.InvestigationAnalysisTests testCancelledRecognitionNeverMutatesCaseOrAuditLog]' started.
build-test	Model and geometry tests; Debug build	2026-10-03T23:48:15.1218780Z Test Case '-[PhotoAxisAppTests.InvestigationAnalysisTests testCancelledRecognitionNeverMutatesCaseOrAuditLog]' passed (0.049 seconds).
build-test	Model and geometry tests; Debug build	2026-10-03T23:48:15.1221650Z Test Case '-[PhotoAxisAppTests.InvestigationAnalysisTests testCancellingStalledOCRReturnsImmediatelyRejectsOverlapAndDiscardsLateResult]' started.
build-test	Model and geometry tests; Debug build	2026-10-03T23:48:15.1887230Z Test Case '-[PhotoAxisAppTests.InvestigationAnalysisTests testCancellingStalledOCRReturnsImmediatelyRejectsOverlapAndDiscardsLateResult]' passed (0.055 seconds).
build-test	Model and geometry tests; Debug build	2026-10-03T23:48:15.1888700Z Test Case '-[PhotoAxisAppTests.InvestigationAnalysisTests testNativeOCRReviewKeepsRawReadOnlyAndSavesExplicitUserEdit]' started.
build-test	Model and geometry tests; Debug build	2026-10-03T23:48:15.6421110Z Test Case '-[PhotoAxisAppTests.InvestigationAnalysisTests testNativeOCRReviewKeepsRawReadOnlyAndSavesExplicitUserEdit]' passed (0.462 seconds).
build-test	Model and geometry tests; Debug build	2026-10-03T23:48:15.6442500Z Test Case '-[PhotoAxisAppTests.InvestigationAnalysisTests testOCRComputeUsesOnlyRequestSupportedCPUDevices]' started.
build-test	Model and geometry tests; Debug build	2026-10-03T23:48:15.6443560Z Test Case '-[PhotoAxisAppTests.InvestigationAnalysisTests testOCRComputeUsesOnlyRequestSupportedCPUDevices]' passed (0.001 seconds).
build-test	Model and geometry tests; Debug build	2026-10-03T23:48:15.6444960Z Test Case '-[PhotoAxisAppTests.InvestigationAnalysisTests testOCRReceiptFailureKeepsPreviousConfirmationAndManifest]' started.
build-test	Model and geometry tests; Debug build	2026-10-03T23:48:16.1160480Z Test Case '-[PhotoAxisAppTests.InvestigationAnalysisTests testOCRReceiptFailureKeepsPreviousConfirmationAndManifest]' passed (0.475 seconds).
build-test	Model and geometry tests; Debug build	2026-10-03T23:48:16.1168110Z Test Case '-[PhotoAxisAppTests.InvestigationAnalysisTests testOriginalVideoBytesAndVariableRateFrameOrdinalExactPTSAndTrackRotation]' started.
build-test	Model and geometry tests; Debug build	2026-10-03T23:48:16.4421710Z Test Case '-[PhotoAxisAppTests.InvestigationAnalysisTests testOriginalVideoBytesAndVariableRateFrameOrdinalExactPTSAndTrackRotation]' passed (0.294 seconds).
build-test	Model and geometry tests; Debug build	2026-10-03T23:48:16.4532950Z Test Case '-[PhotoAxisAppTests.InvestigationAnalysisTests testUnsupportedVietnameseOCRHasExplicitFailureAndNeverSubstitutesEnglish]' started.
build-test	Model and geometry tests; Debug build	2026-10-03T23:48:16.4637580Z Test Case '-[PhotoAxisAppTests.InvestigationAnalysisTests testUnsupportedVietnameseOCRHasExplicitFailureAndNeverSubstitutesEnglish]' passed (0.001 seconds).
build-test	Model and geometry tests; Debug build	2026-10-03T23:48:16.4745470Z Test Case '-[PhotoAxisAppTests.InvestigationAnalysisTests testVideoFailedIntakeCommitRollsBackNewOriginalAndAnalysis]' started.
build-test	Model and geometry tests; Debug build	2026-10-03T23:48:16.4848770Z Test Case '-[PhotoAxisAppTests.InvestigationAnalysisTests testVideoFailedIntakeCommitRollsBackNewOriginalAndAnalysis]' passed (0.007 seconds).
build-test	Model and geometry tests; Debug build	2026-10-03T23:48:16.5107670Z Test Case '-[PhotoAxisAppTests.InvestigationAnalysisTests testVideoOutOfRangeMissingOffsetReasonAndOriginalMutationRefuseExtraction]' started.
build-test	Model and geometry tests; Debug build	2026-10-03T23:48:16.5667490Z Test Case '-[PhotoAxisAppTests.InvestigationAnalysisTests testVideoOutOfRangeMissingOffsetReasonAndOriginalMutationRefuseExtraction]' passed (0.080 seconds).
build-test	Model and geometry tests; Debug build	2026-10-03T23:48:16.5847740Z Test Case '-[PhotoAxisAppTests.InvestigationAnalysisTests testVietnameseOCRSourceROIRecognitionConfirmationAndPersistentRevisions]' started.
build-test	Model and geometry tests; Debug build	2026-10-03T23:48:17.9164490Z Test Case '-[PhotoAxisAppTests.InvestigationAnalysisTests testVietnameseOCRSourceROIRecognitionConfirmationAndPersistentRevisions]' passed (0.896 seconds).
build-test	Model and geometry tests; Debug build	2026-10-03T23:48:17.9278860Z Test Suite 'InvestigationAnalysisTests' passed at 2026-10-03 23:48:17.392.
build-test	Model and geometry tests; Debug build	2026-10-03T23:48:17.9424410Z 	 Executed 12 tests, with 0 failures (0 unexpected) in 3.143 (3.144) seconds
build-test	Model and geometry tests; Debug build	2026-10-03T23:48:17.9577080Z Test Suite 'InvestigationWorkflowTests' started at 2026-10-03 23:48:17.392.
build-test	Model and geometry tests; Debug build	2026-10-03T23:48:17.9736690Z Test Case '-[PhotoAxisAppTests.InvestigationWorkflowTests testA4PDFLayoutsAreRasterOnlyAndPaginateOneTwoFour]' started.
build-test	Model and geometry tests; Debug build	2026-10-03T23:48:18.1018470Z Test Case '-[PhotoAxisAppTests.InvestigationWorkflowTests testA4PDFLayoutsAreRasterOnlyAndPaginateOneTwoFour]' passed (0.503 seconds).
build-test	Model and geometry tests; Debug build	2026-10-03T23:48:18.1478060Z Test Case '-[PhotoAxisAppTests.InvestigationWorkflowTests testCanvasPickingUsesSourcePixelsWithMarginsReverseDragAndClamping]' started.
build-test	Model and geometry tests; Debug build	2026-10-03T23:48:18.1580270Z Test Case '-[PhotoAxisAppTests.InvestigationWorkflowTests testCanvasPickingUsesSourcePixelsWithMarginsReverseDragAndClamping]' passed (0.042 seconds).
build-test	Model and geometry tests; Debug build	2026-10-03T23:48:18.1683790Z Test Case '-[PhotoAxisAppTests.InvestigationWorkflowTests testCanvasPointsPersistAcrossMouseUpAndEscapeDiscardsPresentation]' started.
build-test	Model and geometry tests; Debug build	2026-10-03T23:48:18.1802310Z Test Case '-[PhotoAxisAppTests.InvestigationWorkflowTests testCanvasPointsPersistAcrossMouseUpAndEscapeDiscardsPresentation]' passed (0.188 seconds).
build-test	Model and geometry tests; Debug build	2026-10-03T23:48:18.1904870Z Test Case '-[PhotoAxisAppTests.InvestigationWorkflowTests testCaseBoundWorkingFileIsLockedWithoutCaseAndCannotBypassSharing]' started.
build-test	Model and geometry tests; Debug build	2026-10-03T23:48:18.7980710Z Test Case '-[PhotoAxisAppTests.InvestigationWorkflowTests testCaseBoundWorkingFileIsLockedWithoutCaseAndCannotBypassSharing]' passed (0.165 seconds).
build-test	Model and geometry tests; Debug build	2026-10-03T23:48:19.5464720Z Test Case '-[PhotoAxisAppTests.InvestigationWorkflowTests testCaseSelectionFollowsActiveTabAcrossTwoCases]' started.
build-test	Model and geometry tests; Debug build	2026-10-03T23:48:19.7315890Z Test Case '-[PhotoAxisAppTests.InvestigationWorkflowTests testCaseSelectionFollowsActiveTabAcrossTwoCases]' passed (0.165 seconds).
build-test	Model and geometry tests; Debug build	2026-10-03T23:48:19.7472840Z Test Case '-[PhotoAxisAppTests.InvestigationWorkflowTests testChangingTabOrModelCancelsDraftWithoutWritingAudit]' started.
build-test	Model and geometry tests; Debug build	2026-10-03T23:48:19.7610140Z Test Case '-[PhotoAxisAppTests.InvestigationWorkflowTests testChangingTabOrModelCancelsDraftWithoutWritingAudit]' passed (0.273 seconds).
build-test	Model and geometry tests; Debug build	2026-10-03T23:48:19.7774080Z Test Case '-[PhotoAxisAppTests.InvestigationWorkflowTests testDeleteSaveUndoThenRestartRestoresIntakeWorkingSource]' started.
build-test	Model and geometry tests; Debug build	2026-10-03T23:48:19.8081500Z Test Case '-[PhotoAxisAppTests.InvestigationWorkflowTests testDeleteSaveUndoThenRestartRestoresIntakeWorkingSource]' passed (0.094 seconds).
build-test	Model and geometry tests; Debug build	2026-10-03T23:48:19.8207410Z Test Case '-[PhotoAxisAppTests.InvestigationWorkflowTests testFailedAuditRefusesEditAndUndoAndPreservesPreviousManifest]' started.
build-test	Model and geometry tests; Debug build	2026-10-03T23:48:19.8597860Z Test Case '-[PhotoAxisAppTests.InvestigationWorkflowTests testFailedAuditRefusesEditAndUndoAndPreservesPreviousManifest]' passed (0.049 seconds).
build-test	Model and geometry tests; Debug build	2026-10-03T23:48:20.0743360Z Test Case '-[PhotoAxisAppTests.InvestigationWorkflowTests testFailedSaveReceiptKeepsPreviousArchiveAndRestartableUnsavedEdits]' started.
build-test	Model and geometry tests; Debug build	2026-10-03T23:48:20.3374140Z Test Case '-[PhotoAxisAppTests.InvestigationWorkflowTests testFailedSaveReceiptKeepsPreviousArchiveAndRestartableUnsavedEdits]' passed (0.074 seconds).
build-test	Model and geometry tests; Debug build	2026-10-03T23:48:20.4672540Z Test Case '-[PhotoAxisAppTests.InvestigationWorkflowTests testFlattenedPNGRedactionsRemovePixelsAndMetadataWhileOriginalIsUnchanged]' started.
build-test	Model and geometry tests; Debug build	2026-10-03T23:48:20.4797230Z Test Case '-[PhotoAxisAppTests.InvestigationWorkflowTests testFlattenedPNGRedactionsRemovePixelsAndMetadataWhileOriginalIsUnchanged]' passed (0.065 seconds).
build-test	Model and geometry tests; Debug build	2026-10-03T23:48:20.4961300Z Test Case '-[PhotoAxisAppTests.InvestigationWorkflowTests testInlineAnnotationMakesOneUndoAndNeverChangesOriginalBytes]' started.
build-test	Model and geometry tests; Debug build	2026-10-03T23:48:20.5092130Z Test Case '-[PhotoAxisAppTests.InvestigationWorkflowTests testInlineAnnotationMakesOneUndoAndNeverChangesOriginalBytes]' passed (0.241 seconds).
build-test	Model and geometry tests; Debug build	2026-10-03T23:48:20.5194810Z Test Case '-[PhotoAxisAppTests.InvestigationWorkflowTests testInlineCaseEditApplyAndCancelAreTransactionalWithoutAuxiliaryWindow]' started.
build-test	Model and geometry tests; Debug build	2026-10-03T23:48:20.5315620Z Test Case '-[PhotoAxisAppTests.InvestigationWorkflowTests testInlineCaseEditApplyAndCancelAreTransactionalWithoutAuxiliaryWindow]' passed (0.236 seconds).
build-test	Model and geometry tests; Debug build	2026-10-03T23:48:20.5447400Z Test Case '-[PhotoAxisAppTests.InvestigationWorkflowTests testIntakePreservesExactOriginalSeparatesWorkingAndDetectsExternalMutation]' started.
build-test	Model and geometry tests; Debug build	2026-10-03T23:48:20.5574370Z Test Case '-[PhotoAxisAppTests.InvestigationWorkflowTests testIntakePreservesExactOriginalSeparatesWorkingAndDetectsExternalMutation]' passed (0.039 seconds).
build-test	Model and geometry tests; Debug build	2026-10-03T23:48:20.5678450Z Test Case '-[PhotoAxisAppTests.InvestigationWorkflowTests testInvestigationNativeControlsAndComparisonInBothLanguages]' started.
build-test	Model and geometry tests; Debug build	2026-10-03T23:48:20.8498010Z Test Case '-[PhotoAxisAppTests.InvestigationWorkflowTests testInvestigationNativeControlsAndComparisonInBothLanguages]' passed (0.281 seconds).
build-test	Model and geometry tests; Debug build	2026-10-03T23:48:20.8781000Z Test Case '-[PhotoAxisAppTests.InvestigationWorkflowTests testOrphanUnsavedDocumentCannotBeDiscardedWhenOpeningCaseItem]' started.
build-test	Model and geometry tests; Debug build	2026-10-03T23:48:20.9221560Z Test Case '-[PhotoAxisAppTests.InvestigationWorkflowTests testOrphanUnsavedDocumentCannotBeDiscardedWhenOpeningCaseItem]' passed (0.087 seconds).
build-test	Model and geometry tests; Debug build	2026-10-03T23:48:20.9343880Z Test Case '-[PhotoAxisAppTests.InvestigationWorkflowTests testProcessingUndoRedoSaveAndRestartRetainLogWithoutSessionHistory]' started.
build-test	Model and geometry tests; Debug build	2026-10-03T23:48:20.9541220Z Test Case '-[PhotoAxisAppTests.InvestigationWorkflowTests testProcessingUndoRedoSaveAndRestartRetainLogWithoutSessionHistory]' passed (0.069 seconds).
build-test	Model and geometry tests; Debug build	2026-10-03T23:48:20.9643790Z Test Case '-[PhotoAxisAppTests.InvestigationWorkflowTests testResizedWorkingImageAndPrivateMetadataKeepReceivedBytesUnchanged]' started.
build-test	Model and geometry tests; Debug build	2026-10-03T23:48:20.9758150Z Test Case '-[PhotoAxisAppTests.InvestigationWorkflowTests testResizedWorkingImageAndPrivateMetadataKeepReceivedBytesUnchanged]' passed (0.070 seconds).
build-test	Model and geometry tests; Debug build	2026-10-03T23:48:20.9866910Z Test Case '-[PhotoAxisAppTests.InvestigationWorkflowTests testScanAuditSaveUndoAndReviewInvalidationPreserveOriginal]' started.
build-test	Model and geometry tests; Debug build	2026-10-03T23:48:21.1256350Z Test Case '-[PhotoAxisAppTests.InvestigationWorkflowTests testScanAuditSaveUndoAndReviewInvalidationPreserveOriginal]' passed (0.289 seconds).
build-test	Model and geometry tests; Debug build	2026-10-03T23:48:21.1359680Z Test Case '-[PhotoAxisAppTests.InvestigationWorkflowTests testStreamedPDFEnglishAndLongCaptionRefusesSilentTruncation]' started.
build-test	Model and geometry tests; Debug build	2026-10-03T23:48:21.3080110Z Test Case '-[PhotoAxisAppTests.InvestigationWorkflowTests testStreamedPDFEnglishAndLongCaptionRefusesSilentTruncation]' passed (0.155 seconds).
build-test	Model and geometry tests; Debug build	2026-10-03T23:48:21.3360330Z Test Case '-[PhotoAxisAppTests.InvestigationWorkflowTests testTwoTabQuitCancellationPreservesCaseEditsAndFinalDiscardIsRecorded]' started.
build-test	Model and geometry tests; Debug build	2026-10-03T23:48:21.3482090Z Test Case '-[PhotoAxisAppTests.InvestigationWorkflowTests testTwoTabQuitCancellationPreservesCaseEditsAndFinalDiscardIsRecorded]' passed (0.071 seconds).
build-test	Model and geometry tests; Debug build	2026-10-03T23:48:21.4367390Z Test Suite 'InvestigationWorkflowTests' passed at 2026-10-03 23:48:21.338.
build-test	Model and geometry tests; Debug build	2026-10-03T23:48:21.4475170Z 	 Executed 20 tests, with 0 failures (0 unexpected) in 3.153 (3.945) seconds
build-test	Model and geometry tests; Debug build	2026-10-03T23:48:21.4646490Z Test Suite 'LayerEditingTests' started at 2026-10-03 23:48:21.338.
build-test	Model and geometry tests; Debug build	2026-10-03T23:48:21.4819400Z Test Case '-[PhotoAxisAppTests.LayerEditingTests testNativeHandlesScaleModifiersKeyboardAndOverlay]' started.
build-test	Model and geometry tests; Debug build	2026-10-03T23:48:21.9933980Z Test Case '-[PhotoAxisAppTests.LayerEditingTests testNativeHandlesScaleModifiersKeyboardAndOverlay]' passed (0.625 seconds).
build-test	Model and geometry tests; Debug build	2026-10-03T23:48:22.0035670Z Test Case '-[PhotoAxisAppTests.LayerEditingTests testNativeOpacityActionAndTransformFieldsAcrossTabs]' started.
build-test	Model and geometry tests; Debug build	2026-10-03T23:48:22.0697700Z Test Case '-[PhotoAxisAppTests.LayerEditingTests testNativeOpacityActionAndTransformFieldsAcrossTabs]' passed (0.094 seconds).
build-test	Model and geometry tests; Debug build	2026-10-03T23:48:22.0804350Z Test Case '-[PhotoAxisAppTests.LayerEditingTests testNormalLinearCompositeOpacityOrderAndAlphaHitTest]' started.
build-test	Model and geometry tests; Debug build	2026-10-03T23:48:22.1709560Z Test Case '-[PhotoAxisAppTests.LayerEditingTests testNormalLinearCompositeOpacityOrderAndAlphaHitTest]' passed (0.108 seconds).
build-test	Model and geometry tests; Debug build	2026-10-03T23:48:22.1831350Z Test Case '-[PhotoAxisAppTests.LayerEditingTests testTabSessionsAndUndoRemainIndependent]' started.
build-test	Model and geometry tests; Debug build	2026-10-03T23:48:22.2060330Z Test Case '-[PhotoAxisAppTests.LayerEditingTests testTabSessionsAndUndoRemainIndependent]' passed (0.029 seconds).
build-test	Model and geometry tests; Debug build	2026-10-03T23:48:22.2163910Z Test Case '-[PhotoAxisAppTests.LayerEditingTests testTransformPreviewRollbackNumbersFlipAndSingleCommit]' started.
build-test	Model and geometry tests; Debug build	2026-10-03T23:48:22.2275780Z Test Case '-[PhotoAxisAppTests.LayerEditingTests testTransformPreviewRollbackNumbersFlipAndSingleCommit]' passed (0.014 seconds).
build-test	Model and geometry tests; Debug build	2026-10-03T23:48:22.2377470Z Test Case '-[PhotoAxisAppTests.LayerEditingTests testUndoBridgeTransactionsBranchSavedMarkerAndSourceSharing]' started.
build-test	Model and geometry tests; Debug build	2026-10-03T23:48:22.2479770Z Test Case '-[PhotoAxisAppTests.LayerEditingTests testUndoBridgeTransactionsBranchSavedMarkerAndSourceSharing]' passed (0.014 seconds).
build-test	Model and geometry tests; Debug build	2026-10-03T23:48:22.2579800Z Test Suite 'LayerEditingTests' passed at 2026-10-03 23:48:22.224.
build-test	Model and geometry tests; Debug build	2026-10-03T23:48:22.2691920Z 	 Executed 6 tests, with 0 failures (0 unexpected) in 0.885 (0.886) seconds
build-test	Model and geometry tests; Debug build	2026-10-03T23:48:22.2793750Z Test Suite 'MultiLayerPerspectiveTests' started at 2026-10-03 23:48:22.224.
build-test	Model and geometry tests; Debug build	2026-10-03T23:48:22.2910500Z Test Case '-[PhotoAxisAppTests.MultiLayerPerspectiveTests testFullyDiscardedTypedLayersStayEmptyAfterExpansionAndMove]' started.
build-test	Model and geometry tests; Debug build	2026-10-03T23:48:22.3033050Z Test Case '-[PhotoAxisAppTests.MultiLayerPerspectiveTests testFullyDiscardedTypedLayersStayEmptyAfterExpansionAndMove]' passed (0.047 seconds).
build-test	Model and geometry tests; Debug build	2026-10-03T23:48:22.3134520Z Test Case '-[PhotoAxisAppTests.MultiLayerPerspectiveTests testHiddenLockedAndDiscardedContentNeverReappears]' started.
build-test	Model and geometry tests; Debug build	2026-10-03T23:48:22.3764920Z Test Case '-[PhotoAxisAppTests.MultiLayerPerspectiveTests testHiddenLockedAndDiscardedContentNeverReappears]' passed (0.087 seconds).
build-test	Model and geometry tests; Debug build	2026-10-03T23:48:22.3867010Z Test Case '-[PhotoAxisAppTests.MultiLayerPerspectiveTests testMixedPreviewCommonMappingPixelOracleAndHistory]' started.
build-test	Model and geometry tests; Debug build	2026-10-03T23:48:24.6329640Z Test Case '-[PhotoAxisAppTests.MultiLayerPerspectiveTests testMixedPreviewCommonMappingPixelOracleAndHistory]' passed (2.266 seconds).
build-test	Model and geometry tests; Debug build	2026-10-03T23:48:24.6431810Z Test Case '-[PhotoAxisAppTests.MultiLayerPerspectiveTests testOldTextShapeEditsNewLayersAndProjectiveHitMoveTransform]' started.
build-test	Model and geometry tests; Debug build	2026-10-03T23:48:24.6952010Z Test Case '-[PhotoAxisAppTests.MultiLayerPerspectiveTests testOldTextShapeEditsNewLayersAndProjectiveHitMoveTransform]' passed (0.067 seconds).
build-test	Model and geometry tests; Debug build	2026-10-03T23:48:24.7055030Z Test Case '-[PhotoAxisAppTests.MultiLayerPerspectiveTests testPropertiesEditorVisibleAndFocusForBothLanguages]' started.
build-test	Model and geometry tests; Debug build	2026-10-03T23:48:25.1335540Z Test Case '-[PhotoAxisAppTests.MultiLayerPerspectiveTests testPropertiesEditorVisibleAndFocusForBothLanguages]' passed (0.353 seconds).
build-test	Model and geometry tests; Debug build	2026-10-03T23:48:25.1441690Z Test Case '-[PhotoAxisAppTests.MultiLayerPerspectiveTests testRepeatedCropTransformKeepsResourcesAndTypedSources]' started.
build-test	Model and geometry tests; Debug build	2026-10-03T23:48:25.3872230Z Test Case '-[PhotoAxisAppTests.MultiLayerPerspectiveTests testRepeatedCropTransformKeepsResourcesAndTypedSources]' passed (0.326 seconds).
build-test	Model and geometry tests; Debug build	2026-10-03T23:48:25.3973560Z Test Suite 'MultiLayerPerspectiveTests' passed at 2026-10-03 23:48:25.371.
build-test	Model and geometry tests; Debug build	2026-10-03T23:48:25.4079450Z 	 Executed 6 tests, with 0 failures (0 unexpected) in 3.147 (3.148) seconds
build-test	Model and geometry tests; Debug build	2026-10-03T23:48:25.4180570Z Test Suite 'OpenImageCursorTests' started at 2026-10-03 23:48:25.372.
build-test	Model and geometry tests; Debug build	2026-10-03T23:48:25.4289260Z Test Case '-[PhotoAxisAppTests.OpenImageCursorTests testAnalysisTracksActiveTabAndNeverFallsBackToSelectedCaseOrClosedTab]' started.
build-test	Model and geometry tests; Debug build	2026-10-03T23:48:25.4606870Z Test Case '-[PhotoAxisAppTests.OpenImageCursorTests testAnalysisTracksActiveTabAndNeverFallsBackToSelectedCaseOrClosedTab]' passed (0.085 seconds).
build-test	Model and geometry tests; Debug build	2026-10-03T23:48:25.4708270Z Test Case '-[PhotoAxisAppTests.OpenImageCursorTests testAsyncCaptureCannotSelectAnOlderTabAfterSwitch]' started.
build-test	Model and geometry tests; Debug build	2026-10-03T23:48:25.5317020Z Test Case '-[PhotoAxisAppTests.OpenImageCursorTests testAsyncCaptureCannotSelectAnOlderTabAfterSwitch]' passed (0.060 seconds).
build-test	Model and geometry tests; Debug build	2026-10-03T23:48:25.5418690Z Test Case '-[PhotoAxisAppTests.OpenImageCursorTests testCropTransformResizeHandDragAndSpaceReleaseRestoreCorrectCursor]' started.
build-test	Model and geometry tests; Debug build	2026-10-03T23:48:25.5520830Z Test Case '-[PhotoAxisAppTests.OpenImageCursorTests testCropTransformResizeHandDragAndSpaceReleaseRestoreCorrectCursor]' passed (0.008 seconds).
build-test	Model and geometry tests; Debug build	2026-10-03T23:48:25.5628560Z Test Case '-[PhotoAxisAppTests.OpenImageCursorTests testDirectCaptureUsesCommittedEditedCanvasAndPreservesTabHistoryAssetsAndCheckpoint]' started.
build-test	Model and geometry tests; Debug build	2026-10-03T23:48:25.6192030Z Test Case '-[PhotoAxisAppTests.OpenImageCursorTests testDirectCaptureUsesCommittedEditedCanvasAndPreservesTabHistoryAssetsAndCheckpoint]' passed (0.080 seconds).
build-test	Model and geometry tests; Debug build	2026-10-03T23:48:25.6294970Z Test Case '-[PhotoAxisAppTests.OpenImageCursorTests testDirectInlineAnnotationMakesOneUndoAndChangingTabCancelsRedactionDraft]' started.
build-test	Model and geometry tests; Debug build	2026-10-03T23:48:25.7140130Z Test Case '-[PhotoAxisAppTests.OpenImageCursorTests testDirectInlineAnnotationMakesOneUndoAndChangingTabCancelsRedactionDraft]' passed (0.105 seconds).
build-test	Model and geometry tests; Debug build	2026-10-03T23:48:25.7243390Z Test Case '-[PhotoAxisAppTests.OpenImageCursorTests testEditingInvalidatesDirectCalibrationAndRedactionsAndCapturesNewCanvas]' started.
build-test	Model and geometry tests; Debug build	2026-10-03T23:48:25.8310100Z Test Case '-[PhotoAxisAppTests.OpenImageCursorTests testEditingInvalidatesDirectCalibrationAndRedactionsAndCapturesNewCanvas]' passed (0.105 seconds).
build-test	Model and geometry tests; Debug build	2026-10-03T23:48:25.8411940Z Test Case '-[PhotoAxisAppTests.OpenImageCursorTests testEditingSavedSnapshotCannotReplaceAnalysisOfTheOriginalEditableTab]' started.
build-test	Model and geometry tests; Debug build	2026-10-03T23:48:25.8816280Z Test Case '-[PhotoAxisAppTests.OpenImageCursorTests testEditingSavedSnapshotCannotReplaceAnalysisOfTheOriginalEditableTab]' passed (0.061 seconds).
build-test	Model and geometry tests; Debug build	2026-10-03T23:48:25.8922000Z Test Case '-[PhotoAxisAppTests.OpenImageCursorTests testSavingDerivedAnalysisRetainsLedgerAndSnapshotWithoutAttachingOriginalTab]' started.
build-test	Model and geometry tests; Debug build	2026-10-03T23:48:25.9586130Z Test Case '-[PhotoAxisAppTests.OpenImageCursorTests testSavingDerivedAnalysisRetainsLedgerAndSnapshotWithoutAttachingOriginalTab]' passed (0.075 seconds).
build-test	Model and geometry tests; Debug build	2026-10-03T23:48:25.9689650Z Test Case '-[PhotoAxisAppTests.OpenImageCursorTests testTemporaryCaptureCleanupAndFailedSaveLeaveNoPartialCase]' started.
build-test	Model and geometry tests; Debug build	2026-10-03T23:48:26.0304590Z Test Case '-[PhotoAxisAppTests.OpenImageCursorTests testTemporaryCaptureCleanupAndFailedSaveLeaveNoPartialCase]' passed (0.074 seconds).
build-test	Model and geometry tests; Debug build	2026-10-03T23:48:26.0430980Z Test Case '-[PhotoAxisAppTests.OpenImageCursorTests testToolCursorImagesAreDistinctCachedAndSetActualAppKitHotspots]' started.
build-test	Model and geometry tests; Debug build	2026-10-03T23:48:26.0642570Z Test Case '-[PhotoAxisAppTests.OpenImageCursorTests testToolCursorImagesAreDistinctCachedAndSetActualAppKitHotspots]' passed (0.033 seconds).
build-test	Model and geometry tests; Debug build	2026-10-03T23:48:26.0747320Z Test Suite 'OpenImageCursorTests' passed at 2026-10-03 23:48:26.060.
build-test	Model and geometry tests; Debug build	2026-10-03T23:48:26.0848290Z 	 Executed 10 tests, with 0 failures (0 unexpected) in 0.687 (0.689) seconds
build-test	Model and geometry tests; Debug build	2026-10-03T23:48:26.0951350Z Test Suite 'PaintLiveTests' started at 2026-10-03 23:48:26.061.
build-test	Model and geometry tests; Debug build	2026-10-03T23:48:26.1052460Z Test Case '-[PhotoAxisAppTests.PaintLiveTests testBilingualContinuousPaintControlsAndNarrowOverflow]' started.
build-test	Model and geometry tests; Debug build	2026-10-03T23:48:26.1170240Z Test Case '-[PhotoAxisAppTests.PaintLiveTests testBilingualContinuousPaintControlsAndNarrowOverflow]' passed (0.031 seconds).
build-test	Model and geometry tests; Debug build	2026-10-03T23:48:26.1272500Z Test Case '-[PhotoAxisAppTests.PaintLiveTests testBrushUnionOpacityInterpolationSoftEdgeAndOrientation]' started.
build-test	Model and geometry tests; Debug build	2026-10-03T23:48:26.1473640Z Test Case '-[PhotoAxisAppTests.PaintLiveTests testBrushUnionOpacityInterpolationSoftEdgeAndOrientation]' passed (0.049 seconds).
build-test	Model and geometry tests; Debug build	2026-10-03T23:48:26.1575050Z Test Case '-[PhotoAxisAppTests.PaintLiveTests testCaseCloneUnsavedRestartAuditRollbackAndTamper]' started.
build-test	Model and geometry tests; Debug build	2026-10-03T23:48:26.2459690Z Test Case '-[PhotoAxisAppTests.PaintLiveTests testCaseCloneUnsavedRestartAuditRollbackAndTamper]' passed (0.094 seconds).
build-test	Model and geometry tests; Debug build	2026-10-03T23:48:26.2561870Z Test Case '-[PhotoAxisAppTests.PaintLiveTests testFrozenCompositeCloneIncludesAdjustmentsAndHasNoFeedback]' started.
build-test	Model and geometry tests; Debug build	2026-10-03T23:48:26.3173310Z Test Case '-[PhotoAxisAppTests.PaintLiveTests testFrozenCompositeCloneIncludesAdjustmentsAndHasNoFeedback]' passed (0.075 seconds).
build-test	Model and geometry tests; Debug build	2026-10-03T23:48:26.3281650Z Test Case '-[PhotoAxisAppTests.PaintLiveTests testImageAndCanvasSizePreviewIsAutomaticAtomicAndCancelable]' started.
build-test	Model and geometry tests; Debug build	2026-10-03T23:48:26.3628830Z Test Case '-[PhotoAxisAppTests.PaintLiveTests testImageAndCanvasSizePreviewIsAutomaticAtomicAndCancelable]' passed (0.040 seconds).
build-test	Model and geometry tests; Debug build	2026-10-03T23:48:26.3798490Z Test Case '-[PhotoAxisAppTests.PaintLiveTests testLiveStrokeOneUndoRedoCancelAndImmutableSource]' started.
build-test	Model and geometry tests; Debug build	2026-10-03T23:48:26.4000330Z Test Case '-[PhotoAxisAppTests.PaintLiveTests testLiveStrokeOneUndoRedoCancelAndImmutableSource]' passed (0.045 seconds).
build-test	Model and geometry tests; Debug build	2026-10-03T23:48:26.4101790Z Test Case '-[PhotoAxisAppTests.PaintLiveTests testNativeOptionClickAlignedAndUnalignedCloneAndBrushEscape]' started.
build-test	Model and geometry tests; Debug build	2026-10-03T23:48:26.9781630Z Test Case '-[PhotoAxisAppTests.PaintLiveTests testNativeOptionClickAlignedAndUnalignedCloneAndBrushEscape]' passed (0.573 seconds).
build-test	Model and geometry tests; Debug build	2026-10-03T23:48:26.9886770Z Test Case '-[PhotoAxisAppTests.PaintLiveTests testPaintMaskStaysTransparentOutsideStrokeAfterDeskewAndPerspective]' started.
build-test	Model and geometry tests; Debug build	2026-10-03T23:48:27.9657530Z Test Case '-[PhotoAxisAppTests.PaintLiveTests testPaintMaskStaysTransparentOutsideStrokeAfterDeskewAndPerspective]' passed (0.983 seconds).
build-test	Model and geometry tests; Debug build	2026-10-03T23:48:27.9759130Z Test Case '-[PhotoAxisAppTests.PaintLiveTests testPaintProjectExportRecoveryRoundTripAndDraftExclusion]' started.
build-test	Model and geometry tests; Debug build	2026-10-03T23:48:28.0634790Z Test Case '-[PhotoAxisAppTests.PaintLiveTests testPaintProjectExportRecoveryRoundTripAndDraftExclusion]' passed (0.104 seconds).
build-test	Model and geometry tests; Debug build	2026-10-03T23:48:28.0737250Z Test Case '-[PhotoAxisAppTests.PaintLiveTests testPerspectiveInsetAutomaticallyRefreshesAndCancelsWithoutHistory]' started.
build-test	Model and geometry tests; Debug build	2026-10-03T23:48:28.3624370Z Test Case '-[PhotoAxisAppTests.PaintLiveTests testPerspectiveInsetAutomaticallyRefreshesAndCancelsWithoutHistory]' passed (0.302 seconds).
build-test	Model and geometry tests; Debug build	2026-10-03T23:48:28.3725950Z Test Case '-[PhotoAxisAppTests.PaintLiveTests testScanAutoPreviewLatestValueInvalidInputAndCancelWithoutButton]' started.
build-test	Model and geometry tests; Debug build	2026-10-03T23:48:29.1948700Z Test Case '-[PhotoAxisAppTests.PaintLiveTests testScanAutoPreviewLatestValueInvalidInputAndCancelWithoutButton]' passed (0.823 seconds).
build-test	Model and geometry tests; Debug build	2026-10-03T23:48:29.2050760Z Test Suite 'PaintLiveTests' passed at 2026-10-03 23:48:29.182.
build-test	Model and geometry tests; Debug build	2026-10-03T23:48:29.2159010Z 	 Executed 11 tests, with 0 failures (0 unexpected) in 3.119 (3.121) seconds
build-test	Model and geometry tests; Debug build	2026-10-03T23:48:29.2419170Z Test Suite 'PerspectiveEditingTests' started at 2026-10-03 23:48:29.182.
build-test	Model and geometry tests; Debug build	2026-10-03T23:48:29.2527330Z Test Case '-[PhotoAxisAppTests.PerspectiveEditingTests testEXIFRotatedCornersKeepNamedOrder]' started.
build-test	Model and geometry tests; Debug build	2026-10-03T23:48:29.2856240Z Test Case '-[PhotoAxisAppTests.PerspectiveEditingTests testEXIFRotatedCornersKeepNamedOrder]' passed (0.080 seconds).
build-test	Model and geometry tests; Debug build	2026-10-03T23:48:29.3068740Z Test Case '-[PhotoAxisAppTests.PerspectiveEditingTests testNativeInitialDragAllHandlesZoomPanPreviewAndReturn]' started.
build-test	Model and geometry tests; Debug build	2026-10-03T23:48:29.7670310Z Test Case '-[PhotoAxisAppTests.PerspectiveEditingTests testNativeInitialDragAllHandlesZoomPanPreviewAndReturn]' passed (0.496 seconds).
build-test	Model and geometry tests; Debug build	2026-10-03T23:48:29.7821440Z Test Case '-[PhotoAxisAppTests.PerspectiveEditingTests testNativeOptionsCallbacksAndLayoutInBothLanguages]' started.
build-test	Model and geometry tests; Debug build	2026-10-03T23:48:30.5822600Z Test Case '-[PhotoAxisAppTests.PerspectiveEditingTests testNativeOptionsCallbacksAndLayoutInBothLanguages]' passed (0.811 seconds).
build-test	Model and geometry tests; Debug build	2026-10-03T23:48:30.5924760Z Test Case '-[PhotoAxisAppTests.PerspectiveEditingTests testOutputModesInvalidInputCancelAndIndependentTabs]' started.
build-test	Model and geometry tests; Debug build	2026-10-03T23:48:30.6148140Z Test Case '-[PhotoAxisAppTests.PerspectiveEditingTests testOutputModesInvalidInputCancelAndIndependentTabs]' passed (0.031 seconds).
build-test	Model and geometry tests; Debug build	2026-10-03T23:48:30.6246800Z Test Case '-[PhotoAxisAppTests.PerspectiveEditingTests testPoleOutsideRetainedRegionUsesBoundedMetalRender]' started.
build-test	Model and geometry tests; Debug build	2026-10-03T23:48:30.7268420Z Test Case '-[PhotoAxisAppTests.PerspectiveEditingTests testPoleOutsideRetainedRegionUsesBoundedMetalRender]' passed (0.117 seconds).
build-test	Model and geometry tests; Debug build	2026-10-03T23:48:30.7372600Z Test Case '-[PhotoAxisAppTests.PerspectiveEditingTests testPreviewApplyCornerOrientationUndoRedoAndSourceBytes]' started.
build-test	Model and geometry tests; Debug build	2026-10-03T23:48:30.7931210Z Test Case '-[PhotoAxisAppTests.PerspectiveEditingTests testPreviewApplyCornerOrientationUndoRedoAndSourceBytes]' passed (0.058 seconds).
build-test	Model and geometry tests; Debug build	2026-10-03T23:48:30.8032550Z Test Case '-[PhotoAxisAppTests.PerspectiveEditingTests testReferenceGradientAndAlphaAgainstIndependentMapping]' started.
build-test	Model and geometry tests; Debug build	2026-10-03T23:48:30.9077330Z Test Case '-[PhotoAxisAppTests.PerspectiveEditingTests testReferenceGradientAndAlphaAgainstIndependentMapping]' passed (0.119 seconds).
build-test	Model and geometry tests; Debug build	2026-10-03T23:48:30.9182470Z Test Suite 'PerspectiveEditingTests' passed at 2026-10-03 23:48:30.895.
build-test	Model and geometry tests; Debug build	2026-10-03T23:48:30.9308470Z 	 Executed 7 tests, with 0 failures (0 unexpected) in 1.712 (1.713) seconds
build-test	Model and geometry tests; Debug build	2026-10-03T23:48:30.9410620Z Test Suite 'PreferencesAppearanceTests' started at 2026-10-03 23:48:30.895.
build-test	Model and geometry tests; Debug build	2026-10-03T23:48:30.9538300Z Test Case '-[PhotoAxisAppTests.PreferencesAppearanceTests testAllSettingsPagesFitAtMinimumSizeInBothAppearancesAndLanguages]' started.
build-test	Model and geometry tests; Debug build	2026-10-03T23:48:31.1984160Z Test Case '-[PhotoAxisAppTests.PreferencesAppearanceTests testAllSettingsPagesFitAtMinimumSizeInBothAppearancesAndLanguages]' passed (0.290 seconds).
build-test	Model and geometry tests; Debug build	2026-10-03T23:48:31.2085890Z Test Case '-[PhotoAxisAppTests.PreferencesAppearanceTests testAppearancePersistenceImmediateApplicationAndSystemInheritance]' started.
build-test	Model and geometry tests; Debug build	2026-10-03T23:48:31.2577980Z Test Case '-[PhotoAxisAppTests.PreferencesAppearanceTests testAppearancePersistenceImmediateApplicationAndSystemInheritance]' passed (0.053 seconds).
build-test	Model and geometry tests; Debug build	2026-10-03T23:48:31.2694730Z Test Case '-[PhotoAxisAppTests.PreferencesAppearanceTests testBrushOutlineChangesLiveWithoutChangingDocumentOrToolCursor]' started.
build-test	Model and geometry tests; Debug build	2026-10-03T23:48:31.3442630Z Test Case '-[PhotoAxisAppTests.PreferencesAppearanceTests testBrushOutlineChangesLiveWithoutChangingDocumentOrToolCursor]' passed (0.101 seconds).
build-test	Model and geometry tests; Debug build	2026-10-03T23:48:31.3547420Z Test Case '-[PhotoAxisAppTests.PreferencesAppearanceTests testCorruptPreferenceFallbackAndResetsAreScoped]' started.
build-test	Model and geometry tests; Debug build	2026-10-03T23:48:31.3854450Z Test Case '-[PhotoAxisAppTests.PreferencesAppearanceTests testCorruptPreferenceFallbackAndResetsAreScoped]' passed (0.040 seconds).
build-test	Model and geometry tests; Debug build	2026-10-03T23:48:31.3970400Z Test Case '-[PhotoAxisAppTests.PreferencesAppearanceTests testDynamicSurfacesResolveTextBorderAndSelectionWithSufficientContrast]' started.
build-test	Model and geometry tests; Debug build	2026-10-03T23:48:31.4071990Z Test Case '-[PhotoAxisAppTests.PreferencesAppearanceTests testDynamicSurfacesResolveTextBorderAndSelectionWithSufficientContrast]' passed (0.001 seconds).
build-test	Model and geometry tests; Debug build	2026-10-03T23:48:31.4176700Z Test Case '-[PhotoAxisAppTests.PreferencesAppearanceTests testFilesDefaultsPersistValidateAndOnlyAffectNewExportDialogs]' started.
build-test	Model and geometry tests; Debug build	2026-10-03T23:48:31.4378680Z Test Case '-[PhotoAxisAppTests.PreferencesAppearanceTests testFilesDefaultsPersistValidateAndOnlyAffectNewExportDialogs]' passed (0.046 seconds).
build-test	Model and geometry tests; Debug build	2026-10-03T23:48:31.4480150Z Test Case '-[PhotoAxisAppTests.PreferencesAppearanceTests testInvalidJPEGQualityDoesNotBlockIndependentValidFilePreferences]' started.
build-test	Model and geometry tests; Debug build	2026-10-03T23:48:31.4683520Z Test Case '-[PhotoAxisAppTests.PreferencesAppearanceTests testInvalidJPEGQualityDoesNotBlockIndependentValidFilePreferences]' passed (0.034 seconds).
build-test	Model and geometry tests; Debug build	2026-10-03T23:48:31.4784930Z Test Suite 'PreferencesAppearanceTests' passed at 2026-10-03 23:48:31.462.
build-test	Model and geometry tests; Debug build	2026-10-03T23:48:31.5112320Z 	 Executed 7 tests, with 0 failures (0 unexpected) in 0.566 (0.567) seconds
build-test	Model and geometry tests; Debug build	2026-10-03T23:48:31.5215290Z Test Suite 'ProjectDocumentTests' started at 2026-10-03 23:48:31.463.
build-test	Model and geometry tests; Debug build	2026-10-03T23:48:31.5317340Z Test Case '-[PhotoAxisAppTests.ProjectDocumentTests testAtomicNoSpaceDeniedCancellationAndRenameFailurePreservePreviousGoodFile]' started.
build-test	Model and geometry tests; Debug build	2026-10-03T23:48:31.5420490Z Test Case '-[PhotoAxisAppTests.ProjectDocumentTests testAtomicNoSpaceDeniedCancellationAndRenameFailurePreservePreviousGoodFile]' passed (0.047 seconds).
build-test	Model and geometry tests; Debug build	2026-10-03T23:48:31.5524310Z Test Case '-[PhotoAxisAppTests.ProjectDocumentTests testCoordinatorSaveAndOpenRouteOwnsDirtyStateWithoutUndoOrSourceURL]' started.
build-test	Model and geometry tests; Debug build	2026-10-03T23:48:31.5525420Z Test Case '-[PhotoAxisAppTests.ProjectDocumentTests testCoordinatorSaveAndOpenRouteOwnsDirtyStateWithoutUndoOrSourceURL]' passed (0.037 seconds).
build-test	Model and geometry tests; Debug build	2026-10-03T23:48:31.5558050Z Test Case '-[PhotoAxisAppTests.ProjectDocumentTests testEmbeddedHashAndDimensionsAreCheckedWithoutDecodingUnboundedPixels]' started.
build-test	Model and geometry tests; Debug build	2026-10-03T23:48:31.6569580Z Test Case '-[PhotoAxisAppTests.ProjectDocumentTests testEmbeddedHashAndDimensionsAreCheckedWithoutDecodingUnboundedPixels]' passed (0.103 seconds).
build-test	Model and geometry tests; Debug build	2026-10-03T23:48:31.6588310Z Test Case '-[PhotoAxisAppTests.ProjectDocumentTests testIndependentDeflateZIPAndRealPermissionDeniedSave]' started.
build-test	Model and geometry tests; Debug build	2026-10-03T23:48:31.6757280Z Test Case '-[PhotoAxisAppTests.ProjectDocumentTests testIndependentDeflateZIPAndRealPermissionDeniedSave]' passed (0.016 seconds).
build-test	Model and geometry tests; Debug build	2026-10-03T23:48:31.6785660Z Test Case '-[PhotoAxisAppTests.ProjectDocumentTests testMixedTwiceCroppedRoundTripImmutableAssetsRenderCrossLanguageAndEditability]' started.
build-test	Model and geometry tests; Debug build	2026-10-03T23:48:31.7725940Z Test Case '-[PhotoAxisAppTests.ProjectDocumentTests testMixedTwiceCroppedRoundTripImmutableAssetsRenderCrossLanguageAndEditability]' passed (0.103 seconds).
build-test	Model and geometry tests; Debug build	2026-10-03T23:48:31.7750960Z Test Case '-[PhotoAxisAppTests.ProjectDocumentTests testSavedSnapshotDoesNotClearLaterEditsAndUndoReturnsToWrittenState]' started.
build-test	Model and geometry tests; Debug build	2026-10-03T23:48:31.8259330Z Test Case '-[PhotoAxisAppTests.ProjectDocumentTests testSavedSnapshotDoesNotClearLaterEditsAndUndoReturnsToWrittenState]' passed (0.053 seconds).
build-test	Model and geometry tests; Debug build	2026-10-03T23:48:31.8290630Z Test Suite 'ProjectDocumentTests' passed at 2026-10-03 23:48:31.822.
build-test	Model and geometry tests; Debug build	2026-10-03T23:48:31.8291450Z 	 Executed 6 tests, with 0 failures (0 unexpected) in 0.358 (0.359) seconds
build-test	Model and geometry tests; Debug build	2026-10-03T23:48:31.8292080Z Test Suite 'RecoveryTests' started at 2026-10-03 23:48:31.822.
build-test	Model and geometry tests; Debug build	2026-10-03T23:48:31.8293320Z Test Case '-[PhotoAxisAppTests.RecoveryTests testCommittedSnapshotExcludesDraftReopensUnsavedAndPreservesNewerRecoveryOnSave]' started.
build-test	Model and geometry tests; Debug build	2026-10-03T23:48:31.8927370Z Test Case '-[PhotoAxisAppTests.RecoveryTests testCommittedSnapshotExcludesDraftReopensUnsavedAndPreservesNewerRecoveryOnSave]' passed (0.064 seconds).
build-test	Model and geometry tests; Debug build	2026-10-03T23:48:31.8935260Z Test Case '-[PhotoAxisAppTests.RecoveryTests testDiscardDuringSuspendedWriteCannotResurrectRecoveryAndOldArchiveIsAtomic]' started.
build-test	Model and geometry tests; Debug build	2026-10-03T23:48:32.0677230Z Test Case '-[PhotoAxisAppTests.RecoveryTests testDiscardDuringSuspendedWriteCannotResurrectRecoveryAndOldArchiveIsAtomic]' passed (0.163 seconds).
build-test	Model and geometry tests; Debug build	2026-10-03T23:48:32.0744850Z Test Case '-[PhotoAxisAppTests.RecoveryTests testMissingFontControlsAndRecoveryListInBothLanguagesPreserveOriginalFont]' started.
build-test	Model and geometry tests; Debug build	2026-10-03T23:48:32.1345110Z Test Case '-[PhotoAxisAppTests.RecoveryTests testMissingFontControlsAndRecoveryListInBothLanguagesPreserveOriginalFont]' passed (0.073 seconds).
build-test	Model and geometry tests; Debug build	2026-10-03T23:48:32.1346610Z Test Case '-[PhotoAxisAppTests.RecoveryTests testMultiDocumentCancelKeepsEveryTabAndRecoveryUntilFinalDontSave]' started.
build-test	Model and geometry tests; Debug build	2026-10-03T23:48:32.1522510Z Test Case '-[PhotoAxisAppTests.RecoveryTests testMultiDocumentCancelKeepsEveryTabAndRecoveryUntilFinalDontSave]' passed (0.028 seconds).
build-test	Model and geometry tests; Debug build	2026-10-03T23:48:32.1541860Z Test Case '-[PhotoAxisAppTests.RecoveryTests testPeriodicRecoveryCompletesWithinThirtySecondsAndSkipsUnchangedState]' started.
build-test	Model and geometry tests; Debug build	2026-10-03T23:48:42.2753020Z Test Case '-[PhotoAxisAppTests.RecoveryTests testPeriodicRecoveryCompletesWithinThirtySecondsAndSkipsUnchangedState]' passed (10.111 seconds).
build-test	Model and geometry tests; Debug build	2026-10-03T23:48:42.2858540Z Test Case '-[PhotoAxisAppTests.RecoveryTests testRealControlledAbnormalChildExitAndRestartReadsLastCommittedRecovery]' started.
build-test	Model and geometry tests; Debug build	2026-10-03T23:48:42.8667700Z Test Case '-[PhotoAxisAppTests.RecoveryTests testRealControlledAbnormalChildExitAndRestartReadsLastCommittedRecovery]' passed (0.575 seconds).
build-test	Model and geometry tests; Debug build	2026-10-03T23:48:42.8773000Z Test Case '-[PhotoAxisAppTests.RecoveryTests testRecoveryPermissionFailureReportsOnceCorruptRecordIsExplicitAndNoSavedMarkerChanges]' started.
build-test	Model and geometry tests; Debug build	2026-10-03T23:48:42.8840690Z Test Case '-[PhotoAxisAppTests.RecoveryTests testRecoveryPermissionFailureReportsOnceCorruptRecordIsExplicitAndNoSavedMarkerChanges]' passed (0.014 seconds).
build-test	Model and geometry tests; Debug build	2026-10-03T23:48:42.8861130Z Test Suite 'RecoveryTests' passed at 2026-10-03 23:48:42.851.
build-test	Model and geometry tests; Debug build	2026-10-03T23:48:42.8950290Z 	 Executed 7 tests, with 0 failures (0 unexpected) in 11.027 (11.029) seconds
build-test	Model and geometry tests; Debug build	2026-10-03T23:48:42.8965670Z Test Suite 'ScanTests' started at 2026-10-03 23:48:42.851.
build-test	Model and geometry tests; Debug build	2026-10-03T23:48:42.9030190Z Test Case '-[PhotoAxisAppTests.ScanTests testBatchOutputsPageOrderHashesPDFAndRollback]' started.
build-test	Model and geometry tests; Debug build	2026-10-03T23:48:43.1716320Z Test Case '-[PhotoAxisAppTests.ScanTests testBatchOutputsPageOrderHashesPDFAndRollback]' passed (0.294 seconds).
build-test	Model and geometry tests; Debug build	2026-10-03T23:48:43.1727600Z Test Case '-[PhotoAxisAppTests.ScanTests testBowChangesPixelsWithoutExposingClippedSource]' started.
build-test	Model and geometry tests; Debug build	2026-10-03T23:48:43.2851130Z Test Case '-[PhotoAxisAppTests.ScanTests testBowChangesPixelsWithoutExposingClippedSource]' passed (0.117 seconds).
build-test	Model and geometry tests; Debug build	2026-10-03T23:48:43.2874680Z Test Case '-[PhotoAxisAppTests.ScanTests testBowCorrectionStraightensKnownCurvedBaseline]' started.
build-test	Model and geometry tests; Debug build	2026-10-03T23:48:46.0161600Z Test Case '-[PhotoAxisAppTests.ScanTests testBowCorrectionStraightensKnownCurvedBaseline]' passed (2.377 seconds).
build-test	Model and geometry tests; Debug build	2026-10-03T23:48:46.0265320Z Test Case '-[PhotoAxisAppTests.ScanTests testCleanupPreservesAlphaAndDisabledIsExact]' started.
build-test	Model and geometry tests; Debug build	2026-10-03T23:48:46.0384740Z Test Case '-[PhotoAxisAppTests.ScanTests testCleanupPreservesAlphaAndDisabledIsExact]' passed (0.288 seconds).
build-test	Model and geometry tests; Debug build	2026-10-03T23:48:46.1368390Z Test Case '-[PhotoAxisAppTests.ScanTests testCleanupWhiteningAdaptiveTextAndSourceRoundTrip]' started.
build-test	Model and geometry tests; Debug build	2026-10-03T23:48:46.2450970Z Test Case '-[PhotoAxisAppTests.ScanTests testCleanupWhiteningAdaptiveTextAndSourceRoundTrip]' passed (0.216 seconds).
build-test	Model and geometry tests; Debug build	2026-10-03T23:48:46.2565010Z Test Case '-[PhotoAxisAppTests.ScanTests testNativeBatchOrderAndInvalidSizeCannotApply]' started.
build-test	Model and geometry tests; Debug build	2026-10-03T23:48:47.1665620Z Test Case '-[PhotoAxisAppTests.ScanTests testNativeBatchOrderAndInvalidSizeCannotApply]' passed (1.020 seconds).
build-test	Model and geometry tests; Debug build	2026-10-03T23:48:47.1670620Z Test Case '-[PhotoAxisAppTests.ScanTests testNativePreviewCancelSingleUndoAndBilingualControls]' started.
build-test	Model and geometry tests; Debug build	2026-10-03T23:48:47.8273010Z Test Case '-[PhotoAxisAppTests.ScanTests testNativePreviewCancelSingleUndoAndBilingualControls]' passed (0.650 seconds).
build-test	Model and geometry tests; Debug build	2026-10-03T23:48:47.8366490Z Test Case '-[PhotoAxisAppTests.ScanTests testPageDetectionAndTextDeskewRefuseBlank]' started.
build-test	Model and geometry tests; Debug build	2026-10-03T23:48:47.8812740Z Test Case '-[PhotoAxisAppTests.ScanTests testPageDetectionAndTextDeskewRefuseBlank]' passed (0.062 seconds).
build-test	Model and geometry tests; Debug build	2026-10-03T23:48:47.8915990Z Test Suite 'ScanTests' passed at 2026-10-03 23:48:47.876.
build-test	Model and geometry tests; Debug build	2026-10-03T23:48:47.9017290Z 	 Executed 8 tests, with 0 failures (0 unexpected) in 5.023 (5.025) seconds
build-test	Model and geometry tests; Debug build	2026-10-03T23:48:47.9145510Z Test Suite 'ViewportSamplingTests' started at 2026-10-03 23:48:47.876.
build-test	Model and geometry tests; Debug build	2026-10-03T23:48:47.9298330Z Test Case '-[PhotoAxisAppTests.ViewportSamplingTests testInteractiveSamplingKeepsColorOrientationViewportAndFullQualitySettle]' started.
build-test	Model and geometry tests; Debug build	2026-10-03T23:48:48.1823120Z Test Case '-[PhotoAxisAppTests.ViewportSamplingTests testInteractiveSamplingKeepsColorOrientationViewportAndFullQualitySettle]' passed (0.293 seconds).
build-test	Model and geometry tests; Debug build	2026-10-03T23:48:48.1947150Z Test Case '-[PhotoAxisAppTests.ViewportSamplingTests testOneXSamplingSettlesFullClipAndNeverChangesFinalPixels]' started.
build-test	Model and geometry tests; Debug build	2026-10-03T23:48:48.5052090Z Test Case '-[PhotoAxisAppTests.ViewportSamplingTests testOneXSamplingSettlesFullClipAndNeverChangesFinalPixels]' passed (0.333 seconds).
build-test	Model and geometry tests; Debug build	2026-10-03T23:48:48.5056930Z Test Suite 'ViewportSamplingTests' passed at 2026-10-03 23:48:48.503.
build-test	Model and geometry tests; Debug build	2026-10-03T23:48:48.5064570Z 	 Executed 2 tests, with 0 failures (0 unexpected) in 0.626 (0.627) seconds
build-test	Model and geometry tests; Debug build	2026-10-03T23:48:48.5067890Z Test Suite 'WorkspaceRefinementTests' started at 2026-10-03 23:48:48.503.
build-test	Model and geometry tests; Debug build	2026-10-03T23:48:48.5068870Z Test Case '-[PhotoAxisAppTests.WorkspaceRefinementTests testCanvasAppearanceChangesDisplayAndPreservesExportPixels]' started.
build-test	Model and geometry tests; Debug build	2026-10-03T23:48:48.5531880Z Test Case '-[PhotoAxisAppTests.WorkspaceRefinementTests testCanvasAppearanceChangesDisplayAndPreservesExportPixels]' passed (0.043 seconds).
build-test	Model and geometry tests; Debug build	2026-10-03T23:48:48.5539610Z Test Case '-[PhotoAxisAppTests.WorkspaceRefinementTests testLegacyAndNewPreferencePersistenceAndSectionResetIsolation]' started.
build-test	Model and geometry tests; Debug build	2026-10-03T23:48:48.5867180Z Test Case '-[PhotoAxisAppTests.WorkspaceRefinementTests testLegacyAndNewPreferencePersistenceAndSectionResetIsolation]' passed (0.038 seconds).
build-test	Model and geometry tests; Debug build	2026-10-03T23:48:48.5876500Z Test Case '-[PhotoAxisAppTests.WorkspaceRefinementTests testRulerCornerAlignmentAndHideRestoreDoNotTouchDocument]' started.
build-test	Model and geometry tests; Debug build	2026-10-03T23:48:48.7207450Z Test Case '-[PhotoAxisAppTests.WorkspaceRefinementTests testRulerCornerAlignmentAndHideRestoreDoNotTouchDocument]' passed (0.109 seconds).
build-test	Model and geometry tests; Debug build	2026-10-03T23:48:48.7309230Z Test Case '-[PhotoAxisAppTests.WorkspaceRefinementTests testRulerLabelsStayInsideAndTicksMatchViewportAtEveryScale]' started.
build-test	Model and geometry tests; Debug build	2026-10-03T23:48:48.7411750Z Test Case '-[PhotoAxisAppTests.WorkspaceRefinementTests testRulerLabelsStayInsideAndTicksMatchViewportAtEveryScale]' passed (0.013 seconds).
build-test	Model and geometry tests; Debug build	2026-10-03T23:48:48.7513470Z Test Case '-[PhotoAxisAppTests.WorkspaceRefinementTests testSettingsBrushValidationAndDefaultsApplyOnlyToNextDocument]' started.
build-test	Model and geometry tests; Debug build	2026-10-03T23:48:48.7608640Z Test Case '-[PhotoAxisAppTests.WorkspaceRefinementTests testSettingsBrushValidationAndDefaultsApplyOnlyToNextDocument]' passed (0.036 seconds).
build-test	Model and geometry tests; Debug build	2026-10-03T23:48:48.7614890Z Test Case '-[PhotoAxisAppTests.WorkspaceRefinementTests testSettingsCategoriesBilingualMinimumLayoutAndLiveWorkspaceControls]' started.
build-test	Model and geometry tests; Debug build	2026-10-03T23:48:48.9419240Z Test Case '-[PhotoAxisAppTests.WorkspaceRefinementTests testSettingsCategoriesBilingualMinimumLayoutAndLiveWorkspaceControls]' passed (0.171 seconds).
build-test	Model and geometry tests; Debug build	2026-10-03T23:48:48.9780730Z Test Case '-[PhotoAxisAppTests.WorkspaceRefinementTests testVisibleWorkspacePagesInBothLanguagesAtMinimumPanelWidth]' started.
build-test	Model and geometry tests; Debug build	2026-10-03T23:48:48.9882260Z Test Case '-[PhotoAxisAppTests.WorkspaceRefinementTests testVisibleWorkspacePagesInBothLanguagesAtMinimumPanelWidth]' passed (0.058 seconds).
build-test	Model and geometry tests; Debug build	2026-10-03T23:48:48.9985480Z Test Suite 'WorkspaceRefinementTests' passed at 2026-10-03 23:48:48.972.
build-test	Model and geometry tests; Debug build	2026-10-03T23:48:49.0167620Z 	 Executed 7 tests, with 0 failures (0 unexpected) in 0.467 (0.469) seconds
build-test	Model and geometry tests; Debug build	2026-10-03T23:48:49.0351960Z Test Suite 'WorkspaceTests' started at 2026-10-03 23:48:48.972.
build-test	Model and geometry tests; Debug build	2026-10-03T23:48:49.0454130Z Test Case '-[PhotoAxisAppTests.WorkspaceTests testDisabledToolsAndInspectorSwitch]' started.
build-test	Model and geometry tests; Debug build	2026-10-03T23:48:49.0568370Z Test Case '-[PhotoAxisAppTests.WorkspaceTests testDisabledToolsAndInspectorSwitch]' passed (0.067 seconds).
build-test	Model and geometry tests; Debug build	2026-10-03T23:48:49.0670000Z Test Case '-[PhotoAxisAppTests.WorkspaceTests testLanguageChangeWaitsForNextLaunchAndResetPreservesIt]' started.
build-test	Model and geometry tests; Debug build	2026-10-03T23:48:49.1215990Z Test Case '-[PhotoAxisAppTests.WorkspaceTests testLanguageChangeWaitsForNextLaunchAndResetPreservesIt]' passed (0.078 seconds).
build-test	Model and geometry tests; Debug build	2026-10-03T23:48:49.1234060Z Test Case '-[PhotoAxisAppTests.WorkspaceTests testLayoutPersistenceAndCorruptPreferencesRecovery]' started.
build-test	Model and geometry tests; Debug build	2026-10-03T23:48:49.3424790Z Test Case '-[PhotoAxisAppTests.WorkspaceTests testLayoutPersistenceAndCorruptPreferencesRecovery]' passed (0.197 seconds).
build-test	Model and geometry tests; Debug build	2026-10-03T23:48:49.3682280Z Test Case '-[PhotoAxisAppTests.WorkspaceTests testNativeLayoutsAndSnapshotsInBothLanguages]' started.
build-test	Model and geometry tests; Debug build	2026-10-03T23:48:49.4204950Z $REPO/Tests/PhotoAxisAppTests/WorkspaceTests.swift:225: -[PhotoAxisAppTests.WorkspaceTests testNativeLayoutsAndSnapshotsInBothLanguages] : Test skipped - Window server constrained 1440x900 to (1440.0, 700.0); full native layout acceptance requires a sufficiently large desktop
build-test	Model and geometry tests; Debug build	2026-10-03T23:48:49.4307410Z Test Case '-[PhotoAxisAppTests.WorkspaceTests testNativeLayoutsAndSnapshotsInBothLanguages]' skipped (0.099 seconds).
build-test	Model and geometry tests; Debug build	2026-10-03T23:48:49.4408980Z Test Case '-[PhotoAxisAppTests.WorkspaceTests testSaveAndExportProgressSurviveRefreshTabSwitchAndViewportChanges]' started.
build-test	Model and geometry tests; Debug build	2026-10-03T23:48:49.6895200Z Test Case '-[PhotoAxisAppTests.WorkspaceTests testSaveAndExportProgressSurviveRefreshTabSwitchAndViewportChanges]' passed (0.271 seconds).
build-test	Model and geometry tests; Debug build	2026-10-03T23:48:49.6912210Z Test Case '-[PhotoAxisAppTests.WorkspaceTests testSidebarResizeAndNumericValidation]' started.
build-test	Model and geometry tests; Debug build	2026-10-03T23:48:49.9821810Z Test Case '-[PhotoAxisAppTests.WorkspaceTests testSidebarResizeAndNumericValidation]' passed (0.294 seconds).
build-test	Model and geometry tests; Debug build	2026-10-03T23:48:49.9872560Z Test Case '-[PhotoAxisAppTests.WorkspaceTests testSystemLanguageOrderAndEnglishFallback]' started.
build-test	Model and geometry tests; Debug build	2026-10-03T23:48:49.9975240Z Test Case '-[PhotoAxisAppTests.WorkspaceTests testSystemLanguageOrderAndEnglishFallback]' passed (0.001 seconds).
build-test	Model and geometry tests; Debug build	2026-10-03T23:48:50.0076640Z Test Case '-[PhotoAxisAppTests.WorkspaceTests testTabIsScopedToCanvasAndDoesNotStealTextEditing]' started.
build-test	Model and geometry tests; Debug build	2026-10-03T23:48:50.1731980Z Test Case '-[PhotoAxisAppTests.WorkspaceTests testTabIsScopedToCanvasAndDoesNotStealTextEditing]' passed (0.190 seconds).
build-test	Model and geometry tests; Debug build	2026-10-03T23:48:50.2012210Z Test Suite 'WorkspaceTests' passed at 2026-10-03 23:48:50.170.
build-test	Model and geometry tests; Debug build	2026-10-03T23:48:50.2859060Z 	 Executed 8 tests, with 1 test skipped and 0 failures (0 unexpected) in 1.197 (1.198) seconds
build-test	Model and geometry tests; Debug build	2026-10-03T23:48:50.2963310Z Test Suite 'PhotoAxisAppTests.xctest' passed at 2026-10-03 23:48:50.170.
build-test	Model and geometry tests; Debug build	2026-10-03T23:48:50.3064660Z 	 Executed 154 tests, with 5 tests skipped and 0 failures (0 unexpected) in 41.333 (42.155) seconds
build-test	Model and geometry tests; Debug build	2026-10-03T23:48:50.3167650Z Test Suite 'All tests' passed at 2026-10-03 23:48:50.170.
build-test	Model and geometry tests; Debug build	2026-10-03T23:48:50.3269320Z 	 Executed 154 tests, with 5 tests skipped and 0 failures (0 unexpected) in 41.333 (42.156) seconds
build-test	Model and geometry tests; Debug build	2026-10-03T23:48:50.6610550Z 2026-10-03 23:48:50.660 xcodebuild[1248:6333] [MT] IDETestOperationsObserverDebug: 48.760 elapsed -- Testing started completed.
build-test	Model and geometry tests; Debug build	2026-10-03T23:48:50.6713400Z 2026-10-03 23:48:50.660 xcodebuild[1248:6333] [MT] IDETestOperationsObserverDebug: 0.000 sec, +0.000 sec -- start
build-test	Model and geometry tests; Debug build	2026-10-03T23:48:50.6814920Z 2026-10-03 23:48:50.660 xcodebuild[1248:6333] [MT] IDETestOperationsObserverDebug: 48.760 sec, +48.760 sec -- end
build-test	Model and geometry tests; Debug build	2026-10-03T23:48:50.6815580Z 
build-test	Model and geometry tests; Debug build	2026-10-03T23:48:50.6937790Z Test session results, code coverage, and logs:
build-test	Model and geometry tests; Debug build	2026-10-03T23:48:50.7055060Z 	/Users/runner/Library/Developer/PhotoAxisBuilds/fe52d68e5807/test-results/PhotoAxis-20261003-234642-1230.xcresult
build-test	Model and geometry tests; Debug build	2026-10-03T23:48:50.7055650Z 
build-test	Model and geometry tests; Debug build	2026-10-03T23:48:50.7162500Z ** TEST SUCCEEDED **
build-test	Model and geometry tests; Debug build	2026-10-03T23:48:50.7271100Z 
build-test	Model and geometry tests; Debug build	2026-10-03T23:48:50.8525480Z Testing started
build-test	Model and geometry tests; Debug build	2026-10-03T23:48:50.8780580Z Test result: /Users/runner/Library/Developer/PhotoAxisBuilds/fe52d68e5807/test-results/PhotoAxis-20261003-234642-1230.xcresult
build-test	Release build with local ad-hoc signing	﻿2026-10-03T23:48:50.9514760Z ##[group]Run ./scripts/build.sh Release
build-test	Release build with local ad-hoc signing	2026-10-03T23:48:50.9515260Z ^[[36;1m./scripts/build.sh Release^[[0m
build-test	Release build with local ad-hoc signing	2026-10-03T23:48:51.1113560Z shell: /bin/bash -e {0}
build-test	Release build with local ad-hoc signing	2026-10-03T23:48:51.1114480Z env:
build-test	Release build with local ad-hoc signing	2026-10-03T23:48:51.1114830Z   DEVELOPER_DIR: /Applications/Xcode_16.4.app/Contents/Developer
build-test	Release build with local ad-hoc signing	2026-10-03T23:48:51.1115170Z ##[endgroup]
build-test	Release build with local ad-hoc signing	2026-10-03T23:48:53.1122750Z Command line invocation:
build-test	Release build with local ad-hoc signing	2026-10-03T23:48:53.1134380Z     /Applications/Xcode_16.4.app/Contents/Developer/usr/bin/xcodebuild -project PhotoAxis.xcodeproj -scheme PhotoAxis -configuration Release -destination platform=macOS,arch=arm64 -derivedDataPath /Users/runner/Library/Developer/PhotoAxisBuilds/fe52d68e5807/DerivedData CODE_SIGN_IDENTITY=- DEVELOPMENT_TEAM= build
build-test	Release build with local ad-hoc signing	2026-10-03T23:48:53.1141450Z 
build-test	Release build with local ad-hoc signing	2026-10-03T23:48:53.1141640Z Build settings from command line:
build-test	Release build with local ad-hoc signing	2026-10-03T23:48:53.1142050Z     CODE_SIGN_IDENTITY = -
build-test	Release build with local ad-hoc signing	2026-10-03T23:48:53.1142430Z     DEVELOPMENT_TEAM = 
build-test	Release build with local ad-hoc signing	2026-10-03T23:48:53.1142620Z 
build-test	Release build with local ad-hoc signing	2026-10-03T23:48:53.3749400Z note: Using codesigning identity override: -
build-test	Release build with local ad-hoc signing	2026-10-03T23:48:53.6619070Z ComputePackagePrebuildTargetDependencyGraph
build-test	Release build with local ad-hoc signing	2026-10-03T23:48:53.7259230Z 
build-test	Release build with local ad-hoc signing	2026-10-03T23:48:53.7273980Z Prepare packages
build-test	Release build with local ad-hoc signing	2026-10-03T23:48:53.7304460Z 
build-test	Release build with local ad-hoc signing	2026-10-03T23:48:53.7304800Z CreateBuildRequest
build-test	Release build with local ad-hoc signing	2026-10-03T23:48:53.7305140Z 
build-test	Release build with local ad-hoc signing	2026-10-03T23:48:53.7305420Z SendProjectDescription
build-test	Release build with local ad-hoc signing	2026-10-03T23:48:53.7390600Z 
build-test	Release build with local ad-hoc signing	2026-10-03T23:48:53.7391510Z CreateBuildOperation
build-test	Release build with local ad-hoc signing	2026-10-03T23:48:53.7491950Z 
build-test	Release build with local ad-hoc signing	2026-10-03T23:48:53.7531520Z ComputeTargetDependencyGraph
build-test	Release build with local ad-hoc signing	2026-10-03T23:48:53.7694100Z note: Building targets in dependency order
build-test	Release build with local ad-hoc signing	2026-10-03T23:48:53.7795440Z note: Target dependency graph (2 targets)
build-test	Release build with local ad-hoc signing	2026-10-03T23:48:53.7829110Z     Target 'PhotoAxis' in project 'PhotoAxis'
build-test	Release build with local ad-hoc signing	2026-10-03T23:48:53.7830280Z         ➜ Explicit dependency on target 'PhotoAxisCore' in project 'PhotoAxis'
build-test	Release build with local ad-hoc signing	2026-10-03T23:48:53.7830870Z     Target 'PhotoAxisCore' in project 'PhotoAxis' (no dependencies)
build-test	Release build with local ad-hoc signing	2026-10-03T23:48:53.7831330Z 
build-test	Release build with local ad-hoc signing	2026-10-03T23:48:53.7831600Z GatherProvisioningInputs
build-test	Release build with local ad-hoc signing	2026-10-03T23:48:53.8187730Z 
build-test	Release build with local ad-hoc signing	2026-10-03T23:48:53.8241580Z CreateBuildDescription
build-test	Release build with local ad-hoc signing	2026-10-03T23:48:53.8397170Z 
build-test	Release build with local ad-hoc signing	2026-10-03T23:48:53.8403530Z ExecuteExternalTool /Applications/Xcode_16.4.app/Contents/Developer/Toolchains/XcodeDefault.xctoolchain/usr/bin/swiftc --version
build-test	Release build with local ad-hoc signing	2026-10-03T23:48:54.3614150Z 
build-test	Release build with local ad-hoc signing	2026-10-03T23:48:54.3615370Z ExecuteExternalTool /Applications/Xcode_16.4.app/Contents/Developer/Toolchains/XcodeDefault.xctoolchain/usr/bin/clang -v -E -dM -isysroot /Applications/Xcode_16.4.app/Contents/Developer/Platforms/MacOSX.platform/Developer/SDKs/MacOSX15.5.sdk -x c -c /dev/null
build-test	Release build with local ad-hoc signing	2026-10-03T23:48:54.3616860Z 
build-test	Release build with local ad-hoc signing	2026-10-03T23:48:54.3690400Z ExecuteExternalTool /Applications/Xcode_16.4.app/Contents/Developer/Toolchains/XcodeDefault.xctoolchain/usr/bin/ld -version_details
build-test	Release build with local ad-hoc signing	2026-10-03T23:48:54.5469030Z 
build-test	Release build with local ad-hoc signing	2026-10-03T23:48:54.5682740Z Build description signature: 3f6014fbd9203b9fec36dac2dca7dd91
build-test	Release build with local ad-hoc signing	2026-10-03T23:48:54.5784910Z Build description path: /Users/runner/Library/Developer/PhotoAxisBuilds/fe52d68e5807/DerivedData/Build/Intermediates.noindex/XCBuildData/3f6014fbd9203b9fec36dac2dca7dd91.xcbuilddata
build-test	Release build with local ad-hoc signing	2026-10-03T23:48:54.6097270Z WriteAuxiliaryFile /Users/runner/Library/Developer/PhotoAxisBuilds/fe52d68e5807/DerivedData/Build/Intermediates.noindex/PhotoAxis.build/Release/PhotoAxis-9730526f0700b8b20d57e2b47e796b5b-VFS/all-product-headers.yaml
build-test	Release build with local ad-hoc signing	2026-10-03T23:48:54.6202160Z     cd $REPO/PhotoAxis.xcodeproj
build-test	Release build with local ad-hoc signing	2026-10-03T23:48:54.6207720Z     write-file /Users/runner/Library/Developer/PhotoAxisBuilds/fe52d68e5807/DerivedData/Build/Intermediates.noindex/PhotoAxis.build/Release/PhotoAxis-9730526f0700b8b20d57e2b47e796b5b-VFS/all-product-headers.yaml
build-test	Release build with local ad-hoc signing	2026-10-03T23:48:54.6312400Z 
build-test	Release build with local ad-hoc signing	2026-10-03T23:48:54.6414130Z CreateBuildDirectory /Users/runner/Library/Developer/PhotoAxisBuilds/fe52d68e5807/DerivedData/Build/Products/Release
build-test	Release build with local ad-hoc signing	2026-10-03T23:48:54.6515120Z     cd $REPO/PhotoAxis.xcodeproj
build-test	Release build with local ad-hoc signing	2026-10-03T23:48:54.6616500Z     builtin-create-build-directory /Users/runner/Library/Developer/PhotoAxisBuilds/fe52d68e5807/DerivedData/Build/Products/Release
build-test	Release build with local ad-hoc signing	2026-10-03T23:48:54.6637340Z 
build-test	Release build with local ad-hoc signing	2026-10-03T23:48:54.6644530Z CreateBuildDirectory /Users/runner/Library/Developer/PhotoAxisBuilds/fe52d68e5807/DerivedData/Build/Intermediates.noindex/EagerLinkingTBDs/Release
build-test	Release build with local ad-hoc signing	2026-10-03T23:48:54.6689190Z     cd $REPO/PhotoAxis.xcodeproj
build-test	Release build with local ad-hoc signing	2026-10-03T23:48:54.6710440Z     builtin-create-build-directory /Users/runner/Library/Developer/PhotoAxisBuilds/fe52d68e5807/DerivedData/Build/Intermediates.noindex/EagerLinkingTBDs/Release
build-test	Release build with local ad-hoc signing	2026-10-03T23:48:54.6711260Z 
build-test	Release build with local ad-hoc signing	2026-10-03T23:48:54.6712570Z ClangStatCache /Applications/Xcode_16.4.app/Contents/Developer/Toolchains/XcodeDefault.xctoolchain/usr/bin/clang-stat-cache /Applications/Xcode_16.4.app/Contents/Developer/Platforms/MacOSX.platform/Developer/SDKs/MacOSX15.5.sdk /Users/runner/Library/Developer/PhotoAxisBuilds/fe52d68e5807/DerivedData/SDKStatCaches.noindex/macosx15.5-24F74-a403186ba963133a54a0e0cacd566b0b.sdkstatcache
build-test	Release build with local ad-hoc signing	2026-10-03T23:48:54.6714280Z     cd $REPO/PhotoAxis.xcodeproj
build-test	Release build with local ad-hoc signing	2026-10-03T23:48:54.6715840Z     /Applications/Xcode_16.4.app/Contents/Developer/Toolchains/XcodeDefault.xctoolchain/usr/bin/clang-stat-cache /Applications/Xcode_16.4.app/Contents/Developer/Platforms/MacOSX.platform/Developer/SDKs/MacOSX15.5.sdk -o /Users/runner/Library/Developer/PhotoAxisBuilds/fe52d68e5807/DerivedData/SDKStatCaches.noindex/macosx15.5-24F74-a403186ba963133a54a0e0cacd566b0b.sdkstatcache
build-test	Release build with local ad-hoc signing	2026-10-03T23:48:54.7635080Z 
build-test	Release build with local ad-hoc signing	2026-10-03T23:48:54.7636480Z WriteAuxiliaryFile /Users/runner/Library/Developer/PhotoAxisBuilds/fe52d68e5807/DerivedData/Build/Intermediates.noindex/PhotoAxis.build/Release/PhotoAxisCore.build/module.modulemap (in target 'PhotoAxisCore' from project 'PhotoAxis')
build-test	Release build with local ad-hoc signing	2026-10-03T23:48:54.7637700Z     cd $REPO
build-test	Release build with local ad-hoc signing	2026-10-03T23:48:54.7638600Z     write-file /Users/runner/Library/Developer/PhotoAxisBuilds/fe52d68e5807/DerivedData/Build/Intermediates.noindex/PhotoAxis.build/Release/PhotoAxisCore.build/module.modulemap
build-test	Release build with local ad-hoc signing	2026-10-03T23:48:54.7639490Z 
build-test	Release build with local ad-hoc signing	2026-10-03T23:48:54.7640260Z WriteAuxiliaryFile /Users/runner/Library/Developer/PhotoAxisBuilds/fe52d68e5807/DerivedData/Build/Intermediates.noindex/PhotoAxis.build/Release/PhotoAxisCore.build/empty-PhotoAxisCore.plist (in target 'PhotoAxisCore' from project 'PhotoAxis')
build-test	Release build with local ad-hoc signing	2026-10-03T23:48:54.7641330Z     cd $REPO
build-test	Release build with local ad-hoc signing	2026-10-03T23:48:54.7642450Z     write-file /Users/runner/Library/Developer/PhotoAxisBuilds/fe52d68e5807/DerivedData/Build/Intermediates.noindex/PhotoAxis.build/Release/PhotoAxisCore.build/empty-PhotoAxisCore.plist
build-test	Release build with local ad-hoc signing	2026-10-03T23:48:54.7643270Z 
build-test	Release build with local ad-hoc signing	2026-10-03T23:48:54.7643970Z WriteAuxiliaryFile /Users/runner/Library/Developer/PhotoAxisBuilds/fe52d68e5807/DerivedData/Build/Intermediates.noindex/PhotoAxis.build/Release/PhotoAxisCore.build/PhotoAxisCore.hmap (in target 'PhotoAxisCore' from project 'PhotoAxis')
build-test	Release build with local ad-hoc signing	2026-10-03T23:48:54.7645350Z     cd $REPO
build-test	Release build with local ad-hoc signing	2026-10-03T23:48:54.7646090Z     write-file /Users/runner/Library/Developer/PhotoAxisBuilds/fe52d68e5807/DerivedData/Build/Intermediates.noindex/PhotoAxis.build/Release/PhotoAxisCore.build/PhotoAxisCore.hmap
build-test	Release build with local ad-hoc signing	2026-10-03T23:48:54.7646710Z 
build-test	Release build with local ad-hoc signing	2026-10-03T23:48:54.7647920Z WriteAuxiliaryFile /Users/runner/Library/Developer/PhotoAxisBuilds/fe52d68e5807/DerivedData/Build/Intermediates.noindex/PhotoAxis.build/Release/PhotoAxisCore.build/PhotoAxisCore.DependencyStaticMetadataFileList (in target 'PhotoAxisCore' from project 'PhotoAxis')
build-test	Release build with local ad-hoc signing	2026-10-03T23:48:54.7649040Z     cd $REPO
build-test	Release build with local ad-hoc signing	2026-10-03T23:48:54.7649900Z     write-file /Users/runner/Library/Developer/PhotoAxisBuilds/fe52d68e5807/DerivedData/Build/Intermediates.noindex/PhotoAxis.build/Release/PhotoAxisCore.build/PhotoAxisCore.DependencyStaticMetadataFileList
build-test	Release build with local ad-hoc signing	2026-10-03T23:48:54.7650610Z 
build-test	Release build with local ad-hoc signing	2026-10-03T23:48:54.7651360Z WriteAuxiliaryFile /Users/runner/Library/Developer/PhotoAxisBuilds/fe52d68e5807/DerivedData/Build/Intermediates.noindex/PhotoAxis.build/Release/PhotoAxisCore.build/PhotoAxisCore.DependencyMetadataFileList (in target 'PhotoAxisCore' from project 'PhotoAxis')
build-test	Release build with local ad-hoc signing	2026-10-03T23:48:54.7652560Z     cd $REPO
build-test	Release build with local ad-hoc signing	2026-10-03T23:48:54.7653290Z     write-file /Users/runner/Library/Developer/PhotoAxisBuilds/fe52d68e5807/DerivedData/Build/Intermediates.noindex/PhotoAxis.build/Release/PhotoAxisCore.build/PhotoAxisCore.DependencyMetadataFileList
build-test	Release build with local ad-hoc signing	2026-10-03T23:48:54.7653990Z 
build-test	Release build with local ad-hoc signing	2026-10-03T23:48:54.7654750Z WriteAuxiliaryFile /Users/runner/Library/Developer/PhotoAxisBuilds/fe52d68e5807/DerivedData/Build/Intermediates.noindex/PhotoAxis.build/Release/PhotoAxisCore.build/PhotoAxisCore-project-headers.hmap (in target 'PhotoAxisCore' from project 'PhotoAxis')
build-test	Release build with local ad-hoc signing	2026-10-03T23:48:54.7655620Z     cd $REPO
build-test	Release build with local ad-hoc signing	2026-10-03T23:48:54.7656320Z     write-file /Users/runner/Library/Developer/PhotoAxisBuilds/fe52d68e5807/DerivedData/Build/Intermediates.noindex/PhotoAxis.build/Release/PhotoAxisCore.build/PhotoAxisCore-project-headers.hmap
build-test	Release build with local ad-hoc signing	2026-10-03T23:48:54.7656950Z 
build-test	Release build with local ad-hoc signing	2026-10-03T23:48:54.7657650Z WriteAuxiliaryFile /Users/runner/Library/Developer/PhotoAxisBuilds/fe52d68e5807/DerivedData/Build/Intermediates.noindex/PhotoAxis.build/Release/PhotoAxisCore.build/PhotoAxisCore-own-target-headers.hmap (in target 'PhotoAxisCore' from project 'PhotoAxis')
build-test	Release build with local ad-hoc signing	2026-10-03T23:48:54.7658570Z     cd $REPO
build-test	Release build with local ad-hoc signing	2026-10-03T23:48:54.7659860Z     write-file /Users/runner/Library/Developer/PhotoAxisBuilds/fe52d68e5807/DerivedData/Build/Intermediates.noindex/PhotoAxis.build/Release/PhotoAxisCore.build/PhotoAxisCore-own-target-headers.hmap
build-test	Release build with local ad-hoc signing	2026-10-03T23:48:54.7660530Z 
build-test	Release build with local ad-hoc signing	2026-10-03T23:48:54.7661270Z WriteAuxiliaryFile /Users/runner/Library/Developer/PhotoAxisBuilds/fe52d68e5807/DerivedData/Build/Intermediates.noindex/PhotoAxis.build/Release/PhotoAxisCore.build/PhotoAxisCore-generated-files.hmap (in target 'PhotoAxisCore' from project 'PhotoAxis')
build-test	Release build with local ad-hoc signing	2026-10-03T23:48:54.7662240Z     cd $REPO
build-test	Release build with local ad-hoc signing	2026-10-03T23:48:54.7662950Z     write-file /Users/runner/Library/Developer/PhotoAxisBuilds/fe52d68e5807/DerivedData/Build/Intermediates.noindex/PhotoAxis.build/Release/PhotoAxisCore.build/PhotoAxisCore-generated-files.hmap
build-test	Release build with local ad-hoc signing	2026-10-03T23:48:54.7663570Z 
build-test	Release build with local ad-hoc signing	2026-10-03T23:48:54.7664290Z WriteAuxiliaryFile /Users/runner/Library/Developer/PhotoAxisBuilds/fe52d68e5807/DerivedData/Build/Intermediates.noindex/PhotoAxis.build/Release/PhotoAxisCore.build/PhotoAxisCore-all-target-headers.hmap (in target 'PhotoAxisCore' from project 'PhotoAxis')
build-test	Release build with local ad-hoc signing	2026-10-03T23:48:54.7665420Z     cd $REPO
build-test	Release build with local ad-hoc signing	2026-10-03T23:48:54.7666120Z     write-file /Users/runner/Library/Developer/PhotoAxisBuilds/fe52d68e5807/DerivedData/Build/Intermediates.noindex/PhotoAxis.build/Release/PhotoAxisCore.build/PhotoAxisCore-all-target-headers.hmap
build-test	Release build with local ad-hoc signing	2026-10-03T23:48:54.7666740Z 
build-test	Release build with local ad-hoc signing	2026-10-03T23:48:54.7667510Z WriteAuxiliaryFile /Users/runner/Library/Developer/PhotoAxisBuilds/fe52d68e5807/DerivedData/Build/Intermediates.noindex/PhotoAxis.build/Release/PhotoAxisCore.build/PhotoAxisCore-all-non-framework-target-headers.hmap (in target 'PhotoAxisCore' from project 'PhotoAxis')
build-test	Release build with local ad-hoc signing	2026-10-03T23:48:54.7668450Z     cd $REPO
build-test	Release build with local ad-hoc signing	2026-10-03T23:48:54.7669200Z     write-file /Users/runner/Library/Developer/PhotoAxisBuilds/fe52d68e5807/DerivedData/Build/Intermediates.noindex/PhotoAxis.build/Release/PhotoAxisCore.build/PhotoAxisCore-all-non-framework-target-headers.hmap
build-test	Release build with local ad-hoc signing	2026-10-03T23:48:54.7669870Z 
build-test	Release build with local ad-hoc signing	2026-10-03T23:48:54.7670850Z WriteAuxiliaryFile /Users/runner/Library/Developer/PhotoAxisBuilds/fe52d68e5807/DerivedData/Build/Intermediates.noindex/PhotoAxis.build/Release/PhotoAxisCore.build/Objects-normal/arm64/PhotoAxisCore_const_extract_protocols.json (in target 'PhotoAxisCore' from project 'PhotoAxis')
build-test	Release build with local ad-hoc signing	2026-10-03T23:48:54.7671860Z     cd $REPO
build-test	Release build with local ad-hoc signing	2026-10-03T23:48:54.7672730Z     write-file /Users/runner/Library/Developer/PhotoAxisBuilds/fe52d68e5807/DerivedData/Build/Intermediates.noindex/PhotoAxis.build/Release/PhotoAxisCore.build/Objects-normal/arm64/PhotoAxisCore_const_extract_protocols.json
build-test	Release build with local ad-hoc signing	2026-10-03T23:48:54.7673640Z 
build-test	Release build with local ad-hoc signing	2026-10-03T23:48:54.7674380Z WriteAuxiliaryFile /Users/runner/Library/Developer/PhotoAxisBuilds/fe52d68e5807/DerivedData/Build/Intermediates.noindex/PhotoAxis.build/Release/PhotoAxisCore.build/Objects-normal/arm64/PhotoAxisCore.SwiftFileList (in target 'PhotoAxisCore' from project 'PhotoAxis')
build-test	Release build with local ad-hoc signing	2026-10-03T23:48:54.7675290Z     cd $REPO
build-test	Release build with local ad-hoc signing	2026-10-03T23:48:54.7676040Z     write-file /Users/runner/Library/Developer/PhotoAxisBuilds/fe52d68e5807/DerivedData/Build/Intermediates.noindex/PhotoAxis.build/Release/PhotoAxisCore.build/Objects-normal/arm64/PhotoAxisCore.SwiftFileList
build-test	Release build with local ad-hoc signing	2026-10-03T23:48:54.7676670Z 
build-test	Release build with local ad-hoc signing	2026-10-03T23:48:54.7677460Z WriteAuxiliaryFile /Users/runner/Library/Developer/PhotoAxisBuilds/fe52d68e5807/DerivedData/Build/Intermediates.noindex/PhotoAxis.build/Release/PhotoAxisCore.build/Objects-normal/arm64/PhotoAxisCore.SwiftConstValuesFileList (in target 'PhotoAxisCore' from project 'PhotoAxis')
build-test	Release build with local ad-hoc signing	2026-10-03T23:48:54.7678400Z     cd $REPO
build-test	Release build with local ad-hoc signing	2026-10-03T23:48:54.7679160Z     write-file /Users/runner/Library/Developer/PhotoAxisBuilds/fe52d68e5807/DerivedData/Build/Intermediates.noindex/PhotoAxis.build/Release/PhotoAxisCore.build/Objects-normal/arm64/PhotoAxisCore.SwiftConstValuesFileList
build-test	Release build with local ad-hoc signing	2026-10-03T23:48:54.7679860Z 
build-test	Release build with local ad-hoc signing	2026-10-03T23:48:54.7680600Z WriteAuxiliaryFile /Users/runner/Library/Developer/PhotoAxisBuilds/fe52d68e5807/DerivedData/Build/Intermediates.noindex/PhotoAxis.build/Release/PhotoAxisCore.build/Objects-normal/arm64/PhotoAxisCore.LinkFileList (in target 'PhotoAxisCore' from project 'PhotoAxis')
build-test	Release build with local ad-hoc signing	2026-10-03T23:48:54.7681500Z     cd $REPO
build-test	Release build with local ad-hoc signing	2026-10-03T23:48:54.7682210Z     write-file /Users/runner/Library/Developer/PhotoAxisBuilds/fe52d68e5807/DerivedData/Build/Intermediates.noindex/PhotoAxis.build/Release/PhotoAxisCore.build/Objects-normal/arm64/PhotoAxisCore.LinkFileList
build-test	Release build with local ad-hoc signing	2026-10-03T23:48:54.7682850Z 
build-test	Release build with local ad-hoc signing	2026-10-03T23:48:54.7683610Z WriteAuxiliaryFile /Users/runner/Library/Developer/PhotoAxisBuilds/fe52d68e5807/DerivedData/Build/Intermediates.noindex/PhotoAxis.build/Release/PhotoAxisCore.build/Objects-normal/arm64/PhotoAxisCore-OutputFileMap.json (in target 'PhotoAxisCore' from project 'PhotoAxis')
build-test	Release build with local ad-hoc signing	2026-10-03T23:48:54.7684520Z     cd $REPO
build-test	Release build with local ad-hoc signing	2026-10-03T23:48:54.7685430Z     write-file /Users/runner/Library/Developer/PhotoAxisBuilds/fe52d68e5807/DerivedData/Build/Intermediates.noindex/PhotoAxis.build/Release/PhotoAxisCore.build/Objects-normal/arm64/PhotoAxisCore-OutputFileMap.json
build-test	Release build with local ad-hoc signing	2026-10-03T23:48:54.7686160Z 
build-test	Release build with local ad-hoc signing	2026-10-03T23:48:54.7687230Z Copy /Users/runner/Library/Developer/PhotoAxisBuilds/fe52d68e5807/DerivedData/Build/Products/Release/PhotoAxisCore.framework/Versions/A/Modules/module.modulemap /Users/runner/Library/Developer/PhotoAxisBuilds/fe52d68e5807/DerivedData/Build/Intermediates.noindex/PhotoAxis.build/Release/PhotoAxisCore.build/module.modulemap (in target 'PhotoAxisCore' from project 'PhotoAxis')
build-test	Release build with local ad-hoc signing	2026-10-03T23:48:54.7688440Z     cd $REPO
build-test	Release build with local ad-hoc signing	2026-10-03T23:48:54.7690250Z     builtin-copy -exclude .DS_Store -exclude CVS -exclude .svn -exclude .git -exclude .hg -strip-unsigned-binaries -strip-deterministic -strip-tool /Applications/Xcode_16.4.app/Contents/Developer/Toolchains/XcodeDefault.xctoolchain/usr/bin/strip -resolve-src-symlinks /Users/runner/Library/Developer/PhotoAxisBuilds/fe52d68e5807/DerivedData/Build/Intermediates.noindex/PhotoAxis.build/Release/PhotoAxisCore.build/module.modulemap /Users/runner/Library/Developer/PhotoAxisBuilds/fe52d68e5807/DerivedData/Build/Products/Release/PhotoAxisCore.framework/Versions/A/Modules
build-test	Release build with local ad-hoc signing	2026-10-03T23:48:54.7691950Z 
build-test	Release build with local ad-hoc signing	2026-10-03T23:48:54.7692630Z WriteAuxiliaryFile /Users/runner/Library/Developer/PhotoAxisBuilds/fe52d68e5807/DerivedData/Build/Intermediates.noindex/PhotoAxis.build/Release/PhotoAxis.build/f1491f097a193c2f1df3c1a716a4dd6f.sb (in target 'PhotoAxis' from project 'PhotoAxis')
build-test	Release build with local ad-hoc signing	2026-10-03T23:48:54.7693450Z     cd $REPO
build-test	Release build with local ad-hoc signing	2026-10-03T23:48:54.7694300Z     write-file /Users/runner/Library/Developer/PhotoAxisBuilds/fe52d68e5807/DerivedData/Build/Intermediates.noindex/PhotoAxis.build/Release/PhotoAxis.build/f1491f097a193c2f1df3c1a716a4dd6f.sb
build-test	Release build with local ad-hoc signing	2026-10-03T23:48:54.7694890Z 
build-test	Release build with local ad-hoc signing	2026-10-03T23:48:54.7695560Z WriteAuxiliaryFile /Users/runner/Library/Developer/PhotoAxisBuilds/fe52d68e5807/DerivedData/Build/Intermediates.noindex/PhotoAxis.build/Release/PhotoAxis.build/Script-51503C2492BDF84DA711D67B.sh (in target 'PhotoAxis' from project 'PhotoAxis')
build-test	Release build with local ad-hoc signing	2026-10-03T23:48:54.7696430Z     cd $REPO
build-test	Release build with local ad-hoc signing	2026-10-03T23:48:54.7697100Z     write-file /Users/runner/Library/Developer/PhotoAxisBuilds/fe52d68e5807/DerivedData/Build/Intermediates.noindex/PhotoAxis.build/Release/PhotoAxis.build/Script-51503C2492BDF84DA711D67B.sh
build-test	Release build with local ad-hoc signing	2026-10-03T23:48:54.7697680Z 
build-test	Release build with local ad-hoc signing	2026-10-03T23:48:54.7698280Z WriteAuxiliaryFile /Users/runner/Library/Developer/PhotoAxisBuilds/fe52d68e5807/DerivedData/Build/Intermediates.noindex/PhotoAxis.build/Release/PhotoAxis.build/PhotoAxis.hmap (in target 'PhotoAxis' from project 'PhotoAxis')
build-test	Release build with local ad-hoc signing	2026-10-03T23:48:54.7699080Z     cd $REPO
build-test	Release build with local ad-hoc signing	2026-10-03T23:48:54.7699690Z     write-file /Users/runner/Library/Developer/PhotoAxisBuilds/fe52d68e5807/DerivedData/Build/Intermediates.noindex/PhotoAxis.build/Release/PhotoAxis.build/PhotoAxis.hmap
build-test	Release build with local ad-hoc signing	2026-10-03T23:48:54.7700620Z 
build-test	Release build with local ad-hoc signing	2026-10-03T23:48:54.7701340Z WriteAuxiliaryFile /Users/runner/Library/Developer/PhotoAxisBuilds/fe52d68e5807/DerivedData/Build/Intermediates.noindex/PhotoAxis.build/Release/PhotoAxis.build/PhotoAxis.DependencyStaticMetadataFileList (in target 'PhotoAxis' from project 'PhotoAxis')
build-test	Release build with local ad-hoc signing	2026-10-03T23:48:54.7702270Z     cd $REPO
build-test	Release build with local ad-hoc signing	2026-10-03T23:48:54.7702960Z     write-file /Users/runner/Library/Developer/PhotoAxisBuilds/fe52d68e5807/DerivedData/Build/Intermediates.noindex/PhotoAxis.build/Release/PhotoAxis.build/PhotoAxis.DependencyStaticMetadataFileList
build-test	Release build with local ad-hoc signing	2026-10-03T23:48:54.7703590Z 
build-test	Release build with local ad-hoc signing	2026-10-03T23:48:54.7704270Z WriteAuxiliaryFile /Users/runner/Library/Developer/PhotoAxisBuilds/fe52d68e5807/DerivedData/Build/Intermediates.noindex/PhotoAxis.build/Release/PhotoAxis.build/PhotoAxis.DependencyMetadataFileList (in target 'PhotoAxis' from project 'PhotoAxis')
build-test	Release build with local ad-hoc signing	2026-10-03T23:48:54.7705120Z     cd $REPO
build-test	Release build with local ad-hoc signing	2026-10-03T23:48:54.7705950Z     write-file /Users/runner/Library/Developer/PhotoAxisBuilds/fe52d68e5807/DerivedData/Build/Intermediates.noindex/PhotoAxis.build/Release/PhotoAxis.build/PhotoAxis.DependencyMetadataFileList
build-test	Release build with local ad-hoc signing	2026-10-03T23:48:54.7706550Z 
build-test	Release build with local ad-hoc signing	2026-10-03T23:48:54.7707210Z WriteAuxiliaryFile /Users/runner/Library/Developer/PhotoAxisBuilds/fe52d68e5807/DerivedData/Build/Intermediates.noindex/PhotoAxis.build/Release/PhotoAxis.build/PhotoAxis-project-headers.hmap (in target 'PhotoAxis' from project 'PhotoAxis')
build-test	Release build with local ad-hoc signing	2026-10-03T23:48:54.7708080Z     cd $REPO
build-test	Release build with local ad-hoc signing	2026-10-03T23:48:54.7708750Z     write-file /Users/runner/Library/Developer/PhotoAxisBuilds/fe52d68e5807/DerivedData/Build/Intermediates.noindex/PhotoAxis.build/Release/PhotoAxis.build/PhotoAxis-project-headers.hmap
build-test	Release build with local ad-hoc signing	2026-10-03T23:48:54.7709340Z 
build-test	Release build with local ad-hoc signing	2026-10-03T23:48:54.7710000Z WriteAuxiliaryFile /Users/runner/Library/Developer/PhotoAxisBuilds/fe52d68e5807/DerivedData/Build/Intermediates.noindex/PhotoAxis.build/Release/PhotoAxis.build/PhotoAxis-own-target-headers.hmap (in target 'PhotoAxis' from project 'PhotoAxis')
build-test	Release build with local ad-hoc signing	2026-10-03T23:48:54.7710840Z     cd $REPO
build-test	Release build with local ad-hoc signing	2026-10-03T23:48:54.7711520Z     write-file /Users/runner/Library/Developer/PhotoAxisBuilds/fe52d68e5807/DerivedData/Build/Intermediates.noindex/PhotoAxis.build/Release/PhotoAxis.build/PhotoAxis-own-target-headers.hmap
build-test	Release build with local ad-hoc signing	2026-10-03T23:48:54.7712100Z 
build-test	Release build with local ad-hoc signing	2026-10-03T23:48:54.7712770Z WriteAuxiliaryFile /Users/runner/Library/Developer/PhotoAxisBuilds/fe52d68e5807/DerivedData/Build/Intermediates.noindex/PhotoAxis.build/Release/PhotoAxis.build/PhotoAxis-generated-files.hmap (in target 'PhotoAxis' from project 'PhotoAxis')
build-test	Release build with local ad-hoc signing	2026-10-03T23:48:54.7713770Z     cd $REPO
build-test	Release build with local ad-hoc signing	2026-10-03T23:48:54.7714430Z     write-file /Users/runner/Library/Developer/PhotoAxisBuilds/fe52d68e5807/DerivedData/Build/Intermediates.noindex/PhotoAxis.build/Release/PhotoAxis.build/PhotoAxis-generated-files.hmap
build-test	Release build with local ad-hoc signing	2026-10-03T23:48:54.7715000Z 
build-test	Release build with local ad-hoc signing	2026-10-03T23:48:54.7715690Z WriteAuxiliaryFile /Users/runner/Library/Developer/PhotoAxisBuilds/fe52d68e5807/DerivedData/Build/Intermediates.noindex/PhotoAxis.build/Release/PhotoAxis.build/PhotoAxis-all-target-headers.hmap (in target 'PhotoAxis' from project 'PhotoAxis')
build-test	Release build with local ad-hoc signing	2026-10-03T23:48:54.7716530Z     cd $REPO
build-test	Release build with local ad-hoc signing	2026-10-03T23:48:54.7717190Z     write-file /Users/runner/Library/Developer/PhotoAxisBuilds/fe52d68e5807/DerivedData/Build/Intermediates.noindex/PhotoAxis.build/Release/PhotoAxis.build/PhotoAxis-all-target-headers.hmap
build-test	Release build with local ad-hoc signing	2026-10-03T23:48:54.7717800Z 
build-test	Release build with local ad-hoc signing	2026-10-03T23:48:54.7718530Z WriteAuxiliaryFile /Users/runner/Library/Developer/PhotoAxisBuilds/fe52d68e5807/DerivedData/Build/Intermediates.noindex/PhotoAxis.build/Release/PhotoAxis.build/PhotoAxis-all-non-framework-target-headers.hmap (in target 'PhotoAxis' from project 'PhotoAxis')
build-test	Release build with local ad-hoc signing	2026-10-03T23:48:54.7719430Z     cd $REPO
build-test	Release build with local ad-hoc signing	2026-10-03T23:48:54.7720170Z     write-file /Users/runner/Library/Developer/PhotoAxisBuilds/fe52d68e5807/DerivedData/Build/Intermediates.noindex/PhotoAxis.build/Release/PhotoAxis.build/PhotoAxis-all-non-framework-target-headers.hmap
build-test	Release build with local ad-hoc signing	2026-10-03T23:48:54.7720900Z 
build-test	Release build with local ad-hoc signing	2026-10-03T23:48:54.7721660Z WriteAuxiliaryFile /Users/runner/Library/Developer/PhotoAxisBuilds/fe52d68e5807/DerivedData/Build/Intermediates.noindex/PhotoAxis.build/Release/PhotoAxis.build/Objects-normal/arm64/PhotoAxis_const_extract_protocols.json (in target 'PhotoAxis' from project 'PhotoAxis')
build-test	Release build with local ad-hoc signing	2026-10-03T23:48:54.7722580Z     cd $REPO
build-test	Release build with local ad-hoc signing	2026-10-03T23:48:54.7723330Z     write-file /Users/runner/Library/Developer/PhotoAxisBuilds/fe52d68e5807/DerivedData/Build/Intermediates.noindex/PhotoAxis.build/Release/PhotoAxis.build/Objects-normal/arm64/PhotoAxis_const_extract_protocols.json
build-test	Release build with local ad-hoc signing	2026-10-03T23:48:54.7724000Z 
build-test	Release build with local ad-hoc signing	2026-10-03T23:48:54.7724710Z WriteAuxiliaryFile /Users/runner/Library/Developer/PhotoAxisBuilds/fe52d68e5807/DerivedData/Build/Intermediates.noindex/PhotoAxis.build/Release/PhotoAxis.build/Objects-normal/arm64/PhotoAxis.SwiftFileList (in target 'PhotoAxis' from project 'PhotoAxis')
build-test	Release build with local ad-hoc signing	2026-10-03T23:48:54.7726080Z     cd $REPO
build-test	Release build with local ad-hoc signing	2026-10-03T23:48:54.7726820Z     write-file /Users/runner/Library/Developer/PhotoAxisBuilds/fe52d68e5807/DerivedData/Build/Intermediates.noindex/PhotoAxis.build/Release/PhotoAxis.build/Objects-normal/arm64/PhotoAxis.SwiftFileList
build-test	Release build with local ad-hoc signing	2026-10-03T23:48:54.7727440Z 
build-test	Release build with local ad-hoc signing	2026-10-03T23:48:54.7728210Z WriteAuxiliaryFile /Users/runner/Library/Developer/PhotoAxisBuilds/fe52d68e5807/DerivedData/Build/Intermediates.noindex/PhotoAxis.build/Release/PhotoAxis.build/Objects-normal/arm64/PhotoAxis.SwiftConstValuesFileList (in target 'PhotoAxis' from project 'PhotoAxis')
build-test	Release build with local ad-hoc signing	2026-10-03T23:48:54.7729130Z     cd $REPO
build-test	Release build with local ad-hoc signing	2026-10-03T23:48:54.7729880Z     write-file /Users/runner/Library/Developer/PhotoAxisBuilds/fe52d68e5807/DerivedData/Build/Intermediates.noindex/PhotoAxis.build/Release/PhotoAxis.build/Objects-normal/arm64/PhotoAxis.SwiftConstValuesFileList
build-test	Release build with local ad-hoc signing	2026-10-03T23:48:54.7742580Z 
build-test	Release build with local ad-hoc signing	2026-10-03T23:48:54.7743370Z WriteAuxiliaryFile /Users/runner/Library/Developer/PhotoAxisBuilds/fe52d68e5807/DerivedData/Build/Intermediates.noindex/PhotoAxis.build/Release/PhotoAxis.build/Objects-normal/arm64/PhotoAxis.LinkFileList (in target 'PhotoAxis' from project 'PhotoAxis')
build-test	Release build with local ad-hoc signing	2026-10-03T23:48:54.7744340Z     cd $REPO
build-test	Release build with local ad-hoc signing	2026-10-03T23:48:54.7745060Z     write-file /Users/runner/Library/Developer/PhotoAxisBuilds/fe52d68e5807/DerivedData/Build/Intermediates.noindex/PhotoAxis.build/Release/PhotoAxis.build/Objects-normal/arm64/PhotoAxis.LinkFileList
build-test	Release build with local ad-hoc signing	2026-10-03T23:48:54.7745660Z 
build-test	Release build with local ad-hoc signing	2026-10-03T23:48:54.7746640Z WriteAuxiliaryFile /Users/runner/Library/Developer/PhotoAxisBuilds/fe52d68e5807/DerivedData/Build/Intermediates.noindex/PhotoAxis.build/Release/PhotoAxis.build/Objects-normal/arm64/PhotoAxis-OutputFileMap.json (in target 'PhotoAxis' from project 'PhotoAxis')
build-test	Release build with local ad-hoc signing	2026-10-03T23:48:54.7747630Z     cd $REPO
build-test	Release build with local ad-hoc signing	2026-10-03T23:48:54.7748350Z     write-file /Users/runner/Library/Developer/PhotoAxisBuilds/fe52d68e5807/DerivedData/Build/Intermediates.noindex/PhotoAxis.build/Release/PhotoAxis.build/Objects-normal/arm64/PhotoAxis-OutputFileMap.json
build-test	Release build with local ad-hoc signing	2026-10-03T23:48:54.7748990Z 
build-test	Release build with local ad-hoc signing	2026-10-03T23:48:54.7749670Z WriteAuxiliaryFile /Users/runner/Library/Developer/PhotoAxisBuilds/fe52d68e5807/DerivedData/Build/Intermediates.noindex/PhotoAxis.build/Release/PhotoAxis.build/DerivedSources/Entitlements.plist (in target 'PhotoAxis' from project 'PhotoAxis')
build-test	Release build with local ad-hoc signing	2026-10-03T23:48:54.7750490Z     cd $REPO
build-test	Release build with local ad-hoc signing	2026-10-03T23:48:54.7751160Z     write-file /Users/runner/Library/Developer/PhotoAxisBuilds/fe52d68e5807/DerivedData/Build/Intermediates.noindex/PhotoAxis.build/Release/PhotoAxis.build/DerivedSources/Entitlements.plist
build-test	Release build with local ad-hoc signing	2026-10-03T23:48:54.7751750Z 
build-test	Release build with local ad-hoc signing	2026-10-03T23:48:54.7752290Z SymLink /Users/runner/Library/Developer/PhotoAxisBuilds/fe52d68e5807/DerivedData/Build/Products/Release/PhotoAxisCore.framework/Versions/Current A (in target 'PhotoAxisCore' from project 'PhotoAxis')
build-test	Release build with local ad-hoc signing	2026-10-03T23:48:54.7752980Z     cd $REPO
build-test	Release build with local ad-hoc signing	2026-10-03T23:48:54.7753530Z     /bin/ln -sfh A /Users/runner/Library/Developer/PhotoAxisBuilds/fe52d68e5807/DerivedData/Build/Products/Release/PhotoAxisCore.framework/Versions/Current
build-test	Release build with local ad-hoc signing	2026-10-03T23:48:54.7754020Z 
build-test	Release build with local ad-hoc signing	2026-10-03T23:48:54.7754620Z SymLink /Users/runner/Library/Developer/PhotoAxisBuilds/fe52d68e5807/DerivedData/Build/Products/Release/PhotoAxisCore.framework/Resources Versions/Current/Resources (in target 'PhotoAxisCore' from project 'PhotoAxis')
build-test	Release build with local ad-hoc signing	2026-10-03T23:48:54.7755420Z     cd $REPO
build-test	Release build with local ad-hoc signing	2026-10-03T23:48:54.7756050Z     /bin/ln -sfh Versions/Current/Resources /Users/runner/Library/Developer/PhotoAxisBuilds/fe52d68e5807/DerivedData/Build/Products/Release/PhotoAxisCore.framework/Resources
build-test	Release build with local ad-hoc signing	2026-10-03T23:48:54.7756590Z 
build-test	Release build with local ad-hoc signing	2026-10-03T23:48:54.7757190Z SymLink /Users/runner/Library/Developer/PhotoAxisBuilds/fe52d68e5807/DerivedData/Build/Products/Release/PhotoAxisCore.framework/PhotoAxisCore Versions/Current/PhotoAxisCore (in target 'PhotoAxisCore' from project 'PhotoAxis')
build-test	Release build with local ad-hoc signing	2026-10-03T23:48:54.7758320Z     cd $REPO
build-test	Release build with local ad-hoc signing	2026-10-03T23:48:54.7758980Z     /bin/ln -sfh Versions/Current/PhotoAxisCore /Users/runner/Library/Developer/PhotoAxisBuilds/fe52d68e5807/DerivedData/Build/Products/Release/PhotoAxisCore.framework/PhotoAxisCore
build-test	Release build with local ad-hoc signing	2026-10-03T23:48:54.7759560Z 
build-test	Release build with local ad-hoc signing	2026-10-03T23:48:54.7760150Z SymLink /Users/runner/Library/Developer/PhotoAxisBuilds/fe52d68e5807/DerivedData/Build/Products/Release/PhotoAxisCore.framework/Modules Versions/Current/Modules (in target 'PhotoAxisCore' from project 'PhotoAxis')
build-test	Release build with local ad-hoc signing	2026-10-03T23:48:54.7760910Z     cd $REPO
build-test	Release build with local ad-hoc signing	2026-10-03T23:48:54.7761500Z     /bin/ln -sfh Versions/Current/Modules /Users/runner/Library/Developer/PhotoAxisBuilds/fe52d68e5807/DerivedData/Build/Products/Release/PhotoAxisCore.framework/Modules
build-test	Release build with local ad-hoc signing	2026-10-03T23:48:54.7762030Z 
build-test	Release build with local ad-hoc signing	2026-10-03T23:48:54.7762600Z SymLink /Users/runner/Library/Developer/PhotoAxisBuilds/fe52d68e5807/DerivedData/Build/Products/Release/PhotoAxisCore.framework/Headers Versions/Current/Headers (in target 'PhotoAxisCore' from project 'PhotoAxis')
build-test	Release build with local ad-hoc signing	2026-10-03T23:48:54.7763430Z     cd $REPO
build-test	Release build with local ad-hoc signing	2026-10-03T23:48:54.7764050Z     /bin/ln -sfh Versions/Current/Headers /Users/runner/Library/Developer/PhotoAxisBuilds/fe52d68e5807/DerivedData/Build/Products/Release/PhotoAxisCore.framework/Headers
build-test	Release build with local ad-hoc signing	2026-10-03T23:48:54.7764590Z 
build-test	Release build with local ad-hoc signing	2026-10-03T23:48:54.7765160Z MkDir /Users/runner/Library/Developer/PhotoAxisBuilds/fe52d68e5807/DerivedData/Build/Products/Release/PhotoAxisCore.framework/Versions/A/Resources (in target 'PhotoAxisCore' from project 'PhotoAxis')
build-test	Release build with local ad-hoc signing	2026-10-03T23:48:54.7766080Z     cd $REPO
build-test	Release build with local ad-hoc signing	2026-10-03T23:48:54.7766650Z     /bin/mkdir -p /Users/runner/Library/Developer/PhotoAxisBuilds/fe52d68e5807/DerivedData/Build/Products/Release/PhotoAxisCore.framework/Versions/A/Resources
build-test	Release build with local ad-hoc signing	2026-10-03T23:48:54.7767150Z 
build-test	Release build with local ad-hoc signing	2026-10-03T23:48:54.7767690Z MkDir /Users/runner/Library/Developer/PhotoAxisBuilds/fe52d68e5807/DerivedData/Build/Products/Release/PhotoAxisCore.framework/Versions/A/Headers (in target 'PhotoAxisCore' from project 'PhotoAxis')
build-test	Release build with local ad-hoc signing	2026-10-03T23:48:54.7768390Z     cd $REPO
build-test	Release build with local ad-hoc signing	2026-10-03T23:48:54.7768950Z     /bin/mkdir -p /Users/runner/Library/Developer/PhotoAxisBuilds/fe52d68e5807/DerivedData/Build/Products/Release/PhotoAxisCore.framework/Versions/A/Headers
build-test	Release build with local ad-hoc signing	2026-10-03T23:48:54.7769430Z 
build-test	Release build with local ad-hoc signing	2026-10-03T23:48:54.7769930Z MkDir /Users/runner/Library/Developer/PhotoAxisBuilds/fe52d68e5807/DerivedData/Build/Products/Release/PhotoAxisCore.framework/Versions/A (in target 'PhotoAxisCore' from project 'PhotoAxis')
build-test	Release build with local ad-hoc signing	2026-10-03T23:48:54.7775270Z     cd $REPO
build-test	Release build with local ad-hoc signing	2026-10-03T23:48:54.7775800Z     /bin/mkdir -p /Users/runner/Library/Developer/PhotoAxisBuilds/fe52d68e5807/DerivedData/Build/Products/Release/PhotoAxisCore.framework/Versions/A
build-test	Release build with local ad-hoc signing	2026-10-03T23:48:54.7776260Z 
build-test	Release build with local ad-hoc signing	2026-10-03T23:48:54.7776760Z MkDir /Users/runner/Library/Developer/PhotoAxisBuilds/fe52d68e5807/DerivedData/Build/Products/Release/PhotoAxisCore.framework/Versions (in target 'PhotoAxisCore' from project 'PhotoAxis')
build-test	Release build with local ad-hoc signing	2026-10-03T23:48:54.7777420Z     cd $REPO
build-test	Release build with local ad-hoc signing	2026-10-03T23:48:54.7778050Z     /bin/mkdir -p /Users/runner/Library/Developer/PhotoAxisBuilds/fe52d68e5807/DerivedData/Build/Products/Release/PhotoAxisCore.framework/Versions
build-test	Release build with local ad-hoc signing	2026-10-03T23:48:54.7778500Z 
build-test	Release build with local ad-hoc signing	2026-10-03T23:48:54.7778980Z MkDir /Users/runner/Library/Developer/PhotoAxisBuilds/fe52d68e5807/DerivedData/Build/Products/Release/PhotoAxisCore.framework (in target 'PhotoAxisCore' from project 'PhotoAxis')
build-test	Release build with local ad-hoc signing	2026-10-03T23:48:54.7779630Z     cd $REPO
build-test	Release build with local ad-hoc signing	2026-10-03T23:48:54.7780130Z     /bin/mkdir -p /Users/runner/Library/Developer/PhotoAxisBuilds/fe52d68e5807/DerivedData/Build/Products/Release/PhotoAxisCore.framework
build-test	Release build with local ad-hoc signing	2026-10-03T23:48:54.7780550Z 
build-test	Release build with local ad-hoc signing	2026-10-03T23:48:54.7781040Z MkDir /Users/runner/Library/Developer/PhotoAxisBuilds/fe52d68e5807/DerivedData/Build/Products/Release/PhotoAxis.app/Contents/Resources (in target 'PhotoAxis' from project 'PhotoAxis')
build-test	Release build with local ad-hoc signing	2026-10-03T23:48:54.7781780Z     cd $REPO
build-test	Release build with local ad-hoc signing	2026-10-03T23:48:54.7782300Z     /bin/mkdir -p /Users/runner/Library/Developer/PhotoAxisBuilds/fe52d68e5807/DerivedData/Build/Products/Release/PhotoAxis.app/Contents/Resources
build-test	Release build with local ad-hoc signing	2026-10-03T23:48:54.7782750Z 
build-test	Release build with local ad-hoc signing	2026-10-03T23:48:54.7783220Z MkDir /Users/runner/Library/Developer/PhotoAxisBuilds/fe52d68e5807/DerivedData/Build/Products/Release/PhotoAxis.app/Contents/MacOS (in target 'PhotoAxis' from project 'PhotoAxis')
build-test	Release build with local ad-hoc signing	2026-10-03T23:48:54.7783840Z     cd $REPO
build-test	Release build with local ad-hoc signing	2026-10-03T23:48:54.7784340Z     /bin/mkdir -p /Users/runner/Library/Developer/PhotoAxisBuilds/fe52d68e5807/DerivedData/Build/Products/Release/PhotoAxis.app/Contents/MacOS
build-test	Release build with local ad-hoc signing	2026-10-03T23:48:54.7784770Z 
build-test	Release build with local ad-hoc signing	2026-10-03T23:48:54.7785250Z MkDir /Users/runner/Library/Developer/PhotoAxisBuilds/fe52d68e5807/DerivedData/Build/Products/Release/PhotoAxis.app/Contents/Frameworks (in target 'PhotoAxis' from project 'PhotoAxis')
build-test	Release build with local ad-hoc signing	2026-10-03T23:48:54.7785890Z     cd $REPO
build-test	Release build with local ad-hoc signing	2026-10-03T23:48:54.7788550Z     /bin/mkdir -p /Users/runner/Library/Developer/PhotoAxisBuilds/fe52d68e5807/DerivedData/Build/Products/Release/PhotoAxis.app/Contents/Frameworks
build-test	Release build with local ad-hoc signing	2026-10-03T23:48:54.7789000Z 
build-test	Release build with local ad-hoc signing	2026-10-03T23:48:54.7789450Z MkDir /Users/runner/Library/Developer/PhotoAxisBuilds/fe52d68e5807/DerivedData/Build/Products/Release/PhotoAxis.app/Contents (in target 'PhotoAxis' from project 'PhotoAxis')
build-test	Release build with local ad-hoc signing	2026-10-03T23:48:54.7790050Z     cd $REPO
build-test	Release build with local ad-hoc signing	2026-10-03T23:48:54.7790770Z     /bin/mkdir -p /Users/runner/Library/Developer/PhotoAxisBuilds/fe52d68e5807/DerivedData/Build/Products/Release/PhotoAxis.app/Contents
build-test	Release build with local ad-hoc signing	2026-10-03T23:48:54.7791200Z 
build-test	Release build with local ad-hoc signing	2026-10-03T23:48:54.7791620Z MkDir /Users/runner/Library/Developer/PhotoAxisBuilds/fe52d68e5807/DerivedData/Build/Products/Release/PhotoAxis.app (in target 'PhotoAxis' from project 'PhotoAxis')
build-test	Release build with local ad-hoc signing	2026-10-03T23:48:54.7792210Z     cd $REPO
build-test	Release build with local ad-hoc signing	2026-10-03T23:48:54.7792670Z     /bin/mkdir -p /Users/runner/Library/Developer/PhotoAxisBuilds/fe52d68e5807/DerivedData/Build/Products/Release/PhotoAxis.app
build-test	Release build with local ad-hoc signing	2026-10-03T23:48:54.7793060Z 
build-test	Release build with local ad-hoc signing	2026-10-03T23:48:54.7794190Z ProcessInfoPlistFile /Users/runner/Library/Developer/PhotoAxisBuilds/fe52d68e5807/DerivedData/Build/Products/Release/PhotoAxisCore.framework/Versions/A/Resources/Info.plist /Users/runner/Library/Developer/PhotoAxisBuilds/fe52d68e5807/DerivedData/Build/Intermediates.noindex/PhotoAxis.build/Release/PhotoAxisCore.build/empty-PhotoAxisCore.plist (in target 'PhotoAxisCore' from project 'PhotoAxis')
build-test	Release build with local ad-hoc signing	2026-10-03T23:48:54.7795480Z     cd $REPO
build-test	Release build with local ad-hoc signing	2026-10-03T23:48:54.7796910Z     builtin-infoPlistUtility /Users/runner/Library/Developer/PhotoAxisBuilds/fe52d68e5807/DerivedData/Build/Intermediates.noindex/PhotoAxis.build/Release/PhotoAxisCore.build/empty-PhotoAxisCore.plist -producttype com.apple.product-type.framework -expandbuildsettings -platform macosx -o /Users/runner/Library/Developer/PhotoAxisBuilds/fe52d68e5807/DerivedData/Build/Products/Release/PhotoAxisCore.framework/Versions/A/Resources/Info.plist
build-test	Release build with local ad-hoc signing	2026-10-03T23:48:54.7798410Z 
build-test	Release build with local ad-hoc signing	2026-10-03T23:48:54.7800190Z SwiftDriver PhotoAxisCore normal arm64 com.apple.xcode.tools.swift.compiler (in target 'PhotoAxisCore' from project 'PhotoAxis')
build-test	Release build with local ad-hoc signing	2026-10-03T23:48:54.7800800Z     cd $REPO
build-test	Release build with local ad-hoc signing	2026-10-03T23:48:54.7813850Z     builtin-SwiftDriver -- /Applications/Xcode_16.4.app/Contents/Developer/Toolchains/XcodeDefault.xctoolchain/usr/bin/swiftc -module-name PhotoAxisCore -O -whole-module-optimization -enforce-exclusivity\=checked @/Users/runner/Library/Developer/PhotoAxisBuilds/fe52d68e5807/DerivedData/Build/Intermediates.noindex/PhotoAxis.build/Release/PhotoAxisCore.build/Objects-normal/arm64/PhotoAxisCore.SwiftFileList -enable-experimental-feature DebugDescriptionMacro -sdk /Applications/Xcode_16.4.app/Contents/Developer/Platforms/MacOSX.platform/Developer/SDKs/MacOSX15.5.sdk -target arm64-apple-macos14.0 -g -module-cache-path /Users/runner/Library/Developer/PhotoAxisBuilds/fe52d68e5807/DerivedData/ModuleCache.noindex -Xfrontend -serialize-debugging-options -swift-version 6 -I /Users/runner/Library/Developer/PhotoAxisBuilds/fe52d68e5807/DerivedData/Build/Products/Release -F /Users/runner/Library/Developer/PhotoAxisBuilds/fe52d68e5807/DerivedData/Build/Products/Release -c -num-threads 3 -Xcc -ivfsstatcache -Xcc /Users/runner/Library/Developer/PhotoAxisBuilds/fe52d68e5807/DerivedData/SDKStatCaches.noindex/macosx15.5-24F74-a403186ba963133a54a0e0cacd566b0b.sdkstatcache -output-file-map /Users/runner/Library/Developer/PhotoAxisBuilds/fe52d68e5807/DerivedData/Build/Intermediates.noindex/PhotoAxis.build/Release/PhotoAxisCore.build/Objects-normal/arm64/PhotoAxisCore-OutputFileMap.json -use-frontend-parseable-output -save-temps -no-color-diagnostics -serialize-diagnostics -emit-dependencies -emit-module -emit-module-path /Users/runner/Library/Developer/PhotoAxisBuilds/fe52d68e5807/DerivedData/Build/Intermediates.noindex/PhotoAxis.build/Release/PhotoAxisCore.build/Objects-normal/arm64/PhotoAxisCore.swiftmodule -validate-clang-modules-once -clang-build-session-file /Users/runner/Library/Developer/PhotoAxisBuilds/fe52d68e5807/DerivedData/ModuleCache.noindex/Session.modulevalidation -Xcc -I/Users/runner/Library/Developer/PhotoAxisBuilds/fe52d68e5807/DerivedData/Build/Intermediates.noindex/PhotoAxis.build/Release/PhotoAxisCore.build/swift-overrides.hmap -emit-const-values -Xfrontend -const-gather-protocols-file -Xfrontend /Users/runner/Library/Developer/PhotoAxisBuilds/fe52d68e5807/DerivedData/Build/Intermediates.noindex/PhotoAxis.build/Release/PhotoAxisCore.build/Objects-normal/arm64/PhotoAxisCore_const_extract_protocols.json -Xcc -iquote -Xcc /Users/runner/Library/Developer/PhotoAxisBuilds/fe52d68e5807/DerivedData/Build/Intermediates.noindex/PhotoAxis.build/Release/PhotoAxisCore.build/PhotoAxisCore-generated-files.hmap -Xcc -I/Users/runner/Library/Developer/PhotoAxisBuilds/fe52d68e5807/DerivedData/Build/Intermediates.noindex/PhotoAxis.build/Release/PhotoAxisCore.build/PhotoAxisCore-own-target-headers.hmap -Xcc -I/Users/runner/Library/Developer/PhotoAxisBuilds/fe52d68e5807/DerivedData/Build/Intermediates.noindex/PhotoAxis.build/Release/PhotoAxisCore.build/PhotoAxisCore-all-non-framework-target-headers.hmap -Xcc -ivfsoverlay -Xcc /Users/runner/Library/Developer/PhotoAxisBuilds/fe52d68e5807/DerivedData/Build/Intermediates.noindex/PhotoAxis.build/Release/PhotoAxis-9730526f0700b8b20d57e2b47e796b5b-VFS/all-product-headers.yaml -Xcc -iquote -Xcc /Users/runner/Library/Developer/PhotoAxisBuilds/fe52d68e5807/DerivedData/Build/Intermediates.noindex/PhotoAxis.build/Release/PhotoAxisCore.build/PhotoAxisCore-project-headers.hmap -Xcc -I/Users/runner/Library/Developer/PhotoAxisBuilds/fe52d68e5807/DerivedData/Build/Products/Release/include -Xcc -I/Users/runner/Library/Developer/PhotoAxisBuilds/fe52d68e5807/DerivedData/Build/Intermediates.noindex/PhotoAxis.build/Release/PhotoAxisCore.build/DerivedSources-normal/arm64 -Xcc -I/Users/runner/Library/Developer/PhotoAxisBuilds/fe52d68e5807/DerivedData/Build/Intermediates.noindex/PhotoAxis.build/Release/PhotoAxisCore.build/DerivedSources/arm64 -Xcc -I/Users/runner/Library/Developer/PhotoAxisBuilds/fe52d68e5807/DerivedData/Build/Intermediates.noindex/PhotoAxis.build/Release/PhotoAxisCore.build/DerivedSources -emit-objc-header -emit-objc-header-path /Users/runner/Library/Developer/PhotoAxisBuilds/fe52d68e5807/DerivedData/Build/Intermediates.noindex/PhotoAxis.build/Release/PhotoAxisCore.build/Objects-normal/arm64/PhotoAxisCore-Swift.h -working-directory $REPO -no-emit-module-separately-wmo
build-test	Release build with local ad-hoc signing	2026-10-03T23:48:54.8545690Z 
build-test	Release build with local ad-hoc signing	2026-10-03T23:48:54.8570400Z SwiftCompile normal arm64 Compiling\ BoundedZIP.swift,\ CanvasSize.swift,\ ContentOperations.swift,\ DocumentHistory.swift,\ ExportOptions.swift,\ ImageAdjustments.swift,\ LayerOperations.swift,\ PaintContent.swift,\ PhotoDocumentModel.swift,\ ProjectSchema.swift,\ ScanSettings.swift,\ DocumentGeometry.swift,\ LayerGeometry.swift,\ PerspectiveGeometry.swift,\ ProjectiveTransform.swift,\ ViewportState.swift,\ ViewportTransform.swift,\ InvestigationAnalysis.swift,\ InvestigationAnnotations.swift,\ InvestigationCase.swift $REPO/Sources/PhotoAxisCore/DocumentModel/BoundedZIP.swift $REPO/Sources/PhotoAxisCore/DocumentModel/CanvasSize.swift $REPO/Sources/PhotoAxisCore/DocumentModel/ContentOperations.swift $REPO/Sources/PhotoAxisCore/DocumentModel/DocumentHistory.swift $REPO/Sources/PhotoAxisCore/DocumentModel/ExportOptions.swift $REPO/Sources/PhotoAxisCore/DocumentModel/ImageAdjustments.swift $REPO/Sources/PhotoAxisCore/DocumentModel/LayerOperations.swift $REPO/Sources/PhotoAxisCore/DocumentModel/PaintContent.swift $REPO/Sources/PhotoAxisCore/DocumentModel/PhotoDocumentModel.swift $REPO/Sources/PhotoAxisCore/DocumentModel/ProjectSchema.swift $REPO/Sources/PhotoAxisCore/DocumentModel/ScanSettings.swift $REPO/Sources/PhotoAxisCore/Geometry/DocumentGeometry.swift $REPO/Sources/PhotoAxisCore/Geometry/LayerGeometry.swift $REPO/Sources/PhotoAxisCore/Geometry/PerspectiveGeometry.swift $REPO/Sources/PhotoAxisCore/Geometry/ProjectiveTransform.swift $REPO/Sources/PhotoAxisCore/Geometry/ViewportState.swift $REPO/Sources/PhotoAxisCore/Geometry/ViewportTransform.swift $REPO/Sources/PhotoAxisCore/Investigation/InvestigationAnalysis.swift $REPO/Sources/PhotoAxisCore/Investigation/InvestigationAnnotations.swift $REPO/Sources/PhotoAxisCore/Investigation/InvestigationCase.swift (in target 'PhotoAxisCore' from project 'PhotoAxis')
build-test	Release build with local ad-hoc signing	2026-10-03T23:48:54.9104220Z 
build-test	Release build with local ad-hoc signing	2026-10-03T23:48:54.9104840Z CompileSwift normal arm64 (in target 'PhotoAxisCore' from project 'PhotoAxis')
build-test	Release build with local ad-hoc signing	2026-10-03T23:48:54.9105430Z     cd $REPO
build-test	Release build with local ad-hoc signing	2026-10-03T23:48:54.9106040Z     
build-test	Release build with local ad-hoc signing	2026-10-03T23:49:06.7033750Z 
build-test	Release build with local ad-hoc signing	2026-10-03T23:49:06.7135930Z SwiftDriver\ Compilation PhotoAxisCore normal arm64 com.apple.xcode.tools.swift.compiler (in target 'PhotoAxisCore' from project 'PhotoAxis')
build-test	Release build with local ad-hoc signing	2026-10-03T23:49:06.7236560Z     cd $REPO
build-test	Release build with local ad-hoc signing	2026-10-03T23:49:06.7357420Z     builtin-Swift-Compilation -- /Applications/Xcode_16.4.app/Contents/Developer/Toolchains/XcodeDefault.xctoolchain/usr/bin/swiftc -module-name PhotoAxisCore -O -whole-module-optimization -enforce-exclusivity\=checked @/Users/runner/Library/Developer/PhotoAxisBuilds/fe52d68e5807/DerivedData/Build/Intermediates.noindex/PhotoAxis.build/Release/PhotoAxisCore.build/Objects-normal/arm64/PhotoAxisCore.SwiftFileList -enable-experimental-feature DebugDescriptionMacro -sdk /Applications/Xcode_16.4.app/Contents/Developer/Platforms/MacOSX.platform/Developer/SDKs/MacOSX15.5.sdk -target arm64-apple-macos14.0 -g -module-cache-path /Users/runner/Library/Developer/PhotoAxisBuilds/fe52d68e5807/DerivedData/ModuleCache.noindex -Xfrontend -serialize-debugging-options -swift-version 6 -I /Users/runner/Library/Developer/PhotoAxisBuilds/fe52d68e5807/DerivedData/Build/Products/Release -F /Users/runner/Library/Developer/PhotoAxisBuilds/fe52d68e5807/DerivedData/Build/Products/Release -c -num-threads 3 -Xcc -ivfsstatcache -Xcc /Users/runner/Library/Developer/PhotoAxisBuilds/fe52d68e5807/DerivedData/SDKStatCaches.noindex/macosx15.5-24F74-a403186ba963133a54a0e0cacd566b0b.sdkstatcache -output-file-map /Users/runner/Library/Developer/PhotoAxisBuilds/fe52d68e5807/DerivedData/Build/Intermediates.noindex/PhotoAxis.build/Release/PhotoAxisCore.build/Objects-normal/arm64/PhotoAxisCore-OutputFileMap.json -use-frontend-parseable-output -save-temps -no-color-diagnostics -serialize-diagnostics -emit-dependencies -emit-module -emit-module-path /Users/runner/Library/Developer/PhotoAxisBuilds/fe52d68e5807/DerivedData/Build/Intermediates.noindex/PhotoAxis.build/Release/PhotoAxisCore.build/Objects-normal/arm64/PhotoAxisCore.swiftmodule -validate-clang-modules-once -clang-build-session-file /Users/runner/Library/Developer/PhotoAxisBuilds/fe52d68e5807/DerivedData/ModuleCache.noindex/Session.modulevalidation -Xcc -I/Users/runner/Library/Developer/PhotoAxisBuilds/fe52d68e5807/DerivedData/Build/Intermediates.noindex/PhotoAxis.build/Release/PhotoAxisCore.build/swift-overrides.hmap -emit-const-values -Xfrontend -const-gather-protocols-file -Xfrontend /Users/runner/Library/Developer/PhotoAxisBuilds/fe52d68e5807/DerivedData/Build/Intermediates.noindex/PhotoAxis.build/Release/PhotoAxisCore.build/Objects-normal/arm64/PhotoAxisCore_const_extract_protocols.json -Xcc -iquote -Xcc /Users/runner/Library/Developer/PhotoAxisBuilds/fe52d68e5807/DerivedData/Build/Intermediates.noindex/PhotoAxis.build/Release/PhotoAxisCore.build/PhotoAxisCore-generated-files.hmap -Xcc -I/Users/runner/Library/Developer/PhotoAxisBuilds/fe52d68e5807/DerivedData/Build/Intermediates.noindex/PhotoAxis.build/Release/PhotoAxisCore.build/PhotoAxisCore-own-target-headers.hmap -Xcc -I/Users/runner/Library/Developer/PhotoAxisBuilds/fe52d68e5807/DerivedData/Build/Intermediates.noindex/PhotoAxis.build/Release/PhotoAxisCore.build/PhotoAxisCore-all-non-framework-target-headers.hmap -Xcc -ivfsoverlay -Xcc /Users/runner/Library/Developer/PhotoAxisBuilds/fe52d68e5807/DerivedData/Build/Intermediates.noindex/PhotoAxis.build/Release/PhotoAxis-9730526f0700b8b20d57e2b47e796b5b-VFS/all-product-headers.yaml -Xcc -iquote -Xcc /Users/runner/Library/Developer/PhotoAxisBuilds/fe52d68e5807/DerivedData/Build/Intermediates.noindex/PhotoAxis.build/Release/PhotoAxisCore.build/PhotoAxisCore-project-headers.hmap -Xcc -I/Users/runner/Library/Developer/PhotoAxisBuilds/fe52d68e5807/DerivedData/Build/Products/Release/include -Xcc -I/Users/runner/Library/Developer/PhotoAxisBuilds/fe52d68e5807/DerivedData/Build/Intermediates.noindex/PhotoAxis.build/Release/PhotoAxisCore.build/DerivedSources-normal/arm64 -Xcc -I/Users/runner/Library/Developer/PhotoAxisBuilds/fe52d68e5807/DerivedData/Build/Intermediates.noindex/PhotoAxis.build/Release/PhotoAxisCore.build/DerivedSources/arm64 -Xcc -I/Users/runner/Library/Developer/PhotoAxisBuilds/fe52d68e5807/DerivedData/Build/Intermediates.noindex/PhotoAxis.build/Release/PhotoAxisCore.build/DerivedSources -emit-objc-header -emit-objc-header-path /Users/runner/Library/Developer/PhotoAxisBuilds/fe52d68e5807/DerivedData/Build/Intermediates.noindex/PhotoAxis.build/Release/PhotoAxisCore.build/Objects-normal/arm64/PhotoAxisCore-Swift.h -working-directory $REPO -no-emit-module-separately-wmo
build-test	Release build with local ad-hoc signing	2026-10-03T23:49:06.7447230Z 
build-test	Release build with local ad-hoc signing	2026-10-03T23:49:06.7552900Z SwiftDriverJobDiscovery normal arm64 Compiling BoundedZIP.swift, CanvasSize.swift, ContentOperations.swift, DocumentHistory.swift, ExportOptions.swift, ImageAdjustments.swift, LayerOperations.swift, PaintContent.swift, PhotoDocumentModel.swift, ProjectSchema.swift, ScanSettings.swift, DocumentGeometry.swift, LayerGeometry.swift, PerspectiveGeometry.swift, ProjectiveTransform.swift, ViewportState.swift, ViewportTransform.swift, InvestigationAnalysis.swift, InvestigationAnnotations.swift, InvestigationCase.swift (in target 'PhotoAxisCore' from project 'PhotoAxis')
build-test	Release build with local ad-hoc signing	2026-10-03T23:49:06.7658120Z 
build-test	Release build with local ad-hoc signing	2026-10-03T23:49:06.7759360Z SwiftDriver\ Compilation\ Requirements PhotoAxisCore normal arm64 com.apple.xcode.tools.swift.compiler (in target 'PhotoAxisCore' from project 'PhotoAxis')
build-test	Release build with local ad-hoc signing	2026-10-03T23:49:06.7866210Z     cd $REPO
build-test	Release build with local ad-hoc signing	2026-10-03T23:49:06.7982880Z     builtin-Swift-Compilation-Requirements -- /Applications/Xcode_16.4.app/Contents/Developer/Toolchains/XcodeDefault.xctoolchain/usr/bin/swiftc -module-name PhotoAxisCore -O -whole-module-optimization -enforce-exclusivity\=checked @/Users/runner/Library/Developer/PhotoAxisBuilds/fe52d68e5807/DerivedData/Build/Intermediates.noindex/PhotoAxis.build/Release/PhotoAxisCore.build/Objects-normal/arm64/PhotoAxisCore.SwiftFileList -enable-experimental-feature DebugDescriptionMacro -sdk /Applications/Xcode_16.4.app/Contents/Developer/Platforms/MacOSX.platform/Developer/SDKs/MacOSX15.5.sdk -target arm64-apple-macos14.0 -g -module-cache-path /Users/runner/Library/Developer/PhotoAxisBuilds/fe52d68e5807/DerivedData/ModuleCache.noindex -Xfrontend -serialize-debugging-options -swift-version 6 -I /Users/runner/Library/Developer/PhotoAxisBuilds/fe52d68e5807/DerivedData/Build/Products/Release -F /Users/runner/Library/Developer/PhotoAxisBuilds/fe52d68e5807/DerivedData/Build/Products/Release -c -num-threads 3 -Xcc -ivfsstatcache -Xcc /Users/runner/Library/Developer/PhotoAxisBuilds/fe52d68e5807/DerivedData/SDKStatCaches.noindex/macosx15.5-24F74-a403186ba963133a54a0e0cacd566b0b.sdkstatcache -output-file-map /Users/runner/Library/Developer/PhotoAxisBuilds/fe52d68e5807/DerivedData/Build/Intermediates.noindex/PhotoAxis.build/Release/PhotoAxisCore.build/Objects-normal/arm64/PhotoAxisCore-OutputFileMap.json -use-frontend-parseable-output -save-temps -no-color-diagnostics -serialize-diagnostics -emit-dependencies -emit-module -emit-module-path /Users/runner/Library/Developer/PhotoAxisBuilds/fe52d68e5807/DerivedData/Build/Intermediates.noindex/PhotoAxis.build/Release/PhotoAxisCore.build/Objects-normal/arm64/PhotoAxisCore.swiftmodule -validate-clang-modules-once -clang-build-session-file /Users/runner/Library/Developer/PhotoAxisBuilds/fe52d68e5807/DerivedData/ModuleCache.noindex/Session.modulevalidation -Xcc -I/Users/runner/Library/Developer/PhotoAxisBuilds/fe52d68e5807/DerivedData/Build/Intermediates.noindex/PhotoAxis.build/Release/PhotoAxisCore.build/swift-overrides.hmap -emit-const-values -Xfrontend -const-gather-protocols-file -Xfrontend /Users/runner/Library/Developer/PhotoAxisBuilds/fe52d68e5807/DerivedData/Build/Intermediates.noindex/PhotoAxis.build/Release/PhotoAxisCore.build/Objects-normal/arm64/PhotoAxisCore_const_extract_protocols.json -Xcc -iquote -Xcc /Users/runner/Library/Developer/PhotoAxisBuilds/fe52d68e5807/DerivedData/Build/Intermediates.noindex/PhotoAxis.build/Release/PhotoAxisCore.build/PhotoAxisCore-generated-files.hmap -Xcc -I/Users/runner/Library/Developer/PhotoAxisBuilds/fe52d68e5807/DerivedData/Build/Intermediates.noindex/PhotoAxis.build/Release/PhotoAxisCore.build/PhotoAxisCore-own-target-headers.hmap -Xcc -I/Users/runner/Library/Developer/PhotoAxisBuilds/fe52d68e5807/DerivedData/Build/Intermediates.noindex/PhotoAxis.build/Release/PhotoAxisCore.build/PhotoAxisCore-all-non-framework-target-headers.hmap -Xcc -ivfsoverlay -Xcc /Users/runner/Library/Developer/PhotoAxisBuilds/fe52d68e5807/DerivedData/Build/Intermediates.noindex/PhotoAxis.build/Release/PhotoAxis-9730526f0700b8b20d57e2b47e796b5b-VFS/all-product-headers.yaml -Xcc -iquote -Xcc /Users/runner/Library/Developer/PhotoAxisBuilds/fe52d68e5807/DerivedData/Build/Intermediates.noindex/PhotoAxis.build/Release/PhotoAxisCore.build/PhotoAxisCore-project-headers.hmap -Xcc -I/Users/runner/Library/Developer/PhotoAxisBuilds/fe52d68e5807/DerivedData/Build/Products/Release/include -Xcc -I/Users/runner/Library/Developer/PhotoAxisBuilds/fe52d68e5807/DerivedData/Build/Intermediates.noindex/PhotoAxis.build/Release/PhotoAxisCore.build/DerivedSources-normal/arm64 -Xcc -I/Users/runner/Library/Developer/PhotoAxisBuilds/fe52d68e5807/DerivedData/Build/Intermediates.noindex/PhotoAxis.build/Release/PhotoAxisCore.build/DerivedSources/arm64 -Xcc -I/Users/runner/Library/Developer/PhotoAxisBuilds/fe52d68e5807/DerivedData/Build/Intermediates.noindex/PhotoAxis.build/Release/PhotoAxisCore.build/DerivedSources -emit-objc-header -emit-objc-header-path /Users/runner/Library/Developer/PhotoAxisBuilds/fe52d68e5807/DerivedData/Build/Intermediates.noindex/PhotoAxis.build/Release/PhotoAxisCore.build/Objects-normal/arm64/PhotoAxisCore-Swift.h -working-directory $REPO -no-emit-module-separately-wmo
build-test	Release build with local ad-hoc signing	2026-10-03T23:49:06.8100580Z 
build-test	Release build with local ad-hoc signing	2026-10-03T23:49:06.8203230Z SwiftMergeGeneratedHeaders /Users/runner/Library/Developer/PhotoAxisBuilds/fe52d68e5807/DerivedData/Build/Products/Release/PhotoAxisCore.framework/Versions/A/Headers/PhotoAxisCore-Swift.h /Users/runner/Library/Developer/PhotoAxisBuilds/fe52d68e5807/DerivedData/Build/Intermediates.noindex/PhotoAxis.build/Release/PhotoAxisCore.build/Objects-normal/arm64/PhotoAxisCore-Swift.h (in target 'PhotoAxisCore' from project 'PhotoAxis')
build-test	Release build with local ad-hoc signing	2026-10-03T23:49:06.8309140Z     cd $REPO
build-test	Release build with local ad-hoc signing	2026-10-03T23:49:06.8421970Z     builtin-swiftHeaderTool -arch arm64 /Users/runner/Library/Developer/PhotoAxisBuilds/fe52d68e5807/DerivedData/Build/Intermediates.noindex/PhotoAxis.build/Release/PhotoAxisCore.build/Objects-normal/arm64/PhotoAxisCore-Swift.h -o /Users/runner/Library/Developer/PhotoAxisBuilds/fe52d68e5807/DerivedData/Build/Products/Release/PhotoAxisCore.framework/Versions/A/Headers/PhotoAxisCore-Swift.h
build-test	Release build with local ad-hoc signing	2026-10-03T23:49:06.8523790Z 
build-test	Release build with local ad-hoc signing	2026-10-03T23:49:06.8626500Z Copy /Users/runner/Library/Developer/PhotoAxisBuilds/fe52d68e5807/DerivedData/Build/Products/Release/PhotoAxisCore.framework/Versions/A/Modules/PhotoAxisCore.swiftmodule/arm64-apple-macos.swiftmodule /Users/runner/Library/Developer/PhotoAxisBuilds/fe52d68e5807/DerivedData/Build/Intermediates.noindex/PhotoAxis.build/Release/PhotoAxisCore.build/Objects-normal/arm64/PhotoAxisCore.swiftmodule (in target 'PhotoAxisCore' from project 'PhotoAxis')
build-test	Release build with local ad-hoc signing	2026-10-03T23:49:06.8730940Z     cd $REPO
build-test	Release build with local ad-hoc signing	2026-10-03T23:49:06.8837510Z     builtin-copy -exclude .DS_Store -exclude CVS -exclude .svn -exclude .git -exclude .hg -strip-unsigned-binaries -strip-deterministic -strip-tool /Applications/Xcode_16.4.app/Contents/Developer/Toolchains/XcodeDefault.xctoolchain/usr/bin/strip -resolve-src-symlinks -rename /Users/runner/Library/Developer/PhotoAxisBuilds/fe52d68e5807/DerivedData/Build/Intermediates.noindex/PhotoAxis.build/Release/PhotoAxisCore.build/Objects-normal/arm64/PhotoAxisCore.swiftmodule /Users/runner/Library/Developer/PhotoAxisBuilds/fe52d68e5807/DerivedData/Build/Products/Release/PhotoAxisCore.framework/Versions/A/Modules/PhotoAxisCore.swiftmodule/arm64-apple-macos.swiftmodule
build-test	Release build with local ad-hoc signing	2026-10-03T23:49:06.8839980Z 
build-test	Release build with local ad-hoc signing	2026-10-03T23:49:06.8943970Z Copy /Users/runner/Library/Developer/PhotoAxisBuilds/fe52d68e5807/DerivedData/Build/Products/Release/PhotoAxisCore.framework/Versions/A/Modules/PhotoAxisCore.swiftmodule/arm64-apple-macos.swiftdoc /Users/runner/Library/Developer/PhotoAxisBuilds/fe52d68e5807/DerivedData/Build/Intermediates.noindex/PhotoAxis.build/Release/PhotoAxisCore.build/Objects-normal/arm64/PhotoAxisCore.swiftdoc (in target 'PhotoAxisCore' from project 'PhotoAxis')
build-test	Release build with local ad-hoc signing	2026-10-03T23:49:06.9047810Z     cd $REPO
build-test	Release build with local ad-hoc signing	2026-10-03T23:49:06.9152080Z     builtin-copy -exclude .DS_Store -exclude CVS -exclude .svn -exclude .git -exclude .hg -strip-unsigned-binaries -strip-deterministic -strip-tool /Applications/Xcode_16.4.app/Contents/Developer/Toolchains/XcodeDefault.xctoolchain/usr/bin/strip -resolve-src-symlinks -rename /Users/runner/Library/Developer/PhotoAxisBuilds/fe52d68e5807/DerivedData/Build/Intermediates.noindex/PhotoAxis.build/Release/PhotoAxisCore.build/Objects-normal/arm64/PhotoAxisCore.swiftdoc /Users/runner/Library/Developer/PhotoAxisBuilds/fe52d68e5807/DerivedData/Build/Products/Release/PhotoAxisCore.framework/Versions/A/Modules/PhotoAxisCore.swiftmodule/arm64-apple-macos.swiftdoc
build-test	Release build with local ad-hoc signing	2026-10-03T23:49:06.9256900Z 
build-test	Release build with local ad-hoc signing	2026-10-03T23:49:06.9358920Z Copy /Users/runner/Library/Developer/PhotoAxisBuilds/fe52d68e5807/DerivedData/Build/Products/Release/PhotoAxisCore.framework/Versions/A/Modules/PhotoAxisCore.swiftmodule/arm64-apple-macos.abi.json /Users/runner/Library/Developer/PhotoAxisBuilds/fe52d68e5807/DerivedData/Build/Intermediates.noindex/PhotoAxis.build/Release/PhotoAxisCore.build/Objects-normal/arm64/PhotoAxisCore.abi.json (in target 'PhotoAxisCore' from project 'PhotoAxis')
build-test	Release build with local ad-hoc signing	2026-10-03T23:49:06.9461290Z     cd $REPO
build-test	Release build with local ad-hoc signing	2026-10-03T23:49:06.9567750Z     builtin-copy -exclude .DS_Store -exclude CVS -exclude .svn -exclude .git -exclude .hg -strip-unsigned-binaries -strip-deterministic -strip-tool /Applications/Xcode_16.4.app/Contents/Developer/Toolchains/XcodeDefault.xctoolchain/usr/bin/strip -resolve-src-symlinks -rename /Users/runner/Library/Developer/PhotoAxisBuilds/fe52d68e5807/DerivedData/Build/Intermediates.noindex/PhotoAxis.build/Release/PhotoAxisCore.build/Objects-normal/arm64/PhotoAxisCore.abi.json /Users/runner/Library/Developer/PhotoAxisBuilds/fe52d68e5807/DerivedData/Build/Products/Release/PhotoAxisCore.framework/Versions/A/Modules/PhotoAxisCore.swiftmodule/arm64-apple-macos.abi.json
build-test	Release build with local ad-hoc signing	2026-10-03T23:49:06.9671490Z 
build-test	Release build with local ad-hoc signing	2026-10-03T23:49:06.9774330Z Copy /Users/runner/Library/Developer/PhotoAxisBuilds/fe52d68e5807/DerivedData/Build/Products/Release/PhotoAxisCore.framework/Versions/A/Modules/PhotoAxisCore.swiftmodule/Project/arm64-apple-macos.swiftsourceinfo /Users/runner/Library/Developer/PhotoAxisBuilds/fe52d68e5807/DerivedData/Build/Intermediates.noindex/PhotoAxis.build/Release/PhotoAxisCore.build/Objects-normal/arm64/PhotoAxisCore.swiftsourceinfo (in target 'PhotoAxisCore' from project 'PhotoAxis')
build-test	Release build with local ad-hoc signing	2026-10-03T23:49:06.9878290Z     cd $REPO
build-test	Release build with local ad-hoc signing	2026-10-03T23:49:06.9983600Z     builtin-copy -exclude .DS_Store -exclude CVS -exclude .svn -exclude .git -exclude .hg -strip-unsigned-binaries -strip-deterministic -strip-tool /Applications/Xcode_16.4.app/Contents/Developer/Toolchains/XcodeDefault.xctoolchain/usr/bin/strip -resolve-src-symlinks -rename /Users/runner/Library/Developer/PhotoAxisBuilds/fe52d68e5807/DerivedData/Build/Intermediates.noindex/PhotoAxis.build/Release/PhotoAxisCore.build/Objects-normal/arm64/PhotoAxisCore.swiftsourceinfo /Users/runner/Library/Developer/PhotoAxisBuilds/fe52d68e5807/DerivedData/Build/Products/Release/PhotoAxisCore.framework/Versions/A/Modules/PhotoAxisCore.swiftmodule/Project/arm64-apple-macos.swiftsourceinfo
build-test	Release build with local ad-hoc signing	2026-10-03T23:49:07.0088740Z 
build-test	Release build with local ad-hoc signing	2026-10-03T23:49:07.0219910Z Ld /Users/runner/Library/Developer/PhotoAxisBuilds/fe52d68e5807/DerivedData/Build/Products/Release/PhotoAxisCore.framework/Versions/A/PhotoAxisCore normal (in target 'PhotoAxisCore' from project 'PhotoAxis')
build-test	Release build with local ad-hoc signing	2026-10-03T23:49:07.0339700Z     cd $REPO
build-test	Release build with local ad-hoc signing	2026-10-03T23:49:07.0472270Z     /Applications/Xcode_16.4.app/Contents/Developer/Toolchains/XcodeDefault.xctoolchain/usr/bin/clang -Xlinker -reproducible -target arm64-apple-macos14.0 -dynamiclib -isysroot /Applications/Xcode_16.4.app/Contents/Developer/Platforms/MacOSX.platform/Developer/SDKs/MacOSX15.5.sdk -Os -L/Users/runner/Library/Developer/PhotoAxisBuilds/fe52d68e5807/DerivedData/Build/Intermediates.noindex/EagerLinkingTBDs/Release -L/Users/runner/Library/Developer/PhotoAxisBuilds/fe52d68e5807/DerivedData/Build/Products/Release -F/Users/runner/Library/Developer/PhotoAxisBuilds/fe52d68e5807/DerivedData/Build/Intermediates.noindex/EagerLinkingTBDs/Release -F/Users/runner/Library/Developer/PhotoAxisBuilds/fe52d68e5807/DerivedData/Build/Products/Release -filelist /Users/runner/Library/Developer/PhotoAxisBuilds/fe52d68e5807/DerivedData/Build/Intermediates.noindex/PhotoAxis.build/Release/PhotoAxisCore.build/Objects-normal/arm64/PhotoAxisCore.LinkFileList -install_name @rpath/PhotoAxisCore.framework/Versions/A/PhotoAxisCore -Xlinker -rpath -Xlinker @executable_path/../Frameworks -Xlinker -rpath -Xlinker @loader_path/../Frameworks -Xlinker -object_path_lto -Xlinker /Users/runner/Library/Developer/PhotoAxisBuilds/fe52d68e5807/DerivedData/Build/Intermediates.noindex/PhotoAxis.build/Release/PhotoAxisCore.build/Objects-normal/arm64/PhotoAxisCore_lto.o -Xlinker -dependency_info -Xlinker /Users/runner/Library/Developer/PhotoAxisBuilds/fe52d68e5807/DerivedData/Build/Intermediates.noindex/PhotoAxis.build/Release/PhotoAxisCore.build/Objects-normal/arm64/PhotoAxisCore_dependency_info.dat -fobjc-link-runtime -L/Applications/Xcode_16.4.app/Contents/Developer/Toolchains/XcodeDefault.xctoolchain/usr/lib/swift/macosx -L/usr/lib/swift -Xlinker -add_ast_path -Xlinker /Users/runner/Library/Developer/PhotoAxisBuilds/fe52d68e5807/DerivedData/Build/Intermediates.noindex/PhotoAxis.build/Release/PhotoAxisCore.build/Objects-normal/arm64/PhotoAxisCore.swiftmodule -Xlinker -no_adhoc_codesign -o /Users/runner/Library/Developer/PhotoAxisBuilds/fe52d68e5807/DerivedData/Build/Products/Release/PhotoAxisCore.framework/Versions/A/PhotoAxisCore
build-test	Release build with local ad-hoc signing	2026-10-03T23:49:07.1922340Z 
build-test	Release build with local ad-hoc signing	2026-10-03T23:49:07.2023970Z ProcessProductPackaging "" /Users/runner/Library/Developer/PhotoAxisBuilds/fe52d68e5807/DerivedData/Build/Intermediates.noindex/PhotoAxis.build/Release/PhotoAxis.build/PhotoAxis.app.xcent (in target 'PhotoAxis' from project 'PhotoAxis')
build-test	Release build with local ad-hoc signing	2026-10-03T23:49:07.2126810Z     cd $REPO
build-test	Release build with local ad-hoc signing	2026-10-03T23:49:07.2228750Z     
build-test	Release build with local ad-hoc signing	2026-10-03T23:49:07.2332560Z     Entitlements:
build-test	Release build with local ad-hoc signing	2026-10-03T23:49:07.2468340Z     
build-test	Release build with local ad-hoc signing	2026-10-03T23:49:07.2573880Z     {
build-test	Release build with local ad-hoc signing	2026-10-03T23:49:07.2679230Z     "com.apple.security.get-task-allow" = 1;
build-test	Release build with local ad-hoc signing	2026-10-03T23:49:07.2782410Z }
build-test	Release build with local ad-hoc signing	2026-10-03T23:49:07.2898080Z     
build-test	Release build with local ad-hoc signing	2026-10-03T23:49:07.3022640Z     builtin-productPackagingUtility -entitlements -format xml -o /Users/runner/Library/Developer/PhotoAxisBuilds/fe52d68e5807/DerivedData/Build/Intermediates.noindex/PhotoAxis.build/Release/PhotoAxis.build/PhotoAxis.app.xcent
build-test	Release build with local ad-hoc signing	2026-10-03T23:49:07.3124100Z 
build-test	Release build with local ad-hoc signing	2026-10-03T23:49:07.3185840Z ProcessProductPackagingDER /Users/runner/Library/Developer/PhotoAxisBuilds/fe52d68e5807/DerivedData/Build/Intermediates.noindex/PhotoAxis.build/Release/PhotoAxis.build/PhotoAxis.app.xcent /Users/runner/Library/Developer/PhotoAxisBuilds/fe52d68e5807/DerivedData/Build/Intermediates.noindex/PhotoAxis.build/Release/PhotoAxis.build/PhotoAxis.app.xcent.der (in target 'PhotoAxis' from project 'PhotoAxis')
build-test	Release build with local ad-hoc signing	2026-10-03T23:49:07.3293570Z     cd $REPO
build-test	Release build with local ad-hoc signing	2026-10-03T23:49:07.3403630Z     /usr/bin/derq query -f xml -i /Users/runner/Library/Developer/PhotoAxisBuilds/fe52d68e5807/DerivedData/Build/Intermediates.noindex/PhotoAxis.build/Release/PhotoAxis.build/PhotoAxis.app.xcent -o /Users/runner/Library/Developer/PhotoAxisBuilds/fe52d68e5807/DerivedData/Build/Intermediates.noindex/PhotoAxis.build/Release/PhotoAxis.build/PhotoAxis.app.xcent.der --raw
build-test	Release build with local ad-hoc signing	2026-10-03T23:49:07.3515590Z 
build-test	Release build with local ad-hoc signing	2026-10-03T23:49:07.3624370Z SwiftDriver PhotoAxis normal arm64 com.apple.xcode.tools.swift.compiler (in target 'PhotoAxis' from project 'PhotoAxis')
build-test	Release build with local ad-hoc signing	2026-10-03T23:49:07.3734480Z     cd $REPO
build-test	Release build with local ad-hoc signing	2026-10-03T23:49:07.3855550Z     builtin-SwiftDriver -- /Applications/Xcode_16.4.app/Contents/Developer/Toolchains/XcodeDefault.xctoolchain/usr/bin/swiftc -module-name PhotoAxis -O -whole-module-optimization -enforce-exclusivity\=checked @/Users/runner/Library/Developer/PhotoAxisBuilds/fe52d68e5807/DerivedData/Build/Intermediates.noindex/PhotoAxis.build/Release/PhotoAxis.build/Objects-normal/arm64/PhotoAxis.SwiftFileList -enable-experimental-feature DebugDescriptionMacro -sdk /Applications/Xcode_16.4.app/Contents/Developer/Platforms/MacOSX.platform/Developer/SDKs/MacOSX15.5.sdk -target arm64-apple-macos14.0 -g -module-cache-path /Users/runner/Library/Developer/PhotoAxisBuilds/fe52d68e5807/DerivedData/ModuleCache.noindex -Xfrontend -serialize-debugging-options -swift-version 6 -I /Users/runner/Library/Developer/PhotoAxisBuilds/fe52d68e5807/DerivedData/Build/Products/Release -F /Users/runner/Library/Developer/PhotoAxisBuilds/fe52d68e5807/DerivedData/Build/Products/Release -c -num-threads 3 -Xcc -ivfsstatcache -Xcc /Users/runner/Library/Developer/PhotoAxisBuilds/fe52d68e5807/DerivedData/SDKStatCaches.noindex/macosx15.5-24F74-a403186ba963133a54a0e0cacd566b0b.sdkstatcache -output-file-map /Users/runner/Library/Developer/PhotoAxisBuilds/fe52d68e5807/DerivedData/Build/Intermediates.noindex/PhotoAxis.build/Release/PhotoAxis.build/Objects-normal/arm64/PhotoAxis-OutputFileMap.json -use-frontend-parseable-output -save-temps -no-color-diagnostics -serialize-diagnostics -emit-dependencies -emit-module -emit-module-path /Users/runner/Library/Developer/PhotoAxisBuilds/fe52d68e5807/DerivedData/Build/Intermediates.noindex/PhotoAxis.build/Release/PhotoAxis.build/Objects-normal/arm64/PhotoAxis.swiftmodule -validate-clang-modules-once -clang-build-session-file /Users/runner/Library/Developer/PhotoAxisBuilds/fe52d68e5807/DerivedData/ModuleCache.noindex/Session.modulevalidation -Xcc -I/Users/runner/Library/Developer/PhotoAxisBuilds/fe52d68e5807/DerivedData/Build/Intermediates.noindex/PhotoAxis.build/Release/PhotoAxis.build/swift-overrides.hmap -emit-const-values -Xfrontend -const-gather-protocols-file -Xfrontend /Users/runner/Library/Developer/PhotoAxisBuilds/fe52d68e5807/DerivedData/Build/Intermediates.noindex/PhotoAxis.build/Release/PhotoAxis.build/Objects-normal/arm64/PhotoAxis_const_extract_protocols.json -Xcc -iquote -Xcc /Users/runner/Library/Developer/PhotoAxisBuilds/fe52d68e5807/DerivedData/Build/Intermediates.noindex/PhotoAxis.build/Release/PhotoAxis.build/PhotoAxis-generated-files.hmap -Xcc -I/Users/runner/Library/Developer/PhotoAxisBuilds/fe52d68e5807/DerivedData/Build/Intermediates.noindex/PhotoAxis.build/Release/PhotoAxis.build/PhotoAxis-own-target-headers.hmap -Xcc -I/Users/runner/Library/Developer/PhotoAxisBuilds/fe52d68e5807/DerivedData/Build/Intermediates.noindex/PhotoAxis.build/Release/PhotoAxis.build/PhotoAxis-all-non-framework-target-headers.hmap -Xcc -ivfsoverlay -Xcc /Users/runner/Library/Developer/PhotoAxisBuilds/fe52d68e5807/DerivedData/Build/Intermediates.noindex/PhotoAxis.build/Release/PhotoAxis-9730526f0700b8b20d57e2b47e796b5b-VFS/all-product-headers.yaml -Xcc -iquote -Xcc /Users/runner/Library/Developer/PhotoAxisBuilds/fe52d68e5807/DerivedData/Build/Intermediates.noindex/PhotoAxis.build/Release/PhotoAxis.build/PhotoAxis-project-headers.hmap -Xcc -I/Users/runner/Library/Developer/PhotoAxisBuilds/fe52d68e5807/DerivedData/Build/Products/Release/include -Xcc -I/Users/runner/Library/Developer/PhotoAxisBuilds/fe52d68e5807/DerivedData/Build/Intermediates.noindex/PhotoAxis.build/Release/PhotoAxis.build/DerivedSources-normal/arm64 -Xcc -I/Users/runner/Library/Developer/PhotoAxisBuilds/fe52d68e5807/DerivedData/Build/Intermediates.noindex/PhotoAxis.build/Release/PhotoAxis.build/DerivedSources/arm64 -Xcc -I/Users/runner/Library/Developer/PhotoAxisBuilds/fe52d68e5807/DerivedData/Build/Intermediates.noindex/PhotoAxis.build/Release/PhotoAxis.build/DerivedSources -emit-objc-header -emit-objc-header-path /Users/runner/Library/Developer/PhotoAxisBuilds/fe52d68e5807/DerivedData/Build/Intermediates.noindex/PhotoAxis.build/Release/PhotoAxis.build/Objects-normal/arm64/PhotoAxis-Swift.h -working-directory $REPO -no-emit-module-separately-wmo
build-test	Release build with local ad-hoc signing	2026-10-03T23:49:07.3983460Z 
build-test	Release build with local ad-hoc signing	2026-10-03T23:49:07.4128160Z SwiftCompile normal arm64 Compiling\ AppDelegate.swift,\ AdjustmentEditing.swift,\ ContentEditing.swift,\ CropEditing.swift,\ ExportStore.swift,\ ICCEmbedding.swift,\ PaintEditing.swift,\ PerspectiveEditing.swift,\ PhotoDocument.swift,\ ProjectStore.swift,\ RecoveryCrashFixture.swift,\ RecoveryStore.swift,\ TransformEditing.swift,\ InvestigationAnalysisEngine.swift,\ InvestigationAnalysisStore.swift,\ InvestigationCaseStore.swift,\ InvestigationComparison.swift,\ InvestigationController.swift,\ InvestigationReviewController.swift,\ InvestigationSharing.swift,\ InvestigationWorkspacePanel.swift,\ OCRExecution.swift,\ OpenImageAnalysis.swift,\ L10n.swift,\ AdjustmentControlsView.swift,\ CanvasCursor.swift,\ CanvasEditing.swift,\ ColorControlsView.swift,\ ContentControlsView.swift,\ ContentInteraction.swift,\ CropInteraction.swift,\ CropOptionsView.swift,\ DocumentCanvasView.swift,\ DocumentControls.swift,\ DocumentCoordinator.swift,\ DocumentSizeController.swift,\ ExportController.swift,\ LayerListView.swift,\ NativeTextEditor.swift,\ OptionsBarView.swift,\ PaintInteraction.swift,\ PerspectiveInteraction.swift,\ PerspectiveLivePreview.swift,\ PerspectiveOptionsView.swift,\ RecoveryController.swift,\ RulerView.swift,\ SettingsWindowController.swift,\ SidebarView.swift,\ ToolsRailView.swift,\ TransformOptionsView.swift,\ WorkspaceControls.swift,\ WorkspacePreferences.swift,\ WorkspaceWindowController.swift,\ AdjustmentFilters.swift,\ ContentRasterizer.swift,\ ImagePipeline.swift,\ PaintRasterizer.swift,\ ScanFilters.swift,\ ScanBatchStore.swift,\ ScanController.swift,\ ScanEngine.swift,\ ToolKind.swift,\ main.swift $REPO/Sources/PhotoAxisApp/AppDelegate.swift $REPO/Sources/PhotoAxisApp/Commands/AdjustmentEditing.swift $REPO/Sources/PhotoAxisApp/Commands/ContentEditing.swift $REPO/Sources/PhotoAxisApp/Commands/CropEditing.swift $REPO/Sources/PhotoAxisApp/Commands/ExportStore.swift $REPO/Sources/PhotoAxisApp/Commands/ICCEmbedding.swift $REPO/Sources/PhotoAxisApp/Commands/PaintEditing.swift $REPO/Sources/PhotoAxisApp/Commands/PerspectiveEditing.swift $REPO/Sources/PhotoAxisApp/Commands/PhotoDocument.swift $REPO/Sources/PhotoAxisApp/Commands/ProjectStore.swift $REPO/Sources/PhotoAxisApp/Commands/RecoveryCrashFixture.swift $REPO/Sources/PhotoAxisApp/Commands/RecoveryStore.swift $REPO/Sources/PhotoAxisApp/Commands/TransformEditing.swift $REPO/Sources/PhotoAxisApp/Investigation/InvestigationAnalysisEngine.swift $REPO/Sources/PhotoAxisApp/Investigation/InvestigationAnalysisStore.swift $REPO/Sources/PhotoAxisApp/Investigation/InvestigationCaseStore.swift $REPO/Sources/PhotoAxisApp/Investigation/InvestigationComparison.swift $REPO/Sources/PhotoAxisApp/Investigation/InvestigationController.swift $REPO/Sources/PhotoAxisApp/Investigation/InvestigationReviewController.swift $REPO/Sources/PhotoAxisApp/Investigation/InvestigationSharing.swift $REPO/Sources/PhotoAxisApp/Investigation/InvestigationWorkspacePanel.swift $REPO/Sources/PhotoAxisApp/Investigation/OCRExecution.swift $REPO/Sources/PhotoAxisApp/Investigation/OpenImageAnalysis.swift $REPO/Sources/PhotoAxisApp/Localization/L10n.swift $REPO/Sources/PhotoAxisApp/NativeWorkspace/AdjustmentControlsView.swift $REPO/Sources/PhotoAxisApp/NativeWorkspace/CanvasCursor.swift $REPO/Sources/PhotoAxisApp/NativeWorkspace/CanvasEditing.swift $REPO/Sources/PhotoAxisApp/NativeWorkspace/ColorControlsView.swift $REPO/Sources/PhotoAxisApp/NativeWorkspace/ContentControlsView.swift $REPO/Sources/PhotoAxisApp/NativeWorkspace/ContentInteraction.swift $REPO/Sources/PhotoAxisApp/NativeWorkspace/CropInteraction.swift $REPO/Sources/PhotoAxisApp/NativeWorkspace/CropOptionsView.swift $REPO/Sources/PhotoAxisApp/NativeWorkspace/DocumentCanvasView.swift $REPO/Sources/PhotoAxisApp/NativeWorkspace/DocumentControls.swift $REPO/Sources/PhotoAxisApp/NativeWorkspace/DocumentCoordinator.swift $REPO/Sources/PhotoAxisApp/NativeWorkspace/DocumentSizeController.swift $REPO/Sources/PhotoAxisApp/NativeWorkspace/ExportController.swift $REPO/Sources/PhotoAxisApp/NativeWorkspace/LayerListView.swift $REPO/Sources/PhotoAxisApp/NativeWorkspace/NativeTextEditor.swift $REPO/Sources/PhotoAxisApp/NativeWorkspace/OptionsBarView.swift $REPO/Sources/PhotoAxisApp/NativeWorkspace/PaintInteraction.swift $REPO/Sources/PhotoAxisApp/NativeWorkspace/PerspectiveInteraction.swift $REPO/Sources/PhotoAxisApp/NativeWorkspace/PerspectiveLivePreview.swift $REPO/Sources/PhotoAxisApp/NativeWorkspace/PerspectiveOptionsView.swift $REPO/Sources/PhotoAxisApp/NativeWorkspace/RecoveryController.swift $REPO/Sources/PhotoAxisApp/NativeWorkspace/RulerView.swift $REPO/Sources/PhotoAxisApp/NativeWorkspace/SettingsWindowController.swift $REPO/Sources/PhotoAxisApp/NativeWorkspace/SidebarView.swift $REPO/Sources/PhotoAxisApp/NativeWorkspace/ToolsRailView.swift $REPO/Sources/PhotoAxisApp/NativeWorkspace/TransformOptionsView.swift $REPO/Sources/PhotoAxisApp/NativeWorkspace/WorkspaceControls.swift $REPO/Sources/PhotoAxisApp/NativeWorkspace/WorkspacePreferences.swift $REPO/Sources/PhotoAxisApp/NativeWorkspace/WorkspaceWindowController.swift $REPO/Sources/PhotoAxisApp/Renderer/AdjustmentFilters.swift $REPO/Sources/PhotoAxisApp/Renderer/ContentRasterizer.swift $REPO/Sources/PhotoAxisApp/Renderer/ImagePipeline.swift $REPO/Sources/PhotoAxisApp/Renderer/PaintRasterizer.swift $REPO/Sources/PhotoAxisApp/Renderer/ScanFilters.swift $REPO/Sources/PhotoAxisApp/Scan/ScanBatchStore.swift $REPO/Sources/PhotoAxisApp/Scan/ScanController.swift $REPO/Sources/PhotoAxisApp/Scan/ScanEngine.swift $REPO/Sources/PhotoAxisApp/Tools/ToolKind.swift $REPO/Sources/PhotoAxisApp/main.swift (in target 'PhotoAxis' from project 'PhotoAxis')
build-test	Release build with local ad-hoc signing	2026-10-03T23:49:07.4214840Z CompileSwift normal arm64 (in target 'PhotoAxis' from project 'PhotoAxis')
build-test	Release build with local ad-hoc signing	2026-10-03T23:49:07.4333040Z     cd $REPO
build-test	Release build with local ad-hoc signing	2026-10-03T23:49:07.4479480Z     
build-test	Release build with local ad-hoc signing	2026-10-03T23:49:43.8684640Z $REPO/Sources/PhotoAxisApp/Investigation/InvestigationController.swift:190:56: warning: left side of nil coalescing operator '??' has non-optional type 'String', so the right side is never used
build-test	Release build with local ad-hoc signing	2026-10-03T23:49:43.8791840Z             let key = button.accessibilityIdentifier() ?? ""
build-test	Release build with local ad-hoc signing	2026-10-03T23:49:43.8893150Z                       ~~~~~~~~~~~~~~~~~~~~~~~~~~~~~~~~~^~~~~
build-test	Release build with local ad-hoc signing	2026-10-03T23:49:43.8994550Z                                                       
build-test	Release build with local ad-hoc signing	2026-10-03T23:49:43.9102170Z 
build-test	Release build with local ad-hoc signing	2026-10-03T23:49:43.9403970Z SwiftDriver\ Compilation PhotoAxis normal arm64 com.apple.xcode.tools.swift.compiler (in target 'PhotoAxis' from project 'PhotoAxis')
build-test	Release build with local ad-hoc signing	2026-10-03T23:49:43.9505610Z     cd $REPO
build-test	Release build with local ad-hoc signing	2026-10-03T23:49:43.9621050Z     builtin-Swift-Compilation -- /Applications/Xcode_16.4.app/Contents/Developer/Toolchains/XcodeDefault.xctoolchain/usr/bin/swiftc -module-name PhotoAxis -O -whole-module-optimization -enforce-exclusivity\=checked @/Users/runner/Library/Developer/PhotoAxisBuilds/fe52d68e5807/DerivedData/Build/Intermediates.noindex/PhotoAxis.build/Release/PhotoAxis.build/Objects-normal/arm64/PhotoAxis.SwiftFileList -enable-experimental-feature DebugDescriptionMacro -sdk /Applications/Xcode_16.4.app/Contents/Developer/Platforms/MacOSX.platform/Developer/SDKs/MacOSX15.5.sdk -target arm64-apple-macos14.0 -g -module-cache-path /Users/runner/Library/Developer/PhotoAxisBuilds/fe52d68e5807/DerivedData/ModuleCache.noindex -Xfrontend -serialize-debugging-options -swift-version 6 -I /Users/runner/Library/Developer/PhotoAxisBuilds/fe52d68e5807/DerivedData/Build/Products/Release -F /Users/runner/Library/Developer/PhotoAxisBuilds/fe52d68e5807/DerivedData/Build/Products/Release -c -num-threads 3 -Xcc -ivfsstatcache -Xcc /Users/runner/Library/Developer/PhotoAxisBuilds/fe52d68e5807/DerivedData/SDKStatCaches.noindex/macosx15.5-24F74-a403186ba963133a54a0e0cacd566b0b.sdkstatcache -output-file-map /Users/runner/Library/Developer/PhotoAxisBuilds/fe52d68e5807/DerivedData/Build/Intermediates.noindex/PhotoAxis.build/Release/PhotoAxis.build/Objects-normal/arm64/PhotoAxis-OutputFileMap.json -use-frontend-parseable-output -save-temps -no-color-diagnostics -serialize-diagnostics -emit-dependencies -emit-module -emit-module-path /Users/runner/Library/Developer/PhotoAxisBuilds/fe52d68e5807/DerivedData/Build/Intermediates.noindex/PhotoAxis.build/Release/PhotoAxis.build/Objects-normal/arm64/PhotoAxis.swiftmodule -validate-clang-modules-once -clang-build-session-file /Users/runner/Library/Developer/PhotoAxisBuilds/fe52d68e5807/DerivedData/ModuleCache.noindex/Session.modulevalidation -Xcc -I/Users/runner/Library/Developer/PhotoAxisBuilds/fe52d68e5807/DerivedData/Build/Intermediates.noindex/PhotoAxis.build/Release/PhotoAxis.build/swift-overrides.hmap -emit-const-values -Xfrontend -const-gather-protocols-file -Xfrontend /Users/runner/Library/Developer/PhotoAxisBuilds/fe52d68e5807/DerivedData/Build/Intermediates.noindex/PhotoAxis.build/Release/PhotoAxis.build/Objects-normal/arm64/PhotoAxis_const_extract_protocols.json -Xcc -iquote -Xcc /Users/runner/Library/Developer/PhotoAxisBuilds/fe52d68e5807/DerivedData/Build/Intermediates.noindex/PhotoAxis.build/Release/PhotoAxis.build/PhotoAxis-generated-files.hmap -Xcc -I/Users/runner/Library/Developer/PhotoAxisBuilds/fe52d68e5807/DerivedData/Build/Intermediates.noindex/PhotoAxis.build/Release/PhotoAxis.build/PhotoAxis-own-target-headers.hmap -Xcc -I/Users/runner/Library/Developer/PhotoAxisBuilds/fe52d68e5807/DerivedData/Build/Intermediates.noindex/PhotoAxis.build/Release/PhotoAxis.build/PhotoAxis-all-non-framework-target-headers.hmap -Xcc -ivfsoverlay -Xcc /Users/runner/Library/Developer/PhotoAxisBuilds/fe52d68e5807/DerivedData/Build/Intermediates.noindex/PhotoAxis.build/Release/PhotoAxis-9730526f0700b8b20d57e2b47e796b5b-VFS/all-product-headers.yaml -Xcc -iquote -Xcc /Users/runner/Library/Developer/PhotoAxisBuilds/fe52d68e5807/DerivedData/Build/Intermediates.noindex/PhotoAxis.build/Release/PhotoAxis.build/PhotoAxis-project-headers.hmap -Xcc -I/Users/runner/Library/Developer/PhotoAxisBuilds/fe52d68e5807/DerivedData/Build/Products/Release/include -Xcc -I/Users/runner/Library/Developer/PhotoAxisBuilds/fe52d68e5807/DerivedData/Build/Intermediates.noindex/PhotoAxis.build/Release/PhotoAxis.build/DerivedSources-normal/arm64 -Xcc -I/Users/runner/Library/Developer/PhotoAxisBuilds/fe52d68e5807/DerivedData/Build/Intermediates.noindex/PhotoAxis.build/Release/PhotoAxis.build/DerivedSources/arm64 -Xcc -I/Users/runner/Library/Developer/PhotoAxisBuilds/fe52d68e5807/DerivedData/Build/Intermediates.noindex/PhotoAxis.build/Release/PhotoAxis.build/DerivedSources -emit-objc-header -emit-objc-header-path /Users/runner/Library/Developer/PhotoAxisBuilds/fe52d68e5807/DerivedData/Build/Intermediates.noindex/PhotoAxis.build/Release/PhotoAxis.build/Objects-normal/arm64/PhotoAxis-Swift.h -working-directory $REPO -no-emit-module-separately-wmo
build-test	Release build with local ad-hoc signing	2026-10-03T23:49:43.9745450Z 
build-test	Release build with local ad-hoc signing	2026-10-03T23:49:43.9846620Z ExtractAppIntentsMetadata (in target 'PhotoAxisCore' from project 'PhotoAxis')
build-test	Release build with local ad-hoc signing	2026-10-03T23:49:43.9948260Z     cd $REPO
build-test	Release build with local ad-hoc signing	2026-10-03T23:49:43.9963480Z     /Applications/Xcode_16.4.app/Contents/Developer/Toolchains/XcodeDefault.xctoolchain/usr/bin/appintentsmetadataprocessor --toolchain-dir /Applications/Xcode_16.4.app/Contents/Developer/Toolchains/XcodeDefault.xctoolchain --module-name PhotoAxisCore --sdk-root /Applications/Xcode_16.4.app/Contents/Developer/Platforms/MacOSX.platform/Developer/SDKs/MacOSX15.5.sdk --xcode-version 16F6 --platform-family macOS --deployment-target 14.0 --bundle-identifier local.photoaxis.core --output /Users/runner/Library/Developer/PhotoAxisBuilds/fe52d68e5807/DerivedData/Build/Products/Release/PhotoAxisCore.framework/Versions/A/Resources --target-triple arm64-apple-macos14.0 --binary-file /Users/runner/Library/Developer/PhotoAxisBuilds/fe52d68e5807/DerivedData/Build/Products/Release/PhotoAxisCore.framework/Versions/A/PhotoAxisCore --dependency-file /Users/runner/Library/Developer/PhotoAxisBuilds/fe52d68e5807/DerivedData/Build/Intermediates.noindex/PhotoAxis.build/Release/PhotoAxisCore.build/Objects-normal/arm64/PhotoAxisCore_dependency_info.dat --stringsdata-file /Users/runner/Library/Developer/PhotoAxisBuilds/fe52d68e5807/DerivedData/Build/Intermediates.noindex/PhotoAxis.build/Release/PhotoAxisCore.build/Objects-normal/arm64/ExtractedAppShortcutsMetadata.stringsdata --source-file-list /Users/runner/Library/Developer/PhotoAxisBuilds/fe52d68e5807/DerivedData/Build/Intermediates.noindex/PhotoAxis.build/Release/PhotoAxisCore.build/Objects-normal/arm64/PhotoAxisCore.SwiftFileList --metadata-file-list /Users/runner/Library/Developer/PhotoAxisBuilds/fe52d68e5807/DerivedData/Build/Intermediates.noindex/PhotoAxis.build/Release/PhotoAxisCore.build/PhotoAxisCore.DependencyMetadataFileList --static-metadata-file-list /Users/runner/Library/Developer/PhotoAxisBuilds/fe52d68e5807/DerivedData/Build/Intermediates.noindex/PhotoAxis.build/Release/PhotoAxisCore.build/PhotoAxisCore.DependencyStaticMetadataFileList --swift-const-vals-list /Users/runner/Library/Developer/PhotoAxisBuilds/fe52d68e5807/DerivedData/Build/Intermediates.noindex/PhotoAxis.build/Release/PhotoAxisCore.build/Objects-normal/arm64/PhotoAxisCore.SwiftConstValuesFileList --compile-time-extraction --deployment-aware-processing --validate-assistant-intents --no-app-shortcuts-localization
build-test	Release build with local ad-hoc signing	2026-10-03T23:49:44.0072650Z 2026-10-03 23:49:07.276 appintentsmetadataprocessor[3843:15630] Starting appintentsmetadataprocessor export
build-test	Release build with local ad-hoc signing	2026-10-03T23:49:44.0174390Z 2026-10-03 23:49:07.279 appintentsmetadataprocessor[3843:15630] warning: Metadata extraction skipped. No AppIntents.framework dependency found.
build-test	Release build with local ad-hoc signing	2026-10-03T23:49:44.0275350Z 
build-test	Release build with local ad-hoc signing	2026-10-03T23:49:44.0320340Z GenerateDSYMFile /Users/runner/Library/Developer/PhotoAxisBuilds/fe52d68e5807/DerivedData/Build/Products/Release/PhotoAxisCore.framework.dSYM /Users/runner/Library/Developer/PhotoAxisBuilds/fe52d68e5807/DerivedData/Build/Products/Release/PhotoAxisCore.framework/Versions/A/PhotoAxisCore (in target 'PhotoAxisCore' from project 'PhotoAxis')
build-test	Release build with local ad-hoc signing	2026-10-03T23:49:44.0396590Z     cd $REPO
build-test	Release build with local ad-hoc signing	2026-10-03T23:49:44.0471900Z     /Applications/Xcode_16.4.app/Contents/Developer/Toolchains/XcodeDefault.xctoolchain/usr/bin/dsymutil /Users/runner/Library/Developer/PhotoAxisBuilds/fe52d68e5807/DerivedData/Build/Products/Release/PhotoAxisCore.framework/Versions/A/PhotoAxisCore -o /Users/runner/Library/Developer/PhotoAxisBuilds/fe52d68e5807/DerivedData/Build/Products/Release/PhotoAxisCore.framework.dSYM
build-test	Release build with local ad-hoc signing	2026-10-03T23:49:44.0495360Z 
build-test	Release build with local ad-hoc signing	2026-10-03T23:49:44.0561180Z GenerateTAPI /Users/runner/Library/Developer/PhotoAxisBuilds/fe52d68e5807/DerivedData/Build/Intermediates.noindex/EagerLinkingTBDs/Release/PhotoAxisCore.framework/Versions/A/PhotoAxisCore.tbd (in target 'PhotoAxisCore' from project 'PhotoAxis')
build-test	Release build with local ad-hoc signing	2026-10-03T23:49:44.0576150Z     cd $REPO
build-test	Release build with local ad-hoc signing	2026-10-03T23:49:44.0650830Z     /Applications/Xcode_16.4.app/Contents/Developer/Toolchains/XcodeDefault.xctoolchain/usr/bin/tapi stubify -isysroot /Applications/Xcode_16.4.app/Contents/Developer/Platforms/MacOSX.platform/Developer/SDKs/MacOSX15.5.sdk -F/Users/runner/Library/Developer/PhotoAxisBuilds/fe52d68e5807/DerivedData/Build/Products/Release -L/Users/runner/Library/Developer/PhotoAxisBuilds/fe52d68e5807/DerivedData/Build/Products/Release /Users/runner/Library/Developer/PhotoAxisBuilds/fe52d68e5807/DerivedData/Build/Products/Release/PhotoAxisCore.framework/Versions/A/PhotoAxisCore -o /Users/runner/Library/Developer/PhotoAxisBuilds/fe52d68e5807/DerivedData/Build/Intermediates.noindex/EagerLinkingTBDs/Release/PhotoAxisCore.framework/Versions/A/PhotoAxisCore.tbd
build-test	Release build with local ad-hoc signing	2026-10-03T23:49:44.0687720Z 
build-test	Release build with local ad-hoc signing	2026-10-03T23:49:44.0694570Z CodeSign /Users/runner/Library/Developer/PhotoAxisBuilds/fe52d68e5807/DerivedData/Build/Products/Release/PhotoAxisCore.framework/Versions/A (in target 'PhotoAxisCore' from project 'PhotoAxis')
build-test	Release build with local ad-hoc signing	2026-10-03T23:49:44.0696250Z     cd $REPO
build-test	Release build with local ad-hoc signing	2026-10-03T23:49:44.0696740Z     
build-test	Release build with local ad-hoc signing	2026-10-03T23:49:44.0697100Z     Signing Identity:     "Sign to Run Locally"
build-test	Release build with local ad-hoc signing	2026-10-03T23:49:44.0697580Z     
build-test	Release build with local ad-hoc signing	2026-10-03T23:49:44.0712660Z     /usr/bin/codesign --force --sign - --timestamp\=none --generate-entitlement-der /Users/runner/Library/Developer/PhotoAxisBuilds/fe52d68e5807/DerivedData/Build/Products/Release/PhotoAxisCore.framework/Versions/A
build-test	Release build with local ad-hoc signing	2026-10-03T23:49:44.0716760Z 
build-test	Release build with local ad-hoc signing	2026-10-03T23:49:44.0717590Z RegisterExecutionPolicyException /Users/runner/Library/Developer/PhotoAxisBuilds/fe52d68e5807/DerivedData/Build/Products/Release/PhotoAxisCore.framework (in target 'PhotoAxisCore' from project 'PhotoAxis')
build-test	Release build with local ad-hoc signing	2026-10-03T23:49:44.0718670Z     cd $REPO
build-test	Release build with local ad-hoc signing	2026-10-03T23:49:44.0719470Z     builtin-RegisterExecutionPolicyException /Users/runner/Library/Developer/PhotoAxisBuilds/fe52d68e5807/DerivedData/Build/Products/Release/PhotoAxisCore.framework
build-test	Release build with local ad-hoc signing	2026-10-03T23:49:44.0720250Z 
build-test	Release build with local ad-hoc signing	2026-10-03T23:49:44.0721610Z SymLink /Users/runner/Library/Developer/PhotoAxisBuilds/fe52d68e5807/DerivedData/Build/Intermediates.noindex/EagerLinkingTBDs/Release/PhotoAxisCore.framework/PhotoAxisCore.tbd /Users/runner/Library/Developer/PhotoAxisBuilds/fe52d68e5807/DerivedData/Build/Intermediates.noindex/EagerLinkingTBDs/Release/PhotoAxisCore.framework/Versions/A/PhotoAxisCore.tbd (in target 'PhotoAxisCore' from project 'PhotoAxis')
build-test	Release build with local ad-hoc signing	2026-10-03T23:49:44.0723610Z     cd $REPO
build-test	Release build with local ad-hoc signing	2026-10-03T23:49:44.0724890Z     /bin/ln -sfh /Users/runner/Library/Developer/PhotoAxisBuilds/fe52d68e5807/DerivedData/Build/Intermediates.noindex/EagerLinkingTBDs/Release/PhotoAxisCore.framework/Versions/A/PhotoAxisCore.tbd /Users/runner/Library/Developer/PhotoAxisBuilds/fe52d68e5807/DerivedData/Build/Intermediates.noindex/EagerLinkingTBDs/Release/PhotoAxisCore.framework/PhotoAxisCore.tbd
build-test	Release build with local ad-hoc signing	2026-10-03T23:49:44.0726130Z 
build-test	Release build with local ad-hoc signing	2026-10-03T23:49:44.0726660Z Touch /Users/runner/Library/Developer/PhotoAxisBuilds/fe52d68e5807/DerivedData/Build/Products/Release/PhotoAxisCore.framework (in target 'PhotoAxisCore' from project 'PhotoAxis')
build-test	Release build with local ad-hoc signing	2026-10-03T23:49:44.0727470Z     cd $REPO
build-test	Release build with local ad-hoc signing	2026-10-03T23:49:44.0728030Z     /usr/bin/touch -c /Users/runner/Library/Developer/PhotoAxisBuilds/fe52d68e5807/DerivedData/Build/Products/Release/PhotoAxisCore.framework
build-test	Release build with local ad-hoc signing	2026-10-03T23:49:44.0728560Z 
build-test	Release build with local ad-hoc signing	2026-10-03T23:49:44.0733610Z SwiftDriverJobDiscovery normal arm64 Compiling AppDelegate.swift, AdjustmentEditing.swift, ContentEditing.swift, CropEditing.swift, ExportStore.swift, ICCEmbedding.swift, PaintEditing.swift, PerspectiveEditing.swift, PhotoDocument.swift, ProjectStore.swift, RecoveryCrashFixture.swift, RecoveryStore.swift, TransformEditing.swift, InvestigationAnalysisEngine.swift, InvestigationAnalysisStore.swift, InvestigationCaseStore.swift, InvestigationComparison.swift, InvestigationController.swift, InvestigationReviewController.swift, InvestigationSharing.swift, InvestigationWorkspacePanel.swift, OCRExecution.swift, OpenImageAnalysis.swift, L10n.swift, AdjustmentControlsView.swift, CanvasCursor.swift, CanvasEditing.swift, ColorControlsView.swift, ContentControlsView.swift, ContentInteraction.swift, CropInteraction.swift, CropOptionsView.swift, DocumentCanvasView.swift, DocumentControls.swift, DocumentCoordinator.swift, DocumentSizeController.swift, ExportController.swift, LayerListView.swift, NativeTextEditor.swift, OptionsBarView.swift, PaintInteraction.swift, PerspectiveInteraction.swift, PerspectiveLivePreview.swift, PerspectiveOptionsView.swift, RecoveryController.swift, RulerView.swift, SettingsWindowController.swift, SidebarView.swift, ToolsRailView.swift, TransformOptionsView.swift, WorkspaceControls.swift, WorkspacePreferences.swift, WorkspaceWindowController.swift, AdjustmentFilters.swift, ContentRasterizer.swift, ImagePipeline.swift, PaintRasterizer.swift, ScanFilters.swift, ScanBatchStore.swift, ScanController.swift, ScanEngine.swift, ToolKind.swift, main.swift (in target 'PhotoAxis' from project 'PhotoAxis')
build-test	Release build with local ad-hoc signing	2026-10-03T23:49:44.0739310Z 
build-test	Release build with local ad-hoc signing	2026-10-03T23:49:44.0739750Z SwiftDriver\ Compilation\ Requirements PhotoAxis normal arm64 com.apple.xcode.tools.swift.compiler (in target 'PhotoAxis' from project 'PhotoAxis')
build-test	Release build with local ad-hoc signing	2026-10-03T23:49:44.0740380Z     cd $REPO
build-test	Release build with local ad-hoc signing	2026-10-03T23:49:44.0753600Z     builtin-Swift-Compilation-Requirements -- /Applications/Xcode_16.4.app/Contents/Developer/Toolchains/XcodeDefault.xctoolchain/usr/bin/swiftc -module-name PhotoAxis -O -whole-module-optimization -enforce-exclusivity\=checked @/Users/runner/Library/Developer/PhotoAxisBuilds/fe52d68e5807/DerivedData/Build/Intermediates.noindex/PhotoAxis.build/Release/PhotoAxis.build/Objects-normal/arm64/PhotoAxis.SwiftFileList -enable-experimental-feature DebugDescriptionMacro -sdk /Applications/Xcode_16.4.app/Contents/Developer/Platforms/MacOSX.platform/Developer/SDKs/MacOSX15.5.sdk -target arm64-apple-macos14.0 -g -module-cache-path /Users/runner/Library/Developer/PhotoAxisBuilds/fe52d68e5807/DerivedData/ModuleCache.noindex -Xfrontend -serialize-debugging-options -swift-version 6 -I /Users/runner/Library/Developer/PhotoAxisBuilds/fe52d68e5807/DerivedData/Build/Products/Release -F /Users/runner/Library/Developer/PhotoAxisBuilds/fe52d68e5807/DerivedData/Build/Products/Release -c -num-threads 3 -Xcc -ivfsstatcache -Xcc /Users/runner/Library/Developer/PhotoAxisBuilds/fe52d68e5807/DerivedData/SDKStatCaches.noindex/macosx15.5-24F74-a403186ba963133a54a0e0cacd566b0b.sdkstatcache -output-file-map /Users/runner/Library/Developer/PhotoAxisBuilds/fe52d68e5807/DerivedData/Build/Intermediates.noindex/PhotoAxis.build/Release/PhotoAxis.build/Objects-normal/arm64/PhotoAxis-OutputFileMap.json -use-frontend-parseable-output -save-temps -no-color-diagnostics -serialize-diagnostics -emit-dependencies -emit-module -emit-module-path /Users/runner/Library/Developer/PhotoAxisBuilds/fe52d68e5807/DerivedData/Build/Intermediates.noindex/PhotoAxis.build/Release/PhotoAxis.build/Objects-normal/arm64/PhotoAxis.swiftmodule -validate-clang-modules-once -clang-build-session-file /Users/runner/Library/Developer/PhotoAxisBuilds/fe52d68e5807/DerivedData/ModuleCache.noindex/Session.modulevalidation -Xcc -I/Users/runner/Library/Developer/PhotoAxisBuilds/fe52d68e5807/DerivedData/Build/Intermediates.noindex/PhotoAxis.build/Release/PhotoAxis.build/swift-overrides.hmap -emit-const-values -Xfrontend -const-gather-protocols-file -Xfrontend /Users/runner/Library/Developer/PhotoAxisBuilds/fe52d68e5807/DerivedData/Build/Intermediates.noindex/PhotoAxis.build/Release/PhotoAxis.build/Objects-normal/arm64/PhotoAxis_const_extract_protocols.json -Xcc -iquote -Xcc /Users/runner/Library/Developer/PhotoAxisBuilds/fe52d68e5807/DerivedData/Build/Intermediates.noindex/PhotoAxis.build/Release/PhotoAxis.build/PhotoAxis-generated-files.hmap -Xcc -I/Users/runner/Library/Developer/PhotoAxisBuilds/fe52d68e5807/DerivedData/Build/Intermediates.noindex/PhotoAxis.build/Release/PhotoAxis.build/PhotoAxis-own-target-headers.hmap -Xcc -I/Users/runner/Library/Developer/PhotoAxisBuilds/fe52d68e5807/DerivedData/Build/Intermediates.noindex/PhotoAxis.build/Release/PhotoAxis.build/PhotoAxis-all-non-framework-target-headers.hmap -Xcc -ivfsoverlay -Xcc /Users/runner/Library/Developer/PhotoAxisBuilds/fe52d68e5807/DerivedData/Build/Intermediates.noindex/PhotoAxis.build/Release/PhotoAxis-9730526f0700b8b20d57e2b47e796b5b-VFS/all-product-headers.yaml -Xcc -iquote -Xcc /Users/runner/Library/Developer/PhotoAxisBuilds/fe52d68e5807/DerivedData/Build/Intermediates.noindex/PhotoAxis.build/Release/PhotoAxis.build/PhotoAxis-project-headers.hmap -Xcc -I/Users/runner/Library/Developer/PhotoAxisBuilds/fe52d68e5807/DerivedData/Build/Products/Release/include -Xcc -I/Users/runner/Library/Developer/PhotoAxisBuilds/fe52d68e5807/DerivedData/Build/Intermediates.noindex/PhotoAxis.build/Release/PhotoAxis.build/DerivedSources-normal/arm64 -Xcc -I/Users/runner/Library/Developer/PhotoAxisBuilds/fe52d68e5807/DerivedData/Build/Intermediates.noindex/PhotoAxis.build/Release/PhotoAxis.build/DerivedSources/arm64 -Xcc -I/Users/runner/Library/Developer/PhotoAxisBuilds/fe52d68e5807/DerivedData/Build/Intermediates.noindex/PhotoAxis.build/Release/PhotoAxis.build/DerivedSources -emit-objc-header -emit-objc-header-path /Users/runner/Library/Developer/PhotoAxisBuilds/fe52d68e5807/DerivedData/Build/Intermediates.noindex/PhotoAxis.build/Release/PhotoAxis.build/Objects-normal/arm64/PhotoAxis-Swift.h -working-directory $REPO -no-emit-module-separately-wmo
build-test	Release build with local ad-hoc signing	2026-10-03T23:49:44.0770760Z 
build-test	Release build with local ad-hoc signing	2026-10-03T23:49:44.0772260Z SwiftMergeGeneratedHeaders /Users/runner/Library/Developer/PhotoAxisBuilds/fe52d68e5807/DerivedData/Build/Intermediates.noindex/PhotoAxis.build/Release/PhotoAxis.build/DerivedSources/PhotoAxis-Swift.h /Users/runner/Library/Developer/PhotoAxisBuilds/fe52d68e5807/DerivedData/Build/Intermediates.noindex/PhotoAxis.build/Release/PhotoAxis.build/Objects-normal/arm64/PhotoAxis-Swift.h (in target 'PhotoAxis' from project 'PhotoAxis')
build-test	Release build with local ad-hoc signing	2026-10-03T23:49:44.0773760Z     cd $REPO
build-test	Release build with local ad-hoc signing	2026-10-03T23:49:44.0775540Z     builtin-swiftHeaderTool -arch arm64 /Users/runner/Library/Developer/PhotoAxisBuilds/fe52d68e5807/DerivedData/Build/Intermediates.noindex/PhotoAxis.build/Release/PhotoAxis.build/Objects-normal/arm64/PhotoAxis-Swift.h -o /Users/runner/Library/Developer/PhotoAxisBuilds/fe52d68e5807/DerivedData/Build/Intermediates.noindex/PhotoAxis.build/Release/PhotoAxis.build/DerivedSources/PhotoAxis-Swift.h
build-test	Release build with local ad-hoc signing	2026-10-03T23:49:44.0777160Z 
build-test	Release build with local ad-hoc signing	2026-10-03T23:49:44.0778640Z Copy /Users/runner/Library/Developer/PhotoAxisBuilds/fe52d68e5807/DerivedData/Build/Products/Release/PhotoAxis.swiftmodule/arm64-apple-macos.swiftdoc /Users/runner/Library/Developer/PhotoAxisBuilds/fe52d68e5807/DerivedData/Build/Intermediates.noindex/PhotoAxis.build/Release/PhotoAxis.build/Objects-normal/arm64/PhotoAxis.swiftdoc (in target 'PhotoAxis' from project 'PhotoAxis')
build-test	Release build with local ad-hoc signing	2026-10-03T23:49:44.0780060Z     cd $REPO
build-test	Release build with local ad-hoc signing	2026-10-03T23:49:44.0782140Z     builtin-copy -exclude .DS_Store -exclude CVS -exclude .svn -exclude .git -exclude .hg -strip-unsigned-binaries -strip-deterministic -strip-tool /Applications/Xcode_16.4.app/Contents/Developer/Toolchains/XcodeDefault.xctoolchain/usr/bin/strip -resolve-src-symlinks -rename /Users/runner/Library/Developer/PhotoAxisBuilds/fe52d68e5807/DerivedData/Build/Intermediates.noindex/PhotoAxis.build/Release/PhotoAxis.build/Objects-normal/arm64/PhotoAxis.swiftdoc /Users/runner/Library/Developer/PhotoAxisBuilds/fe52d68e5807/DerivedData/Build/Products/Release/PhotoAxis.swiftmodule/arm64-apple-macos.swiftdoc
build-test	Release build with local ad-hoc signing	2026-10-03T23:49:44.0784080Z 
build-test	Release build with local ad-hoc signing	2026-10-03T23:49:44.0785280Z Copy /Users/runner/Library/Developer/PhotoAxisBuilds/fe52d68e5807/DerivedData/Build/Products/Release/PhotoAxis.swiftmodule/arm64-apple-macos.swiftmodule /Users/runner/Library/Developer/PhotoAxisBuilds/fe52d68e5807/DerivedData/Build/Intermediates.noindex/PhotoAxis.build/Release/PhotoAxis.build/Objects-normal/arm64/PhotoAxis.swiftmodule (in target 'PhotoAxis' from project 'PhotoAxis')
build-test	Release build with local ad-hoc signing	2026-10-03T23:49:44.0786750Z     cd $REPO
build-test	Release build with local ad-hoc signing	2026-10-03T23:49:44.0788820Z     builtin-copy -exclude .DS_Store -exclude CVS -exclude .svn -exclude .git -exclude .hg -strip-unsigned-binaries -strip-deterministic -strip-tool /Applications/Xcode_16.4.app/Contents/Developer/Toolchains/XcodeDefault.xctoolchain/usr/bin/strip -resolve-src-symlinks -rename /Users/runner/Library/Developer/PhotoAxisBuilds/fe52d68e5807/DerivedData/Build/Intermediates.noindex/PhotoAxis.build/Release/PhotoAxis.build/Objects-normal/arm64/PhotoAxis.swiftmodule /Users/runner/Library/Developer/PhotoAxisBuilds/fe52d68e5807/DerivedData/Build/Products/Release/PhotoAxis.swiftmodule/arm64-apple-macos.swiftmodule
build-test	Release build with local ad-hoc signing	2026-10-03T23:49:44.0790900Z 
build-test	Release build with local ad-hoc signing	2026-10-03T23:49:44.0792040Z Copy /Users/runner/Library/Developer/PhotoAxisBuilds/fe52d68e5807/DerivedData/Build/Products/Release/PhotoAxis.swiftmodule/arm64-apple-macos.abi.json /Users/runner/Library/Developer/PhotoAxisBuilds/fe52d68e5807/DerivedData/Build/Intermediates.noindex/PhotoAxis.build/Release/PhotoAxis.build/Objects-normal/arm64/PhotoAxis.abi.json (in target 'PhotoAxis' from project 'PhotoAxis')
build-test	Release build with local ad-hoc signing	2026-10-03T23:49:44.0793350Z     cd $REPO
build-test	Release build with local ad-hoc signing	2026-10-03T23:49:44.0795380Z     builtin-copy -exclude .DS_Store -exclude CVS -exclude .svn -exclude .git -exclude .hg -strip-unsigned-binaries -strip-deterministic -strip-tool /Applications/Xcode_16.4.app/Contents/Developer/Toolchains/XcodeDefault.xctoolchain/usr/bin/strip -resolve-src-symlinks -rename /Users/runner/Library/Developer/PhotoAxisBuilds/fe52d68e5807/DerivedData/Build/Intermediates.noindex/PhotoAxis.build/Release/PhotoAxis.build/Objects-normal/arm64/PhotoAxis.abi.json /Users/runner/Library/Developer/PhotoAxisBuilds/fe52d68e5807/DerivedData/Build/Products/Release/PhotoAxis.swiftmodule/arm64-apple-macos.abi.json
build-test	Release build with local ad-hoc signing	2026-10-03T23:49:44.0797330Z 
build-test	Release build with local ad-hoc signing	2026-10-03T23:49:44.0798710Z Copy /Users/runner/Library/Developer/PhotoAxisBuilds/fe52d68e5807/DerivedData/Build/Products/Release/PhotoAxis.swiftmodule/Project/arm64-apple-macos.swiftsourceinfo /Users/runner/Library/Developer/PhotoAxisBuilds/fe52d68e5807/DerivedData/Build/Intermediates.noindex/PhotoAxis.build/Release/PhotoAxis.build/Objects-normal/arm64/PhotoAxis.swiftsourceinfo (in target 'PhotoAxis' from project 'PhotoAxis')
build-test	Release build with local ad-hoc signing	2026-10-03T23:49:44.0800240Z     cd $REPO
build-test	Release build with local ad-hoc signing	2026-10-03T23:49:44.0802420Z     builtin-copy -exclude .DS_Store -exclude CVS -exclude .svn -exclude .git -exclude .hg -strip-unsigned-binaries -strip-deterministic -strip-tool /Applications/Xcode_16.4.app/Contents/Developer/Toolchains/XcodeDefault.xctoolchain/usr/bin/strip -resolve-src-symlinks -rename /Users/runner/Library/Developer/PhotoAxisBuilds/fe52d68e5807/DerivedData/Build/Intermediates.noindex/PhotoAxis.build/Release/PhotoAxis.build/Objects-normal/arm64/PhotoAxis.swiftsourceinfo /Users/runner/Library/Developer/PhotoAxisBuilds/fe52d68e5807/DerivedData/Build/Products/Release/PhotoAxis.swiftmodule/Project/arm64-apple-macos.swiftsourceinfo
build-test	Release build with local ad-hoc signing	2026-10-03T23:49:44.0804480Z 
build-test	Release build with local ad-hoc signing	2026-10-03T23:49:44.0805310Z Ld /Users/runner/Library/Developer/PhotoAxisBuilds/fe52d68e5807/DerivedData/Build/Products/Release/PhotoAxis.app/Contents/MacOS/PhotoAxis normal (in target 'PhotoAxis' from project 'PhotoAxis')
build-test	Release build with local ad-hoc signing	2026-10-03T23:49:44.0806260Z     cd $REPO
build-test	Release build with local ad-hoc signing	2026-10-03T23:49:44.0812590Z     /Applications/Xcode_16.4.app/Contents/Developer/Toolchains/XcodeDefault.xctoolchain/usr/bin/clang -Xlinker -reproducible -target arm64-apple-macos14.0 -isysroot /Applications/Xcode_16.4.app/Contents/Developer/Platforms/MacOSX.platform/Developer/SDKs/MacOSX15.5.sdk -Os -L/Users/runner/Library/Developer/PhotoAxisBuilds/fe52d68e5807/DerivedData/Build/Intermediates.noindex/EagerLinkingTBDs/Release -L/Users/runner/Library/Developer/PhotoAxisBuilds/fe52d68e5807/DerivedData/Build/Products/Release -F/Users/runner/Library/Developer/PhotoAxisBuilds/fe52d68e5807/DerivedData/Build/Intermediates.noindex/EagerLinkingTBDs/Release -F/Users/runner/Library/Developer/PhotoAxisBuilds/fe52d68e5807/DerivedData/Build/Products/Release -filelist /Users/runner/Library/Developer/PhotoAxisBuilds/fe52d68e5807/DerivedData/Build/Intermediates.noindex/PhotoAxis.build/Release/PhotoAxis.build/Objects-normal/arm64/PhotoAxis.LinkFileList -Xlinker -rpath -Xlinker @executable_path/../Frameworks -Xlinker -rpath -Xlinker @loader_path/../Frameworks -Xlinker -object_path_lto -Xlinker /Users/runner/Library/Developer/PhotoAxisBuilds/fe52d68e5807/DerivedData/Build/Intermediates.noindex/PhotoAxis.build/Release/PhotoAxis.build/Objects-normal/arm64/PhotoAxis_lto.o -Xlinker -dependency_info -Xlinker /Users/runner/Library/Developer/PhotoAxisBuilds/fe52d68e5807/DerivedData/Build/Intermediates.noindex/PhotoAxis.build/Release/PhotoAxis.build/Objects-normal/arm64/PhotoAxis_dependency_info.dat -fobjc-link-runtime -L/Applications/Xcode_16.4.app/Contents/Developer/Toolchains/XcodeDefault.xctoolchain/usr/lib/swift/macosx -L/usr/lib/swift -Xlinker -add_ast_path -Xlinker /Users/runner/Library/Developer/PhotoAxisBuilds/fe52d68e5807/DerivedData/Build/Intermediates.noindex/PhotoAxis.build/Release/PhotoAxis.build/Objects-normal/arm64/PhotoAxis.swiftmodule -framework PhotoAxisCore -Xlinker -no_adhoc_codesign -o /Users/runner/Library/Developer/PhotoAxisBuilds/fe52d68e5807/DerivedData/Build/Products/Release/PhotoAxis.app/Contents/MacOS/PhotoAxis
build-test	Release build with local ad-hoc signing	2026-10-03T23:49:44.5464200Z 
build-test	Release build with local ad-hoc signing	2026-10-03T23:49:44.5545420Z PhaseScriptExecution Compile\ Core\ Image\ kernel /Users/runner/Library/Developer/PhotoAxisBuilds/fe52d68e5807/DerivedData/Build/Intermediates.noindex/PhotoAxis.build/Release/PhotoAxis.build/Script-51503C2492BDF84DA711D67B.sh (in target 'PhotoAxis' from project 'PhotoAxis')
build-test	Release build with local ad-hoc signing	2026-10-03T23:49:44.5547460Z     cd $REPO
build-test	Release build with local ad-hoc signing	2026-10-03T23:49:44.5547870Z     export ACTION\=build
build-test	Release build with local ad-hoc signing	2026-10-03T23:49:44.5548300Z     export AD_HOC_CODE_SIGNING_ALLOWED\=YES
build-test	Release build with local ad-hoc signing	2026-10-03T23:49:44.5548680Z     export AGGREGATE_TRACKED_DOMAINS\=YES
build-test	Release build with local ad-hoc signing	2026-10-03T23:49:44.5549150Z     export ALLOW_BUILD_REQUEST_OVERRIDES\=NO
build-test	Release build with local ad-hoc signing	2026-10-03T23:49:44.5549670Z     export ALLOW_TARGET_PLATFORM_SPECIALIZATION\=NO
build-test	Release build with local ad-hoc signing	2026-10-03T23:49:44.5550100Z     export ALTERNATE_GROUP\=staff
build-test	Release build with local ad-hoc signing	2026-10-03T23:49:44.5550460Z     export ALTERNATE_MODE\=u+w,go-w,a+rX
build-test	Release build with local ad-hoc signing	2026-10-03T23:49:44.5550910Z     export ALTERNATE_OWNER\=runner
build-test	Release build with local ad-hoc signing	2026-10-03T23:49:44.5551350Z     export ALTERNATIVE_DISTRIBUTION_WEB\=NO
build-test	Release build with local ad-hoc signing	2026-10-03T23:49:44.5552120Z     export ALWAYS_EMBED_SWIFT_STANDARD_LIBRARIES\=NO
build-test	Release build with local ad-hoc signing	2026-10-03T23:49:44.5553000Z     export ALWAYS_SEARCH_USER_PATHS\=YES
build-test	Release build with local ad-hoc signing	2026-10-03T23:49:44.5579330Z     export ALWAYS_USE_SEPARATE_HEADERMAPS\=NO
build-test	Release build with local ad-hoc signing	2026-10-03T23:49:44.5579730Z     export APPLICATION_EXTENSION_API_ONLY\=NO
build-test	Release build with local ad-hoc signing	2026-10-03T23:49:44.5580100Z     export APPLY_RULES_IN_COPY_FILES\=NO
build-test	Release build with local ad-hoc signing	2026-10-03T23:49:44.5580510Z     export APPLY_RULES_IN_COPY_HEADERS\=NO
build-test	Release build with local ad-hoc signing	2026-10-03T23:49:44.5580840Z     export APP_SHORTCUTS_ENABLE_FLEXIBLE_MATCHING\=YES
build-test	Release build with local ad-hoc signing	2026-10-03T23:49:44.5581200Z     export ARCHS\=arm64
build-test	Release build with local ad-hoc signing	2026-10-03T23:49:44.5581420Z     export ARCHS_STANDARD\=arm64\ x86_64
build-test	Release build with local ad-hoc signing	2026-10-03T23:49:44.5581790Z     export ARCHS_STANDARD_32_64_BIT\=arm64\ x86_64\ i386
build-test	Release build with local ad-hoc signing	2026-10-03T23:49:44.5582110Z     export ARCHS_STANDARD_32_BIT\=i386
build-test	Release build with local ad-hoc signing	2026-10-03T23:49:44.5582460Z     export ARCHS_STANDARD_64_BIT\=arm64\ x86_64
build-test	Release build with local ad-hoc signing	2026-10-03T23:49:44.5582820Z     export ARCHS_STANDARD_INCLUDING_64_BIT\=arm64\ x86_64
build-test	Release build with local ad-hoc signing	2026-10-03T23:49:44.5583140Z     export AUTOMATICALLY_MERGE_DEPENDENCIES\=NO
build-test	Release build with local ad-hoc signing	2026-10-03T23:49:44.5583850Z     export AVAILABLE_PLATFORMS\=android\ appletvos\ appletvsimulator\ driverkit\ iphoneos\ iphonesimulator\ macosx\ qnx\ watchos\ watchsimulator\ xros\ xrsimulator
build-test	Release build with local ad-hoc signing	2026-10-03T23:49:44.5584550Z     export BITCODE_GENERATION_MODE\=marker
build-test	Release build with local ad-hoc signing	2026-10-03T23:49:44.5584860Z     export BUILD_ACTIVE_RESOURCES_ONLY\=NO
build-test	Release build with local ad-hoc signing	2026-10-03T23:49:44.5585270Z     export BUILD_COMPONENTS\=headers\ build
build-test	Release build with local ad-hoc signing	2026-10-03T23:49:44.5585730Z     export BUILD_DIR\=/Users/runner/Library/Developer/PhotoAxisBuilds/fe52d68e5807/DerivedData/Build/Products
build-test	Release build with local ad-hoc signing	2026-10-03T23:49:44.5586280Z     export BUILD_LIBRARY_FOR_DISTRIBUTION\=NO
build-test	Release build with local ad-hoc signing	2026-10-03T23:49:44.5586790Z     export BUILD_ROOT\=/Users/runner/Library/Developer/PhotoAxisBuilds/fe52d68e5807/DerivedData/Build/Products
build-test	Release build with local ad-hoc signing	2026-10-03T23:49:44.5587350Z     export BUILD_STYLE\=
build-test	Release build with local ad-hoc signing	2026-10-03T23:49:44.5587660Z     export BUILD_VARIANTS\=normal
build-test	Release build with local ad-hoc signing	2026-10-03T23:49:44.5588180Z     export BUILT_PRODUCTS_DIR\=/Users/runner/Library/Developer/PhotoAxisBuilds/fe52d68e5807/DerivedData/Build/Products/Release
build-test	Release build with local ad-hoc signing	2026-10-03T23:49:44.5588790Z     export BUNDLE_CONTENTS_FOLDER_PATH\=Contents/
build-test	Release build with local ad-hoc signing	2026-10-03T23:49:44.5589130Z     export BUNDLE_CONTENTS_FOLDER_PATH_deep\=Contents/
build-test	Release build with local ad-hoc signing	2026-10-03T23:49:44.5589550Z     export BUNDLE_EXECUTABLE_FOLDER_NAME_deep\=MacOS
build-test	Release build with local ad-hoc signing	2026-10-03T23:49:44.5589900Z     export BUNDLE_EXECUTABLE_FOLDER_PATH\=Contents/MacOS
build-test	Release build with local ad-hoc signing	2026-10-03T23:49:44.5590570Z     export BUNDLE_EXTENSIONS_FOLDER_PATH\=Contents/Extensions
build-test	Release build with local ad-hoc signing	2026-10-03T23:49:44.5590930Z     export BUNDLE_FORMAT\=deep
build-test	Release build with local ad-hoc signing	2026-10-03T23:49:44.5591270Z     export BUNDLE_FRAMEWORKS_FOLDER_PATH\=Contents/Frameworks
build-test	Release build with local ad-hoc signing	2026-10-03T23:49:44.5591570Z     export BUNDLE_PLUGINS_FOLDER_PATH\=Contents/PlugIns
build-test	Release build with local ad-hoc signing	2026-10-03T23:49:44.5591950Z     export BUNDLE_PRIVATE_HEADERS_FOLDER_PATH\=Contents/PrivateHeaders
build-test	Release build with local ad-hoc signing	2026-10-03T23:49:44.5592400Z     export BUNDLE_PUBLIC_HEADERS_FOLDER_PATH\=Contents/Headers
build-test	Release build with local ad-hoc signing	2026-10-03T23:49:44.5592910Z     export CACHE_ROOT\=/var/folders/nj/vtw8zd2j31d1gdrtntc5y4600000gn/C/com.apple.DeveloperTools/16.4-16F6/Xcode
build-test	Release build with local ad-hoc signing	2026-10-03T23:49:44.5593620Z     export CCHROOT\=/var/folders/nj/vtw8zd2j31d1gdrtntc5y4600000gn/C/com.apple.DeveloperTools/16.4-16F6/Xcode
build-test	Release build with local ad-hoc signing	2026-10-03T23:49:44.5594070Z     export CHMOD\=/bin/chmod
build-test	Release build with local ad-hoc signing	2026-10-03T23:49:44.5594350Z     export CHOWN\=/usr/sbin/chown
build-test	Release build with local ad-hoc signing	2026-10-03T23:49:44.5594660Z     export CLANG_CACHE_FINE_GRAINED_OUTPUTS\=YES
build-test	Release build with local ad-hoc signing	2026-10-03T23:49:44.5594950Z     export CLANG_ENABLE_EXPLICIT_MODULES\=YES
build-test	Release build with local ad-hoc signing	2026-10-03T23:49:44.5595270Z     export CLANG_ENABLE_MODULES\=YES
build-test	Release build with local ad-hoc signing	2026-10-03T23:49:44.5595520Z     export CLANG_ENABLE_OBJC_ARC\=YES
build-test	Release build with local ad-hoc signing	2026-10-03T23:49:44.5596140Z     export CLANG_MODULES_BUILD_SESSION_FILE\=/Users/runner/Library/Developer/PhotoAxisBuilds/fe52d68e5807/DerivedData/ModuleCache.noindex/Session.modulevalidation
build-test	Release build with local ad-hoc signing	2026-10-03T23:49:44.5597170Z     export CLASS_FILE_DIR\=/Users/runner/Library/Developer/PhotoAxisBuilds/fe52d68e5807/DerivedData/Build/Intermediates.noindex/PhotoAxis.build/Release/PhotoAxis.build/JavaClasses
build-test	Release build with local ad-hoc signing	2026-10-03T23:49:44.5598080Z     export CLEAN_PRECOMPS\=YES
build-test	Release build with local ad-hoc signing	2026-10-03T23:49:44.5598520Z     export CLONE_HEADERS\=NO
build-test	Release build with local ad-hoc signing	2026-10-03T23:49:44.5599110Z     export CODESIGNING_FOLDER_PATH\=/Users/runner/Library/Developer/PhotoAxisBuilds/fe52d68e5807/DerivedData/Build/Products/Release/PhotoAxis.app
build-test	Release build with local ad-hoc signing	2026-10-03T23:49:44.5599630Z     export CODE_SIGNING_ALLOWED\=YES
build-test	Release build with local ad-hoc signing	2026-10-03T23:49:44.5599860Z     export CODE_SIGNING_REQUIRED\=YES
build-test	Release build with local ad-hoc signing	2026-10-03T23:49:44.5600150Z     export CODE_SIGN_IDENTITY\=-
build-test	Release build with local ad-hoc signing	2026-10-03T23:49:44.5600410Z     export CODE_SIGN_IDENTITY_NO\=Apple\ Development
build-test	Release build with local ad-hoc signing	2026-10-03T23:49:44.5600730Z     export CODE_SIGN_IDENTITY_YES\=-
build-test	Release build with local ad-hoc signing	2026-10-03T23:49:44.5601020Z     export CODE_SIGN_INJECT_BASE_ENTITLEMENTS\=YES
build-test	Release build with local ad-hoc signing	2026-10-03T23:49:44.5601350Z     export CODE_SIGN_STYLE\=Manual
build-test	Release build with local ad-hoc signing	2026-10-03T23:49:44.5601590Z     export COLOR_DIAGNOSTICS\=NO
build-test	Release build with local ad-hoc signing	2026-10-03T23:49:44.5601890Z     export COMBINE_HIDPI_IMAGES\=NO
build-test	Release build with local ad-hoc signing	2026-10-03T23:49:44.5602460Z     export COMPILATION_CACHE_CAS_PATH\=/Users/runner/Library/Developer/PhotoAxisBuilds/fe52d68e5807/DerivedData/CompilationCache.noindex
build-test	Release build with local ad-hoc signing	2026-10-03T23:49:44.5603020Z     export COMPILATION_CACHE_KEEP_CAS_DIRECTORY\=YES
build-test	Release build with local ad-hoc signing	2026-10-03T23:49:44.5603370Z     export COMPILER_INDEX_STORE_ENABLE\=Default
build-test	Release build with local ad-hoc signing	2026-10-03T23:49:44.5603950Z     export COMPOSITE_SDK_DIRS\=/Users/runner/Library/Developer/PhotoAxisBuilds/fe52d68e5807/DerivedData/Build/Intermediates.noindex/CompositeSDKs
build-test	Release build with local ad-hoc signing	2026-10-03T23:49:44.5604530Z     export COMPRESS_PNG_FILES\=NO
build-test	Release build with local ad-hoc signing	2026-10-03T23:49:44.5604780Z     export CONFIGURATION\=Release
build-test	Release build with local ad-hoc signing	2026-10-03T23:49:44.5605330Z     export CONFIGURATION_BUILD_DIR\=/Users/runner/Library/Developer/PhotoAxisBuilds/fe52d68e5807/DerivedData/Build/Products/Release
build-test	Release build with local ad-hoc signing	2026-10-03T23:49:44.5606150Z     export CONFIGURATION_TEMP_DIR\=/Users/runner/Library/Developer/PhotoAxisBuilds/fe52d68e5807/DerivedData/Build/Intermediates.noindex/PhotoAxis.build/Release
build-test	Release build with local ad-hoc signing	2026-10-03T23:49:44.5606840Z     export CONTENTS_FOLDER_PATH\=PhotoAxis.app/Contents
build-test	Release build with local ad-hoc signing	2026-10-03T23:49:44.5607360Z     export CONTENTS_FOLDER_PATH_SHALLOW_BUNDLE_NO\=PhotoAxis.app/Contents
build-test	Release build with local ad-hoc signing	2026-10-03T23:49:44.5607730Z     export CONTENTS_FOLDER_PATH_SHALLOW_BUNDLE_YES\=PhotoAxis.app
build-test	Release build with local ad-hoc signing	2026-10-03T23:49:44.5608080Z     export COPYING_PRESERVES_HFS_DATA\=NO
build-test	Release build with local ad-hoc signing	2026-10-03T23:49:44.5608440Z     export COPY_HEADERS_RUN_UNIFDEF\=NO
build-test	Release build with local ad-hoc signing	2026-10-03T23:49:44.5608650Z     export COPY_PHASE_STRIP\=YES
build-test	Release build with local ad-hoc signing	2026-10-03T23:49:44.5608950Z     export CP\=/bin/cp
build-test	Release build with local ad-hoc signing	2026-10-03T23:49:44.5609250Z     export CREATE_INFOPLIST_SECTION_IN_BINARY\=NO
build-test	Release build with local ad-hoc signing	2026-10-03T23:49:44.5609770Z     export CURRENT_ARCH\=undefined_arch
build-test	Release build with local ad-hoc signing	2026-10-03T23:49:44.5610060Z     export CURRENT_PROJECT_VERSION\=9
build-test	Release build with local ad-hoc signing	2026-10-03T23:49:44.5610420Z     export CURRENT_VARIANT\=normal
build-test	Release build with local ad-hoc signing	2026-10-03T23:49:44.5610710Z     export DEAD_CODE_STRIPPING\=NO
build-test	Release build with local ad-hoc signing	2026-10-03T23:49:44.5611060Z     export DEBUGGING_SYMBOLS\=YES
build-test	Release build with local ad-hoc signing	2026-10-03T23:49:44.5611350Z     export DEBUG_INFORMATION_FORMAT\=dwarf-with-dsym
build-test	Release build with local ad-hoc signing	2026-10-03T23:49:44.5611670Z     export DEBUG_INFORMATION_VERSION\=compiler-default
build-test	Release build with local ad-hoc signing	2026-10-03T23:49:44.5612110Z     export DEFAULT_COMPILER\=com.apple.compilers.llvm.clang.1_0
build-test	Release build with local ad-hoc signing	2026-10-03T23:49:44.5612540Z     export DEFAULT_DEXT_INSTALL_PATH\=/System/Library/DriverExtensions
build-test	Release build with local ad-hoc signing	2026-10-03T23:49:44.5613070Z     export DEFAULT_KEXT_INSTALL_PATH\=/System/Library/Extensions
build-test	Release build with local ad-hoc signing	2026-10-03T23:49:44.5613420Z     export DEFINES_MODULE\=NO
build-test	Release build with local ad-hoc signing	2026-10-03T23:49:44.5613760Z     export DEPLOYMENT_LOCATION\=NO
build-test	Release build with local ad-hoc signing	2026-10-03T23:49:44.5614060Z     export DEPLOYMENT_POSTPROCESSING\=NO
build-test	Release build with local ad-hoc signing	2026-10-03T23:49:44.5614490Z     export DEPLOYMENT_TARGET_SETTING_NAME\=MACOSX_DEPLOYMENT_TARGET
build-test	Release build with local ad-hoc signing	2026-10-03T23:49:44.5615300Z     export DEPLOYMENT_TARGET_SUGGESTED_VALUES\=10.13\ 10.14\ 10.15\ 11.0\ 11.1\ 11.2\ 11.3\ 11.4\ 11.5\ 12.0\ 12.2\ 12.3\ 12.4\ 13.0\ 13.1\ 13.2\ 13.3\ 13.4\ 13.5\ 14.0\ 14.1\ 14.2\ 14.3\ 14.4\ 14.5\ 14.6\ 15.0\ 15.1\ 15.2\ 15.3\ 15.4\ 15.5
build-test	Release build with local ad-hoc signing	2026-10-03T23:49:44.5616610Z     export DERIVED_FILES_DIR\=/Users/runner/Library/Developer/PhotoAxisBuilds/fe52d68e5807/DerivedData/Build/Intermediates.noindex/PhotoAxis.build/Release/PhotoAxis.build/DerivedSources
build-test	Release build with local ad-hoc signing	2026-10-03T23:49:44.5617890Z     export DERIVED_FILE_DIR\=/Users/runner/Library/Developer/PhotoAxisBuilds/fe52d68e5807/DerivedData/Build/Intermediates.noindex/PhotoAxis.build/Release/PhotoAxis.build/DerivedSources
build-test	Release build with local ad-hoc signing	2026-10-03T23:49:44.5619510Z     export DERIVED_SOURCES_DIR\=/Users/runner/Library/Developer/PhotoAxisBuilds/fe52d68e5807/DerivedData/Build/Intermediates.noindex/PhotoAxis.build/Release/PhotoAxis.build/DerivedSources
build-test	Release build with local ad-hoc signing	2026-10-03T23:49:44.5620510Z     export DEVELOPER_APPLICATIONS_DIR\=/Applications/Xcode_16.4.app/Contents/Developer/Applications
build-test	Release build with local ad-hoc signing	2026-10-03T23:49:44.5621190Z     export DEVELOPER_BIN_DIR\=/Applications/Xcode_16.4.app/Contents/Developer/usr/bin
build-test	Release build with local ad-hoc signing	2026-10-03T23:49:44.5621690Z     export DEVELOPER_DIR\=/Applications/Xcode_16.4.app/Contents/Developer
build-test	Release build with local ad-hoc signing	2026-10-03T23:49:44.5622300Z     export DEVELOPER_FRAMEWORKS_DIR\=/Applications/Xcode_16.4.app/Contents/Developer/Library/Frameworks
build-test	Release build with local ad-hoc signing	2026-10-03T23:49:44.5622950Z     export DEVELOPER_FRAMEWORKS_DIR_QUOTED\=/Applications/Xcode_16.4.app/Contents/Developer/Library/Frameworks
build-test	Release build with local ad-hoc signing	2026-10-03T23:49:44.5623600Z     export DEVELOPER_LIBRARY_DIR\=/Applications/Xcode_16.4.app/Contents/Developer/Library
build-test	Release build with local ad-hoc signing	2026-10-03T23:49:44.5624250Z     export DEVELOPER_SDK_DIR\=/Applications/Xcode_16.4.app/Contents/Developer/Platforms/MacOSX.platform/Developer/SDKs
build-test	Release build with local ad-hoc signing	2026-10-03T23:49:44.5624900Z     export DEVELOPER_TOOLS_DIR\=/Applications/Xcode_16.4.app/Contents/Developer/Tools
build-test	Release build with local ad-hoc signing	2026-10-03T23:49:44.5625430Z     export DEVELOPER_USR_DIR\=/Applications/Xcode_16.4.app/Contents/Developer/usr
build-test	Release build with local ad-hoc signing	2026-10-03T23:49:44.5625810Z     export DEVELOPMENT_LANGUAGE\=en
build-test	Release build with local ad-hoc signing	2026-10-03T23:49:44.5626150Z     export DIAGNOSE_MISSING_TARGET_DEPENDENCIES\=YES
build-test	Release build with local ad-hoc signing	2026-10-03T23:49:44.5626440Z     export DIFF\=/usr/bin/diff
build-test	Release build with local ad-hoc signing	2026-10-03T23:49:44.5626900Z     export DOCUMENTATION_FOLDER_PATH\=PhotoAxis.app/Contents/Resources/en.lproj/Documentation
build-test	Release build with local ad-hoc signing	2026-10-03T23:49:44.5627380Z     export DONT_GENERATE_INFOPLIST_FILE\=NO
build-test	Release build with local ad-hoc signing	2026-10-03T23:49:44.5627760Z     export DSTROOT\=/tmp/PhotoAxis.dst
build-test	Release build with local ad-hoc signing	2026-10-03T23:49:44.5628170Z     export DT_TOOLCHAIN_DIR\=/Applications/Xcode_16.4.app/Contents/Developer/Toolchains/XcodeDefault.xctoolchain
build-test	Release build with local ad-hoc signing	2026-10-03T23:49:44.5628650Z     export DWARF_DSYM_FILE_NAME\=PhotoAxis.app.dSYM
build-test	Release build with local ad-hoc signing	2026-10-03T23:49:44.5629060Z     export DWARF_DSYM_FILE_SHOULD_ACCOMPANY_PRODUCT\=NO
build-test	Release build with local ad-hoc signing	2026-10-03T23:49:44.5629880Z     export DWARF_DSYM_FOLDER_PATH\=/Users/runner/Library/Developer/PhotoAxisBuilds/fe52d68e5807/DerivedData/Build/Products/Release
build-test	Release build with local ad-hoc signing	2026-10-03T23:49:44.5630750Z     export DYNAMIC_LIBRARY_EXTENSION\=dylib
build-test	Release build with local ad-hoc signing	2026-10-03T23:49:44.5631260Z     export EAGER_COMPILATION_ALLOW_SCRIPTS\=YES
build-test	Release build with local ad-hoc signing	2026-10-03T23:49:44.5631830Z     export EAGER_LINKING\=NO
build-test	Release build with local ad-hoc signing	2026-10-03T23:49:44.5632130Z     export EMBEDDED_CONTENT_CONTAINS_SWIFT\=NO
build-test	Release build with local ad-hoc signing	2026-10-03T23:49:44.5632920Z     export EMBEDDED_PROFILE_NAME\=embedded.provisionprofile
build-test	Release build with local ad-hoc signing	2026-10-03T23:49:44.5633350Z     export EMBED_ASSET_PACKS_IN_PRODUCT_BUNDLE\=NO
build-test	Release build with local ad-hoc signing	2026-10-03T23:49:44.5634010Z     export ENABLE_APP_SANDBOX\=NO
build-test	Release build with local ad-hoc signing	2026-10-03T23:49:44.5636740Z     export ENABLE_BITCODE\=NO
build-test	Release build with local ad-hoc signing	2026-10-03T23:49:44.5638160Z     export ENABLE_CODE_COVERAGE\=YES
build-test	Release build with local ad-hoc signing	2026-10-03T23:49:44.5641450Z     export ENABLE_DEBUG_DYLIB\=NO
build-test	Release build with local ad-hoc signing	2026-10-03T23:49:44.5642440Z     export ENABLE_DEFAULT_HEADER_SEARCH_PATHS\=YES
build-test	Release build with local ad-hoc signing	2026-10-03T23:49:44.5643080Z     export ENABLE_DEFAULT_SEARCH_PATHS\=YES
build-test	Release build with local ad-hoc signing	2026-10-03T23:49:44.5643860Z     export ENABLE_HARDENED_RUNTIME\=NO
build-test	Release build with local ad-hoc signing	2026-10-03T23:49:44.5644820Z     export ENABLE_HEADER_DEPENDENCIES\=YES
build-test	Release build with local ad-hoc signing	2026-10-03T23:49:44.5645320Z     export ENABLE_INCOMING_NETWORK_CONNECTIONS\=NO
build-test	Release build with local ad-hoc signing	2026-10-03T23:49:44.5645980Z     export ENABLE_ON_DEMAND_RESOURCES\=NO
build-test	Release build with local ad-hoc signing	2026-10-03T23:49:44.5646350Z     export ENABLE_OUTGOING_NETWORK_CONNECTIONS\=NO
build-test	Release build with local ad-hoc signing	2026-10-03T23:49:44.5646690Z     export ENABLE_PREVIEWS\=NO
build-test	Release build with local ad-hoc signing	2026-10-03T23:49:44.5647030Z     export ENABLE_RESOURCE_ACCESS_AUDIO_INPUT\=NO
build-test	Release build with local ad-hoc signing	2026-10-03T23:49:44.5647310Z     export ENABLE_RESOURCE_ACCESS_BLUETOOTH\=NO
build-test	Release build with local ad-hoc signing	2026-10-03T23:49:44.5648390Z     export ENABLE_RESOURCE_ACCESS_CALENDARS\=NO
build-test	Release build with local ad-hoc signing	2026-10-03T23:49:44.5649020Z     export ENABLE_RESOURCE_ACCESS_CAMERA\=NO
build-test	Release build with local ad-hoc signing	2026-10-03T23:49:44.5650140Z     export ENABLE_RESOURCE_ACCESS_CONTACTS\=NO
build-test	Release build with local ad-hoc signing	2026-10-03T23:49:44.5650750Z     export ENABLE_RESOURCE_ACCESS_LOCATION\=NO
build-test	Release build with local ad-hoc signing	2026-10-03T23:49:44.5651400Z     export ENABLE_RESOURCE_ACCESS_PRINTING\=NO
build-test	Release build with local ad-hoc signing	2026-10-03T23:49:44.5651820Z     export ENABLE_RESOURCE_ACCESS_USB\=NO
build-test	Release build with local ad-hoc signing	2026-10-03T23:49:44.5652300Z     export ENABLE_SDK_IMPORTS\=NO
build-test	Release build with local ad-hoc signing	2026-10-03T23:49:44.5652720Z     export ENABLE_TESTABILITY\=NO
build-test	Release build with local ad-hoc signing	2026-10-03T23:49:44.5652930Z     export ENABLE_TESTING_SEARCH_PATHS\=NO
build-test	Release build with local ad-hoc signing	2026-10-03T23:49:44.5653230Z     export ENABLE_USER_SCRIPT_SANDBOXING\=YES
build-test	Release build with local ad-hoc signing	2026-10-03T23:49:44.5653460Z     export ENABLE_XOJIT_PREVIEWS\=NO
build-test	Release build with local ad-hoc signing	2026-10-03T23:49:44.5653700Z     export ENFORCE_VALID_ARCHS\=YES
build-test	Release build with local ad-hoc signing	2026-10-03T23:49:44.5653910Z     export ENTITLEMENTS_ALLOWED\=YES
build-test	Release build with local ad-hoc signing	2026-10-03T23:49:44.5654160Z     export ENTITLEMENTS_DESTINATION\=Signature
build-test	Release build with local ad-hoc signing	2026-10-03T23:49:44.5654440Z     export ENTITLEMENTS_REQUIRED\=NO
build-test	Release build with local ad-hoc signing	2026-10-03T23:49:44.5654770Z     export EXCLUDED_INSTALLSRC_SUBDIRECTORY_PATTERNS\=.DS_Store\ .svn\ .git\ .hg\ CVS
build-test	Release build with local ad-hoc signing	2026-10-03T23:49:44.5655570Z     export EXCLUDED_RECURSIVE_SEARCH_PATH_SUBDIRECTORIES\=\*.nib\ \*.lproj\ \*.framework\ \*.gch\ \*.xcode\*\ \*.xcassets\ \(\*\)\ .DS_Store\ CVS\ .svn\ .git\ .hg\ \*.pbproj\ \*.pbxproj
build-test	Release build with local ad-hoc signing	2026-10-03T23:49:44.5656270Z     export EXECUTABLES_FOLDER_PATH\=PhotoAxis.app/Contents/Executables
build-test	Release build with local ad-hoc signing	2026-10-03T23:49:44.5656650Z     export EXECUTABLE_FOLDER_PATH\=PhotoAxis.app/Contents/MacOS
build-test	Release build with local ad-hoc signing	2026-10-03T23:49:44.5657080Z     export EXECUTABLE_FOLDER_PATH_SHALLOW_BUNDLE_NO\=PhotoAxis.app/Contents/MacOS
build-test	Release build with local ad-hoc signing	2026-10-03T23:49:44.5657550Z     export EXECUTABLE_FOLDER_PATH_SHALLOW_BUNDLE_YES\=PhotoAxis.app/Contents
build-test	Release build with local ad-hoc signing	2026-10-03T23:49:44.5657900Z     export EXECUTABLE_NAME\=PhotoAxis
build-test	Release build with local ad-hoc signing	2026-10-03T23:49:44.5658230Z     export EXECUTABLE_PATH\=PhotoAxis.app/Contents/MacOS/PhotoAxis
build-test	Release build with local ad-hoc signing	2026-10-03T23:49:44.5658550Z     export EXPANDED_CODE_SIGN_IDENTITY\=-
build-test	Release build with local ad-hoc signing	2026-10-03T23:49:44.5658890Z     export EXPANDED_CODE_SIGN_IDENTITY_NAME\=Sign\ to\ Run\ Locally
build-test	Release build with local ad-hoc signing	2026-10-03T23:49:44.5659260Z     export EXTENSIONS_FOLDER_PATH\=PhotoAxis.app/Contents/Extensions
build-test	Release build with local ad-hoc signing	2026-10-03T23:49:44.5660040Z     export FILE_LIST\=/Users/runner/Library/Developer/PhotoAxisBuilds/fe52d68e5807/DerivedData/Build/Intermediates.noindex/PhotoAxis.build/Release/PhotoAxis.build/Objects/LinkFileList
build-test	Release build with local ad-hoc signing	2026-10-03T23:49:44.5661180Z     export FIXED_FILES_DIR\=/Users/runner/Library/Developer/PhotoAxisBuilds/fe52d68e5807/DerivedData/Build/Intermediates.noindex/PhotoAxis.build/Release/PhotoAxis.build/FixedFiles
build-test	Release build with local ad-hoc signing	2026-10-03T23:49:44.5661960Z     export FRAMEWORKS_FOLDER_PATH\=PhotoAxis.app/Contents/Frameworks
build-test	Release build with local ad-hoc signing	2026-10-03T23:49:44.5662440Z     export FRAMEWORK_FLAG_PREFIX\=-framework
build-test	Release build with local ad-hoc signing	2026-10-03T23:49:44.5662960Z     export FRAMEWORK_SEARCH_PATHS\=/Users/runner/Library/Developer/PhotoAxisBuilds/fe52d68e5807/DerivedData/Build/Products/Release\ 
build-test	Release build with local ad-hoc signing	2026-10-03T23:49:44.5663490Z     export FRAMEWORK_VERSION\=A
build-test	Release build with local ad-hoc signing	2026-10-03T23:49:44.5663700Z     export FULL_PRODUCT_NAME\=PhotoAxis.app
build-test	Release build with local ad-hoc signing	2026-10-03T23:49:44.5663970Z     export FUSE_BUILD_PHASES\=YES
build-test	Release build with local ad-hoc signing	2026-10-03T23:49:44.5664180Z     export FUSE_BUILD_SCRIPT_PHASES\=NO
build-test	Release build with local ad-hoc signing	2026-10-03T23:49:44.5664420Z     export GCC3_VERSION\=3.3
build-test	Release build with local ad-hoc signing	2026-10-03T23:49:44.5664600Z     export GCC_DYNAMIC_NO_PIC\=NO
build-test	Release build with local ad-hoc signing	2026-10-03T23:49:44.5664860Z     export GCC_INLINES_ARE_PRIVATE_EXTERN\=YES
build-test	Release build with local ad-hoc signing	2026-10-03T23:49:44.5665180Z     export GCC_PFE_FILE_C_DIALECTS\=c\ objective-c\ c++\ objective-c++
build-test	Release build with local ad-hoc signing	2026-10-03T23:49:44.5665520Z     export GCC_SYMBOLS_PRIVATE_EXTERN\=YES
build-test	Release build with local ad-hoc signing	2026-10-03T23:49:44.5665740Z     export GCC_TREAT_WARNINGS_AS_ERRORS\=NO
build-test	Release build with local ad-hoc signing	2026-10-03T23:49:44.5666070Z     export GCC_VERSION\=com.apple.compilers.llvm.clang.1_0
build-test	Release build with local ad-hoc signing	2026-10-03T23:49:44.5666450Z     export GCC_VERSION_IDENTIFIER\=com_apple_compilers_llvm_clang_1_0
build-test	Release build with local ad-hoc signing	2026-10-03T23:49:44.5666790Z     export GCC_WARN_64_TO_32_BIT_CONVERSION\=NO
build-test	Release build with local ad-hoc signing	2026-10-03T23:49:44.5667400Z     export GENERATED_MODULEMAP_DIR\=/Users/runner/Library/Developer/PhotoAxisBuilds/fe52d68e5807/DerivedData/Build/Intermediates.noindex/GeneratedModuleMaps
build-test	Release build with local ad-hoc signing	2026-10-03T23:49:44.5668010Z     export GENERATE_INFOPLIST_FILE\=NO
build-test	Release build with local ad-hoc signing	2026-10-03T23:49:44.5668280Z     export GENERATE_INTERMEDIATE_TEXT_BASED_STUBS\=YES
build-test	Release build with local ad-hoc signing	2026-10-03T23:49:44.5668570Z     export GENERATE_MASTER_OBJECT_FILE\=NO
build-test	Release build with local ad-hoc signing	2026-10-03T23:49:44.5669030Z     export GENERATE_PKGINFO_FILE\=YES
build-test	Release build with local ad-hoc signing	2026-10-03T23:49:44.5669290Z     export GENERATE_PROFILING_CODE\=NO
build-test	Release build with local ad-hoc signing	2026-10-03T23:49:44.5669500Z     export GENERATE_TEXT_BASED_STUBS\=NO
build-test	Release build with local ad-hoc signing	2026-10-03T23:49:44.5669720Z     export GID\=20
build-test	Release build with local ad-hoc signing	2026-10-03T23:49:44.5669900Z     export GROUP\=staff
build-test	Release build with local ad-hoc signing	2026-10-03T23:49:44.5670210Z     export HEADERMAP_INCLUDES_FLAT_ENTRIES_FOR_TARGET_BEING_BUILT\=YES
build-test	Release build with local ad-hoc signing	2026-10-03T23:49:44.5670630Z     export HEADERMAP_INCLUDES_FRAMEWORK_ENTRIES_FOR_ALL_PRODUCT_TYPES\=YES
build-test	Release build with local ad-hoc signing	2026-10-03T23:49:44.5671080Z     export HEADERMAP_INCLUDES_FRAMEWORK_ENTRIES_FOR_TARGETS_NOT_BEING_BUILT\=YES
build-test	Release build with local ad-hoc signing	2026-10-03T23:49:44.5671510Z     export HEADERMAP_INCLUDES_NONPUBLIC_NONPRIVATE_HEADERS\=YES
build-test	Release build with local ad-hoc signing	2026-10-03T23:49:44.5671820Z     export HEADERMAP_INCLUDES_PROJECT_HEADERS\=YES
build-test	Release build with local ad-hoc signing	2026-10-03T23:49:44.5672120Z     export HEADERMAP_USES_FRAMEWORK_PREFIX_ENTRIES\=YES
build-test	Release build with local ad-hoc signing	2026-10-03T23:49:44.5672360Z     export HEADERMAP_USES_VFS\=NO
build-test	Release build with local ad-hoc signing	2026-10-03T23:49:44.5672890Z     export HEADER_SEARCH_PATHS\=/Users/runner/Library/Developer/PhotoAxisBuilds/fe52d68e5807/DerivedData/Build/Products/Release/include\ 
build-test	Release build with local ad-hoc signing	2026-10-03T23:49:44.5673440Z     export HIDE_BITCODE_SYMBOLS\=YES
build-test	Release build with local ad-hoc signing	2026-10-03T23:49:44.5673660Z     export HOME\=/Users/runner
build-test	Release build with local ad-hoc signing	2026-10-03T23:49:44.5673860Z     export HOST_ARCH\=arm64
build-test	Release build with local ad-hoc signing	2026-10-03T23:49:44.5674050Z     export HOST_PLATFORM\=macosx
build-test	Release build with local ad-hoc signing	2026-10-03T23:49:44.5674230Z     export ICONV\=/usr/bin/iconv
build-test	Release build with local ad-hoc signing	2026-10-03T23:49:44.5674490Z     export IMPLICIT_DEPENDENCY_DOMAIN\=default
build-test	Release build with local ad-hoc signing	2026-10-03T23:49:44.5674750Z     export INFOPLIST_ENABLE_CFBUNDLEICONS_MERGE\=YES
build-test	Release build with local ad-hoc signing	2026-10-03T23:49:44.5675040Z     export INFOPLIST_EXPAND_BUILD_SETTINGS\=YES
build-test	Release build with local ad-hoc signing	2026-10-03T23:49:44.5675310Z     export INFOPLIST_FILE\=Config/Info.plist
build-test	Release build with local ad-hoc signing	2026-10-03T23:49:44.5675580Z     export INFOPLIST_OUTPUT_FORMAT\=same-as-input
build-test	Release build with local ad-hoc signing	2026-10-03T23:49:44.5675900Z     export INFOPLIST_PATH\=PhotoAxis.app/Contents/Info.plist
build-test	Release build with local ad-hoc signing	2026-10-03T23:49:44.5676200Z     export INFOPLIST_PREPROCESS\=NO
build-test	Release build with local ad-hoc signing	2026-10-03T23:49:44.5676560Z     export INFOSTRINGS_PATH\=PhotoAxis.app/Contents/Resources/en.lproj/InfoPlist.strings
build-test	Release build with local ad-hoc signing	2026-10-03T23:49:44.5676970Z     export INLINE_PRIVATE_FRAMEWORKS\=NO
build-test	Release build with local ad-hoc signing	2026-10-03T23:49:44.5677210Z     export INSTALLAPI_IGNORE_SKIP_INSTALL\=YES
build-test	Release build with local ad-hoc signing	2026-10-03T23:49:44.5677470Z     export INSTALLHDRS_COPY_PHASE\=NO
build-test	Release build with local ad-hoc signing	2026-10-03T23:49:44.5677690Z     export INSTALLHDRS_SCRIPT_PHASE\=NO
build-test	Release build with local ad-hoc signing	2026-10-03T23:49:44.5677960Z     export INSTALL_DIR\=/tmp/PhotoAxis.dst/Applications
build-test	Release build with local ad-hoc signing	2026-10-03T23:49:44.5678290Z     export INSTALL_GROUP\=staff
build-test	Release build with local ad-hoc signing	2026-10-03T23:49:44.5678490Z     export INSTALL_MODE_FLAG\=u+w,go-w,a+rX
build-test	Release build with local ad-hoc signing	2026-10-03T23:49:44.5678730Z     export INSTALL_OWNER\=runner
build-test	Release build with local ad-hoc signing	2026-10-03T23:49:44.5678930Z     export INSTALL_PATH\=/Applications
build-test	Release build with local ad-hoc signing	2026-10-03T23:49:44.5679140Z     export INSTALL_ROOT\=/tmp/PhotoAxis.dst
build-test	Release build with local ad-hoc signing	2026-10-03T23:49:44.5679440Z     export IOS_UNZIPPERED_TWIN_PREFIX_PATH\=/System/iOSSupport
build-test	Release build with local ad-hoc signing	2026-10-03T23:49:44.5679730Z     export IS_MACCATALYST\=NO
build-test	Release build with local ad-hoc signing	2026-10-03T23:49:44.5679910Z     export IS_UNOPTIMIZED_BUILD\=NO
build-test	Release build with local ad-hoc signing	2026-10-03T23:49:44.5680310Z     export JAVAC_DEFAULT_FLAGS\=-J-Xms64m\ -J-XX:NewSize\=4M\ -J-Dfile.encoding\=UTF8
build-test	Release build with local ad-hoc signing	2026-10-03T23:49:44.5680900Z     export JAVA_APP_STUB\=/System/Library/Frameworks/JavaVM.framework/Resources/MacOS/JavaApplicationStub
build-test	Release build with local ad-hoc signing	2026-10-03T23:49:44.5681300Z     export JAVA_ARCHIVE_CLASSES\=YES
build-test	Release build with local ad-hoc signing	2026-10-03T23:49:44.5681580Z     export JAVA_ARCHIVE_TYPE\=JAR
build-test	Release build with local ad-hoc signing	2026-10-03T23:49:44.5681810Z     export JAVA_COMPILER\=/usr/bin/javac
build-test	Release build with local ad-hoc signing	2026-10-03T23:49:44.5682110Z     export JAVA_FOLDER_PATH\=PhotoAxis.app/Contents/Resources/Java
build-test	Release build with local ad-hoc signing	2026-10-03T23:49:44.5682430Z     export JAVA_FRAMEWORK_RESOURCES_DIRS\=Resources
build-test	Release build with local ad-hoc signing	2026-10-03T23:49:44.5682680Z     export JAVA_JAR_FLAGS\=cv
build-test	Release build with local ad-hoc signing	2026-10-03T23:49:44.5682900Z     export JAVA_SOURCE_SUBDIR\=.
build-test	Release build with local ad-hoc signing	2026-10-03T23:49:44.5683130Z     export JAVA_USE_DEPENDENCIES\=YES
build-test	Release build with local ad-hoc signing	2026-10-03T23:49:44.5683350Z     export JAVA_ZIP_FLAGS\=-urg
build-test	Release build with local ad-hoc signing	2026-10-03T23:49:44.5683550Z     export JIKES_DEFAULT_FLAGS\=+E\ +OLDCSO
build-test	Release build with local ad-hoc signing	2026-10-03T23:49:44.5684100Z     export KASAN_CFLAGS_CLASSIC\=-DKASAN\=1\ -DKASAN_CLASSIC\=1\ -fsanitize\=address\ -mllvm\ -asan-globals-live-support\ -mllvm\ -asan-force-dynamic-shadow
build-test	Release build with local ad-hoc signing	2026-10-03T23:49:44.5685760Z     export KASAN_CFLAGS_TBI\=-DKASAN\=1\ -DKASAN_TBI\=1\ -fsanitize\=kernel-hwaddress\ -mllvm\ -hwasan-recover\=0\ -mllvm\ -hwasan-instrument-atomics\=0\ -mllvm\ -hwasan-instrument-stack\=1\ -mllvm\ -hwasan-generate-tags-with-calls\=1\ -mllvm\ -hwasan-instrument-with-calls\=1\ -mllvm\ -hwasan-use-short-granules\=0\ -mllvm\ -hwasan-memory-access-callback-prefix\=__asan_
build-test	Release build with local ad-hoc signing	2026-10-03T23:49:44.5687320Z     export KASAN_DEFAULT_CFLAGS\=-DKASAN\=1\ -DKASAN_CLASSIC\=1\ -fsanitize\=address\ -mllvm\ -asan-globals-live-support\ -mllvm\ -asan-force-dynamic-shadow
build-test	Release build with local ad-hoc signing	2026-10-03T23:49:44.5687870Z     export KEEP_PRIVATE_EXTERNS\=NO
build-test	Release build with local ad-hoc signing	2026-10-03T23:49:44.5688660Z     export LD_DEPENDENCY_INFO_FILE\=/Users/runner/Library/Developer/PhotoAxisBuilds/fe52d68e5807/DerivedData/Build/Intermediates.noindex/PhotoAxis.build/Release/PhotoAxis.build/Objects-normal/undefined_arch/PhotoAxis_dependency_info.dat
build-test	Release build with local ad-hoc signing	2026-10-03T23:49:44.5689540Z     export LD_EXPORT_SYMBOLS\=YES
build-test	Release build with local ad-hoc signing	2026-10-03T23:49:44.5689890Z     export LD_GENERATE_MAP_FILE\=NO
build-test	Release build with local ad-hoc signing	2026-10-03T23:49:44.5690690Z     export LD_MAP_FILE_PATH\=/Users/runner/Library/Developer/PhotoAxisBuilds/fe52d68e5807/DerivedData/Build/Intermediates.noindex/PhotoAxis.build/Release/PhotoAxis.build/PhotoAxis-LinkMap-normal-undefined_arch.txt
build-test	Release build with local ad-hoc signing	2026-10-03T23:49:44.5691730Z     export LD_NO_PIE\=NO
build-test	Release build with local ad-hoc signing	2026-10-03T23:49:44.5692070Z     export LD_QUOTE_LINKER_ARGUMENTS_FOR_COMPILER_DRIVER\=YES
build-test	Release build with local ad-hoc signing	2026-10-03T23:49:44.5692850Z     export LD_RUNPATH_SEARCH_PATHS\=\ @executable_path/../Frameworks\ @loader_path/../Frameworks
build-test	Release build with local ad-hoc signing	2026-10-03T23:49:44.5693690Z     export LD_RUNPATH_SEARCH_PATHS_YES\=@loader_path/../Frameworks
build-test	Release build with local ad-hoc signing	2026-10-03T23:49:44.5714660Z     export LD_SHARED_CACHE_ELIGIBLE\=Automatic
build-test	Release build with local ad-hoc signing	2026-10-03T23:49:44.5715110Z     export LD_WARN_DUPLICATE_LIBRARIES\=NO
build-test	Release build with local ad-hoc signing	2026-10-03T23:49:44.5715460Z     export LD_WARN_UNUSED_DYLIBS\=NO
build-test	Release build with local ad-hoc signing	2026-10-03T23:49:44.5716160Z     export LEGACY_DEVELOPER_DIR\=/Applications/Xcode_16.4.app/Contents/PlugIns/Xcode3Core.ideplugin/Contents/SharedSupport/Developer
build-test	Release build with local ad-hoc signing	2026-10-03T23:49:44.5716790Z     export LEX\=lex
build-test	Release build with local ad-hoc signing	2026-10-03T23:49:44.5717150Z     export LIBRARY_DEXT_INSTALL_PATH\=/Library/DriverExtensions
build-test	Release build with local ad-hoc signing	2026-10-03T23:49:44.5717490Z     export LIBRARY_FLAG_NOSPACE\=YES
build-test	Release build with local ad-hoc signing	2026-10-03T23:49:44.5717770Z     export LIBRARY_FLAG_PREFIX\=-l
build-test	Release build with local ad-hoc signing	2026-10-03T23:49:44.5718070Z     export LIBRARY_KEXT_INSTALL_PATH\=/Library/Extensions
build-test	Release build with local ad-hoc signing	2026-10-03T23:49:44.5719330Z     export LIBRARY_SEARCH_PATHS\=/Users/runner/Library/Developer/PhotoAxisBuilds/fe52d68e5807/DerivedData/Build/Products/Release\ 
build-test	Release build with local ad-hoc signing	2026-10-03T23:49:44.5719880Z     export LINKER_DISPLAYS_MANGLED_NAMES\=NO
build-test	Release build with local ad-hoc signing	2026-10-03T23:49:44.5720780Z     export LINK_FILE_LIST_normal_arm64\=/Users/runner/Library/Developer/PhotoAxisBuilds/fe52d68e5807/DerivedData/Build/Intermediates.noindex/PhotoAxis.build/Release/PhotoAxis.build/Objects-normal/arm64/PhotoAxis.LinkFileList
build-test	Release build with local ad-hoc signing	2026-10-03T23:49:44.5721690Z     export LINK_OBJC_RUNTIME\=YES
build-test	Release build with local ad-hoc signing	2026-10-03T23:49:44.5721980Z     export LINK_WITH_STANDARD_LIBRARIES\=YES
build-test	Release build with local ad-hoc signing	2026-10-03T23:49:44.5722290Z     export LLVM_TARGET_TRIPLE_OS_VERSION\=macos14.0
build-test	Release build with local ad-hoc signing	2026-10-03T23:49:44.5722630Z     export LLVM_TARGET_TRIPLE_OS_VERSION_NO\=macos14.0
build-test	Release build with local ad-hoc signing	2026-10-03T23:49:44.5723000Z     export LLVM_TARGET_TRIPLE_OS_VERSION_YES\=macos15.5
build-test	Release build with local ad-hoc signing	2026-10-03T23:49:44.5723320Z     export LLVM_TARGET_TRIPLE_VENDOR\=apple
build-test	Release build with local ad-hoc signing	2026-10-03T23:49:44.5724320Z     export LM_AUX_CONST_METADATA_LIST_PATH_normal_arm64\=/Users/runner/Library/Developer/PhotoAxisBuilds/fe52d68e5807/DerivedData/Build/Intermediates.noindex/PhotoAxis.build/Release/PhotoAxis.build/Objects-normal/arm64/PhotoAxis.SwiftConstValuesFileList
build-test	Release build with local ad-hoc signing	2026-10-03T23:49:44.5725370Z     export LOCALIZATION_EXPORT_SUPPORTED\=YES
build-test	Release build with local ad-hoc signing	2026-10-03T23:49:44.5725650Z     export LOCALIZATION_PREFERS_STRING_CATALOGS\=NO
build-test	Release build with local ad-hoc signing	2026-10-03T23:49:44.5726090Z     export LOCALIZED_RESOURCES_FOLDER_PATH\=PhotoAxis.app/Contents/Resources/en.lproj
build-test	Release build with local ad-hoc signing	2026-10-03T23:49:44.5726610Z     export LOCALIZED_STRING_MACRO_NAMES\=NSLocalizedString\ CFCopyLocalizedString
build-test	Release build with local ad-hoc signing	2026-10-03T23:49:44.5727070Z     export LOCALIZED_STRING_SWIFTUI_SUPPORT\=YES
build-test	Release build with local ad-hoc signing	2026-10-03T23:49:44.5727740Z     export LOCAL_ADMIN_APPS_DIR\=/Applications/Utilities
build-test	Release build with local ad-hoc signing	2026-10-03T23:49:44.5728070Z     export LOCAL_APPS_DIR\=/Applications
build-test	Release build with local ad-hoc signing	2026-10-03T23:49:44.5728330Z     export LOCAL_DEVELOPER_DIR\=/Library/Developer
build-test	Release build with local ad-hoc signing	2026-10-03T23:49:44.5728610Z     export LOCAL_LIBRARY_DIR\=/Library
build-test	Release build with local ad-hoc signing	2026-10-03T23:49:44.5728900Z     export LOCROOT\=$REPO
build-test	Release build with local ad-hoc signing	2026-10-03T23:49:44.5729290Z     export LOCSYMROOT\=$REPO
build-test	Release build with local ad-hoc signing	2026-10-03T23:49:44.5729630Z     export MACH_O_TYPE\=mh_execute
build-test	Release build with local ad-hoc signing	2026-10-03T23:49:44.5729870Z     export MACOSX_DEPLOYMENT_TARGET\=14.0
build-test	Release build with local ad-hoc signing	2026-10-03T23:49:44.5730160Z     export MAC_OS_X_PRODUCT_BUILD_VERSION\=24G830
build-test	Release build with local ad-hoc signing	2026-10-03T23:49:44.5730440Z     export MAC_OS_X_VERSION_ACTUAL\=150709
build-test	Release build with local ad-hoc signing	2026-10-03T23:49:44.5730720Z     export MAC_OS_X_VERSION_MAJOR\=150000
build-test	Release build with local ad-hoc signing	2026-10-03T23:49:44.5731000Z     export MAC_OS_X_VERSION_MINOR\=150700
build-test	Release build with local ad-hoc signing	2026-10-03T23:49:44.5731270Z     export MAKE_MERGEABLE\=NO
build-test	Release build with local ad-hoc signing	2026-10-03T23:49:44.5731520Z     export MARKETING_VERSION\=1.0.0
build-test	Release build with local ad-hoc signing	2026-10-03T23:49:44.5731780Z     export MERGEABLE_LIBRARY\=NO
build-test	Release build with local ad-hoc signing	2026-10-03T23:49:44.5732030Z     export MERGED_BINARY_TYPE\=none
build-test	Release build with local ad-hoc signing	2026-10-03T23:49:44.5732240Z     export MERGE_LINKED_LIBRARIES\=NO
build-test	Release build with local ad-hoc signing	2026-10-03T23:49:44.5732520Z     export METAL_LIBRARY_FILE_BASE\=default
build-test	Release build with local ad-hoc signing	2026-10-03T23:49:44.5733290Z     export METAL_LIBRARY_OUTPUT_DIR\=/Users/runner/Library/Developer/PhotoAxisBuilds/fe52d68e5807/DerivedData/Build/Products/Release/PhotoAxis.app/Contents/Resources
build-test	Release build with local ad-hoc signing	2026-10-03T23:49:44.5734010Z     export MODULES_FOLDER_PATH\=PhotoAxis.app/Contents/Modules
build-test	Release build with local ad-hoc signing	2026-10-03T23:49:44.5734650Z     export MODULE_CACHE_DIR\=/Users/runner/Library/Developer/PhotoAxisBuilds/fe52d68e5807/DerivedData/ModuleCache.noindex
build-test	Release build with local ad-hoc signing	2026-10-03T23:49:44.5735170Z     export NATIVE_ARCH\=arm64
build-test	Release build with local ad-hoc signing	2026-10-03T23:49:44.5735400Z     export NATIVE_ARCH_32_BIT\=arm
build-test	Release build with local ad-hoc signing	2026-10-03T23:49:44.5735630Z     export NATIVE_ARCH_64_BIT\=arm64
build-test	Release build with local ad-hoc signing	2026-10-03T23:49:44.5735860Z     export NATIVE_ARCH_ACTUAL\=arm64
build-test	Release build with local ad-hoc signing	2026-10-03T23:49:44.5736070Z     export NO_COMMON\=YES
build-test	Release build with local ad-hoc signing	2026-10-03T23:49:44.5736720Z     export OBJECT_FILE_DIR\=/Users/runner/Library/Developer/PhotoAxisBuilds/fe52d68e5807/DerivedData/Build/Intermediates.noindex/PhotoAxis.build/Release/PhotoAxis.build/Objects
build-test	Release build with local ad-hoc signing	2026-10-03T23:49:44.5737940Z     export OBJECT_FILE_DIR_normal\=/Users/runner/Library/Developer/PhotoAxisBuilds/fe52d68e5807/DerivedData/Build/Intermediates.noindex/PhotoAxis.build/Release/PhotoAxis.build/Objects-normal
build-test	Release build with local ad-hoc signing	2026-10-03T23:49:44.5739110Z     export OBJROOT\=/Users/runner/Library/Developer/PhotoAxisBuilds/fe52d68e5807/DerivedData/Build/Intermediates.noindex
build-test	Release build with local ad-hoc signing	2026-10-03T23:49:44.5739590Z     export ONLY_ACTIVE_ARCH\=NO
build-test	Release build with local ad-hoc signing	2026-10-03T23:49:44.5739770Z     export OS\=MACOS
build-test	Release build with local ad-hoc signing	2026-10-03T23:49:44.5739940Z     export OSAC\=/usr/bin/osacompile
build-test	Release build with local ad-hoc signing	2026-10-03T23:49:44.5740250Z     export PACKAGE_TYPE\=com.apple.package-type.wrapper.application
build-test	Release build with local ad-hoc signing	2026-10-03T23:49:44.5740590Z     export PASCAL_STRINGS\=YES
build-test	Release build with local ad-hoc signing	2026-10-03T23:49:44.5745150Z     export PATH\=/Applications/Xcode_16.4.app/Contents/SharedFrameworks/SwiftBuild.framework/Versions/A/PlugIns/SWBBuildService.bundle/Contents/PlugIns/SWBUniversalPlatformPlugin.bundle/Contents/Frameworks/SWBUniversalPlatform.framework/Resources:/Applications/Xcode_16.4.app/Contents/Developer/Toolchains/XcodeDefault.xctoolchain/usr/bin:/Applications/Xcode_16.4.app/Contents/Developer/Toolchains/XcodeDefault.xctoolchain/usr/local/bin:/Applications/Xcode_16.4.app/Contents/Developer/Toolchains/XcodeDefault.xctoolchain/usr/libexec:/Applications/Xcode_16.4.app/Contents/Developer/Platforms/MacOSX.platform/usr/bin:/Applications/Xcode_16.4.app/Contents/Developer/Platforms/MacOSX.platform/usr/local/bin:/Applications/Xcode_16.4.app/Contents/Developer/Platforms/MacOSX.platform/Developer/usr/bin:/Applications/Xcode_16.4.app/Contents/Developer/Platforms/MacOSX.platform/Developer/usr/local/bin:/Applications/Xcode_16.4.app/Contents/Developer/usr/bin:/Applications/Xcode_16.4.app/Contents/Developer/usr/local/bin:/opt/homebrew/lib/ruby/gems/3.3.0/bin:/opt/homebrew/opt/ruby@3.3/bin:/Users/runner/.local/bin:/opt/homebrew/bin:/opt/homebrew/sbin:/Users/runner/.cargo/bin:/usr/local/opt/curl/bin:/usr/local/bin:/usr/local/sbin:/Users/runner/bin:/Users/runner/.yarn/bin:/Users/runner/Library/Android/sdk/tools:/Users/runner/Library/Android/sdk/platform-tools:/Library/Frameworks/Python.framework/Versions/Current/bin:/Library/Frameworks/Mono.framework/Versions/Current/Commands:/usr/bin:/bin:/usr/sbin:/sbin:/Users/runner/.dotnet/tools
build-test	Release build with local ad-hoc signing	2026-10-03T23:49:44.5751110Z     export PATH_PREFIXES_EXCLUDED_FROM_HEADER_DEPENDENCIES\=/usr/include\ /usr/local/include\ /System/Library/Frameworks\ /System/Library/PrivateFrameworks\ /Applications/Xcode_16.4.app/Contents/Developer/Headers\ /Applications/Xcode_16.4.app/Contents/Developer/SDKs\ /Applications/Xcode_16.4.app/Contents/Developer/Platforms
build-test	Release build with local ad-hoc signing	2026-10-03T23:49:44.5752270Z     export PBDEVELOPMENTPLIST_PATH\=PhotoAxis.app/Contents/pbdevelopment.plist
build-test	Release build with local ad-hoc signing	2026-10-03T23:49:44.5753090Z     export PER_ARCH_MODULE_FILE_DIR\=/Users/runner/Library/Developer/PhotoAxisBuilds/fe52d68e5807/DerivedData/Build/Intermediates.noindex/PhotoAxis.build/Release/PhotoAxis.build/Objects-normal/undefined_arch
build-test	Release build with local ad-hoc signing	2026-10-03T23:49:44.5754290Z     export PER_ARCH_OBJECT_FILE_DIR\=/Users/runner/Library/Developer/PhotoAxisBuilds/fe52d68e5807/DerivedData/Build/Intermediates.noindex/PhotoAxis.build/Release/PhotoAxis.build/Objects-normal/undefined_arch
build-test	Release build with local ad-hoc signing	2026-10-03T23:49:44.5755480Z     export PER_VARIANT_OBJECT_FILE_DIR\=/Users/runner/Library/Developer/PhotoAxisBuilds/fe52d68e5807/DerivedData/Build/Intermediates.noindex/PhotoAxis.build/Release/PhotoAxis.build/Objects-normal
build-test	Release build with local ad-hoc signing	2026-10-03T23:49:44.5756230Z     export PHOTOAXIS_APP_BUNDLE_ID\=local.photoaxis.development
build-test	Release build with local ad-hoc signing	2026-10-03T23:49:44.5756580Z     export PHOTOAXIS_CASE_UTI\=com.photoaxis.document.investigation
build-test	Release build with local ad-hoc signing	2026-10-03T23:49:44.5756950Z     export PHOTOAXIS_CORE_BUNDLE_ID\=local.photoaxis.core
build-test	Release build with local ad-hoc signing	2026-10-03T23:49:44.5757320Z     export PHOTOAXIS_DOCUMENT_UTI\=com.photoaxis.document
build-test	Release build with local ad-hoc signing	2026-10-03T23:49:44.5758000Z     export PKGINFO_FILE_PATH\=/Users/runner/Library/Developer/PhotoAxisBuilds/fe52d68e5807/DerivedData/Build/Intermediates.noindex/PhotoAxis.build/Release/PhotoAxis.build/PkgInfo
build-test	Release build with local ad-hoc signing	2026-10-03T23:49:44.5758670Z     export PKGINFO_PATH\=PhotoAxis.app/Contents/PkgInfo
build-test	Release build with local ad-hoc signing	2026-10-03T23:49:44.5759110Z     export PLATFORM_DEVELOPER_APPLICATIONS_DIR\=/Applications/Xcode_16.4.app/Contents/Developer/Applications
build-test	Release build with local ad-hoc signing	2026-10-03T23:49:44.5759820Z     export PLATFORM_DEVELOPER_BIN_DIR\=/Applications/Xcode_16.4.app/Contents/Developer/usr/bin
build-test	Release build with local ad-hoc signing	2026-10-03T23:49:44.5760340Z     export PLATFORM_DEVELOPER_LIBRARY_DIR\=/Applications/Xcode_16.4.app/Contents/Developer/Library
build-test	Release build with local ad-hoc signing	2026-10-03T23:49:44.5760970Z     export PLATFORM_DEVELOPER_SDK_DIR\=/Applications/Xcode_16.4.app/Contents/Developer/Platforms/MacOSX.platform/Developer/SDKs
build-test	Release build with local ad-hoc signing	2026-10-03T23:49:44.5761600Z     export PLATFORM_DEVELOPER_TOOLS_DIR\=/Applications/Xcode_16.4.app/Contents/Developer/Tools
build-test	Release build with local ad-hoc signing	2026-10-03T23:49:44.5762090Z     export PLATFORM_DEVELOPER_USR_DIR\=/Applications/Xcode_16.4.app/Contents/Developer/usr
build-test	Release build with local ad-hoc signing	2026-10-03T23:49:44.5762610Z     export PLATFORM_DIR\=/Applications/Xcode_16.4.app/Contents/Developer/Platforms/MacOSX.platform
build-test	Release build with local ad-hoc signing	2026-10-03T23:49:44.5763010Z     export PLATFORM_DISPLAY_NAME\=macOS
build-test	Release build with local ad-hoc signing	2026-10-03T23:49:44.5763250Z     export PLATFORM_FAMILY_NAME\=macOS
build-test	Release build with local ad-hoc signing	2026-10-03T23:49:44.5763480Z     export PLATFORM_NAME\=macosx
build-test	Release build with local ad-hoc signing	2026-10-03T23:49:44.5763710Z     export PLATFORM_PREFERRED_ARCH\=x86_64
build-test	Release build with local ad-hoc signing	2026-10-03T23:49:44.5763970Z     export PLATFORM_PRODUCT_BUILD_VERSION\=24F74
build-test	Release build with local ad-hoc signing	2026-10-03T23:49:44.5764260Z     export PLATFORM_REQUIRES_SWIFT_AUTOLINK_EXTRACT\=NO
build-test	Release build with local ad-hoc signing	2026-10-03T23:49:44.5764540Z     export PLATFORM_REQUIRES_SWIFT_MODULEWRAP\=NO
build-test	Release build with local ad-hoc signing	2026-10-03T23:49:44.5764810Z     export PLIST_FILE_OUTPUT_FORMAT\=same-as-input
build-test	Release build with local ad-hoc signing	2026-10-03T23:49:44.5765100Z     export PLUGINS_FOLDER_PATH\=PhotoAxis.app/Contents/PlugIns
build-test	Release build with local ad-hoc signing	2026-10-03T23:49:44.5765440Z     export PRECOMPS_INCLUDE_HEADERS_FROM_BUILT_PRODUCTS_DIR\=YES
build-test	Release build with local ad-hoc signing	2026-10-03T23:49:44.5766160Z     export PRECOMP_DESTINATION_DIR\=/Users/runner/Library/Developer/PhotoAxisBuilds/fe52d68e5807/DerivedData/Build/Intermediates.noindex/PhotoAxis.build/Release/PhotoAxis.build/PrefixHeaders
build-test	Release build with local ad-hoc signing	2026-10-03T23:49:44.5767560Z     export PRIVATE_HEADERS_FOLDER_PATH\=PhotoAxis.app/Contents/PrivateHeaders
build-test	Release build with local ad-hoc signing	2026-10-03T23:49:44.5768450Z     export PROCESSED_INFOPLIST_PATH\=/Users/runner/Library/Developer/PhotoAxisBuilds/fe52d68e5807/DerivedData/Build/Intermediates.noindex/PhotoAxis.build/Release/PhotoAxis.build/Objects-normal/undefined_arch/Processed-Info.plist
build-test	Release build with local ad-hoc signing	2026-10-03T23:49:44.5769340Z     export PRODUCT_BUNDLE_IDENTIFIER\=local.photoaxis.development
build-test	Release build with local ad-hoc signing	2026-10-03T23:49:44.5769660Z     export PRODUCT_BUNDLE_PACKAGE_TYPE\=APPL
build-test	Release build with local ad-hoc signing	2026-10-03T23:49:44.5769900Z     export PRODUCT_MODULE_NAME\=PhotoAxis
build-test	Release build with local ad-hoc signing	2026-10-03T23:49:44.5770130Z     export PRODUCT_NAME\=PhotoAxis
build-test	Release build with local ad-hoc signing	2026-10-03T23:49:44.5770470Z     export PRODUCT_SETTINGS_PATH\=$REPO/Config/Info.plist
build-test	Release build with local ad-hoc signing	2026-10-03T23:49:44.5771130Z     export PRODUCT_TYPE\=com.apple.product-type.application
build-test	Release build with local ad-hoc signing	2026-10-03T23:49:44.5771440Z     export PROFILING_CODE\=NO
build-test	Release build with local ad-hoc signing	2026-10-03T23:49:44.5771660Z     export PROJECT\=PhotoAxis
build-test	Release build with local ad-hoc signing	2026-10-03T23:49:44.5772230Z     export PROJECT_DERIVED_FILE_DIR\=/Users/runner/Library/Developer/PhotoAxisBuilds/fe52d68e5807/DerivedData/Build/Intermediates.noindex/PhotoAxis.build/DerivedSources
build-test	Release build with local ad-hoc signing	2026-10-03T23:49:44.5772900Z     export PROJECT_DIR\=$REPO
build-test	Release build with local ad-hoc signing	2026-10-03T23:49:44.5773330Z     export PROJECT_FILE_PATH\=$REPO/PhotoAxis.xcodeproj
build-test	Release build with local ad-hoc signing	2026-10-03T23:49:44.5773740Z     export PROJECT_GUID\=9730526f0700b8b20d57e2b47e796b5b
build-test	Release build with local ad-hoc signing	2026-10-03T23:49:44.5774000Z     export PROJECT_NAME\=PhotoAxis
build-test	Release build with local ad-hoc signing	2026-10-03T23:49:44.5774540Z     export PROJECT_TEMP_DIR\=/Users/runner/Library/Developer/PhotoAxisBuilds/fe52d68e5807/DerivedData/Build/Intermediates.noindex/PhotoAxis.build
build-test	Release build with local ad-hoc signing	2026-10-03T23:49:44.5775410Z     export PROJECT_TEMP_ROOT\=/Users/runner/Library/Developer/PhotoAxisBuilds/fe52d68e5807/DerivedData/Build/Intermediates.noindex
build-test	Release build with local ad-hoc signing	2026-10-03T23:49:44.5775920Z     export PROVISIONING_PROFILE_REQUIRED\=NO
build-test	Release build with local ad-hoc signing	2026-10-03T23:49:44.5776190Z     export PROVISIONING_PROFILE_REQUIRED_YES_YES\=YES
build-test	Release build with local ad-hoc signing	2026-10-03T23:49:44.5776470Z     export PROVISIONING_PROFILE_SUPPORTED\=YES
build-test	Release build with local ad-hoc signing	2026-10-03T23:49:44.5776780Z     export PUBLIC_HEADERS_FOLDER_PATH\=PhotoAxis.app/Contents/Headers
build-test	Release build with local ad-hoc signing	2026-10-03T23:49:44.5777110Z     export RECOMMENDED_MACOSX_DEPLOYMENT_TARGET\=11.0
build-test	Release build with local ad-hoc signing	2026-10-03T23:49:44.5777530Z     export RECURSIVE_SEARCH_PATHS_FOLLOW_SYMLINKS\=YES
build-test	Release build with local ad-hoc signing	2026-10-03T23:49:44.5777790Z     export REMOVE_CVS_FROM_RESOURCES\=YES
build-test	Release build with local ad-hoc signing	2026-10-03T23:49:44.5778010Z     export REMOVE_GIT_FROM_RESOURCES\=YES
build-test	Release build with local ad-hoc signing	2026-10-03T23:49:44.5778250Z     export REMOVE_HEADERS_FROM_EMBEDDED_BUNDLES\=YES
build-test	Release build with local ad-hoc signing	2026-10-03T23:49:44.5778490Z     export REMOVE_HG_FROM_RESOURCES\=YES
build-test	Release build with local ad-hoc signing	2026-10-03T23:49:44.5778760Z     export REMOVE_STATIC_EXECUTABLES_FROM_EMBEDDED_BUNDLES\=YES
build-test	Release build with local ad-hoc signing	2026-10-03T23:49:44.5779030Z     export REMOVE_SVN_FROM_RESOURCES\=YES
build-test	Release build with local ad-hoc signing	2026-10-03T23:49:44.5779270Z     export RESCHEDULE_INDEPENDENT_HEADERS_PHASES\=YES
build-test	Release build with local ad-hoc signing	2026-10-03T23:49:44.5779960Z     export REZ_COLLECTOR_DIR\=/Users/runner/Library/Developer/PhotoAxisBuilds/fe52d68e5807/DerivedData/Build/Intermediates.noindex/PhotoAxis.build/Release/PhotoAxis.build/ResourceManagerResources
build-test	Release build with local ad-hoc signing	2026-10-03T23:49:44.5781140Z     export REZ_OBJECTS_DIR\=/Users/runner/Library/Developer/PhotoAxisBuilds/fe52d68e5807/DerivedData/Build/Intermediates.noindex/PhotoAxis.build/Release/PhotoAxis.build/ResourceManagerResources/Objects
build-test	Release build with local ad-hoc signing	2026-10-03T23:49:44.5782100Z     export REZ_SEARCH_PATHS\=/Users/runner/Library/Developer/PhotoAxisBuilds/fe52d68e5807/DerivedData/Build/Products/Release\ 
build-test	Release build with local ad-hoc signing	2026-10-03T23:49:44.5782570Z     export SCAN_ALL_SOURCE_FILES_FOR_INCLUDES\=NO
build-test	Release build with local ad-hoc signing	2026-10-03T23:49:44.5782890Z     export SCRIPTS_FOLDER_PATH\=PhotoAxis.app/Contents/Resources/Scripts
build-test	Release build with local ad-hoc signing	2026-10-03T23:49:44.5783410Z     export SCRIPT_INPUT_FILE_0\=$REPO/Sources/PhotoAxisApp/Renderer/Perspective.ci.metal
build-test	Release build with local ad-hoc signing	2026-10-03T23:49:44.5783860Z     export SCRIPT_INPUT_FILE_COUNT\=1
build-test	Release build with local ad-hoc signing	2026-10-03T23:49:44.5784060Z     export SCRIPT_INPUT_FILE_LIST_COUNT\=0
build-test	Release build with local ad-hoc signing	2026-10-03T23:49:44.5784800Z     export SCRIPT_OUTPUT_FILE_0\=/Users/runner/Library/Developer/PhotoAxisBuilds/fe52d68e5807/DerivedData/Build/Products/Release/PhotoAxis.app/Contents/Resources/Perspective.metallib
build-test	Release build with local ad-hoc signing	2026-10-03T23:49:44.5785420Z     export SCRIPT_OUTPUT_FILE_COUNT\=1
build-test	Release build with local ad-hoc signing	2026-10-03T23:49:44.5785630Z     export SCRIPT_OUTPUT_FILE_LIST_COUNT\=0
build-test	Release build with local ad-hoc signing	2026-10-03T23:49:44.5786140Z     export SDKROOT\=/Applications/Xcode_16.4.app/Contents/Developer/Platforms/MacOSX.platform/Developer/SDKs/MacOSX15.5.sdk
build-test	Release build with local ad-hoc signing	2026-10-03T23:49:44.5787140Z     export SDK_DIR\=/Applications/Xcode_16.4.app/Contents/Developer/Platforms/MacOSX.platform/Developer/SDKs/MacOSX15.5.sdk
build-test	Release build with local ad-hoc signing	2026-10-03T23:49:44.5787900Z     export SDK_DIR_macosx\=/Applications/Xcode_16.4.app/Contents/Developer/Platforms/MacOSX.platform/Developer/SDKs/MacOSX15.5.sdk
build-test	Release build with local ad-hoc signing	2026-10-03T23:49:44.5788660Z     export SDK_DIR_macosx15_5\=/Applications/Xcode_16.4.app/Contents/Developer/Platforms/MacOSX.platform/Developer/SDKs/MacOSX15.5.sdk
build-test	Release build with local ad-hoc signing	2026-10-03T23:49:44.5789270Z     export SDK_NAME\=macosx15.5
build-test	Release build with local ad-hoc signing	2026-10-03T23:49:44.5789480Z     export SDK_NAMES\=macosx15.5
build-test	Release build with local ad-hoc signing	2026-10-03T23:49:44.5789690Z     export SDK_PRODUCT_BUILD_VERSION\=24F74
build-test	Release build with local ad-hoc signing	2026-10-03T23:49:44.5790110Z     export SDK_STAT_CACHE_DIR\=/Users/runner/Library/Developer/PhotoAxisBuilds/fe52d68e5807/DerivedData
build-test	Release build with local ad-hoc signing	2026-10-03T23:49:44.5790530Z     export SDK_STAT_CACHE_ENABLE\=YES
build-test	Release build with local ad-hoc signing	2026-10-03T23:49:44.5791180Z     export SDK_STAT_CACHE_PATH\=/Users/runner/Library/Developer/PhotoAxisBuilds/fe52d68e5807/DerivedData/SDKStatCaches.noindex/macosx15.5-24F74-a403186ba963133a54a0e0cacd566b0b.sdkstatcache
build-test	Release build with local ad-hoc signing	2026-10-03T23:49:44.5791850Z     export SDK_VERSION\=15.5
build-test	Release build with local ad-hoc signing	2026-10-03T23:49:44.5792040Z     export SDK_VERSION_ACTUAL\=150500
build-test	Release build with local ad-hoc signing	2026-10-03T23:49:44.5792260Z     export SDK_VERSION_MAJOR\=150000
build-test	Release build with local ad-hoc signing	2026-10-03T23:49:44.5792470Z     export SDK_VERSION_MINOR\=150500
build-test	Release build with local ad-hoc signing	2026-10-03T23:49:44.5792680Z     export SED\=/usr/bin/sed
build-test	Release build with local ad-hoc signing	2026-10-03T23:49:44.5792860Z     export SEPARATE_STRIP\=NO
build-test	Release build with local ad-hoc signing	2026-10-03T23:49:44.5793040Z     export SEPARATE_SYMBOL_EDIT\=NO
build-test	Release build with local ad-hoc signing	2026-10-03T23:49:44.5793250Z     export SET_DIR_MODE_OWNER_GROUP\=YES
build-test	Release build with local ad-hoc signing	2026-10-03T23:49:44.5793480Z     export SET_FILE_MODE_OWNER_GROUP\=NO
build-test	Release build with local ad-hoc signing	2026-10-03T23:49:44.5793690Z     export SHALLOW_BUNDLE\=NO
build-test	Release build with local ad-hoc signing	2026-10-03T23:49:44.5793880Z     export SHALLOW_BUNDLE_PLATFORM\=NO
build-test	Release build with local ad-hoc signing	2026-10-03T23:49:44.5794090Z     export SHALLOW_BUNDLE_TRIPLE\=macos
build-test	Release build with local ad-hoc signing	2026-10-03T23:49:44.5794310Z     export SHALLOW_BUNDLE_ios_macabi\=NO
build-test	Release build with local ad-hoc signing	2026-10-03T23:49:44.5794790Z     export SHALLOW_BUNDLE_macos\=NO
build-test	Release build with local ad-hoc signing	2026-10-03T23:49:44.5795290Z     export SHARED_DERIVED_FILE_DIR\=/Users/runner/Library/Developer/PhotoAxisBuilds/fe52d68e5807/DerivedData/Build/Products/Release/DerivedSources
build-test	Release build with local ad-hoc signing	2026-10-03T23:49:44.5795920Z     export SHARED_FRAMEWORKS_FOLDER_PATH\=PhotoAxis.app/Contents/SharedFrameworks
build-test	Release build with local ad-hoc signing	2026-10-03T23:49:44.5796560Z     export SHARED_PRECOMPS_DIR\=/Users/runner/Library/Developer/PhotoAxisBuilds/fe52d68e5807/DerivedData/Build/Intermediates.noindex/PrecompiledHeaders
build-test	Release build with local ad-hoc signing	2026-10-03T23:49:44.5797190Z     export SHARED_SUPPORT_FOLDER_PATH\=PhotoAxis.app/Contents/SharedSupport
build-test	Release build with local ad-hoc signing	2026-10-03T23:49:44.5797500Z     export SKIP_INSTALL\=NO
build-test	Release build with local ad-hoc signing	2026-10-03T23:49:44.5797730Z     export SOURCE_ROOT\=$REPO
build-test	Release build with local ad-hoc signing	2026-10-03T23:49:44.5798030Z     export SRCROOT\=$REPO
build-test	Release build with local ad-hoc signing	2026-10-03T23:49:44.5798740Z     export STRINGSDATA_DIR\=/Users/runner/Library/Developer/PhotoAxisBuilds/fe52d68e5807/DerivedData/Build/Intermediates.noindex/PhotoAxis.build/Release/PhotoAxis.build/Objects-normal/undefined_arch
build-test	Release build with local ad-hoc signing	2026-10-03T23:49:44.5799800Z     export STRINGSDATA_ROOT\=/Users/runner/Library/Developer/PhotoAxisBuilds/fe52d68e5807/DerivedData/Build/Intermediates.noindex/PhotoAxis.build/Release/PhotoAxis.build
build-test	Release build with local ad-hoc signing	2026-10-03T23:49:44.5800410Z     export STRINGS_FILE_INFOPLIST_RENAME\=YES
build-test	Release build with local ad-hoc signing	2026-10-03T23:49:44.5800660Z     export STRINGS_FILE_OUTPUT_ENCODING\=UTF-16
build-test	Release build with local ad-hoc signing	2026-10-03T23:49:44.5800900Z     export STRIP_BITCODE_FROM_COPIED_FILES\=NO
build-test	Release build with local ad-hoc signing	2026-10-03T23:49:44.5801130Z     export STRIP_INSTALLED_PRODUCT\=YES
build-test	Release build with local ad-hoc signing	2026-10-03T23:49:44.5801340Z     export STRIP_PNG_TEXT\=NO
build-test	Release build with local ad-hoc signing	2026-10-03T23:49:44.5801600Z     export STRIP_STYLE\=all
build-test	Release build with local ad-hoc signing	2026-10-03T23:49:44.5801790Z     export STRIP_SWIFT_SYMBOLS\=YES
build-test	Release build with local ad-hoc signing	2026-10-03T23:49:44.5802010Z     export SUPPORTED_PLATFORMS\=macosx
build-test	Release build with local ad-hoc signing	2026-10-03T23:49:44.5802230Z     export SUPPORTS_MACCATALYST\=NO
build-test	Release build with local ad-hoc signing	2026-10-03T23:49:44.5802440Z     export SUPPORTS_ON_DEMAND_RESOURCES\=NO
build-test	Release build with local ad-hoc signing	2026-10-03T23:49:44.5802660Z     export SUPPORTS_TEXT_BASED_API\=NO
build-test	Release build with local ad-hoc signing	2026-10-03T23:49:44.5802880Z     export SUPPRESS_WARNINGS\=NO
build-test	Release build with local ad-hoc signing	2026-10-03T23:49:44.5803100Z     export SWIFT_COMPILATION_MODE\=wholemodule
build-test	Release build with local ad-hoc signing	2026-10-03T23:49:44.5803340Z     export SWIFT_EMIT_LOC_STRINGS\=NO
build-test	Release build with local ad-hoc signing	2026-10-03T23:49:44.5803550Z     export SWIFT_OPTIMIZATION_LEVEL\=-O
build-test	Release build with local ad-hoc signing	2026-10-03T23:49:44.5803780Z     export SWIFT_PLATFORM_TARGET_PREFIX\=macos
build-test	Release build with local ad-hoc signing	2026-10-03T23:49:44.5804590Z     export SWIFT_RESPONSE_FILE_PATH_normal_arm64\=/Users/runner/Library/Developer/PhotoAxisBuilds/fe52d68e5807/DerivedData/Build/Intermediates.noindex/PhotoAxis.build/Release/PhotoAxis.build/Objects-normal/arm64/PhotoAxis.SwiftFileList
build-test	Release build with local ad-hoc signing	2026-10-03T23:49:44.5805430Z     export SWIFT_STRICT_CONCURRENCY\=complete
build-test	Release build with local ad-hoc signing	2026-10-03T23:49:44.5805660Z     export SWIFT_VERSION\=6.0
build-test	Release build with local ad-hoc signing	2026-10-03T23:49:44.5806040Z     export SYMROOT\=/Users/runner/Library/Developer/PhotoAxisBuilds/fe52d68e5807/DerivedData/Build/Products
build-test	Release build with local ad-hoc signing	2026-10-03T23:49:44.5806510Z     export SYSTEM_ADMIN_APPS_DIR\=/Applications/Utilities
build-test	Release build with local ad-hoc signing	2026-10-03T23:49:44.5806780Z     export SYSTEM_APPS_DIR\=/Applications
build-test	Release build with local ad-hoc signing	2026-10-03T23:49:44.5807050Z     export SYSTEM_CORE_SERVICES_DIR\=/System/Library/CoreServices
build-test	Release build with local ad-hoc signing	2026-10-03T23:49:44.5807340Z     export SYSTEM_DEMOS_DIR\=/Applications/Extras
build-test	Release build with local ad-hoc signing	2026-10-03T23:49:44.5807730Z     export SYSTEM_DEVELOPER_APPS_DIR\=/Applications/Xcode_16.4.app/Contents/Developer/Applications
build-test	Release build with local ad-hoc signing	2026-10-03T23:49:44.5808230Z     export SYSTEM_DEVELOPER_BIN_DIR\=/Applications/Xcode_16.4.app/Contents/Developer/usr/bin
build-test	Release build with local ad-hoc signing	2026-10-03T23:49:44.5808840Z     export SYSTEM_DEVELOPER_DEMOS_DIR\=/Applications/Xcode_16.4.app/Contents/Developer/Applications/Utilities/Built\ Examples
build-test	Release build with local ad-hoc signing	2026-10-03T23:49:44.5809400Z     export SYSTEM_DEVELOPER_DIR\=/Applications/Xcode_16.4.app/Contents/Developer
build-test	Release build with local ad-hoc signing	2026-10-03T23:49:44.5809910Z     export SYSTEM_DEVELOPER_DOC_DIR\=/Applications/Xcode_16.4.app/Contents/Developer/ADC\ Reference\ Library
build-test	Release build with local ad-hoc signing	2026-10-03T23:49:44.5810560Z     export SYSTEM_DEVELOPER_GRAPHICS_TOOLS_DIR\=/Applications/Xcode_16.4.app/Contents/Developer/Applications/Graphics\ Tools
build-test	Release build with local ad-hoc signing	2026-10-03T23:49:44.5811440Z     export SYSTEM_DEVELOPER_JAVA_TOOLS_DIR\=/Applications/Xcode_16.4.app/Contents/Developer/Applications/Java\ Tools
build-test	Release build with local ad-hoc signing	2026-10-03T23:49:44.5812120Z     export SYSTEM_DEVELOPER_PERFORMANCE_TOOLS_DIR\=/Applications/Xcode_16.4.app/Contents/Developer/Applications/Performance\ Tools
build-test	Release build with local ad-hoc signing	2026-10-03T23:49:44.5812830Z     export SYSTEM_DEVELOPER_RELEASENOTES_DIR\=/Applications/Xcode_16.4.app/Contents/Developer/ADC\ Reference\ Library/releasenotes
build-test	Release build with local ad-hoc signing	2026-10-03T23:49:44.5813420Z     export SYSTEM_DEVELOPER_TOOLS\=/Applications/Xcode_16.4.app/Contents/Developer/Tools
build-test	Release build with local ad-hoc signing	2026-10-03T23:49:44.5814060Z     export SYSTEM_DEVELOPER_TOOLS_DOC_DIR\=/Applications/Xcode_16.4.app/Contents/Developer/ADC\ Reference\ Library/documentation/DeveloperTools
build-test	Release build with local ad-hoc signing	2026-10-03T23:49:44.5814880Z     export SYSTEM_DEVELOPER_TOOLS_RELEASENOTES_DIR\=/Applications/Xcode_16.4.app/Contents/Developer/ADC\ Reference\ Library/releasenotes/DeveloperTools
build-test	Release build with local ad-hoc signing	2026-10-03T23:49:44.5815510Z     export SYSTEM_DEVELOPER_USR_DIR\=/Applications/Xcode_16.4.app/Contents/Developer/usr
build-test	Release build with local ad-hoc signing	2026-10-03T23:49:44.5816060Z     export SYSTEM_DEVELOPER_UTILITIES_DIR\=/Applications/Xcode_16.4.app/Contents/Developer/Applications/Utilities
build-test	Release build with local ad-hoc signing	2026-10-03T23:49:44.5816880Z     export SYSTEM_DEXT_INSTALL_PATH\=/System/Library/DriverExtensions
build-test	Release build with local ad-hoc signing	2026-10-03T23:49:44.5817260Z     export SYSTEM_DOCUMENTATION_DIR\=/Library/Documentation
build-test	Release build with local ad-hoc signing	2026-10-03T23:49:44.5817660Z     export SYSTEM_EXTENSIONS_FOLDER_PATH\=PhotoAxis.app/Contents/Library/SystemExtensions
build-test	Release build with local ad-hoc signing	2026-10-03T23:49:44.5818190Z     export SYSTEM_EXTENSIONS_FOLDER_PATH_SHALLOW_BUNDLE_NO\=PhotoAxis.app/Contents/Library/SystemExtensions
build-test	Release build with local ad-hoc signing	2026-10-03T23:49:44.5818940Z     export SYSTEM_EXTENSIONS_FOLDER_PATH_SHALLOW_BUNDLE_YES\=PhotoAxis.app/Contents/SystemExtensions
build-test	Release build with local ad-hoc signing	2026-10-03T23:49:44.5819620Z     export SYSTEM_KEXT_INSTALL_PATH\=/System/Library/Extensions
build-test	Release build with local ad-hoc signing	2026-10-03T23:49:44.5819910Z     export SYSTEM_LIBRARY_DIR\=/System/Library
build-test	Release build with local ad-hoc signing	2026-10-03T23:49:44.5820140Z     export TAPI_DEMANGLE\=YES
build-test	Release build with local ad-hoc signing	2026-10-03T23:49:44.5820340Z     export TAPI_ENABLE_PROJECT_HEADERS\=NO
build-test	Release build with local ad-hoc signing	2026-10-03T23:49:44.5820560Z     export TAPI_LANGUAGE\=objective-c
build-test	Release build with local ad-hoc signing	2026-10-03T23:49:44.5820790Z     export TAPI_LANGUAGE_STANDARD\=compiler-default
build-test	Release build with local ad-hoc signing	2026-10-03T23:49:44.5821030Z     export TAPI_USE_SRCROOT\=YES
build-test	Release build with local ad-hoc signing	2026-10-03T23:49:44.5821230Z     export TAPI_VERIFY_MODE\=Pedantic
build-test	Release build with local ad-hoc signing	2026-10-03T23:49:44.5821440Z     export TARGETNAME\=PhotoAxis
build-test	Release build with local ad-hoc signing	2026-10-03T23:49:44.5821890Z     export TARGET_BUILD_DIR\=/Users/runner/Library/Developer/PhotoAxisBuilds/fe52d68e5807/DerivedData/Build/Products/Release
build-test	Release build with local ad-hoc signing	2026-10-03T23:49:44.5822570Z     export TARGET_NAME\=PhotoAxis
build-test	Release build with local ad-hoc signing	2026-10-03T23:49:44.5823150Z     export TARGET_TEMP_DIR\=/Users/runner/Library/Developer/PhotoAxisBuilds/fe52d68e5807/DerivedData/Build/Intermediates.noindex/PhotoAxis.build/Release/PhotoAxis.build
build-test	Release build with local ad-hoc signing	2026-10-03T23:49:44.5824120Z     export TEMP_DIR\=/Users/runner/Library/Developer/PhotoAxisBuilds/fe52d68e5807/DerivedData/Build/Intermediates.noindex/PhotoAxis.build/Release/PhotoAxis.build
build-test	Release build with local ad-hoc signing	2026-10-03T23:49:44.5825440Z     export TEMP_FILES_DIR\=/Users/runner/Library/Developer/PhotoAxisBuilds/fe52d68e5807/DerivedData/Build/Intermediates.noindex/PhotoAxis.build/Release/PhotoAxis.build
build-test	Release build with local ad-hoc signing	2026-10-03T23:49:44.5826420Z     export TEMP_FILE_DIR\=/Users/runner/Library/Developer/PhotoAxisBuilds/fe52d68e5807/DerivedData/Build/Intermediates.noindex/PhotoAxis.build/Release/PhotoAxis.build
build-test	Release build with local ad-hoc signing	2026-10-03T23:49:44.5827250Z     export TEMP_ROOT\=/Users/runner/Library/Developer/PhotoAxisBuilds/fe52d68e5807/DerivedData/Build/Intermediates.noindex
build-test	Release build with local ad-hoc signing	2026-10-03T23:49:44.5828040Z     export TEMP_SANDBOX_DIR\=/Users/runner/Library/Developer/PhotoAxisBuilds/fe52d68e5807/DerivedData/Build/Intermediates.noindex/TemporaryTaskSandboxes
build-test	Release build with local ad-hoc signing	2026-10-03T23:49:44.5828960Z     export TEST_FRAMEWORK_SEARCH_PATHS\=\ /Applications/Xcode_16.4.app/Contents/Developer/Platforms/MacOSX.platform/Developer/Library/Frameworks
build-test	Release build with local ad-hoc signing	2026-10-03T23:49:44.5829720Z     export TEST_LIBRARY_SEARCH_PATHS\=\ /Applications/Xcode_16.4.app/Contents/Developer/Platforms/MacOSX.platform/Developer/usr/lib
build-test	Release build with local ad-hoc signing	2026-10-03T23:49:44.5830410Z     export TOOLCHAINS\=com.apple.dt.toolchain.XcodeDefault
build-test	Release build with local ad-hoc signing	2026-10-03T23:49:44.5830880Z     export TOOLCHAIN_DIR\=/Applications/Xcode_16.4.app/Contents/Developer/Toolchains/XcodeDefault.xctoolchain
build-test	Release build with local ad-hoc signing	2026-10-03T23:49:44.5831770Z     export TREAT_MISSING_BASELINES_AS_TEST_FAILURES\=NO
build-test	Release build with local ad-hoc signing	2026-10-03T23:49:44.5832120Z     export TREAT_MISSING_SCRIPT_PHASE_OUTPUTS_AS_ERRORS\=NO
build-test	Release build with local ad-hoc signing	2026-10-03T23:49:44.5832380Z     export UID\=501
build-test	Release build with local ad-hoc signing	2026-10-03T23:49:44.5832900Z     export UNINSTALLED_PRODUCTS_DIR\=/Users/runner/Library/Developer/PhotoAxisBuilds/fe52d68e5807/DerivedData/Build/Intermediates.noindex/UninstalledProducts
build-test	Release build with local ad-hoc signing	2026-10-03T23:49:44.5833570Z     export UNLOCALIZED_RESOURCES_FOLDER_PATH\=PhotoAxis.app/Contents/Resources
build-test	Release build with local ad-hoc signing	2026-10-03T23:49:44.5834610Z     export UNLOCALIZED_RESOURCES_FOLDER_PATH_SHALLOW_BUNDLE_NO\=PhotoAxis.app/Contents/Resources
build-test	Release build with local ad-hoc signing	2026-10-03T23:49:44.5835140Z     export UNLOCALIZED_RESOURCES_FOLDER_PATH_SHALLOW_BUNDLE_YES\=PhotoAxis.app/Contents
build-test	Release build with local ad-hoc signing	2026-10-03T23:49:44.5835500Z     export UNSTRIPPED_PRODUCT\=NO
build-test	Release build with local ad-hoc signing	2026-10-03T23:49:44.5835700Z     export USER\=runner
build-test	Release build with local ad-hoc signing	2026-10-03T23:49:44.5835910Z     export USER_APPS_DIR\=/Users/runner/Applications
build-test	Release build with local ad-hoc signing	2026-10-03T23:49:44.5836170Z     export USER_LIBRARY_DIR\=/Users/runner/Library
build-test	Release build with local ad-hoc signing	2026-10-03T23:49:44.5836400Z     export USE_DYNAMIC_NO_PIC\=YES
build-test	Release build with local ad-hoc signing	2026-10-03T23:49:44.5836630Z     export USE_HEADERMAP\=YES
build-test	Release build with local ad-hoc signing	2026-10-03T23:49:44.5836820Z     export USE_HEADER_SYMLINKS\=NO
build-test	Release build with local ad-hoc signing	2026-10-03T23:49:44.5837100Z     export VALIDATE_DEVELOPMENT_ASSET_PATHS\=YES_ERROR
build-test	Release build with local ad-hoc signing	2026-10-03T23:49:44.5837400Z     export VALIDATE_PRODUCT\=NO
build-test	Release build with local ad-hoc signing	2026-10-03T23:49:44.5837680Z     export VALID_ARCHS\=arm64\ arm64e\ i386\ x86_64
build-test	Release build with local ad-hoc signing	2026-10-03T23:49:44.5838190Z     export VERBOSE_PBXCP\=NO
build-test	Release build with local ad-hoc signing	2026-10-03T23:49:44.5846920Z     export VERSIONPLIST_PATH\=PhotoAxis.app/Contents/version.plist
build-test	Release build with local ad-hoc signing	2026-10-03T23:49:44.5847260Z     export VERSION_INFO_BUILDER\=runner
build-test	Release build with local ad-hoc signing	2026-10-03T23:49:44.5847500Z     export VERSION_INFO_FILE\=PhotoAxis_vers.c
build-test	Release build with local ad-hoc signing	2026-10-03T23:49:44.5847900Z     export VERSION_INFO_STRING\=\"@\(\#\)PROGRAM:PhotoAxis\ \ PROJECT:PhotoAxis-9\"
build-test	Release build with local ad-hoc signing	2026-10-03T23:49:44.5848380Z     export WORKSPACE_DIR\=$REPO/PhotoAxis.xcodeproj
build-test	Release build with local ad-hoc signing	2026-10-03T23:49:44.5848720Z     export WRAPPER_EXTENSION\=app
build-test	Release build with local ad-hoc signing	2026-10-03T23:49:44.5848930Z     export WRAPPER_NAME\=PhotoAxis.app
build-test	Release build with local ad-hoc signing	2026-10-03T23:49:44.5849150Z     export WRAPPER_SUFFIX\=.app
build-test	Release build with local ad-hoc signing	2026-10-03T23:49:44.5849370Z     export WRAP_ASSET_PACKS_IN_SEPARATE_DIRECTORIES\=NO
build-test	Release build with local ad-hoc signing	2026-10-03T23:49:44.5849770Z     export XCODE_APP_SUPPORT_DIR\=/Applications/Xcode_16.4.app/Contents/Developer/Library/Xcode
build-test	Release build with local ad-hoc signing	2026-10-03T23:49:44.5850650Z     export XCODE_PRODUCT_BUILD_VERSION\=16F6
build-test	Release build with local ad-hoc signing	2026-10-03T23:49:44.5850900Z     export XCODE_VERSION_ACTUAL\=1640
build-test	Release build with local ad-hoc signing	2026-10-03T23:49:44.5851180Z     export XCODE_VERSION_MAJOR\=1600
build-test	Release build with local ad-hoc signing	2026-10-03T23:49:44.5851390Z     export XCODE_VERSION_MINOR\=1640
build-test	Release build with local ad-hoc signing	2026-10-03T23:49:44.5851660Z     export XPCSERVICES_FOLDER_PATH\=PhotoAxis.app/Contents/XPCServices
build-test	Release build with local ad-hoc signing	2026-10-03T23:49:44.5851950Z     export YACC\=yacc
build-test	Release build with local ad-hoc signing	2026-10-03T23:49:44.5852110Z     export _BOOL_\=NO
build-test	Release build with local ad-hoc signing	2026-10-03T23:49:44.5852270Z     export _BOOL_NO\=NO
build-test	Release build with local ad-hoc signing	2026-10-03T23:49:44.5852490Z     export _BOOL_YES\=YES
build-test	Release build with local ad-hoc signing	2026-10-03T23:49:44.5852720Z     export _DEVELOPMENT_TEAM_IS_EMPTY\=YES
build-test	Release build with local ad-hoc signing	2026-10-03T23:49:44.5853030Z     export _DISCOVER_COMMAND_LINE_LINKER_INPUTS\=YES
build-test	Release build with local ad-hoc signing	2026-10-03T23:49:44.5853320Z     export _DISCOVER_COMMAND_LINE_LINKER_INPUTS_INCLUDE_WL\=YES
build-test	Release build with local ad-hoc signing	2026-10-03T23:49:44.5853580Z     export _IS_EMPTY_\=YES
build-test	Release build with local ad-hoc signing	2026-10-03T23:49:44.5853790Z     export _MACOSX_DEPLOYMENT_TARGET_IS_EMPTY\=NO
build-test	Release build with local ad-hoc signing	2026-10-03T23:49:44.5854030Z     export _WRAPPER_CONTENTS_DIR\=/Contents
build-test	Release build with local ad-hoc signing	2026-10-03T23:49:44.5854300Z     export _WRAPPER_CONTENTS_DIR_SHALLOW_BUNDLE_NO\=/Contents
build-test	Release build with local ad-hoc signing	2026-10-03T23:49:44.5854570Z     export _WRAPPER_PARENT_PATH\=/..
build-test	Release build with local ad-hoc signing	2026-10-03T23:49:44.5854810Z     export _WRAPPER_PARENT_PATH_SHALLOW_BUNDLE_NO\=/..
build-test	Release build with local ad-hoc signing	2026-10-03T23:49:44.5855070Z     export _WRAPPER_RESOURCES_DIR\=/Resources
build-test	Release build with local ad-hoc signing	2026-10-03T23:49:44.5855860Z     export _WRAPPER_RESOURCES_DIR_SHALLOW_BUNDLE_NO\=/Resources
build-test	Release build with local ad-hoc signing	2026-10-03T23:49:44.5856180Z     export __DIAGNOSE_DEPRECATED_ARCHS\=YES
build-test	Release build with local ad-hoc signing	2026-10-03T23:49:44.5856620Z     export __IS_NOT_MACOS\=NO
build-test	Release build with local ad-hoc signing	2026-10-03T23:49:44.5856820Z     export __IS_NOT_MACOS_macosx\=NO
build-test	Release build with local ad-hoc signing	2026-10-03T23:49:44.5857040Z     export __IS_NOT_SIMULATOR\=YES
build-test	Release build with local ad-hoc signing	2026-10-03T23:49:44.5857250Z     export __IS_NOT_SIMULATOR_simulator\=NO
build-test	Release build with local ad-hoc signing	2026-10-03T23:49:44.5857490Z     export arch\=undefined_arch
build-test	Release build with local ad-hoc signing	2026-10-03T23:49:44.5857690Z     export variant\=normal
build-test	Release build with local ad-hoc signing	2026-10-03T23:49:44.5875530Z     /usr/bin/sandbox-exec -D SCRIPT_OUTPUT_FILE_0\=/Users/runner/Library/Developer/PhotoAxisBuilds/fe52d68e5807/DerivedData/Build/Products/Release/PhotoAxis.app/Contents/Resources/Perspective.metallib -D SCRIPT_INPUT_FILE_0\=$REPO/Sources/PhotoAxisApp/Renderer/Perspective.ci.metal -D SCRIPT_INPUT_FILE_1\=/Users/runner/Library/Developer/PhotoAxisBuilds/fe52d68e5807/DerivedData/Build/Intermediates.noindex/PhotoAxis.build/Release/PhotoAxis.build/Script-51503C2492BDF84DA711D67B.sh -D SCRIPT_INPUT_ANCESTOR_0\=/ -D SCRIPT_INPUT_ANCESTOR_1\=/Users -D SCRIPT_INPUT_ANCESTOR_2\=/Users/runner -D SCRIPT_INPUT_ANCESTOR_3\=/Users/runner/Library -D SCRIPT_INPUT_ANCESTOR_4\=/Users/runner/Library/Developer -D SCRIPT_INPUT_ANCESTOR_5\=/Users/runner/Library/Developer/PhotoAxisBuilds -D SCRIPT_INPUT_ANCESTOR_6\=/Users/runner/Library/Developer/PhotoAxisBuilds/fe52d68e5807 -D SCRIPT_INPUT_ANCESTOR_7\=/Users/runner/Library/Developer/PhotoAxisBuilds/fe52d68e5807/DerivedData -D SCRIPT_INPUT_ANCESTOR_8\=/Users/runner/Library/Developer/PhotoAxisBuilds/fe52d68e5807/DerivedData/Build -D SCRIPT_INPUT_ANCESTOR_9\=/Users/runner/Library/Developer/PhotoAxisBuilds/fe52d68e5807/DerivedData/Build/Intermediates.noindex -D SCRIPT_INPUT_ANCESTOR_10\=/Users/runner/Library/Developer/PhotoAxisBuilds/fe52d68e5807/DerivedData/Build/Intermediates.noindex/PhotoAxis.build -D SCRIPT_INPUT_ANCESTOR_11\=/Users/runner/Library/Developer/PhotoAxisBuilds/fe52d68e5807/DerivedData/Build/Intermediates.noindex/PhotoAxis.build/Release -D SCRIPT_INPUT_ANCESTOR_12\=/Users/runner/Library/Developer/PhotoAxisBuilds/fe52d68e5807/DerivedData/Build/Intermediates.noindex/PhotoAxis.build/Release/PhotoAxis.build -D SCRIPT_INPUT_ANCESTOR_13\=/Users/runner/work -D SCRIPT_INPUT_ANCESTOR_14\=/Users/runner/work/PhotoAxis -D SCRIPT_INPUT_ANCESTOR_15\=$REPO -D SCRIPT_INPUT_ANCESTOR_16\=$REPO/Sources -D SCRIPT_INPUT_ANCESTOR_17\=$REPO/Sources/PhotoAxisApp -D SCRIPT_INPUT_ANCESTOR_18\=$REPO/Sources/PhotoAxisApp/Renderer -D SCRIPT_OUTPUT_ANCESTOR_0\=/ -D SCRIPT_OUTPUT_ANCESTOR_1\=/Users -D SCRIPT_OUTPUT_ANCESTOR_2\=/Users/runner -D SCRIPT_OUTPUT_ANCESTOR_3\=/Users/runner/Library -D SCRIPT_OUTPUT_ANCESTOR_4\=/Users/runner/Library/Developer -D SCRIPT_OUTPUT_ANCESTOR_5\=/Users/runner/Library/Developer/PhotoAxisBuilds -D SCRIPT_OUTPUT_ANCESTOR_6\=/Users/runner/Library/Developer/PhotoAxisBuilds/fe52d68e5807 -D SCRIPT_OUTPUT_ANCESTOR_7\=/Users/runner/Library/Developer/PhotoAxisBuilds/fe52d68e5807/DerivedData -D SCRIPT_OUTPUT_ANCESTOR_8\=/Users/runner/Library/Developer/PhotoAxisBuilds/fe52d68e5807/DerivedData/Build -D SCRIPT_OUTPUT_ANCESTOR_9\=/Users/runner/Library/Developer/PhotoAxisBuilds/fe52d68e5807/DerivedData/Build/Products -D SCRIPT_OUTPUT_ANCESTOR_10\=/Users/runner/Library/Developer/PhotoAxisBuilds/fe52d68e5807/DerivedData/Build/Products/Release -D SCRIPT_OUTPUT_ANCESTOR_11\=/Users/runner/Library/Developer/PhotoAxisBuilds/fe52d68e5807/DerivedData/Build/Products/Release/PhotoAxis.app -D SCRIPT_OUTPUT_ANCESTOR_12\=/Users/runner/Library/Developer/PhotoAxisBuilds/fe52d68e5807/DerivedData/Build/Products/Release/PhotoAxis.app/Contents -D SCRIPT_OUTPUT_ANCESTOR_13\=/Users/runner/Library/Developer/PhotoAxisBuilds/fe52d68e5807/DerivedData/Build/Products/Release/PhotoAxis.app/Contents/Resources -D SRCROOT\=$REPO -D PROJECT_DIR\=$REPO -D OBJROOT\=/Users/runner/Library/Developer/PhotoAxisBuilds/fe52d68e5807/DerivedData/Build/Intermediates.noindex -D SYMROOT\=/Users/runner/Library/Developer/PhotoAxisBuilds/fe52d68e5807/DerivedData/Build/Products -D DSTROOT\=/tmp/PhotoAxis.dst -D SHARED_PRECOMPS_DIR\=/Users/runner/Library/Developer/PhotoAxisBuilds/fe52d68e5807/DerivedData/Build/Intermediates.noindex/PrecompiledHeaders -D CACHE_ROOT\=/var/folders/nj/vtw8zd2j31d1gdrtntc5y4600000gn/C/com.apple.DeveloperTools/16.4-16F6/Xcode -D CONFIGURATION_BUILD_DIR\=/Users/runner/Library/Developer/PhotoAxisBuilds/fe52d68e5807/DerivedData/Build/Products/Release -D CONFIGURATION_TEMP_DIR\=/Users/runner/Library/Developer/PhotoAxisBuilds/fe52d68e5807/DerivedData/Build/Intermediates.noindex/PhotoAxis.build/Release -D LOCROOT\=$REPO -D LOCSYMROOT\=$REPO -D INDEX_PRECOMPS_DIR\=/Users/runner/Library/Developer/PhotoAxisBuilds/fe52d68e5807/DerivedData/Index.noindex/PrecompiledHeaders -D INDEX_DATA_STORE_DIR\=/Users/runner/Library/Developer/PhotoAxisBuilds/fe52d68e5807/DerivedData/Index.noindex/DataStore -D TEMP_DIR\=/Users/runner/Library/Developer/PhotoAxisBuilds/fe52d68e5807/DerivedData/Build/Intermediates.noindex/PhotoAxis.build/Release/PhotoAxis.build -D TARGET_TEMP_DIR\=/Users/runner/Library/Developer/PhotoAxisBuilds/fe52d68e5807/DerivedData/Build/Intermediates.noindex/PhotoAxis.build/Release/PhotoAxis.build -D DERIVED_FILE_DIR\=/Users/runner/Library/Developer/PhotoAxisBuilds/fe52d68e5807/DerivedData/Build/Intermediates.noindex/PhotoAxis.build/Release/PhotoAxis.build/DerivedSources -f /Users/runner/Library/Developer/PhotoAxisBuilds/fe52d68e5807/DerivedData/Build/Intermediates.noindex/PhotoAxis.build/Release/PhotoAxis.build/f1491f097a193c2f1df3c1a716a4dd6f.sb /bin/sh -c /Users/runner/Library/Developer/PhotoAxisBuilds/fe52d68e5807/DerivedData/Build/Intermediates.noindex/PhotoAxis.build/Release/PhotoAxis.build/Script-51503C2492BDF84DA711D67B.sh
build-test	Release build with local ad-hoc signing	2026-10-03T23:49:45.2063750Z 
build-test	Release build with local ad-hoc signing	2026-10-03T23:49:45.2069320Z CpResource /Users/runner/Library/Developer/PhotoAxisBuilds/fe52d68e5807/DerivedData/Build/Products/Release/PhotoAxis.app/Contents/Resources/PhotoAxis.icns $REPO/Sources/PhotoAxisApp/Resources/PhotoAxis.icns (in target 'PhotoAxis' from project 'PhotoAxis')
build-test	Release build with local ad-hoc signing	2026-10-03T23:49:45.2072830Z     cd $REPO
build-test	Release build with local ad-hoc signing	2026-10-03T23:49:45.2075520Z     builtin-copy -exclude .DS_Store -exclude CVS -exclude .svn -exclude .git -exclude .hg -strip-unsigned-binaries -strip-deterministic -strip-tool /Applications/Xcode_16.4.app/Contents/Developer/Toolchains/XcodeDefault.xctoolchain/usr/bin/strip -resolve-src-symlinks $REPO/Sources/PhotoAxisApp/Resources/PhotoAxis.icns /Users/runner/Library/Developer/PhotoAxisBuilds/fe52d68e5807/DerivedData/Build/Products/Release/PhotoAxis.app/Contents/Resources
build-test	Release build with local ad-hoc signing	2026-10-03T23:49:45.2109380Z 
build-test	Release build with local ad-hoc signing	2026-10-03T23:49:45.2110620Z CopyStringsFile /Users/runner/Library/Developer/PhotoAxisBuilds/fe52d68e5807/DerivedData/Build/Products/Release/PhotoAxis.app/Contents/Resources/en.lproj/Localizable.strings $REPO/Sources/PhotoAxisApp/Localization/en.lproj/Localizable.strings (in target 'PhotoAxis' from project 'PhotoAxis')
build-test	Release build with local ad-hoc signing	2026-10-03T23:49:45.2112450Z     cd $REPO
build-test	Release build with local ad-hoc signing	2026-10-03T23:49:45.2113640Z     builtin-copyStrings --validate --outputencoding UTF-16 --outfilename Localizable.strings --outdir /Users/runner/Library/Developer/PhotoAxisBuilds/fe52d68e5807/DerivedData/Build/Products/Release/PhotoAxis.app/Contents/Resources/en.lproj -- $REPO/Sources/PhotoAxisApp/Localization/en.lproj/Localizable.strings
build-test	Release build with local ad-hoc signing	2026-10-03T23:49:45.2160250Z $REPO/Sources/PhotoAxisApp/Localization/en.lproj/Localizable.strings:1:1: note: detected encoding of input file as Unicode (UTF-8) (in target 'PhotoAxis' from project 'PhotoAxis')
build-test	Release build with local ad-hoc signing	2026-10-03T23:49:45.2177690Z 
build-test	Release build with local ad-hoc signing	2026-10-03T23:49:45.2178800Z CopyStringsFile /Users/runner/Library/Developer/PhotoAxisBuilds/fe52d68e5807/DerivedData/Build/Products/Release/PhotoAxis.app/Contents/Resources/vi.lproj/Localizable.strings $REPO/Sources/PhotoAxisApp/Localization/vi.lproj/Localizable.strings (in target 'PhotoAxis' from project 'PhotoAxis')
build-test	Release build with local ad-hoc signing	2026-10-03T23:49:45.2180200Z     cd $REPO
build-test	Release build with local ad-hoc signing	2026-10-03T23:49:45.2181370Z     builtin-copyStrings --validate --outputencoding UTF-16 --outfilename Localizable.strings --outdir /Users/runner/Library/Developer/PhotoAxisBuilds/fe52d68e5807/DerivedData/Build/Products/Release/PhotoAxis.app/Contents/Resources/vi.lproj -- $REPO/Sources/PhotoAxisApp/Localization/vi.lproj/Localizable.strings
build-test	Release build with local ad-hoc signing	2026-10-03T23:49:45.2183020Z $REPO/Sources/PhotoAxisApp/Localization/vi.lproj/Localizable.strings:1:1: note: detected encoding of input file as Unicode (UTF-8) (in target 'PhotoAxis' from project 'PhotoAxis')
build-test	Release build with local ad-hoc signing	2026-10-03T23:49:45.2183710Z 
build-test	Release build with local ad-hoc signing	2026-10-03T23:49:45.2185230Z Copy /Users/runner/Library/Developer/PhotoAxisBuilds/fe52d68e5807/DerivedData/Build/Products/Release/PhotoAxis.app/Contents/Frameworks/PhotoAxisCore.framework /Users/runner/Library/Developer/PhotoAxisBuilds/fe52d68e5807/DerivedData/Build/Products/Release/PhotoAxisCore.framework (in target 'PhotoAxis' from project 'PhotoAxis')
build-test	Release build with local ad-hoc signing	2026-10-03T23:49:45.2186730Z     cd $REPO
build-test	Release build with local ad-hoc signing	2026-10-03T23:49:45.2188810Z     builtin-copy -exclude .DS_Store -exclude CVS -exclude .svn -exclude .git -exclude .hg -exclude Headers -exclude PrivateHeaders -exclude Modules -exclude \*.tbd -strip-unsigned-binaries -strip-deterministic -strip-tool /Applications/Xcode_16.4.app/Contents/Developer/Toolchains/XcodeDefault.xctoolchain/usr/bin/strip -resolve-src-symlinks -remove-static-executable /Users/runner/Library/Developer/PhotoAxisBuilds/fe52d68e5807/DerivedData/Build/Products/Release/PhotoAxisCore.framework /Users/runner/Library/Developer/PhotoAxisBuilds/fe52d68e5807/DerivedData/Build/Products/Release/PhotoAxis.app/Contents/Frameworks
build-test	Release build with local ad-hoc signing	2026-10-03T23:49:45.2258820Z warning: not stripping binary because it is signed: /Users/runner/Library/Developer/PhotoAxisBuilds/fe52d68e5807/DerivedData/Build/Products/Release/PhotoAxisCore.framework/Versions/A/PhotoAxisCore (in target 'PhotoAxis' from project 'PhotoAxis')
build-test	Release build with local ad-hoc signing	2026-10-03T23:49:45.2268980Z 
build-test	Release build with local ad-hoc signing	2026-10-03T23:49:45.2271630Z ProcessInfoPlistFile /Users/runner/Library/Developer/PhotoAxisBuilds/fe52d68e5807/DerivedData/Build/Products/Release/PhotoAxis.app/Contents/Info.plist $REPO/Config/Info.plist (in target 'PhotoAxis' from project 'PhotoAxis')
build-test	Release build with local ad-hoc signing	2026-10-03T23:49:45.2272950Z     cd $REPO
build-test	Release build with local ad-hoc signing	2026-10-03T23:49:45.2275170Z     builtin-infoPlistUtility $REPO/Config/Info.plist -producttype com.apple.product-type.application -genpkginfo /Users/runner/Library/Developer/PhotoAxisBuilds/fe52d68e5807/DerivedData/Build/Products/Release/PhotoAxis.app/Contents/PkgInfo -expandbuildsettings -platform macosx -scanforprivacyfile /Users/runner/Library/Developer/PhotoAxisBuilds/fe52d68e5807/DerivedData/Build/Products/Release/PhotoAxis.app/Contents/Frameworks/PhotoAxisCore.framework -o /Users/runner/Library/Developer/PhotoAxisBuilds/fe52d68e5807/DerivedData/Build/Products/Release/PhotoAxis.app/Contents/Info.plist
build-test	Release build with local ad-hoc signing	2026-10-03T23:49:45.2371070Z 
build-test	Release build with local ad-hoc signing	2026-10-03T23:49:45.2372150Z CodeSign /Users/runner/Library/Developer/PhotoAxisBuilds/fe52d68e5807/DerivedData/Build/Products/Release/PhotoAxis.app/Contents/Frameworks/PhotoAxisCore.framework/Versions/A (in target 'PhotoAxis' from project 'PhotoAxis')
build-test	Release build with local ad-hoc signing	2026-10-03T23:49:45.2373580Z     cd $REPO
build-test	Release build with local ad-hoc signing	2026-10-03T23:49:45.2373810Z     
build-test	Release build with local ad-hoc signing	2026-10-03T23:49:45.2374000Z     Signing Identity:     "Sign to Run Locally"
build-test	Release build with local ad-hoc signing	2026-10-03T23:49:45.2374290Z     
build-test	Release build with local ad-hoc signing	2026-10-03T23:49:45.2375240Z     /usr/bin/codesign --force --sign - --timestamp\=none --preserve-metadata\=identifier,entitlements,flags --generate-entitlement-der /Users/runner/Library/Developer/PhotoAxisBuilds/fe52d68e5807/DerivedData/Build/Products/Release/PhotoAxis.app/Contents/Frameworks/PhotoAxisCore.framework/Versions/A
build-test	Release build with local ad-hoc signing	2026-10-03T23:49:45.2507630Z /Users/runner/Library/Developer/PhotoAxisBuilds/fe52d68e5807/DerivedData/Build/Products/Release/PhotoAxis.app/Contents/Frameworks/PhotoAxisCore.framework/Versions/A: replacing existing signature
build-test	Release build with local ad-hoc signing	2026-10-03T23:49:45.2512940Z 
build-test	Release build with local ad-hoc signing	2026-10-03T23:49:45.2515010Z GenerateDSYMFile /Users/runner/Library/Developer/PhotoAxisBuilds/fe52d68e5807/DerivedData/Build/Products/Release/PhotoAxis.app.dSYM /Users/runner/Library/Developer/PhotoAxisBuilds/fe52d68e5807/DerivedData/Build/Products/Release/PhotoAxis.app/Contents/MacOS/PhotoAxis (in target 'PhotoAxis' from project 'PhotoAxis')
build-test	Release build with local ad-hoc signing	2026-10-03T23:49:45.2518010Z     cd $REPO
build-test	Release build with local ad-hoc signing	2026-10-03T23:49:45.2532470Z     /Applications/Xcode_16.4.app/Contents/Developer/Toolchains/XcodeDefault.xctoolchain/usr/bin/dsymutil /Users/runner/Library/Developer/PhotoAxisBuilds/fe52d68e5807/DerivedData/Build/Products/Release/PhotoAxis.app/Contents/MacOS/PhotoAxis -o /Users/runner/Library/Developer/PhotoAxisBuilds/fe52d68e5807/DerivedData/Build/Products/Release/PhotoAxis.app.dSYM
build-test	Release build with local ad-hoc signing	2026-10-03T23:49:45.6070450Z 
build-test	Release build with local ad-hoc signing	2026-10-03T23:49:45.6097550Z ExtractAppIntentsMetadata (in target 'PhotoAxis' from project 'PhotoAxis')
build-test	Release build with local ad-hoc signing	2026-10-03T23:49:45.6129980Z     cd $REPO
build-test	Release build with local ad-hoc signing	2026-10-03T23:49:45.6238560Z     /Applications/Xcode_16.4.app/Contents/Developer/Toolchains/XcodeDefault.xctoolchain/usr/bin/appintentsmetadataprocessor --toolchain-dir /Applications/Xcode_16.4.app/Contents/Developer/Toolchains/XcodeDefault.xctoolchain --module-name PhotoAxis --sdk-root /Applications/Xcode_16.4.app/Contents/Developer/Platforms/MacOSX.platform/Developer/SDKs/MacOSX15.5.sdk --xcode-version 16F6 --platform-family macOS --deployment-target 14.0 --bundle-identifier local.photoaxis.development --output /Users/runner/Library/Developer/PhotoAxisBuilds/fe52d68e5807/DerivedData/Build/Products/Release/PhotoAxis.app/Contents/Resources --target-triple arm64-apple-macos14.0 --binary-file /Users/runner/Library/Developer/PhotoAxisBuilds/fe52d68e5807/DerivedData/Build/Products/Release/PhotoAxis.app/Contents/MacOS/PhotoAxis --dependency-file /Users/runner/Library/Developer/PhotoAxisBuilds/fe52d68e5807/DerivedData/Build/Intermediates.noindex/PhotoAxis.build/Release/PhotoAxis.build/Objects-normal/arm64/PhotoAxis_dependency_info.dat --stringsdata-file /Users/runner/Library/Developer/PhotoAxisBuilds/fe52d68e5807/DerivedData/Build/Intermediates.noindex/PhotoAxis.build/Release/PhotoAxis.build/Objects-normal/arm64/ExtractedAppShortcutsMetadata.stringsdata --source-file-list /Users/runner/Library/Developer/PhotoAxisBuilds/fe52d68e5807/DerivedData/Build/Intermediates.noindex/PhotoAxis.build/Release/PhotoAxis.build/Objects-normal/arm64/PhotoAxis.SwiftFileList --metadata-file-list /Users/runner/Library/Developer/PhotoAxisBuilds/fe52d68e5807/DerivedData/Build/Intermediates.noindex/PhotoAxis.build/Release/PhotoAxis.build/PhotoAxis.DependencyMetadataFileList --static-metadata-file-list /Users/runner/Library/Developer/PhotoAxisBuilds/fe52d68e5807/DerivedData/Build/Intermediates.noindex/PhotoAxis.build/Release/PhotoAxis.build/PhotoAxis.DependencyStaticMetadataFileList --swift-const-vals-list /Users/runner/Library/Developer/PhotoAxisBuilds/fe52d68e5807/DerivedData/Build/Intermediates.noindex/PhotoAxis.build/Release/PhotoAxis.build/Objects-normal/arm64/PhotoAxis.SwiftConstValuesFileList --compile-time-extraction --deployment-aware-processing --validate-assistant-intents --no-app-shortcuts-localization
build-test	Release build with local ad-hoc signing	2026-10-03T23:49:45.6348780Z 2026-10-03 23:49:45.335 appintentsmetadataprocessor[5407:19895] Starting appintentsmetadataprocessor export
build-test	Release build with local ad-hoc signing	2026-10-03T23:49:45.6449510Z 2026-10-03 23:49:45.337 appintentsmetadataprocessor[5407:19895] warning: Metadata extraction skipped. No AppIntents.framework dependency found.
build-test	Release build with local ad-hoc signing	2026-10-03T23:49:45.6490540Z 
build-test	Release build with local ad-hoc signing	2026-10-03T23:49:45.6544610Z CopySwiftLibs /Users/runner/Library/Developer/PhotoAxisBuilds/fe52d68e5807/DerivedData/Build/Products/Release/PhotoAxis.app (in target 'PhotoAxis' from project 'PhotoAxis')
build-test	Release build with local ad-hoc signing	2026-10-03T23:49:45.6641840Z     cd $REPO
build-test	Release build with local ad-hoc signing	2026-10-03T23:49:45.6699930Z     builtin-swiftStdLibTool --copy --verbose --sign - --scan-executable /Users/runner/Library/Developer/PhotoAxisBuilds/fe52d68e5807/DerivedData/Build/Products/Release/PhotoAxis.app/Contents/MacOS/PhotoAxis --scan-folder /Users/runner/Library/Developer/PhotoAxisBuilds/fe52d68e5807/DerivedData/Build/Products/Release/PhotoAxis.app/Contents/Frameworks --scan-folder /Users/runner/Library/Developer/PhotoAxisBuilds/fe52d68e5807/DerivedData/Build/Products/Release/PhotoAxis.app/Contents/PlugIns --scan-folder /Users/runner/Library/Developer/PhotoAxisBuilds/fe52d68e5807/DerivedData/Build/Products/Release/PhotoAxis.app/Contents/Library/SystemExtensions --scan-folder /Users/runner/Library/Developer/PhotoAxisBuilds/fe52d68e5807/DerivedData/Build/Products/Release/PhotoAxis.app/Contents/Extensions --scan-folder /Users/runner/Library/Developer/PhotoAxisBuilds/fe52d68e5807/DerivedData/Build/Products/Release/PhotoAxisCore.framework --platform macosx --toolchain /Applications/Xcode_16.4.app/Contents/Developer/Toolchains/XcodeDefault.xctoolchain --destination /Users/runner/Library/Developer/PhotoAxisBuilds/fe52d68e5807/DerivedData/Build/Products/Release/PhotoAxis.app/Contents/Frameworks --strip-bitcode --strip-bitcode-tool /Applications/Xcode_16.4.app/Contents/Developer/Toolchains/XcodeDefault.xctoolchain/usr/bin/bitcode_strip --emit-dependency-info /Users/runner/Library/Developer/PhotoAxisBuilds/fe52d68e5807/DerivedData/Build/Intermediates.noindex/PhotoAxis.build/Release/PhotoAxis.build/SwiftStdLibToolInputDependencies.dep --filter-for-swift-os
build-test	Release build with local ad-hoc signing	2026-10-03T23:49:45.6711010Z 
build-test	Release build with local ad-hoc signing	2026-10-03T23:49:45.6711670Z CodeSign /Users/runner/Library/Developer/PhotoAxisBuilds/fe52d68e5807/DerivedData/Build/Products/Release/PhotoAxis.app (in target 'PhotoAxis' from project 'PhotoAxis')
build-test	Release build with local ad-hoc signing	2026-10-03T23:49:45.6712820Z     cd $REPO
build-test	Release build with local ad-hoc signing	2026-10-03T23:49:45.6713270Z     
build-test	Release build with local ad-hoc signing	2026-10-03T23:49:45.6713630Z     Signing Identity:     "Sign to Run Locally"
build-test	Release build with local ad-hoc signing	2026-10-03T23:49:45.6713950Z     
build-test	Release build with local ad-hoc signing	2026-10-03T23:49:45.6715540Z     /usr/bin/codesign --force --sign - --entitlements /Users/runner/Library/Developer/PhotoAxisBuilds/fe52d68e5807/DerivedData/Build/Intermediates.noindex/PhotoAxis.build/Release/PhotoAxis.build/PhotoAxis.app.xcent --timestamp\=none --generate-entitlement-der /Users/runner/Library/Developer/PhotoAxisBuilds/fe52d68e5807/DerivedData/Build/Products/Release/PhotoAxis.app
build-test	Release build with local ad-hoc signing	2026-10-03T23:49:45.6717130Z 
build-test	Release build with local ad-hoc signing	2026-10-03T23:49:45.6717690Z RegisterExecutionPolicyException /Users/runner/Library/Developer/PhotoAxisBuilds/fe52d68e5807/DerivedData/Build/Products/Release/PhotoAxis.app (in target 'PhotoAxis' from project 'PhotoAxis')
build-test	Release build with local ad-hoc signing	2026-10-03T23:49:45.6718400Z     cd $REPO
build-test	Release build with local ad-hoc signing	2026-10-03T23:49:45.6719010Z     builtin-RegisterExecutionPolicyException /Users/runner/Library/Developer/PhotoAxisBuilds/fe52d68e5807/DerivedData/Build/Products/Release/PhotoAxis.app
build-test	Release build with local ad-hoc signing	2026-10-03T23:49:45.6721350Z 
build-test	Release build with local ad-hoc signing	2026-10-03T23:49:45.6721960Z Validate /Users/runner/Library/Developer/PhotoAxisBuilds/fe52d68e5807/DerivedData/Build/Products/Release/PhotoAxis.app (in target 'PhotoAxis' from project 'PhotoAxis')
build-test	Release build with local ad-hoc signing	2026-10-03T23:49:45.6722710Z     cd $REPO
build-test	Release build with local ad-hoc signing	2026-10-03T23:49:45.6724220Z     builtin-validationUtility /Users/runner/Library/Developer/PhotoAxisBuilds/fe52d68e5807/DerivedData/Build/Products/Release/PhotoAxis.app -no-validate-extension -infoplist-subpath Contents/Info.plist
build-test	Release build with local ad-hoc signing	2026-10-03T23:49:45.6725850Z 
build-test	Release build with local ad-hoc signing	2026-10-03T23:49:45.6726640Z Touch /Users/runner/Library/Developer/PhotoAxisBuilds/fe52d68e5807/DerivedData/Build/Products/Release/PhotoAxis.app (in target 'PhotoAxis' from project 'PhotoAxis')
build-test	Release build with local ad-hoc signing	2026-10-03T23:49:45.6728870Z     cd $REPO
build-test	Release build with local ad-hoc signing	2026-10-03T23:49:45.6745250Z     /usr/bin/touch -c /Users/runner/Library/Developer/PhotoAxisBuilds/fe52d68e5807/DerivedData/Build/Products/Release/PhotoAxis.app
build-test	Release build with local ad-hoc signing	2026-10-03T23:49:45.6745910Z 
build-test	Release build with local ad-hoc signing	2026-10-03T23:49:45.6746540Z RegisterWithLaunchServices /Users/runner/Library/Developer/PhotoAxisBuilds/fe52d68e5807/DerivedData/Build/Products/Release/PhotoAxis.app (in target 'PhotoAxis' from project 'PhotoAxis')
build-test	Release build with local ad-hoc signing	2026-10-03T23:49:45.6747890Z     cd $REPO
build-test	Release build with local ad-hoc signing	2026-10-03T23:49:45.6748930Z     /System/Library/Frameworks/CoreServices.framework/Versions/Current/Frameworks/LaunchServices.framework/Versions/Current/Support/lsregister -f -R -trusted /Users/runner/Library/Developer/PhotoAxisBuilds/fe52d68e5807/DerivedData/Build/Products/Release/PhotoAxis.app
build-test	Release build with local ad-hoc signing	2026-10-03T23:49:45.7069810Z 
build-test	Release build with local ad-hoc signing	2026-10-03T23:49:45.7407950Z note: Disabling previews because SWIFT_VERSION is set and SWIFT_OPTIMIZATION_LEVEL=-O, expected -Onone (in target 'PhotoAxisCore' from project 'PhotoAxis')
build-test	Release build with local ad-hoc signing	2026-10-03T23:49:45.7409700Z note: Disabling previews because SWIFT_VERSION is set and SWIFT_OPTIMIZATION_LEVEL=-O, expected -Onone (in target 'PhotoAxis' from project 'PhotoAxis')
build-test	Release build with local ad-hoc signing	2026-10-03T23:49:45.7513670Z ** BUILD SUCCEEDED **
build-test	Release build with local ad-hoc signing	2026-10-03T23:49:45.7613430Z 
build-test	Release build with local ad-hoc signing	2026-10-03T23:49:45.7714500Z App: /Users/runner/Library/Developer/PhotoAxisBuilds/fe52d68e5807/DerivedData/Build/Products/Release/PhotoAxis.app
build-test	Post Run actions/checkout@11d5960a326750d5838078e36cf38b85af677262	﻿2026-10-03T23:49:45.8071040Z Post job cleanup.
build-test	Post Run actions/checkout@11d5960a326750d5838078e36cf38b85af677262	2026-10-03T23:49:46.1547550Z [command]/opt/homebrew/bin/git version
build-test	Post Run actions/checkout@11d5960a326750d5838078e36cf38b85af677262	2026-10-03T23:49:46.1839200Z git version 2.55.0
build-test	Post Run actions/checkout@11d5960a326750d5838078e36cf38b85af677262	2026-10-03T23:49:46.1866530Z Copying '/Users/runner/.gitconfig' to '/Users/runner/work/_temp/546b3449-39cd-416c-94af-9b31ea48240b/.gitconfig'
build-test	Post Run actions/checkout@11d5960a326750d5838078e36cf38b85af677262	2026-10-03T23:49:46.1875860Z Temporarily overriding HOME='/Users/runner/work/_temp/546b3449-39cd-416c-94af-9b31ea48240b' before making global git config changes
build-test	Post Run actions/checkout@11d5960a326750d5838078e36cf38b85af677262	2026-10-03T23:49:46.1876600Z Adding repository directory to the temporary git global config as a safe directory
build-test	Post Run actions/checkout@11d5960a326750d5838078e36cf38b85af677262	2026-10-03T23:49:46.1879580Z [command]/opt/homebrew/bin/git config --global --add safe.directory $REPO
build-test	Post Run actions/checkout@11d5960a326750d5838078e36cf38b85af677262	2026-10-03T23:49:46.2076120Z [command]/opt/homebrew/bin/git config --local --name-only --get-regexp core\.sshCommand
build-test	Post Run actions/checkout@11d5960a326750d5838078e36cf38b85af677262	2026-10-03T23:49:46.2120420Z [command]/opt/homebrew/bin/git submodule foreach --recursive sh -c "git config --local --name-only --get-regexp 'core\.sshCommand' && git config --local --unset-all 'core.sshCommand' || :"
build-test	Post Run actions/checkout@11d5960a326750d5838078e36cf38b85af677262	2026-10-03T23:49:46.3445460Z [command]/opt/homebrew/bin/git config --local --name-only --get-regexp http\.https\:\/\/github\.com\/\.extraheader
build-test	Post Run actions/checkout@11d5960a326750d5838078e36cf38b85af677262	2026-10-03T23:49:46.3553650Z [command]/opt/homebrew/bin/git submodule foreach --recursive sh -c "git config --local --name-only --get-regexp 'http\.https\:\/\/github\.com\/\.extraheader' && git config --local --unset-all 'http.https://github.com/.extraheader' || :"
build-test	Post Run actions/checkout@11d5960a326750d5838078e36cf38b85af677262	2026-10-03T23:49:46.4647760Z [command]/opt/homebrew/bin/git config --local --name-only --get-regexp ^includeIf\.gitdir:
build-test	Post Run actions/checkout@11d5960a326750d5838078e36cf38b85af677262	2026-10-03T23:49:46.4715980Z [command]/opt/homebrew/bin/git submodule foreach --recursive git config --local --show-origin --name-only --get-regexp remote.origin.url
build-test	Complete job	﻿2026-10-03T23:49:46.5747010Z Cleaning up orphan processes
build-test	Complete job	2026-10-03T23:49:48.0970990Z ##[warning]Node.js 20 is deprecated. The following actions target Node.js 20 but are being forced to run on Node.js 24: actions/checkout@11d5960a326750d5838078e36cf38b85af677262. For more information see: https://github.blog/changelog/2025-09-19-deprecation-of-node-20-on-github-actions-runners/
