build-test	Set up job	﻿2026-10-03T07:15:41.6660450Z Current runner version: '2.337.0'
build-test	Set up job	2026-10-03T07:15:41.6695200Z ##[group]Runner Image Provisioner
build-test	Set up job	2026-10-03T07:15:41.6696080Z Hosted Compute Agent
build-test	Set up job	2026-10-03T07:15:41.6696760Z Version: 20260828.587
build-test	Set up job	2026-10-03T07:15:41.6697450Z Commit: abac92662cab4cc7352de4f9f9d2e2419aad9c29
build-test	Set up job	2026-10-03T07:15:41.6698230Z Build Date: 2026-08-28T16:44:25Z
build-test	Set up job	2026-10-03T07:15:41.6698770Z Worker ID: {ece197ea-69e9-4d49-b886-e9df143af47c}
build-test	Set up job	2026-10-03T07:15:41.6699550Z Azure Region: westus
build-test	Set up job	2026-10-03T07:15:41.6700060Z ##[endgroup]
build-test	Set up job	2026-10-03T07:15:41.6701620Z ##[group]Operating System
build-test	Set up job	2026-10-03T07:15:41.6702310Z macOS
build-test	Set up job	2026-10-03T07:15:41.6702840Z 15.7.9
build-test	Set up job	2026-10-03T07:15:41.6703340Z 24G830
build-test	Set up job	2026-10-03T07:15:41.6703850Z ##[endgroup]
build-test	Set up job	2026-10-03T07:15:41.6704380Z ##[group]Runner Image
build-test	Set up job	2026-10-03T07:15:41.6704950Z Image: macos-15-arm64
build-test	Set up job	2026-10-03T07:15:41.6705420Z Version: 20260907.0337.1
build-test	Set up job	2026-10-03T07:15:41.6706450Z Included Software: https://github.com/actions/runner-images/blob/macos-15-arm64/20260907.0337/images/macos/macos-15-arm64-Readme.md
build-test	Set up job	2026-10-03T07:15:41.6707980Z Image Release: https://github.com/actions/runner-images/releases/tag/macos-15-arm64%2F20260907.0337
build-test	Set up job	2026-10-03T07:15:41.6708840Z ##[endgroup]
build-test	Set up job	2026-10-03T07:15:41.6709800Z ##[group]GITHUB_TOKEN Permissions
build-test	Set up job	2026-10-03T07:15:41.6711560Z Contents: read
build-test	Set up job	2026-10-03T07:15:41.6712090Z Metadata: read
build-test	Set up job	2026-10-03T07:15:41.6712640Z ##[endgroup]
build-test	Set up job	2026-10-03T07:15:41.6714650Z Secret source: Actions
build-test	Set up job	2026-10-03T07:15:41.6715360Z Cache mode: write
build-test	Set up job	2026-10-03T07:15:41.6716120Z Prepare workflow directory
build-test	Set up job	2026-10-03T07:15:41.6983610Z Prepare all required actions
build-test	Set up job	2026-10-03T07:15:41.7017620Z Getting action download info
build-test	Set up job	2026-10-03T07:15:41.9966100Z Download action repository 'actions/checkout@11d5960a326750d5838078e36cf38b85af677262' (SHA:11d5960a326750d5838078e36cf38b85af677262)
build-test	Set up job	2026-10-03T07:15:42.3372250Z Complete job name: build-test
build-test	Run actions/checkout@11d5960a326750d5838078e36cf38b85af677262	﻿2026-10-03T07:15:42.3836810Z ##[group]Run actions/checkout@11d5960a326750d5838078e36cf38b85af677262
build-test	Run actions/checkout@11d5960a326750d5838078e36cf38b85af677262	2026-10-03T07:15:42.3837510Z with:
build-test	Run actions/checkout@11d5960a326750d5838078e36cf38b85af677262	2026-10-03T07:15:42.3837870Z   persist-credentials: false
build-test	Run actions/checkout@11d5960a326750d5838078e36cf38b85af677262	2026-10-03T07:15:42.3838260Z   repository: nguyenduchai/PhotoAxis
build-test	Run actions/checkout@11d5960a326750d5838078e36cf38b85af677262	2026-10-03T07:15:42.3841060Z   token: ***
build-test	Run actions/checkout@11d5960a326750d5838078e36cf38b85af677262	2026-10-03T07:15:42.3841380Z   ssh-strict: true
build-test	Run actions/checkout@11d5960a326750d5838078e36cf38b85af677262	2026-10-03T07:15:42.3841700Z   ssh-user: git
build-test	Run actions/checkout@11d5960a326750d5838078e36cf38b85af677262	2026-10-03T07:15:42.3842020Z   clean: true
build-test	Run actions/checkout@11d5960a326750d5838078e36cf38b85af677262	2026-10-03T07:15:42.3842350Z   sparse-checkout-cone-mode: true
build-test	Run actions/checkout@11d5960a326750d5838078e36cf38b85af677262	2026-10-03T07:15:42.3842730Z   fetch-depth: 1
build-test	Run actions/checkout@11d5960a326750d5838078e36cf38b85af677262	2026-10-03T07:15:42.3843050Z   fetch-tags: false
build-test	Run actions/checkout@11d5960a326750d5838078e36cf38b85af677262	2026-10-03T07:15:42.3843380Z   show-progress: true
build-test	Run actions/checkout@11d5960a326750d5838078e36cf38b85af677262	2026-10-03T07:15:42.3843710Z   lfs: false
build-test	Run actions/checkout@11d5960a326750d5838078e36cf38b85af677262	2026-10-03T07:15:42.3844020Z   submodules: false
build-test	Run actions/checkout@11d5960a326750d5838078e36cf38b85af677262	2026-10-03T07:15:42.3844350Z   set-safe-directory: true
build-test	Run actions/checkout@11d5960a326750d5838078e36cf38b85af677262	2026-10-03T07:15:42.3844730Z   allow-unsafe-pr-checkout: false
build-test	Run actions/checkout@11d5960a326750d5838078e36cf38b85af677262	2026-10-03T07:15:42.3845200Z env:
build-test	Run actions/checkout@11d5960a326750d5838078e36cf38b85af677262	2026-10-03T07:15:42.3845610Z   DEVELOPER_DIR: /Applications/Xcode_16.4.app/Contents/Developer
build-test	Run actions/checkout@11d5960a326750d5838078e36cf38b85af677262	2026-10-03T07:15:42.3846090Z ##[endgroup]
build-test	Run actions/checkout@11d5960a326750d5838078e36cf38b85af677262	2026-10-03T07:15:42.7528620Z Syncing repository: nguyenduchai/PhotoAxis
build-test	Run actions/checkout@11d5960a326750d5838078e36cf38b85af677262	2026-10-03T07:15:42.7534010Z ##[group]Getting Git version info
build-test	Run actions/checkout@11d5960a326750d5838078e36cf38b85af677262	2026-10-03T07:15:42.7535580Z Working directory is '$REPO'
build-test	Run actions/checkout@11d5960a326750d5838078e36cf38b85af677262	2026-10-03T07:15:42.7537420Z [command]/opt/homebrew/bin/git version
build-test	Run actions/checkout@11d5960a326750d5838078e36cf38b85af677262	2026-10-03T07:15:42.8646670Z git version 2.55.0
build-test	Run actions/checkout@11d5960a326750d5838078e36cf38b85af677262	2026-10-03T07:15:42.8660560Z ##[endgroup]
build-test	Run actions/checkout@11d5960a326750d5838078e36cf38b85af677262	2026-10-03T07:15:42.8667020Z Copying '/Users/runner/.gitconfig' to '/Users/runner/work/_temp/18e40f1b-10a4-4025-8c7a-00c078d2fd5a/.gitconfig'
build-test	Run actions/checkout@11d5960a326750d5838078e36cf38b85af677262	2026-10-03T07:15:42.8678430Z Temporarily overriding HOME='/Users/runner/work/_temp/18e40f1b-10a4-4025-8c7a-00c078d2fd5a' before making global git config changes
build-test	Run actions/checkout@11d5960a326750d5838078e36cf38b85af677262	2026-10-03T07:15:42.8681420Z Adding repository directory to the temporary git global config as a safe directory
build-test	Run actions/checkout@11d5960a326750d5838078e36cf38b85af677262	2026-10-03T07:15:42.8685880Z [command]/opt/homebrew/bin/git config --global --add safe.directory $REPO
build-test	Run actions/checkout@11d5960a326750d5838078e36cf38b85af677262	2026-10-03T07:15:42.8823550Z Deleting the contents of '$REPO'
build-test	Run actions/checkout@11d5960a326750d5838078e36cf38b85af677262	2026-10-03T07:15:42.8830020Z ##[group]Initializing the repository
build-test	Run actions/checkout@11d5960a326750d5838078e36cf38b85af677262	2026-10-03T07:15:42.8832050Z [command]/opt/homebrew/bin/git init $REPO
build-test	Run actions/checkout@11d5960a326750d5838078e36cf38b85af677262	2026-10-03T07:15:42.9181330Z hint: Using 'master' as the name for the initial branch. This default branch name
build-test	Run actions/checkout@11d5960a326750d5838078e36cf38b85af677262	2026-10-03T07:15:42.9183790Z hint: will change to "main" in Git 3.0. To configure the initial branch name
build-test	Run actions/checkout@11d5960a326750d5838078e36cf38b85af677262	2026-10-03T07:15:42.9186010Z hint: to use in all of your new repositories, which will suppress this warning,
build-test	Run actions/checkout@11d5960a326750d5838078e36cf38b85af677262	2026-10-03T07:15:42.9187830Z hint: call:
build-test	Run actions/checkout@11d5960a326750d5838078e36cf38b85af677262	2026-10-03T07:15:42.9189000Z hint:
build-test	Run actions/checkout@11d5960a326750d5838078e36cf38b85af677262	2026-10-03T07:15:42.9190240Z hint: 	git config --global init.defaultBranch <name>
build-test	Run actions/checkout@11d5960a326750d5838078e36cf38b85af677262	2026-10-03T07:15:42.9191700Z hint:
build-test	Run actions/checkout@11d5960a326750d5838078e36cf38b85af677262	2026-10-03T07:15:42.9192970Z hint: Names commonly chosen instead of 'master' are 'main', 'trunk' and
build-test	Run actions/checkout@11d5960a326750d5838078e36cf38b85af677262	2026-10-03T07:15:42.9193890Z hint: 'development'. The just-created branch can be renamed via this command:
build-test	Run actions/checkout@11d5960a326750d5838078e36cf38b85af677262	2026-10-03T07:15:42.9194470Z hint:
build-test	Run actions/checkout@11d5960a326750d5838078e36cf38b85af677262	2026-10-03T07:15:42.9194830Z hint: 	git branch -m <name>
build-test	Run actions/checkout@11d5960a326750d5838078e36cf38b85af677262	2026-10-03T07:15:42.9195210Z hint:
build-test	Run actions/checkout@11d5960a326750d5838078e36cf38b85af677262	2026-10-03T07:15:42.9195810Z hint: Disable this message with "git config set advice.defaultBranchName false"
build-test	Run actions/checkout@11d5960a326750d5838078e36cf38b85af677262	2026-10-03T07:15:42.9196610Z Initialized empty Git repository in $REPO/.git/
build-test	Run actions/checkout@11d5960a326750d5838078e36cf38b85af677262	2026-10-03T07:15:42.9198120Z [command]/opt/homebrew/bin/git remote add origin https://github.com/nguyenduchai/PhotoAxis
build-test	Run actions/checkout@11d5960a326750d5838078e36cf38b85af677262	2026-10-03T07:15:42.9320590Z ##[endgroup]
build-test	Run actions/checkout@11d5960a326750d5838078e36cf38b85af677262	2026-10-03T07:15:42.9321400Z ##[group]Disabling automatic garbage collection
build-test	Run actions/checkout@11d5960a326750d5838078e36cf38b85af677262	2026-10-03T07:15:42.9325550Z [command]/opt/homebrew/bin/git config --local gc.auto 0
build-test	Run actions/checkout@11d5960a326750d5838078e36cf38b85af677262	2026-10-03T07:15:42.9408580Z ##[endgroup]
build-test	Run actions/checkout@11d5960a326750d5838078e36cf38b85af677262	2026-10-03T07:15:42.9410540Z ##[group]Setting up auth
build-test	Run actions/checkout@11d5960a326750d5838078e36cf38b85af677262	2026-10-03T07:15:42.9412300Z [command]/opt/homebrew/bin/git config --local --name-only --get-regexp core\.sshCommand
build-test	Run actions/checkout@11d5960a326750d5838078e36cf38b85af677262	2026-10-03T07:15:42.9483630Z [command]/opt/homebrew/bin/git submodule foreach --recursive sh -c "git config --local --name-only --get-regexp 'core\.sshCommand' && git config --local --unset-all 'core.sshCommand' || :"
build-test	Run actions/checkout@11d5960a326750d5838078e36cf38b85af677262	2026-10-03T07:15:43.0728170Z [command]/opt/homebrew/bin/git config --local --name-only --get-regexp http\.https\:\/\/github\.com\/\.extraheader
build-test	Run actions/checkout@11d5960a326750d5838078e36cf38b85af677262	2026-10-03T07:15:43.0800650Z [command]/opt/homebrew/bin/git submodule foreach --recursive sh -c "git config --local --name-only --get-regexp 'http\.https\:\/\/github\.com\/\.extraheader' && git config --local --unset-all 'http.https://github.com/.extraheader' || :"
build-test	Run actions/checkout@11d5960a326750d5838078e36cf38b85af677262	2026-10-03T07:15:43.1886850Z [command]/opt/homebrew/bin/git config --local --name-only --get-regexp ^includeIf\.gitdir:
build-test	Run actions/checkout@11d5960a326750d5838078e36cf38b85af677262	2026-10-03T07:15:43.1962070Z [command]/opt/homebrew/bin/git submodule foreach --recursive git config --local --show-origin --name-only --get-regexp remote.origin.url
build-test	Run actions/checkout@11d5960a326750d5838078e36cf38b85af677262	2026-10-03T07:15:43.2941650Z [command]/opt/homebrew/bin/git config --local http.https://github.com/.extraheader AUTHORIZATION: basic ***
build-test	Run actions/checkout@11d5960a326750d5838078e36cf38b85af677262	2026-10-03T07:15:43.3018230Z ##[endgroup]
build-test	Run actions/checkout@11d5960a326750d5838078e36cf38b85af677262	2026-10-03T07:15:43.3020460Z ##[group]Fetching the repository
build-test	Run actions/checkout@11d5960a326750d5838078e36cf38b85af677262	2026-10-03T07:15:43.3024640Z [command]/opt/homebrew/bin/git -c protocol.version=2 fetch --no-tags --prune --no-recurse-submodules --depth=1 origin +9333cfff5f1e928a596ec9e1066aa972a6915a52:refs/remotes/origin/main
build-test	Run actions/checkout@11d5960a326750d5838078e36cf38b85af677262	2026-10-03T07:15:44.6455600Z From https://github.com/nguyenduchai/PhotoAxis
build-test	Run actions/checkout@11d5960a326750d5838078e36cf38b85af677262	2026-10-03T07:15:44.6457220Z  * [new ref]         9333cfff5f1e928a596ec9e1066aa972a6915a52 -> origin/main
build-test	Run actions/checkout@11d5960a326750d5838078e36cf38b85af677262	2026-10-03T07:15:44.6460460Z ##[endgroup]
build-test	Run actions/checkout@11d5960a326750d5838078e36cf38b85af677262	2026-10-03T07:15:44.6461510Z ##[group]Determining the checkout info
build-test	Run actions/checkout@11d5960a326750d5838078e36cf38b85af677262	2026-10-03T07:15:44.6462550Z ##[endgroup]
build-test	Run actions/checkout@11d5960a326750d5838078e36cf38b85af677262	2026-10-03T07:15:44.6465050Z [command]/opt/homebrew/bin/git sparse-checkout disable
build-test	Run actions/checkout@11d5960a326750d5838078e36cf38b85af677262	2026-10-03T07:15:44.6541650Z [command]/opt/homebrew/bin/git config --local --unset-all extensions.worktreeConfig
build-test	Run actions/checkout@11d5960a326750d5838078e36cf38b85af677262	2026-10-03T07:15:44.6605760Z ##[group]Checking out the ref
build-test	Run actions/checkout@11d5960a326750d5838078e36cf38b85af677262	2026-10-03T07:15:44.6609000Z [command]/opt/homebrew/bin/git checkout --progress --force -B main refs/remotes/origin/main
build-test	Run actions/checkout@11d5960a326750d5838078e36cf38b85af677262	2026-10-03T07:15:44.9563420Z Switched to a new branch 'main'
build-test	Run actions/checkout@11d5960a326750d5838078e36cf38b85af677262	2026-10-03T07:15:44.9583840Z branch 'main' set up to track 'origin/main'.
build-test	Run actions/checkout@11d5960a326750d5838078e36cf38b85af677262	2026-10-03T07:15:44.9588920Z ##[endgroup]
build-test	Run actions/checkout@11d5960a326750d5838078e36cf38b85af677262	2026-10-03T07:15:44.9686630Z [command]/opt/homebrew/bin/git log -1 --format=%H
build-test	Run actions/checkout@11d5960a326750d5838078e36cf38b85af677262	2026-10-03T07:15:44.9757220Z 9333cfff5f1e928a596ec9e1066aa972a6915a52
build-test	Run actions/checkout@11d5960a326750d5838078e36cf38b85af677262	2026-10-03T07:15:44.9765410Z ##[group]Removing auth
build-test	Run actions/checkout@11d5960a326750d5838078e36cf38b85af677262	2026-10-03T07:15:44.9769240Z [command]/opt/homebrew/bin/git config --local --name-only --get-regexp core\.sshCommand
build-test	Run actions/checkout@11d5960a326750d5838078e36cf38b85af677262	2026-10-03T07:15:44.9830510Z [command]/opt/homebrew/bin/git submodule foreach --recursive sh -c "git config --local --name-only --get-regexp 'core\.sshCommand' && git config --local --unset-all 'core.sshCommand' || :"
build-test	Run actions/checkout@11d5960a326750d5838078e36cf38b85af677262	2026-10-03T07:15:45.0572830Z [command]/opt/homebrew/bin/git config --local --name-only --get-regexp http\.https\:\/\/github\.com\/\.extraheader
build-test	Run actions/checkout@11d5960a326750d5838078e36cf38b85af677262	2026-10-03T07:15:45.0621530Z http.https://github.com/.extraheader
build-test	Run actions/checkout@11d5960a326750d5838078e36cf38b85af677262	2026-10-03T07:15:45.0723280Z [command]/opt/homebrew/bin/git config --local --unset-all http.https://github.com/.extraheader
build-test	Run actions/checkout@11d5960a326750d5838078e36cf38b85af677262	2026-10-03T07:15:45.0737480Z [command]/opt/homebrew/bin/git submodule foreach --recursive sh -c "git config --local --name-only --get-regexp 'http\.https\:\/\/github\.com\/\.extraheader' && git config --local --unset-all 'http.https://github.com/.extraheader' || :"
build-test	Run actions/checkout@11d5960a326750d5838078e36cf38b85af677262	2026-10-03T07:15:45.1338500Z [command]/opt/homebrew/bin/git config --local --name-only --get-regexp ^includeIf\.gitdir:
build-test	Run actions/checkout@11d5960a326750d5838078e36cf38b85af677262	2026-10-03T07:15:45.1385850Z [command]/opt/homebrew/bin/git submodule foreach --recursive git config --local --show-origin --name-only --get-regexp remote.origin.url
build-test	Run actions/checkout@11d5960a326750d5838078e36cf38b85af677262	2026-10-03T07:15:45.1991010Z ##[endgroup]
build-test	Record and validate toolchain	﻿2026-10-03T07:15:45.2139490Z ##[group]Run test "$(uname -m)" = arm64
build-test	Record and validate toolchain	2026-10-03T07:15:45.2139970Z ^[[36;1mtest "$(uname -m)" = arm64^[[0m
build-test	Record and validate toolchain	2026-10-03T07:15:45.2140320Z ^[[36;1mxcodebuild -version^[[0m
build-test	Record and validate toolchain	2026-10-03T07:15:45.2140670Z ^[[36;1mxcrun --sdk macosx --show-sdk-version^[[0m
build-test	Record and validate toolchain	2026-10-03T07:15:45.2141040Z ^[[36;1msw_vers^[[0m
build-test	Record and validate toolchain	2026-10-03T07:15:45.2178730Z shell: /bin/bash -e {0}
build-test	Record and validate toolchain	2026-10-03T07:15:45.2179270Z env:
build-test	Record and validate toolchain	2026-10-03T07:15:45.2179640Z   DEVELOPER_DIR: /Applications/Xcode_16.4.app/Contents/Developer
build-test	Record and validate toolchain	2026-10-03T07:15:45.2180110Z ##[endgroup]
build-test	Record and validate toolchain	2026-10-03T07:15:45.3196490Z Xcode 16.4
build-test	Record and validate toolchain	2026-10-03T07:15:45.3197210Z Build version 16F6
build-test	Record and validate toolchain	2026-10-03T07:15:46.9877620Z 15.5
build-test	Record and validate toolchain	2026-10-03T07:15:46.9983780Z ProductName:		macOS
build-test	Record and validate toolchain	2026-10-03T07:15:46.9987220Z ProductVersion:		15.7.9
build-test	Record and validate toolchain	2026-10-03T07:15:46.9988820Z BuildVersion:		24G830
build-test	Model and geometry tests; Debug build	﻿2026-10-03T07:15:47.0041610Z ##[group]Run ./scripts/check.sh
build-test	Model and geometry tests; Debug build	2026-10-03T07:15:47.0041930Z ^[[36;1m./scripts/check.sh^[[0m
build-test	Model and geometry tests; Debug build	2026-10-03T07:15:47.0073470Z shell: /bin/bash -e {0}
build-test	Model and geometry tests; Debug build	2026-10-03T07:15:47.0073740Z env:
build-test	Model and geometry tests; Debug build	2026-10-03T07:15:47.0074020Z   DEVELOPER_DIR: /Applications/Xcode_16.4.app/Contents/Developer
build-test	Model and geometry tests; Debug build	2026-10-03T07:15:47.0074420Z ##[endgroup]
build-test	Model and geometry tests; Debug build	2026-10-03T07:15:47.2873180Z PASS: Xcode project matches source inventory
build-test	Model and geometry tests; Debug build	2026-10-03T07:15:47.3453880Z $REPO/Sources/PhotoAxisApp/Localization/en.lproj/Localizable.strings: OK
build-test	Model and geometry tests; Debug build	2026-10-03T07:15:47.3523290Z $REPO/Sources/PhotoAxisApp/Localization/vi.lproj/Localizable.strings: OK
build-test	Model and geometry tests; Debug build	2026-10-03T07:15:47.3577980Z PASS: 466 matching vi/en keys; 392 static/dynamic references resolved
build-test	Model and geometry tests; Debug build	2026-10-03T07:15:47.3662710Z Config/Info.plist: OK
build-test	Model and geometry tests; Debug build	2026-10-03T07:15:47.3672480Z PhotoAxis.xcodeproj/project.pbxproj: OK
build-test	Model and geometry tests; Debug build	2026-10-03T07:15:48.5615140Z Command line invocation:
build-test	Model and geometry tests; Debug build	2026-10-03T07:15:48.5618760Z     /Applications/Xcode_16.4.app/Contents/Developer/usr/bin/xcodebuild -project PhotoAxis.xcodeproj -scheme PhotoAxis -configuration Debug -destination platform=macOS,arch=arm64 -derivedDataPath /Users/runner/Library/Developer/PhotoAxisBuilds/fe52d68e5807/DerivedData -resultBundlePath /Users/runner/Library/Developer/PhotoAxisBuilds/fe52d68e5807/test-results/PhotoAxis-20261003-071547-1278.xcresult CODE_SIGN_IDENTITY=- DEVELOPMENT_TEAM= test
build-test	Model and geometry tests; Debug build	2026-10-03T07:15:48.5622330Z 
build-test	Model and geometry tests; Debug build	2026-10-03T07:15:48.5622600Z Build settings from command line:
build-test	Model and geometry tests; Debug build	2026-10-03T07:15:48.5623030Z     CODE_SIGN_IDENTITY = -
build-test	Model and geometry tests; Debug build	2026-10-03T07:15:48.5627220Z     DEVELOPMENT_TEAM = 
build-test	Model and geometry tests; Debug build	2026-10-03T07:15:48.5627540Z 
build-test	Model and geometry tests; Debug build	2026-10-03T07:15:50.8260650Z Writing result bundle at path:
build-test	Model and geometry tests; Debug build	2026-10-03T07:15:50.8263800Z 	/Users/runner/Library/Developer/PhotoAxisBuilds/fe52d68e5807/test-results/PhotoAxis-20261003-071547-1278.xcresult
build-test	Model and geometry tests; Debug build	2026-10-03T07:15:50.8264780Z 
build-test	Model and geometry tests; Debug build	2026-10-03T07:15:51.0448410Z note: Using codesigning identity override: -
build-test	Model and geometry tests; Debug build	2026-10-03T07:15:51.5603690Z ComputePackagePrebuildTargetDependencyGraph
build-test	Model and geometry tests; Debug build	2026-10-03T07:15:51.6728670Z 
build-test	Model and geometry tests; Debug build	2026-10-03T07:15:51.6755120Z Prepare packages
build-test	Model and geometry tests; Debug build	2026-10-03T07:15:51.6857280Z 
build-test	Model and geometry tests; Debug build	2026-10-03T07:15:51.6958160Z CreateBuildRequest
build-test	Model and geometry tests; Debug build	2026-10-03T07:15:51.7067740Z 
build-test	Model and geometry tests; Debug build	2026-10-03T07:15:51.7135250Z SendProjectDescription
build-test	Model and geometry tests; Debug build	2026-10-03T07:15:51.7164460Z 
build-test	Model and geometry tests; Debug build	2026-10-03T07:15:51.7164790Z CreateBuildOperation
build-test	Model and geometry tests; Debug build	2026-10-03T07:15:51.7165130Z 
build-test	Model and geometry tests; Debug build	2026-10-03T07:15:51.7165360Z ComputeTargetDependencyGraph
build-test	Model and geometry tests; Debug build	2026-10-03T07:15:51.7278440Z note: Building targets in dependency order
build-test	Model and geometry tests; Debug build	2026-10-03T07:15:51.7298390Z note: Target dependency graph (4 targets)
build-test	Model and geometry tests; Debug build	2026-10-03T07:15:51.7374270Z     Target 'PhotoAxisAppTests' in project 'PhotoAxis'
build-test	Model and geometry tests; Debug build	2026-10-03T07:15:51.7499250Z         ➜ Explicit dependency on target 'PhotoAxisCore' in project 'PhotoAxis'
build-test	Model and geometry tests; Debug build	2026-10-03T07:15:51.7565820Z         ➜ Explicit dependency on target 'PhotoAxis' in project 'PhotoAxis'
build-test	Model and geometry tests; Debug build	2026-10-03T07:15:51.7598890Z     Target 'PhotoAxisCoreTests' in project 'PhotoAxis'
build-test	Model and geometry tests; Debug build	2026-10-03T07:15:51.7714980Z         ➜ Explicit dependency on target 'PhotoAxisCore' in project 'PhotoAxis'
build-test	Model and geometry tests; Debug build	2026-10-03T07:15:51.7786830Z     Target 'PhotoAxis' in project 'PhotoAxis'
build-test	Model and geometry tests; Debug build	2026-10-03T07:15:51.7787820Z         ➜ Explicit dependency on target 'PhotoAxisCore' in project 'PhotoAxis'
build-test	Model and geometry tests; Debug build	2026-10-03T07:15:51.7788570Z     Target 'PhotoAxisCore' in project 'PhotoAxis' (no dependencies)
build-test	Model and geometry tests; Debug build	2026-10-03T07:15:51.7788920Z 
build-test	Model and geometry tests; Debug build	2026-10-03T07:15:51.7789190Z GatherProvisioningInputs
build-test	Model and geometry tests; Debug build	2026-10-03T07:15:51.8059450Z 
build-test	Model and geometry tests; Debug build	2026-10-03T07:15:51.8164520Z CreateBuildDescription
build-test	Model and geometry tests; Debug build	2026-10-03T07:15:51.8929930Z 
build-test	Model and geometry tests; Debug build	2026-10-03T07:15:51.8936140Z ExecuteExternalTool /Applications/Xcode_16.4.app/Contents/Developer/Toolchains/XcodeDefault.xctoolchain/usr/bin/swiftc --version
build-test	Model and geometry tests; Debug build	2026-10-03T07:15:53.8848440Z 
build-test	Model and geometry tests; Debug build	2026-10-03T07:15:53.8910410Z ExecuteExternalTool /Applications/Xcode_16.4.app/Contents/Developer/Toolchains/XcodeDefault.xctoolchain/usr/bin/clang -v -E -dM -isysroot /Applications/Xcode_16.4.app/Contents/Developer/Platforms/MacOSX.platform/Developer/SDKs/MacOSX15.5.sdk -x c -c /dev/null
build-test	Model and geometry tests; Debug build	2026-10-03T07:15:53.8999370Z 
build-test	Model and geometry tests; Debug build	2026-10-03T07:15:53.9001120Z ExecuteExternalTool /Applications/Xcode_16.4.app/Contents/Developer/Toolchains/XcodeDefault.xctoolchain/usr/bin/ld -version_details
build-test	Model and geometry tests; Debug build	2026-10-03T07:15:54.0739710Z 
build-test	Model and geometry tests; Debug build	2026-10-03T07:15:54.1139970Z Build description signature: 2e4f7730c39afc697818a193858180a3
build-test	Model and geometry tests; Debug build	2026-10-03T07:15:54.1168100Z Build description path: /Users/runner/Library/Developer/PhotoAxisBuilds/fe52d68e5807/DerivedData/Build/Intermediates.noindex/XCBuildData/2e4f7730c39afc697818a193858180a3.xcbuilddata
build-test	Model and geometry tests; Debug build	2026-10-03T07:15:54.1591270Z ClangStatCache /Applications/Xcode_16.4.app/Contents/Developer/Toolchains/XcodeDefault.xctoolchain/usr/bin/clang-stat-cache /Applications/Xcode_16.4.app/Contents/Developer/Platforms/MacOSX.platform/Developer/SDKs/MacOSX15.5.sdk /Users/runner/Library/Developer/PhotoAxisBuilds/fe52d68e5807/DerivedData/SDKStatCaches.noindex/macosx15.5-24F74-a403186ba963133a54a0e0cacd566b0b.sdkstatcache
build-test	Model and geometry tests; Debug build	2026-10-03T07:15:54.1630850Z     cd $REPO/PhotoAxis.xcodeproj
build-test	Model and geometry tests; Debug build	2026-10-03T07:15:54.1634070Z     /Applications/Xcode_16.4.app/Contents/Developer/Toolchains/XcodeDefault.xctoolchain/usr/bin/clang-stat-cache /Applications/Xcode_16.4.app/Contents/Developer/Platforms/MacOSX.platform/Developer/SDKs/MacOSX15.5.sdk -o /Users/runner/Library/Developer/PhotoAxisBuilds/fe52d68e5807/DerivedData/SDKStatCaches.noindex/macosx15.5-24F74-a403186ba963133a54a0e0cacd566b0b.sdkstatcache
build-test	Model and geometry tests; Debug build	2026-10-03T07:16:00.3536250Z 
build-test	Model and geometry tests; Debug build	2026-10-03T07:16:00.3537480Z CreateBuildDirectory /Users/runner/Library/Developer/PhotoAxisBuilds/fe52d68e5807/DerivedData/Build/Products
build-test	Model and geometry tests; Debug build	2026-10-03T07:16:00.3538400Z     cd $REPO/PhotoAxis.xcodeproj
build-test	Model and geometry tests; Debug build	2026-10-03T07:16:00.3539110Z     builtin-create-build-directory /Users/runner/Library/Developer/PhotoAxisBuilds/fe52d68e5807/DerivedData/Build/Products
build-test	Model and geometry tests; Debug build	2026-10-03T07:16:00.3539830Z 
build-test	Model and geometry tests; Debug build	2026-10-03T07:16:00.3540260Z CreateBuildDirectory /Users/runner/Library/Developer/PhotoAxisBuilds/fe52d68e5807/DerivedData/Build/Intermediates.noindex
build-test	Model and geometry tests; Debug build	2026-10-03T07:16:00.3540950Z     cd $REPO/PhotoAxis.xcodeproj
build-test	Model and geometry tests; Debug build	2026-10-03T07:16:00.3608540Z     builtin-create-build-directory /Users/runner/Library/Developer/PhotoAxisBuilds/fe52d68e5807/DerivedData/Build/Intermediates.noindex
build-test	Model and geometry tests; Debug build	2026-10-03T07:16:00.3609100Z 
build-test	Model and geometry tests; Debug build	2026-10-03T07:16:00.3609500Z CreateBuildDirectory /Users/runner/Library/Developer/PhotoAxisBuilds/fe52d68e5807/DerivedData/Build/Products/Debug
build-test	Model and geometry tests; Debug build	2026-10-03T07:16:00.3610130Z     cd $REPO/PhotoAxis.xcodeproj
build-test	Model and geometry tests; Debug build	2026-10-03T07:16:00.3610730Z     builtin-create-build-directory /Users/runner/Library/Developer/PhotoAxisBuilds/fe52d68e5807/DerivedData/Build/Products/Debug
build-test	Model and geometry tests; Debug build	2026-10-03T07:16:00.3611240Z 
build-test	Model and geometry tests; Debug build	2026-10-03T07:16:00.3611930Z WriteAuxiliaryFile /Users/runner/Library/Developer/PhotoAxisBuilds/fe52d68e5807/DerivedData/Build/Intermediates.noindex/PhotoAxis.build/Debug/PhotoAxis-9730526f0700b8b20d57e2b47e796b5b-VFS/all-product-headers.yaml
build-test	Model and geometry tests; Debug build	2026-10-03T07:16:00.3612950Z     cd $REPO/PhotoAxis.xcodeproj
build-test	Model and geometry tests; Debug build	2026-10-03T07:16:00.3613780Z     write-file /Users/runner/Library/Developer/PhotoAxisBuilds/fe52d68e5807/DerivedData/Build/Intermediates.noindex/PhotoAxis.build/Debug/PhotoAxis-9730526f0700b8b20d57e2b47e796b5b-VFS/all-product-headers.yaml
build-test	Model and geometry tests; Debug build	2026-10-03T07:16:00.3614520Z 
build-test	Model and geometry tests; Debug build	2026-10-03T07:16:00.3614980Z CreateBuildDirectory /Users/runner/Library/Developer/PhotoAxisBuilds/fe52d68e5807/DerivedData/Build/Intermediates.noindex/EagerLinkingTBDs/Debug
build-test	Model and geometry tests; Debug build	2026-10-03T07:16:00.3615600Z     cd $REPO/PhotoAxis.xcodeproj
build-test	Model and geometry tests; Debug build	2026-10-03T07:16:00.3616320Z     builtin-create-build-directory /Users/runner/Library/Developer/PhotoAxisBuilds/fe52d68e5807/DerivedData/Build/Intermediates.noindex/EagerLinkingTBDs/Debug
build-test	Model and geometry tests; Debug build	2026-10-03T07:16:00.3616880Z 
build-test	Model and geometry tests; Debug build	2026-10-03T07:16:00.3617580Z WriteAuxiliaryFile /Users/runner/Library/Developer/PhotoAxisBuilds/fe52d68e5807/DerivedData/Build/Intermediates.noindex/PhotoAxis.build/Debug/PhotoAxisCoreTests.build/empty-PhotoAxisCoreTests.plist (in target 'PhotoAxisCoreTests' from project 'PhotoAxis')
build-test	Model and geometry tests; Debug build	2026-10-03T07:16:00.3618630Z     cd $REPO
build-test	Model and geometry tests; Debug build	2026-10-03T07:16:00.3809170Z     write-file /Users/runner/Library/Developer/PhotoAxisBuilds/fe52d68e5807/DerivedData/Build/Intermediates.noindex/PhotoAxis.build/Debug/PhotoAxisCoreTests.build/empty-PhotoAxisCoreTests.plist
build-test	Model and geometry tests; Debug build	2026-10-03T07:16:00.3809940Z 
build-test	Model and geometry tests; Debug build	2026-10-03T07:16:00.3810780Z WriteAuxiliaryFile /Users/runner/Library/Developer/PhotoAxisBuilds/fe52d68e5807/DerivedData/Build/Intermediates.noindex/PhotoAxis.build/Debug/PhotoAxisCoreTests.build/PhotoAxisCoreTests.hmap (in target 'PhotoAxisCoreTests' from project 'PhotoAxis')
build-test	Model and geometry tests; Debug build	2026-10-03T07:16:00.3812190Z     cd $REPO
build-test	Model and geometry tests; Debug build	2026-10-03T07:16:00.3816450Z     write-file /Users/runner/Library/Developer/PhotoAxisBuilds/fe52d68e5807/DerivedData/Build/Intermediates.noindex/PhotoAxis.build/Debug/PhotoAxisCoreTests.build/PhotoAxisCoreTests.hmap
build-test	Model and geometry tests; Debug build	2026-10-03T07:16:00.3817460Z 
build-test	Model and geometry tests; Debug build	2026-10-03T07:16:00.3818410Z WriteAuxiliaryFile /Users/runner/Library/Developer/PhotoAxisBuilds/fe52d68e5807/DerivedData/Build/Intermediates.noindex/PhotoAxis.build/Debug/PhotoAxisCoreTests.build/PhotoAxisCoreTests.DependencyStaticMetadataFileList (in target 'PhotoAxisCoreTests' from project 'PhotoAxis')
build-test	Model and geometry tests; Debug build	2026-10-03T07:16:00.3819610Z     cd $REPO
build-test	Model and geometry tests; Debug build	2026-10-03T07:16:00.3820600Z     write-file /Users/runner/Library/Developer/PhotoAxisBuilds/fe52d68e5807/DerivedData/Build/Intermediates.noindex/PhotoAxis.build/Debug/PhotoAxisCoreTests.build/PhotoAxisCoreTests.DependencyStaticMetadataFileList
build-test	Model and geometry tests; Debug build	2026-10-03T07:16:00.3821540Z 
build-test	Model and geometry tests; Debug build	2026-10-03T07:16:00.3822520Z WriteAuxiliaryFile /Users/runner/Library/Developer/PhotoAxisBuilds/fe52d68e5807/DerivedData/Build/Intermediates.noindex/PhotoAxis.build/Debug/PhotoAxisCoreTests.build/PhotoAxisCoreTests.DependencyMetadataFileList (in target 'PhotoAxisCoreTests' from project 'PhotoAxis')
build-test	Model and geometry tests; Debug build	2026-10-03T07:16:00.3824120Z     cd $REPO
build-test	Model and geometry tests; Debug build	2026-10-03T07:16:00.3825070Z     write-file /Users/runner/Library/Developer/PhotoAxisBuilds/fe52d68e5807/DerivedData/Build/Intermediates.noindex/PhotoAxis.build/Debug/PhotoAxisCoreTests.build/PhotoAxisCoreTests.DependencyMetadataFileList
build-test	Model and geometry tests; Debug build	2026-10-03T07:16:00.3826670Z 
build-test	Model and geometry tests; Debug build	2026-10-03T07:16:00.3827500Z WriteAuxiliaryFile /Users/runner/Library/Developer/PhotoAxisBuilds/fe52d68e5807/DerivedData/Build/Intermediates.noindex/PhotoAxis.build/Debug/PhotoAxisCoreTests.build/PhotoAxisCoreTests-project-headers.hmap (in target 'PhotoAxisCoreTests' from project 'PhotoAxis')
build-test	Model and geometry tests; Debug build	2026-10-03T07:16:00.3828680Z     cd $REPO
build-test	Model and geometry tests; Debug build	2026-10-03T07:16:00.3829570Z     write-file /Users/runner/Library/Developer/PhotoAxisBuilds/fe52d68e5807/DerivedData/Build/Intermediates.noindex/PhotoAxis.build/Debug/PhotoAxisCoreTests.build/PhotoAxisCoreTests-project-headers.hmap
build-test	Model and geometry tests; Debug build	2026-10-03T07:16:00.3830490Z 
build-test	Model and geometry tests; Debug build	2026-10-03T07:16:00.3839210Z WriteAuxiliaryFile /Users/runner/Library/Developer/PhotoAxisBuilds/fe52d68e5807/DerivedData/Build/Intermediates.noindex/PhotoAxis.build/Debug/PhotoAxisCoreTests.build/PhotoAxisCoreTests-own-target-headers.hmap (in target 'PhotoAxisCoreTests' from project 'PhotoAxis')
build-test	Model and geometry tests; Debug build	2026-10-03T07:16:00.3840370Z     cd $REPO
build-test	Model and geometry tests; Debug build	2026-10-03T07:16:00.3841220Z     write-file /Users/runner/Library/Developer/PhotoAxisBuilds/fe52d68e5807/DerivedData/Build/Intermediates.noindex/PhotoAxis.build/Debug/PhotoAxisCoreTests.build/PhotoAxisCoreTests-own-target-headers.hmap
build-test	Model and geometry tests; Debug build	2026-10-03T07:16:00.3842020Z 
build-test	Model and geometry tests; Debug build	2026-10-03T07:16:00.3842830Z WriteAuxiliaryFile /Users/runner/Library/Developer/PhotoAxisBuilds/fe52d68e5807/DerivedData/Build/Intermediates.noindex/PhotoAxis.build/Debug/PhotoAxisCoreTests.build/PhotoAxisCoreTests-generated-files.hmap (in target 'PhotoAxisCoreTests' from project 'PhotoAxis')
build-test	Model and geometry tests; Debug build	2026-10-03T07:16:00.3843850Z     cd $REPO
build-test	Model and geometry tests; Debug build	2026-10-03T07:16:00.3844720Z     write-file /Users/runner/Library/Developer/PhotoAxisBuilds/fe52d68e5807/DerivedData/Build/Intermediates.noindex/PhotoAxis.build/Debug/PhotoAxisCoreTests.build/PhotoAxisCoreTests-generated-files.hmap
build-test	Model and geometry tests; Debug build	2026-10-03T07:16:00.3845510Z 
build-test	Model and geometry tests; Debug build	2026-10-03T07:16:00.3846580Z WriteAuxiliaryFile /Users/runner/Library/Developer/PhotoAxisBuilds/fe52d68e5807/DerivedData/Build/Intermediates.noindex/PhotoAxis.build/Debug/PhotoAxisCoreTests.build/PhotoAxisCoreTests-all-target-headers.hmap (in target 'PhotoAxisCoreTests' from project 'PhotoAxis')
build-test	Model and geometry tests; Debug build	2026-10-03T07:16:00.3847600Z     cd $REPO
build-test	Model and geometry tests; Debug build	2026-10-03T07:16:00.3848410Z     write-file /Users/runner/Library/Developer/PhotoAxisBuilds/fe52d68e5807/DerivedData/Build/Intermediates.noindex/PhotoAxis.build/Debug/PhotoAxisCoreTests.build/PhotoAxisCoreTests-all-target-headers.hmap
build-test	Model and geometry tests; Debug build	2026-10-03T07:16:00.3849240Z 
build-test	Model and geometry tests; Debug build	2026-10-03T07:16:00.3850090Z WriteAuxiliaryFile /Users/runner/Library/Developer/PhotoAxisBuilds/fe52d68e5807/DerivedData/Build/Intermediates.noindex/PhotoAxis.build/Debug/PhotoAxisCoreTests.build/PhotoAxisCoreTests-all-non-framework-target-headers.hmap (in target 'PhotoAxisCoreTests' from project 'PhotoAxis')
build-test	Model and geometry tests; Debug build	2026-10-03T07:16:00.3851150Z     cd $REPO
build-test	Model and geometry tests; Debug build	2026-10-03T07:16:00.3852020Z     write-file /Users/runner/Library/Developer/PhotoAxisBuilds/fe52d68e5807/DerivedData/Build/Intermediates.noindex/PhotoAxis.build/Debug/PhotoAxisCoreTests.build/PhotoAxisCoreTests-all-non-framework-target-headers.hmap
build-test	Model and geometry tests; Debug build	2026-10-03T07:16:00.3852830Z 
build-test	Model and geometry tests; Debug build	2026-10-03T07:16:00.3853620Z WriteAuxiliaryFile /Users/runner/Library/Developer/PhotoAxisBuilds/fe52d68e5807/DerivedData/Build/Intermediates.noindex/PhotoAxis.build/Debug/PhotoAxisCoreTests.build/Objects-normal/arm64/PhotoAxisCoreTests_const_extract_protocols.json (in target 'PhotoAxisCoreTests' from project 'PhotoAxis')
build-test	Model and geometry tests; Debug build	2026-10-03T07:16:00.3854770Z     cd $REPO
build-test	Model and geometry tests; Debug build	2026-10-03T07:16:00.3855600Z     write-file /Users/runner/Library/Developer/PhotoAxisBuilds/fe52d68e5807/DerivedData/Build/Intermediates.noindex/PhotoAxis.build/Debug/PhotoAxisCoreTests.build/Objects-normal/arm64/PhotoAxisCoreTests_const_extract_protocols.json
build-test	Model and geometry tests; Debug build	2026-10-03T07:16:00.3856430Z 
build-test	Model and geometry tests; Debug build	2026-10-03T07:16:00.3857180Z WriteAuxiliaryFile /Users/runner/Library/Developer/PhotoAxisBuilds/fe52d68e5807/DerivedData/Build/Intermediates.noindex/PhotoAxis.build/Debug/PhotoAxisCoreTests.build/Objects-normal/arm64/PhotoAxisCoreTests.SwiftFileList (in target 'PhotoAxisCoreTests' from project 'PhotoAxis')
build-test	Model and geometry tests; Debug build	2026-10-03T07:16:00.3858440Z     cd $REPO
build-test	Model and geometry tests; Debug build	2026-10-03T07:16:00.3859360Z     write-file /Users/runner/Library/Developer/PhotoAxisBuilds/fe52d68e5807/DerivedData/Build/Intermediates.noindex/PhotoAxis.build/Debug/PhotoAxisCoreTests.build/Objects-normal/arm64/PhotoAxisCoreTests.SwiftFileList
build-test	Model and geometry tests; Debug build	2026-10-03T07:16:00.3860670Z 
build-test	Model and geometry tests; Debug build	2026-10-03T07:16:00.3861700Z WriteAuxiliaryFile /Users/runner/Library/Developer/PhotoAxisBuilds/fe52d68e5807/DerivedData/Build/Intermediates.noindex/PhotoAxis.build/Debug/PhotoAxisCoreTests.build/Objects-normal/arm64/PhotoAxisCoreTests.SwiftConstValuesFileList (in target 'PhotoAxisCoreTests' from project 'PhotoAxis')
build-test	Model and geometry tests; Debug build	2026-10-03T07:16:00.3862900Z     cd $REPO
build-test	Model and geometry tests; Debug build	2026-10-03T07:16:00.3864180Z     write-file /Users/runner/Library/Developer/PhotoAxisBuilds/fe52d68e5807/DerivedData/Build/Intermediates.noindex/PhotoAxis.build/Debug/PhotoAxisCoreTests.build/Objects-normal/arm64/PhotoAxisCoreTests.SwiftConstValuesFileList
build-test	Model and geometry tests; Debug build	2026-10-03T07:16:00.3864970Z 
build-test	Model and geometry tests; Debug build	2026-10-03T07:16:00.3865850Z WriteAuxiliaryFile /Users/runner/Library/Developer/PhotoAxisBuilds/fe52d68e5807/DerivedData/Build/Intermediates.noindex/PhotoAxis.build/Debug/PhotoAxisCoreTests.build/Objects-normal/arm64/PhotoAxisCoreTests.LinkFileList (in target 'PhotoAxisCoreTests' from project 'PhotoAxis')
build-test	Model and geometry tests; Debug build	2026-10-03T07:16:00.3866950Z     cd $REPO
build-test	Model and geometry tests; Debug build	2026-10-03T07:16:00.3867680Z     write-file /Users/runner/Library/Developer/PhotoAxisBuilds/fe52d68e5807/DerivedData/Build/Intermediates.noindex/PhotoAxis.build/Debug/PhotoAxisCoreTests.build/Objects-normal/arm64/PhotoAxisCoreTests.LinkFileList
build-test	Model and geometry tests; Debug build	2026-10-03T07:16:00.3868330Z 
build-test	Model and geometry tests; Debug build	2026-10-03T07:16:00.3870660Z WriteAuxiliaryFile /Users/runner/Library/Developer/PhotoAxisBuilds/fe52d68e5807/DerivedData/Build/Intermediates.noindex/PhotoAxis.build/Debug/PhotoAxisCoreTests.build/Objects-normal/arm64/PhotoAxisCoreTests-OutputFileMap.json (in target 'PhotoAxisCoreTests' from project 'PhotoAxis')
build-test	Model and geometry tests; Debug build	2026-10-03T07:16:00.3872060Z     cd $REPO
build-test	Model and geometry tests; Debug build	2026-10-03T07:16:00.3872910Z     write-file /Users/runner/Library/Developer/PhotoAxisBuilds/fe52d68e5807/DerivedData/Build/Intermediates.noindex/PhotoAxis.build/Debug/PhotoAxisCoreTests.build/Objects-normal/arm64/PhotoAxisCoreTests-OutputFileMap.json
build-test	Model and geometry tests; Debug build	2026-10-03T07:16:00.3873620Z 
build-test	Model and geometry tests; Debug build	2026-10-03T07:16:00.3874250Z WriteAuxiliaryFile /Users/runner/Library/Developer/PhotoAxisBuilds/fe52d68e5807/DerivedData/Build/Intermediates.noindex/PhotoAxis.build/Debug/PhotoAxisCore.build/module.modulemap (in target 'PhotoAxisCore' from project 'PhotoAxis')
build-test	Model and geometry tests; Debug build	2026-10-03T07:16:00.3875210Z     cd $REPO
build-test	Model and geometry tests; Debug build	2026-10-03T07:16:00.3876050Z     write-file /Users/runner/Library/Developer/PhotoAxisBuilds/fe52d68e5807/DerivedData/Build/Intermediates.noindex/PhotoAxis.build/Debug/PhotoAxisCore.build/module.modulemap
build-test	Model and geometry tests; Debug build	2026-10-03T07:16:00.3876600Z 
build-test	Model and geometry tests; Debug build	2026-10-03T07:16:00.3877340Z WriteAuxiliaryFile /Users/runner/Library/Developer/PhotoAxisBuilds/fe52d68e5807/DerivedData/Build/Intermediates.noindex/PhotoAxis.build/Debug/PhotoAxisCore.build/empty-PhotoAxisCore.plist (in target 'PhotoAxisCore' from project 'PhotoAxis')
build-test	Model and geometry tests; Debug build	2026-10-03T07:16:00.3878320Z     cd $REPO
build-test	Model and geometry tests; Debug build	2026-10-03T07:16:00.3878960Z     write-file /Users/runner/Library/Developer/PhotoAxisBuilds/fe52d68e5807/DerivedData/Build/Intermediates.noindex/PhotoAxis.build/Debug/PhotoAxisCore.build/empty-PhotoAxisCore.plist
build-test	Model and geometry tests; Debug build	2026-10-03T07:16:00.3879750Z 
build-test	Model and geometry tests; Debug build	2026-10-03T07:16:00.3880500Z WriteAuxiliaryFile /Users/runner/Library/Developer/PhotoAxisBuilds/fe52d68e5807/DerivedData/Build/Intermediates.noindex/PhotoAxis.build/Debug/PhotoAxisCore.build/PhotoAxisCore.hmap (in target 'PhotoAxisCore' from project 'PhotoAxis')
build-test	Model and geometry tests; Debug build	2026-10-03T07:16:00.3881320Z     cd $REPO
build-test	Model and geometry tests; Debug build	2026-10-03T07:16:00.3882590Z     write-file /Users/runner/Library/Developer/PhotoAxisBuilds/fe52d68e5807/DerivedData/Build/Intermediates.noindex/PhotoAxis.build/Debug/PhotoAxisCore.build/PhotoAxisCore.hmap
build-test	Model and geometry tests; Debug build	2026-10-03T07:16:00.3883430Z 
build-test	Model and geometry tests; Debug build	2026-10-03T07:16:00.3884140Z WriteAuxiliaryFile /Users/runner/Library/Developer/PhotoAxisBuilds/fe52d68e5807/DerivedData/Build/Intermediates.noindex/PhotoAxis.build/Debug/PhotoAxisCore.build/PhotoAxisCore.DependencyStaticMetadataFileList (in target 'PhotoAxisCore' from project 'PhotoAxis')
build-test	Model and geometry tests; Debug build	2026-10-03T07:16:00.3885280Z     cd $REPO
build-test	Model and geometry tests; Debug build	2026-10-03T07:16:00.3886040Z     write-file /Users/runner/Library/Developer/PhotoAxisBuilds/fe52d68e5807/DerivedData/Build/Intermediates.noindex/PhotoAxis.build/Debug/PhotoAxisCore.build/PhotoAxisCore.DependencyStaticMetadataFileList
build-test	Model and geometry tests; Debug build	2026-10-03T07:16:00.3886730Z 
build-test	Model and geometry tests; Debug build	2026-10-03T07:16:00.3887510Z WriteAuxiliaryFile /Users/runner/Library/Developer/PhotoAxisBuilds/fe52d68e5807/DerivedData/Build/Intermediates.noindex/PhotoAxis.build/Debug/PhotoAxisCore.build/PhotoAxisCore.DependencyMetadataFileList (in target 'PhotoAxisCore' from project 'PhotoAxis')
build-test	Model and geometry tests; Debug build	2026-10-03T07:16:00.3888470Z     cd $REPO
build-test	Model and geometry tests; Debug build	2026-10-03T07:16:00.3889320Z     write-file /Users/runner/Library/Developer/PhotoAxisBuilds/fe52d68e5807/DerivedData/Build/Intermediates.noindex/PhotoAxis.build/Debug/PhotoAxisCore.build/PhotoAxisCore.DependencyMetadataFileList
build-test	Model and geometry tests; Debug build	2026-10-03T07:16:00.3890050Z 
build-test	Model and geometry tests; Debug build	2026-10-03T07:16:00.3890820Z WriteAuxiliaryFile /Users/runner/Library/Developer/PhotoAxisBuilds/fe52d68e5807/DerivedData/Build/Intermediates.noindex/PhotoAxis.build/Debug/PhotoAxisCore.build/PhotoAxisCore-project-headers.hmap (in target 'PhotoAxisCore' from project 'PhotoAxis')
build-test	Model and geometry tests; Debug build	2026-10-03T07:16:00.3891650Z     cd $REPO
build-test	Model and geometry tests; Debug build	2026-10-03T07:16:00.3892460Z     write-file /Users/runner/Library/Developer/PhotoAxisBuilds/fe52d68e5807/DerivedData/Build/Intermediates.noindex/PhotoAxis.build/Debug/PhotoAxisCore.build/PhotoAxisCore-project-headers.hmap
build-test	Model and geometry tests; Debug build	2026-10-03T07:16:00.3893580Z 
build-test	Model and geometry tests; Debug build	2026-10-03T07:16:00.3894280Z WriteAuxiliaryFile /Users/runner/Library/Developer/PhotoAxisBuilds/fe52d68e5807/DerivedData/Build/Intermediates.noindex/PhotoAxis.build/Debug/PhotoAxisCore.build/PhotoAxisCore-own-target-headers.hmap (in target 'PhotoAxisCore' from project 'PhotoAxis')
build-test	Model and geometry tests; Debug build	2026-10-03T07:16:00.3895380Z     cd $REPO
build-test	Model and geometry tests; Debug build	2026-10-03T07:16:00.3896190Z     write-file /Users/runner/Library/Developer/PhotoAxisBuilds/fe52d68e5807/DerivedData/Build/Intermediates.noindex/PhotoAxis.build/Debug/PhotoAxisCore.build/PhotoAxisCore-own-target-headers.hmap
build-test	Model and geometry tests; Debug build	2026-10-03T07:16:00.3896790Z 
build-test	Model and geometry tests; Debug build	2026-10-03T07:16:00.3897480Z WriteAuxiliaryFile /Users/runner/Library/Developer/PhotoAxisBuilds/fe52d68e5807/DerivedData/Build/Intermediates.noindex/PhotoAxis.build/Debug/PhotoAxisCore.build/PhotoAxisCore-generated-files.hmap (in target 'PhotoAxisCore' from project 'PhotoAxis')
build-test	Model and geometry tests; Debug build	2026-10-03T07:16:00.3898370Z     cd $REPO
build-test	Model and geometry tests; Debug build	2026-10-03T07:16:00.3899120Z     write-file /Users/runner/Library/Developer/PhotoAxisBuilds/fe52d68e5807/DerivedData/Build/Intermediates.noindex/PhotoAxis.build/Debug/PhotoAxisCore.build/PhotoAxisCore-generated-files.hmap
build-test	Model and geometry tests; Debug build	2026-10-03T07:16:00.3899780Z 
build-test	Model and geometry tests; Debug build	2026-10-03T07:16:00.3900460Z WriteAuxiliaryFile /Users/runner/Library/Developer/PhotoAxisBuilds/fe52d68e5807/DerivedData/Build/Intermediates.noindex/PhotoAxis.build/Debug/PhotoAxisCore.build/PhotoAxisCore-all-target-headers.hmap (in target 'PhotoAxisCore' from project 'PhotoAxis')
build-test	Model and geometry tests; Debug build	2026-10-03T07:16:00.3901390Z     cd $REPO
build-test	Model and geometry tests; Debug build	2026-10-03T07:16:00.3902150Z     write-file /Users/runner/Library/Developer/PhotoAxisBuilds/fe52d68e5807/DerivedData/Build/Intermediates.noindex/PhotoAxis.build/Debug/PhotoAxisCore.build/PhotoAxisCore-all-target-headers.hmap
build-test	Model and geometry tests; Debug build	2026-10-03T07:16:00.3902820Z 
build-test	Model and geometry tests; Debug build	2026-10-03T07:16:00.3903610Z WriteAuxiliaryFile /Users/runner/Library/Developer/PhotoAxisBuilds/fe52d68e5807/DerivedData/Build/Intermediates.noindex/PhotoAxis.build/Debug/PhotoAxisCore.build/PhotoAxisCore-all-non-framework-target-headers.hmap (in target 'PhotoAxisCore' from project 'PhotoAxis')
build-test	Model and geometry tests; Debug build	2026-10-03T07:16:00.3904880Z     cd $REPO
build-test	Model and geometry tests; Debug build	2026-10-03T07:16:00.3905660Z     write-file /Users/runner/Library/Developer/PhotoAxisBuilds/fe52d68e5807/DerivedData/Build/Intermediates.noindex/PhotoAxis.build/Debug/PhotoAxisCore.build/PhotoAxisCore-all-non-framework-target-headers.hmap
build-test	Model and geometry tests; Debug build	2026-10-03T07:16:00.3906330Z 
build-test	Model and geometry tests; Debug build	2026-10-03T07:16:00.3907170Z WriteAuxiliaryFile /Users/runner/Library/Developer/PhotoAxisBuilds/fe52d68e5807/DerivedData/Build/Intermediates.noindex/PhotoAxis.build/Debug/PhotoAxisCore.build/Objects-normal/arm64/PhotoAxisCore_const_extract_protocols.json (in target 'PhotoAxisCore' from project 'PhotoAxis')
build-test	Model and geometry tests; Debug build	2026-10-03T07:16:00.3908110Z     cd $REPO
build-test	Model and geometry tests; Debug build	2026-10-03T07:16:00.3908890Z     write-file /Users/runner/Library/Developer/PhotoAxisBuilds/fe52d68e5807/DerivedData/Build/Intermediates.noindex/PhotoAxis.build/Debug/PhotoAxisCore.build/Objects-normal/arm64/PhotoAxisCore_const_extract_protocols.json
build-test	Model and geometry tests; Debug build	2026-10-03T07:16:00.3909890Z 
build-test	Model and geometry tests; Debug build	2026-10-03T07:16:00.3910650Z WriteAuxiliaryFile /Users/runner/Library/Developer/PhotoAxisBuilds/fe52d68e5807/DerivedData/Build/Intermediates.noindex/PhotoAxis.build/Debug/PhotoAxisCore.build/Objects-normal/arm64/PhotoAxisCore.SwiftFileList (in target 'PhotoAxisCore' from project 'PhotoAxis')
build-test	Model and geometry tests; Debug build	2026-10-03T07:16:00.3911650Z     cd $REPO
build-test	Model and geometry tests; Debug build	2026-10-03T07:16:00.3912670Z     write-file /Users/runner/Library/Developer/PhotoAxisBuilds/fe52d68e5807/DerivedData/Build/Intermediates.noindex/PhotoAxis.build/Debug/PhotoAxisCore.build/Objects-normal/arm64/PhotoAxisCore.SwiftFileList
build-test	Model and geometry tests; Debug build	2026-10-03T07:16:00.3913300Z 
build-test	Model and geometry tests; Debug build	2026-10-03T07:16:00.3914060Z WriteAuxiliaryFile /Users/runner/Library/Developer/PhotoAxisBuilds/fe52d68e5807/DerivedData/Build/Intermediates.noindex/PhotoAxis.build/Debug/PhotoAxisCore.build/Objects-normal/arm64/PhotoAxisCore.SwiftConstValuesFileList (in target 'PhotoAxisCore' from project 'PhotoAxis')
build-test	Model and geometry tests; Debug build	2026-10-03T07:16:00.3915230Z     cd $REPO
build-test	Model and geometry tests; Debug build	2026-10-03T07:16:00.3915990Z     write-file /Users/runner/Library/Developer/PhotoAxisBuilds/fe52d68e5807/DerivedData/Build/Intermediates.noindex/PhotoAxis.build/Debug/PhotoAxisCore.build/Objects-normal/arm64/PhotoAxisCore.SwiftConstValuesFileList
build-test	Model and geometry tests; Debug build	2026-10-03T07:16:00.3916720Z 
build-test	Model and geometry tests; Debug build	2026-10-03T07:16:00.3917500Z WriteAuxiliaryFile /Users/runner/Library/Developer/PhotoAxisBuilds/fe52d68e5807/DerivedData/Build/Intermediates.noindex/PhotoAxis.build/Debug/PhotoAxisCore.build/Objects-normal/arm64/PhotoAxisCore.LinkFileList (in target 'PhotoAxisCore' from project 'PhotoAxis')
build-test	Model and geometry tests; Debug build	2026-10-03T07:16:00.3918530Z     cd $REPO
build-test	Model and geometry tests; Debug build	2026-10-03T07:16:00.3919220Z     write-file /Users/runner/Library/Developer/PhotoAxisBuilds/fe52d68e5807/DerivedData/Build/Intermediates.noindex/PhotoAxis.build/Debug/PhotoAxisCore.build/Objects-normal/arm64/PhotoAxisCore.LinkFileList
build-test	Model and geometry tests; Debug build	2026-10-03T07:16:00.3919900Z 
build-test	Model and geometry tests; Debug build	2026-10-03T07:16:00.3920680Z WriteAuxiliaryFile /Users/runner/Library/Developer/PhotoAxisBuilds/fe52d68e5807/DerivedData/Build/Intermediates.noindex/PhotoAxis.build/Debug/PhotoAxisCore.build/Objects-normal/arm64/PhotoAxisCore-OutputFileMap.json (in target 'PhotoAxisCore' from project 'PhotoAxis')
build-test	Model and geometry tests; Debug build	2026-10-03T07:16:00.3921720Z     cd $REPO
build-test	Model and geometry tests; Debug build	2026-10-03T07:16:00.3922480Z     write-file /Users/runner/Library/Developer/PhotoAxisBuilds/fe52d68e5807/DerivedData/Build/Intermediates.noindex/PhotoAxis.build/Debug/PhotoAxisCore.build/Objects-normal/arm64/PhotoAxisCore-OutputFileMap.json
build-test	Model and geometry tests; Debug build	2026-10-03T07:16:00.3923220Z 
build-test	Model and geometry tests; Debug build	2026-10-03T07:16:00.3924240Z Copy /Users/runner/Library/Developer/PhotoAxisBuilds/fe52d68e5807/DerivedData/Build/Products/Debug/PhotoAxisCore.framework/Versions/A/Modules/module.modulemap /Users/runner/Library/Developer/PhotoAxisBuilds/fe52d68e5807/DerivedData/Build/Intermediates.noindex/PhotoAxis.build/Debug/PhotoAxisCore.build/module.modulemap (in target 'PhotoAxisCore' from project 'PhotoAxis')
build-test	Model and geometry tests; Debug build	2026-10-03T07:16:00.3925920Z     cd $REPO
build-test	Model and geometry tests; Debug build	2026-10-03T07:16:00.3927730Z     builtin-copy -exclude .DS_Store -exclude CVS -exclude .svn -exclude .git -exclude .hg -strip-unsigned-binaries -strip-deterministic -strip-tool /Applications/Xcode_16.4.app/Contents/Developer/Toolchains/XcodeDefault.xctoolchain/usr/bin/strip -resolve-src-symlinks /Users/runner/Library/Developer/PhotoAxisBuilds/fe52d68e5807/DerivedData/Build/Intermediates.noindex/PhotoAxis.build/Debug/PhotoAxisCore.build/module.modulemap /Users/runner/Library/Developer/PhotoAxisBuilds/fe52d68e5807/DerivedData/Build/Products/Debug/PhotoAxisCore.framework/Versions/A/Modules
build-test	Model and geometry tests; Debug build	2026-10-03T07:16:00.3929410Z 
build-test	Model and geometry tests; Debug build	2026-10-03T07:16:00.3930180Z WriteAuxiliaryFile /Users/runner/Library/Developer/PhotoAxisBuilds/fe52d68e5807/DerivedData/Build/Intermediates.noindex/PhotoAxis.build/Debug/PhotoAxisAppTests.build/empty-PhotoAxisAppTests.plist (in target 'PhotoAxisAppTests' from project 'PhotoAxis')
build-test	Model and geometry tests; Debug build	2026-10-03T07:16:00.3931190Z     cd $REPO
build-test	Model and geometry tests; Debug build	2026-10-03T07:16:00.3932020Z     write-file /Users/runner/Library/Developer/PhotoAxisBuilds/fe52d68e5807/DerivedData/Build/Intermediates.noindex/PhotoAxis.build/Debug/PhotoAxisAppTests.build/empty-PhotoAxisAppTests.plist
build-test	Model and geometry tests; Debug build	2026-10-03T07:16:00.3932760Z 
build-test	Model and geometry tests; Debug build	2026-10-03T07:16:00.3933430Z WriteAuxiliaryFile /Users/runner/Library/Developer/PhotoAxisBuilds/fe52d68e5807/DerivedData/Build/Intermediates.noindex/PhotoAxis.build/Debug/PhotoAxisAppTests.build/PhotoAxisAppTests.hmap (in target 'PhotoAxisAppTests' from project 'PhotoAxis')
build-test	Model and geometry tests; Debug build	2026-10-03T07:16:00.3934450Z     cd $REPO
build-test	Model and geometry tests; Debug build	2026-10-03T07:16:00.3935190Z     write-file /Users/runner/Library/Developer/PhotoAxisBuilds/fe52d68e5807/DerivedData/Build/Intermediates.noindex/PhotoAxis.build/Debug/PhotoAxisAppTests.build/PhotoAxisAppTests.hmap
build-test	Model and geometry tests; Debug build	2026-10-03T07:16:00.3936010Z 
build-test	Model and geometry tests; Debug build	2026-10-03T07:16:00.3936770Z WriteAuxiliaryFile /Users/runner/Library/Developer/PhotoAxisBuilds/fe52d68e5807/DerivedData/Build/Intermediates.noindex/PhotoAxis.build/Debug/PhotoAxisAppTests.build/PhotoAxisAppTests.DependencyStaticMetadataFileList (in target 'PhotoAxisAppTests' from project 'PhotoAxis')
build-test	Model and geometry tests; Debug build	2026-10-03T07:16:00.3938020Z     cd $REPO
build-test	Model and geometry tests; Debug build	2026-10-03T07:16:00.3938880Z     write-file /Users/runner/Library/Developer/PhotoAxisBuilds/fe52d68e5807/DerivedData/Build/Intermediates.noindex/PhotoAxis.build/Debug/PhotoAxisAppTests.build/PhotoAxisAppTests.DependencyStaticMetadataFileList
build-test	Model and geometry tests; Debug build	2026-10-03T07:16:00.3939610Z 
build-test	Model and geometry tests; Debug build	2026-10-03T07:16:00.3940350Z WriteAuxiliaryFile /Users/runner/Library/Developer/PhotoAxisBuilds/fe52d68e5807/DerivedData/Build/Intermediates.noindex/PhotoAxis.build/Debug/PhotoAxisAppTests.build/PhotoAxisAppTests.DependencyMetadataFileList (in target 'PhotoAxisAppTests' from project 'PhotoAxis')
build-test	Model and geometry tests; Debug build	2026-10-03T07:16:00.3941310Z     cd $REPO
build-test	Model and geometry tests; Debug build	2026-10-03T07:16:00.3942020Z     write-file /Users/runner/Library/Developer/PhotoAxisBuilds/fe52d68e5807/DerivedData/Build/Intermediates.noindex/PhotoAxis.build/Debug/PhotoAxisAppTests.build/PhotoAxisAppTests.DependencyMetadataFileList
build-test	Model and geometry tests; Debug build	2026-10-03T07:16:00.3942740Z 
build-test	Model and geometry tests; Debug build	2026-10-03T07:16:00.3943710Z WriteAuxiliaryFile /Users/runner/Library/Developer/PhotoAxisBuilds/fe52d68e5807/DerivedData/Build/Intermediates.noindex/PhotoAxis.build/Debug/PhotoAxisAppTests.build/PhotoAxisAppTests-project-headers.hmap (in target 'PhotoAxisAppTests' from project 'PhotoAxis')
build-test	Model and geometry tests; Debug build	2026-10-03T07:16:00.3944990Z     cd $REPO
build-test	Model and geometry tests; Debug build	2026-10-03T07:16:00.3945670Z     write-file /Users/runner/Library/Developer/PhotoAxisBuilds/fe52d68e5807/DerivedData/Build/Intermediates.noindex/PhotoAxis.build/Debug/PhotoAxisAppTests.build/PhotoAxisAppTests-project-headers.hmap
build-test	Model and geometry tests; Debug build	2026-10-03T07:16:00.3946380Z 
build-test	Model and geometry tests; Debug build	2026-10-03T07:16:00.3947180Z WriteAuxiliaryFile /Users/runner/Library/Developer/PhotoAxisBuilds/fe52d68e5807/DerivedData/Build/Intermediates.noindex/PhotoAxis.build/Debug/PhotoAxisAppTests.build/PhotoAxisAppTests-own-target-headers.hmap (in target 'PhotoAxisAppTests' from project 'PhotoAxis')
build-test	Model and geometry tests; Debug build	2026-10-03T07:16:00.3948570Z     cd $REPO
build-test	Model and geometry tests; Debug build	2026-10-03T07:16:00.3949280Z     write-file /Users/runner/Library/Developer/PhotoAxisBuilds/fe52d68e5807/DerivedData/Build/Intermediates.noindex/PhotoAxis.build/Debug/PhotoAxisAppTests.build/PhotoAxisAppTests-own-target-headers.hmap
build-test	Model and geometry tests; Debug build	2026-10-03T07:16:00.3950200Z 
build-test	Model and geometry tests; Debug build	2026-10-03T07:16:00.3950990Z WriteAuxiliaryFile /Users/runner/Library/Developer/PhotoAxisBuilds/fe52d68e5807/DerivedData/Build/Intermediates.noindex/PhotoAxis.build/Debug/PhotoAxisAppTests.build/PhotoAxisAppTests-generated-files.hmap (in target 'PhotoAxisAppTests' from project 'PhotoAxis')
build-test	Model and geometry tests; Debug build	2026-10-03T07:16:00.3952010Z     cd $REPO
build-test	Model and geometry tests; Debug build	2026-10-03T07:16:00.3952890Z     write-file /Users/runner/Library/Developer/PhotoAxisBuilds/fe52d68e5807/DerivedData/Build/Intermediates.noindex/PhotoAxis.build/Debug/PhotoAxisAppTests.build/PhotoAxisAppTests-generated-files.hmap
build-test	Model and geometry tests; Debug build	2026-10-03T07:16:00.3953750Z 
build-test	Model and geometry tests; Debug build	2026-10-03T07:16:00.3954580Z WriteAuxiliaryFile /Users/runner/Library/Developer/PhotoAxisBuilds/fe52d68e5807/DerivedData/Build/Intermediates.noindex/PhotoAxis.build/Debug/PhotoAxisAppTests.build/PhotoAxisAppTests-all-target-headers.hmap (in target 'PhotoAxisAppTests' from project 'PhotoAxis')
build-test	Model and geometry tests; Debug build	2026-10-03T07:16:00.3955680Z     cd $REPO
build-test	Model and geometry tests; Debug build	2026-10-03T07:16:00.3956460Z     write-file /Users/runner/Library/Developer/PhotoAxisBuilds/fe52d68e5807/DerivedData/Build/Intermediates.noindex/PhotoAxis.build/Debug/PhotoAxisAppTests.build/PhotoAxisAppTests-all-target-headers.hmap
build-test	Model and geometry tests; Debug build	2026-10-03T07:16:00.3957230Z 
build-test	Model and geometry tests; Debug build	2026-10-03T07:16:00.3958360Z WriteAuxiliaryFile /Users/runner/Library/Developer/PhotoAxisBuilds/fe52d68e5807/DerivedData/Build/Intermediates.noindex/PhotoAxis.build/Debug/PhotoAxisAppTests.build/PhotoAxisAppTests-all-non-framework-target-headers.hmap (in target 'PhotoAxisAppTests' from project 'PhotoAxis')
build-test	Model and geometry tests; Debug build	2026-10-03T07:16:00.3959460Z     cd $REPO
build-test	Model and geometry tests; Debug build	2026-10-03T07:16:00.3960210Z     write-file /Users/runner/Library/Developer/PhotoAxisBuilds/fe52d68e5807/DerivedData/Build/Intermediates.noindex/PhotoAxis.build/Debug/PhotoAxisAppTests.build/PhotoAxisAppTests-all-non-framework-target-headers.hmap
build-test	Model and geometry tests; Debug build	2026-10-03T07:16:00.3961240Z 
build-test	Model and geometry tests; Debug build	2026-10-03T07:16:00.3962220Z WriteAuxiliaryFile /Users/runner/Library/Developer/PhotoAxisBuilds/fe52d68e5807/DerivedData/Build/Intermediates.noindex/PhotoAxis.build/Debug/PhotoAxisAppTests.build/Objects-normal/arm64/PhotoAxisAppTests_const_extract_protocols.json (in target 'PhotoAxisAppTests' from project 'PhotoAxis')
build-test	Model and geometry tests; Debug build	2026-10-03T07:16:00.3963210Z     cd $REPO
build-test	Model and geometry tests; Debug build	2026-10-03T07:16:00.3964190Z     write-file /Users/runner/Library/Developer/PhotoAxisBuilds/fe52d68e5807/DerivedData/Build/Intermediates.noindex/PhotoAxis.build/Debug/PhotoAxisAppTests.build/Objects-normal/arm64/PhotoAxisAppTests_const_extract_protocols.json
build-test	Model and geometry tests; Debug build	2026-10-03T07:16:00.3965040Z 
build-test	Model and geometry tests; Debug build	2026-10-03T07:16:00.3965970Z WriteAuxiliaryFile /Users/runner/Library/Developer/PhotoAxisBuilds/fe52d68e5807/DerivedData/Build/Intermediates.noindex/PhotoAxis.build/Debug/PhotoAxisAppTests.build/Objects-normal/arm64/PhotoAxisAppTests.SwiftFileList (in target 'PhotoAxisAppTests' from project 'PhotoAxis')
build-test	Model and geometry tests; Debug build	2026-10-03T07:16:00.3967080Z     cd $REPO
build-test	Model and geometry tests; Debug build	2026-10-03T07:16:00.3967960Z     write-file /Users/runner/Library/Developer/PhotoAxisBuilds/fe52d68e5807/DerivedData/Build/Intermediates.noindex/PhotoAxis.build/Debug/PhotoAxisAppTests.build/Objects-normal/arm64/PhotoAxisAppTests.SwiftFileList
build-test	Model and geometry tests; Debug build	2026-10-03T07:16:00.3968730Z 
build-test	Model and geometry tests; Debug build	2026-10-03T07:16:00.3969600Z WriteAuxiliaryFile /Users/runner/Library/Developer/PhotoAxisBuilds/fe52d68e5807/DerivedData/Build/Intermediates.noindex/PhotoAxis.build/Debug/PhotoAxisAppTests.build/Objects-normal/arm64/PhotoAxisAppTests.SwiftConstValuesFileList (in target 'PhotoAxisAppTests' from project 'PhotoAxis')
build-test	Model and geometry tests; Debug build	2026-10-03T07:16:00.3970780Z     cd $REPO
build-test	Model and geometry tests; Debug build	2026-10-03T07:16:00.3971760Z     write-file /Users/runner/Library/Developer/PhotoAxisBuilds/fe52d68e5807/DerivedData/Build/Intermediates.noindex/PhotoAxis.build/Debug/PhotoAxisAppTests.build/Objects-normal/arm64/PhotoAxisAppTests.SwiftConstValuesFileList
build-test	Model and geometry tests; Debug build	2026-10-03T07:16:00.3972640Z 
build-test	Model and geometry tests; Debug build	2026-10-03T07:16:00.3973390Z WriteAuxiliaryFile /Users/runner/Library/Developer/PhotoAxisBuilds/fe52d68e5807/DerivedData/Build/Intermediates.noindex/PhotoAxis.build/Debug/PhotoAxisAppTests.build/Objects-normal/arm64/PhotoAxisAppTests.LinkFileList (in target 'PhotoAxisAppTests' from project 'PhotoAxis')
build-test	Model and geometry tests; Debug build	2026-10-03T07:16:00.3974290Z     cd $REPO
build-test	Model and geometry tests; Debug build	2026-10-03T07:16:00.3975080Z     write-file /Users/runner/Library/Developer/PhotoAxisBuilds/fe52d68e5807/DerivedData/Build/Intermediates.noindex/PhotoAxis.build/Debug/PhotoAxisAppTests.build/Objects-normal/arm64/PhotoAxisAppTests.LinkFileList
build-test	Model and geometry tests; Debug build	2026-10-03T07:16:00.3975720Z 
build-test	Model and geometry tests; Debug build	2026-10-03T07:16:00.3976510Z WriteAuxiliaryFile /Users/runner/Library/Developer/PhotoAxisBuilds/fe52d68e5807/DerivedData/Build/Intermediates.noindex/PhotoAxis.build/Debug/PhotoAxisAppTests.build/Objects-normal/arm64/PhotoAxisAppTests-OutputFileMap.json (in target 'PhotoAxisAppTests' from project 'PhotoAxis')
build-test	Model and geometry tests; Debug build	2026-10-03T07:16:00.3977630Z     cd $REPO
build-test	Model and geometry tests; Debug build	2026-10-03T07:16:00.3978490Z     write-file /Users/runner/Library/Developer/PhotoAxisBuilds/fe52d68e5807/DerivedData/Build/Intermediates.noindex/PhotoAxis.build/Debug/PhotoAxisAppTests.build/Objects-normal/arm64/PhotoAxisAppTests-OutputFileMap.json
build-test	Model and geometry tests; Debug build	2026-10-03T07:16:00.3979280Z 
build-test	Model and geometry tests; Debug build	2026-10-03T07:16:00.3980400Z WriteAuxiliaryFile /Users/runner/Library/Developer/PhotoAxisBuilds/fe52d68e5807/DerivedData/Build/Intermediates.noindex/PhotoAxis.build/Debug/PhotoAxis.build/adc24781606f5dc0aad47b81368ab899.sb (in target 'PhotoAxis' from project 'PhotoAxis')
build-test	Model and geometry tests; Debug build	2026-10-03T07:16:00.3981430Z     cd $REPO
build-test	Model and geometry tests; Debug build	2026-10-03T07:16:00.3982170Z     write-file /Users/runner/Library/Developer/PhotoAxisBuilds/fe52d68e5807/DerivedData/Build/Intermediates.noindex/PhotoAxis.build/Debug/PhotoAxis.build/adc24781606f5dc0aad47b81368ab899.sb
build-test	Model and geometry tests; Debug build	2026-10-03T07:16:00.3983210Z 
build-test	Model and geometry tests; Debug build	2026-10-03T07:16:00.3983960Z WriteAuxiliaryFile /Users/runner/Library/Developer/PhotoAxisBuilds/fe52d68e5807/DerivedData/Build/Intermediates.noindex/PhotoAxis.build/Debug/PhotoAxis.build/Script-51503C2492BDF84DA711D67B.sh (in target 'PhotoAxis' from project 'PhotoAxis')
build-test	Model and geometry tests; Debug build	2026-10-03T07:16:00.3984840Z     cd $REPO
build-test	Model and geometry tests; Debug build	2026-10-03T07:16:00.3985510Z     write-file /Users/runner/Library/Developer/PhotoAxisBuilds/fe52d68e5807/DerivedData/Build/Intermediates.noindex/PhotoAxis.build/Debug/PhotoAxis.build/Script-51503C2492BDF84DA711D67B.sh
build-test	Model and geometry tests; Debug build	2026-10-03T07:16:00.3986070Z 
build-test	Model and geometry tests; Debug build	2026-10-03T07:16:00.3986670Z WriteAuxiliaryFile /Users/runner/Library/Developer/PhotoAxisBuilds/fe52d68e5807/DerivedData/Build/Intermediates.noindex/PhotoAxis.build/Debug/PhotoAxis.build/PhotoAxis.hmap (in target 'PhotoAxis' from project 'PhotoAxis')
build-test	Model and geometry tests; Debug build	2026-10-03T07:16:00.3987570Z     cd $REPO
build-test	Model and geometry tests; Debug build	2026-10-03T07:16:00.3988210Z     write-file /Users/runner/Library/Developer/PhotoAxisBuilds/fe52d68e5807/DerivedData/Build/Intermediates.noindex/PhotoAxis.build/Debug/PhotoAxis.build/PhotoAxis.hmap
build-test	Model and geometry tests; Debug build	2026-10-03T07:16:00.3988720Z 
build-test	Model and geometry tests; Debug build	2026-10-03T07:16:00.3989750Z WriteAuxiliaryFile /Users/runner/Library/Developer/PhotoAxisBuilds/fe52d68e5807/DerivedData/Build/Intermediates.noindex/PhotoAxis.build/Debug/PhotoAxis.build/PhotoAxis.DependencyStaticMetadataFileList (in target 'PhotoAxis' from project 'PhotoAxis')
build-test	Model and geometry tests; Debug build	2026-10-03T07:16:00.3990860Z     cd $REPO
build-test	Model and geometry tests; Debug build	2026-10-03T07:16:00.3991750Z     write-file /Users/runner/Library/Developer/PhotoAxisBuilds/fe52d68e5807/DerivedData/Build/Intermediates.noindex/PhotoAxis.build/Debug/PhotoAxis.build/PhotoAxis.DependencyStaticMetadataFileList
build-test	Model and geometry tests; Debug build	2026-10-03T07:16:00.3992380Z 
build-test	Model and geometry tests; Debug build	2026-10-03T07:16:00.3993100Z WriteAuxiliaryFile /Users/runner/Library/Developer/PhotoAxisBuilds/fe52d68e5807/DerivedData/Build/Intermediates.noindex/PhotoAxis.build/Debug/PhotoAxis.build/PhotoAxis.DependencyMetadataFileList (in target 'PhotoAxis' from project 'PhotoAxis')
build-test	Model and geometry tests; Debug build	2026-10-03T07:16:00.3994280Z     cd $REPO
build-test	Model and geometry tests; Debug build	2026-10-03T07:16:00.3994940Z     write-file /Users/runner/Library/Developer/PhotoAxisBuilds/fe52d68e5807/DerivedData/Build/Intermediates.noindex/PhotoAxis.build/Debug/PhotoAxis.build/PhotoAxis.DependencyMetadataFileList
build-test	Model and geometry tests; Debug build	2026-10-03T07:16:00.3995640Z 
build-test	Model and geometry tests; Debug build	2026-10-03T07:16:00.3996320Z WriteAuxiliaryFile /Users/runner/Library/Developer/PhotoAxisBuilds/fe52d68e5807/DerivedData/Build/Intermediates.noindex/PhotoAxis.build/Debug/PhotoAxis.build/PhotoAxis-project-headers.hmap (in target 'PhotoAxis' from project 'PhotoAxis')
build-test	Model and geometry tests; Debug build	2026-10-03T07:16:00.3997320Z     cd $REPO
build-test	Model and geometry tests; Debug build	2026-10-03T07:16:00.3998090Z     write-file /Users/runner/Library/Developer/PhotoAxisBuilds/fe52d68e5807/DerivedData/Build/Intermediates.noindex/PhotoAxis.build/Debug/PhotoAxis.build/PhotoAxis-project-headers.hmap
build-test	Model and geometry tests; Debug build	2026-10-03T07:16:00.3998700Z 
build-test	Model and geometry tests; Debug build	2026-10-03T07:16:00.3999510Z WriteAuxiliaryFile /Users/runner/Library/Developer/PhotoAxisBuilds/fe52d68e5807/DerivedData/Build/Intermediates.noindex/PhotoAxis.build/Debug/PhotoAxis.build/PhotoAxis-own-target-headers.hmap (in target 'PhotoAxis' from project 'PhotoAxis')
build-test	Model and geometry tests; Debug build	2026-10-03T07:16:00.4000420Z     cd $REPO
build-test	Model and geometry tests; Debug build	2026-10-03T07:16:00.4001140Z     write-file /Users/runner/Library/Developer/PhotoAxisBuilds/fe52d68e5807/DerivedData/Build/Intermediates.noindex/PhotoAxis.build/Debug/PhotoAxis.build/PhotoAxis-own-target-headers.hmap
build-test	Model and geometry tests; Debug build	2026-10-03T07:16:00.4001790Z 
build-test	Model and geometry tests; Debug build	2026-10-03T07:16:00.4002460Z WriteAuxiliaryFile /Users/runner/Library/Developer/PhotoAxisBuilds/fe52d68e5807/DerivedData/Build/Intermediates.noindex/PhotoAxis.build/Debug/PhotoAxis.build/PhotoAxis-generated-files.hmap (in target 'PhotoAxis' from project 'PhotoAxis')
build-test	Model and geometry tests; Debug build	2026-10-03T07:16:00.4003310Z     cd $REPO
build-test	Model and geometry tests; Debug build	2026-10-03T07:16:00.4004280Z     write-file /Users/runner/Library/Developer/PhotoAxisBuilds/fe52d68e5807/DerivedData/Build/Intermediates.noindex/PhotoAxis.build/Debug/PhotoAxis.build/PhotoAxis-generated-files.hmap
build-test	Model and geometry tests; Debug build	2026-10-03T07:16:00.4005100Z 
build-test	Model and geometry tests; Debug build	2026-10-03T07:16:00.4005760Z WriteAuxiliaryFile /Users/runner/Library/Developer/PhotoAxisBuilds/fe52d68e5807/DerivedData/Build/Intermediates.noindex/PhotoAxis.build/Debug/PhotoAxis.build/PhotoAxis-all-target-headers.hmap (in target 'PhotoAxis' from project 'PhotoAxis')
build-test	Model and geometry tests; Debug build	2026-10-03T07:16:00.4007670Z     cd $REPO
build-test	Model and geometry tests; Debug build	2026-10-03T07:16:00.4008340Z     write-file /Users/runner/Library/Developer/PhotoAxisBuilds/fe52d68e5807/DerivedData/Build/Intermediates.noindex/PhotoAxis.build/Debug/PhotoAxis.build/PhotoAxis-all-target-headers.hmap
build-test	Model and geometry tests; Debug build	2026-10-03T07:16:00.4008920Z 
build-test	Model and geometry tests; Debug build	2026-10-03T07:16:00.4009620Z WriteAuxiliaryFile /Users/runner/Library/Developer/PhotoAxisBuilds/fe52d68e5807/DerivedData/Build/Intermediates.noindex/PhotoAxis.build/Debug/PhotoAxis.build/PhotoAxis-all-non-framework-target-headers.hmap (in target 'PhotoAxis' from project 'PhotoAxis')
build-test	Model and geometry tests; Debug build	2026-10-03T07:16:00.4010520Z     cd $REPO
build-test	Model and geometry tests; Debug build	2026-10-03T07:16:00.4011250Z     write-file /Users/runner/Library/Developer/PhotoAxisBuilds/fe52d68e5807/DerivedData/Build/Intermediates.noindex/PhotoAxis.build/Debug/PhotoAxis.build/PhotoAxis-all-non-framework-target-headers.hmap
build-test	Model and geometry tests; Debug build	2026-10-03T07:16:00.4011900Z 
build-test	Model and geometry tests; Debug build	2026-10-03T07:16:00.4012690Z WriteAuxiliaryFile /Users/runner/Library/Developer/PhotoAxisBuilds/fe52d68e5807/DerivedData/Build/Intermediates.noindex/PhotoAxis.build/Debug/PhotoAxis.build/PhotoAxis-DebugDylibPath-normal-arm64.txt (in target 'PhotoAxis' from project 'PhotoAxis')
build-test	Model and geometry tests; Debug build	2026-10-03T07:16:00.4013910Z     cd $REPO
build-test	Model and geometry tests; Debug build	2026-10-03T07:16:00.4014620Z     write-file /Users/runner/Library/Developer/PhotoAxisBuilds/fe52d68e5807/DerivedData/Build/Intermediates.noindex/PhotoAxis.build/Debug/PhotoAxis.build/PhotoAxis-DebugDylibPath-normal-arm64.txt
build-test	Model and geometry tests; Debug build	2026-10-03T07:16:00.4015300Z 
build-test	Model and geometry tests; Debug build	2026-10-03T07:16:00.4016060Z WriteAuxiliaryFile /Users/runner/Library/Developer/PhotoAxisBuilds/fe52d68e5807/DerivedData/Build/Intermediates.noindex/PhotoAxis.build/Debug/PhotoAxis.build/PhotoAxis-DebugDylibInstallName-normal-arm64.txt (in target 'PhotoAxis' from project 'PhotoAxis')
build-test	Model and geometry tests; Debug build	2026-10-03T07:16:00.4017510Z     cd $REPO
build-test	Model and geometry tests; Debug build	2026-10-03T07:16:00.4018560Z     write-file /Users/runner/Library/Developer/PhotoAxisBuilds/fe52d68e5807/DerivedData/Build/Intermediates.noindex/PhotoAxis.build/Debug/PhotoAxis.build/PhotoAxis-DebugDylibInstallName-normal-arm64.txt
build-test	Model and geometry tests; Debug build	2026-10-03T07:16:00.4019240Z 
build-test	Model and geometry tests; Debug build	2026-10-03T07:16:00.4020030Z WriteAuxiliaryFile /Users/runner/Library/Developer/PhotoAxisBuilds/fe52d68e5807/DerivedData/Build/Intermediates.noindex/PhotoAxis.build/Debug/PhotoAxis.build/Objects-normal/arm64/PhotoAxis_const_extract_protocols.json (in target 'PhotoAxis' from project 'PhotoAxis')
build-test	Model and geometry tests; Debug build	2026-10-03T07:16:00.4021020Z     cd $REPO
build-test	Model and geometry tests; Debug build	2026-10-03T07:16:00.4022010Z     write-file /Users/runner/Library/Developer/PhotoAxisBuilds/fe52d68e5807/DerivedData/Build/Intermediates.noindex/PhotoAxis.build/Debug/PhotoAxis.build/Objects-normal/arm64/PhotoAxis_const_extract_protocols.json
build-test	Model and geometry tests; Debug build	2026-10-03T07:16:00.4022670Z 
build-test	Model and geometry tests; Debug build	2026-10-03T07:16:00.4023340Z WriteAuxiliaryFile /Users/runner/Library/Developer/PhotoAxisBuilds/fe52d68e5807/DerivedData/Build/Intermediates.noindex/PhotoAxis.build/Debug/PhotoAxis.build/Objects-normal/arm64/PhotoAxis.SwiftFileList (in target 'PhotoAxis' from project 'PhotoAxis')
build-test	Model and geometry tests; Debug build	2026-10-03T07:16:00.4024190Z     cd $REPO
build-test	Model and geometry tests; Debug build	2026-10-03T07:16:00.4024940Z     write-file /Users/runner/Library/Developer/PhotoAxisBuilds/fe52d68e5807/DerivedData/Build/Intermediates.noindex/PhotoAxis.build/Debug/PhotoAxis.build/Objects-normal/arm64/PhotoAxis.SwiftFileList
build-test	Model and geometry tests; Debug build	2026-10-03T07:16:00.4025890Z 
build-test	Model and geometry tests; Debug build	2026-10-03T07:16:00.4026630Z WriteAuxiliaryFile /Users/runner/Library/Developer/PhotoAxisBuilds/fe52d68e5807/DerivedData/Build/Intermediates.noindex/PhotoAxis.build/Debug/PhotoAxis.build/Objects-normal/arm64/PhotoAxis.SwiftConstValuesFileList (in target 'PhotoAxis' from project 'PhotoAxis')
build-test	Model and geometry tests; Debug build	2026-10-03T07:16:00.4027740Z     cd $REPO
build-test	Model and geometry tests; Debug build	2026-10-03T07:16:00.4028840Z     write-file /Users/runner/Library/Developer/PhotoAxisBuilds/fe52d68e5807/DerivedData/Build/Intermediates.noindex/PhotoAxis.build/Debug/PhotoAxis.build/Objects-normal/arm64/PhotoAxis.SwiftConstValuesFileList
build-test	Model and geometry tests; Debug build	2026-10-03T07:16:00.4029470Z 
build-test	Model and geometry tests; Debug build	2026-10-03T07:16:00.4030150Z WriteAuxiliaryFile /Users/runner/Library/Developer/PhotoAxisBuilds/fe52d68e5807/DerivedData/Build/Intermediates.noindex/PhotoAxis.build/Debug/PhotoAxis.build/Objects-normal/arm64/PhotoAxis.LinkFileList (in target 'PhotoAxis' from project 'PhotoAxis')
build-test	Model and geometry tests; Debug build	2026-10-03T07:16:00.4031090Z     cd $REPO
build-test	Model and geometry tests; Debug build	2026-10-03T07:16:00.4031870Z     write-file /Users/runner/Library/Developer/PhotoAxisBuilds/fe52d68e5807/DerivedData/Build/Intermediates.noindex/PhotoAxis.build/Debug/PhotoAxis.build/Objects-normal/arm64/PhotoAxis.LinkFileList
build-test	Model and geometry tests; Debug build	2026-10-03T07:16:00.4032570Z 
build-test	Model and geometry tests; Debug build	2026-10-03T07:16:00.4033300Z WriteAuxiliaryFile /Users/runner/Library/Developer/PhotoAxisBuilds/fe52d68e5807/DerivedData/Build/Intermediates.noindex/PhotoAxis.build/Debug/PhotoAxis.build/Objects-normal/arm64/PhotoAxis-OutputFileMap.json (in target 'PhotoAxis' from project 'PhotoAxis')
build-test	Model and geometry tests; Debug build	2026-10-03T07:16:00.4034310Z     cd $REPO
build-test	Model and geometry tests; Debug build	2026-10-03T07:16:00.4034990Z     write-file /Users/runner/Library/Developer/PhotoAxisBuilds/fe52d68e5807/DerivedData/Build/Intermediates.noindex/PhotoAxis.build/Debug/PhotoAxis.build/Objects-normal/arm64/PhotoAxis-OutputFileMap.json
build-test	Model and geometry tests; Debug build	2026-10-03T07:16:00.4035640Z 
build-test	Model and geometry tests; Debug build	2026-10-03T07:16:00.4036370Z WriteAuxiliaryFile /Users/runner/Library/Developer/PhotoAxisBuilds/fe52d68e5807/DerivedData/Build/Intermediates.noindex/PhotoAxis.build/Debug/PhotoAxis.build/DerivedSources/Entitlements.plist (in target 'PhotoAxis' from project 'PhotoAxis')
build-test	Model and geometry tests; Debug build	2026-10-03T07:16:00.4037290Z     cd $REPO
build-test	Model and geometry tests; Debug build	2026-10-03T07:16:00.4037940Z     write-file /Users/runner/Library/Developer/PhotoAxisBuilds/fe52d68e5807/DerivedData/Build/Intermediates.noindex/PhotoAxis.build/Debug/PhotoAxis.build/DerivedSources/Entitlements.plist
build-test	Model and geometry tests; Debug build	2026-10-03T07:16:00.4038700Z 
build-test	Model and geometry tests; Debug build	2026-10-03T07:16:00.4039230Z MkDir /Users/runner/Library/Developer/PhotoAxisBuilds/fe52d68e5807/DerivedData/Build/Products/Debug/PhotoAxisCoreTests.xctest/Contents/MacOS (in target 'PhotoAxisCoreTests' from project 'PhotoAxis')
build-test	Model and geometry tests; Debug build	2026-10-03T07:16:00.4039990Z     cd $REPO
build-test	Model and geometry tests; Debug build	2026-10-03T07:16:00.4040540Z     /bin/mkdir -p /Users/runner/Library/Developer/PhotoAxisBuilds/fe52d68e5807/DerivedData/Build/Products/Debug/PhotoAxisCoreTests.xctest/Contents/MacOS
build-test	Model and geometry tests; Debug build	2026-10-03T07:16:00.4041110Z 
build-test	Model and geometry tests; Debug build	2026-10-03T07:16:00.4041710Z MkDir /Users/runner/Library/Developer/PhotoAxisBuilds/fe52d68e5807/DerivedData/Build/Products/Debug/PhotoAxisCoreTests.xctest/Contents (in target 'PhotoAxisCoreTests' from project 'PhotoAxis')
build-test	Model and geometry tests; Debug build	2026-10-03T07:16:00.4042360Z     cd $REPO
build-test	Model and geometry tests; Debug build	2026-10-03T07:16:00.4042970Z     /bin/mkdir -p /Users/runner/Library/Developer/PhotoAxisBuilds/fe52d68e5807/DerivedData/Build/Products/Debug/PhotoAxisCoreTests.xctest/Contents
build-test	Model and geometry tests; Debug build	2026-10-03T07:16:00.4043420Z 
build-test	Model and geometry tests; Debug build	2026-10-03T07:16:00.4043900Z MkDir /Users/runner/Library/Developer/PhotoAxisBuilds/fe52d68e5807/DerivedData/Build/Products/Debug/PhotoAxisCoreTests.xctest (in target 'PhotoAxisCoreTests' from project 'PhotoAxis')
build-test	Model and geometry tests; Debug build	2026-10-03T07:16:00.4044620Z     cd $REPO
build-test	Model and geometry tests; Debug build	2026-10-03T07:16:00.4045110Z     /bin/mkdir -p /Users/runner/Library/Developer/PhotoAxisBuilds/fe52d68e5807/DerivedData/Build/Products/Debug/PhotoAxisCoreTests.xctest
build-test	Model and geometry tests; Debug build	2026-10-03T07:16:00.4045520Z 
build-test	Model and geometry tests; Debug build	2026-10-03T07:16:00.4046030Z SymLink /Users/runner/Library/Developer/PhotoAxisBuilds/fe52d68e5807/DerivedData/Build/Products/Debug/PhotoAxisCore.framework/Versions/Current A (in target 'PhotoAxisCore' from project 'PhotoAxis')
build-test	Model and geometry tests; Debug build	2026-10-03T07:16:00.4046710Z     cd $REPO
build-test	Model and geometry tests; Debug build	2026-10-03T07:16:00.4047350Z     /bin/ln -sfh A /Users/runner/Library/Developer/PhotoAxisBuilds/fe52d68e5807/DerivedData/Build/Products/Debug/PhotoAxisCore.framework/Versions/Current
build-test	Model and geometry tests; Debug build	2026-10-03T07:16:00.4048030Z 
build-test	Model and geometry tests; Debug build	2026-10-03T07:16:00.4048620Z SymLink /Users/runner/Library/Developer/PhotoAxisBuilds/fe52d68e5807/DerivedData/Build/Products/Debug/PhotoAxisCore.framework/Resources Versions/Current/Resources (in target 'PhotoAxisCore' from project 'PhotoAxis')
build-test	Model and geometry tests; Debug build	2026-10-03T07:16:00.4049460Z     cd $REPO
build-test	Model and geometry tests; Debug build	2026-10-03T07:16:00.4050200Z     /bin/ln -sfh Versions/Current/Resources /Users/runner/Library/Developer/PhotoAxisBuilds/fe52d68e5807/DerivedData/Build/Products/Debug/PhotoAxisCore.framework/Resources
build-test	Model and geometry tests; Debug build	2026-10-03T07:16:00.4050820Z 
build-test	Model and geometry tests; Debug build	2026-10-03T07:16:00.4051460Z SymLink /Users/runner/Library/Developer/PhotoAxisBuilds/fe52d68e5807/DerivedData/Build/Products/Debug/PhotoAxisCore.framework/PhotoAxisCore Versions/Current/PhotoAxisCore (in target 'PhotoAxisCore' from project 'PhotoAxis')
build-test	Model and geometry tests; Debug build	2026-10-03T07:16:00.4052220Z     cd $REPO
build-test	Model and geometry tests; Debug build	2026-10-03T07:16:00.4052920Z     /bin/ln -sfh Versions/Current/PhotoAxisCore /Users/runner/Library/Developer/PhotoAxisBuilds/fe52d68e5807/DerivedData/Build/Products/Debug/PhotoAxisCore.framework/PhotoAxisCore
build-test	Model and geometry tests; Debug build	2026-10-03T07:16:00.4053470Z 
build-test	Model and geometry tests; Debug build	2026-10-03T07:16:00.4054010Z SymLink /Users/runner/Library/Developer/PhotoAxisBuilds/fe52d68e5807/DerivedData/Build/Products/Debug/PhotoAxisCore.framework/Modules Versions/Current/Modules (in target 'PhotoAxisCore' from project 'PhotoAxis')
build-test	Model and geometry tests; Debug build	2026-10-03T07:16:00.4054710Z     cd $REPO
build-test	Model and geometry tests; Debug build	2026-10-03T07:16:00.4055290Z     /bin/ln -sfh Versions/Current/Modules /Users/runner/Library/Developer/PhotoAxisBuilds/fe52d68e5807/DerivedData/Build/Products/Debug/PhotoAxisCore.framework/Modules
build-test	Model and geometry tests; Debug build	2026-10-03T07:16:00.4055860Z 
build-test	Model and geometry tests; Debug build	2026-10-03T07:16:00.4056410Z SymLink /Users/runner/Library/Developer/PhotoAxisBuilds/fe52d68e5807/DerivedData/Build/Products/Debug/PhotoAxisCore.framework/Headers Versions/Current/Headers (in target 'PhotoAxisCore' from project 'PhotoAxis')
build-test	Model and geometry tests; Debug build	2026-10-03T07:16:00.4057300Z     cd $REPO
build-test	Model and geometry tests; Debug build	2026-10-03T07:16:00.4058130Z     /bin/ln -sfh Versions/Current/Headers /Users/runner/Library/Developer/PhotoAxisBuilds/fe52d68e5807/DerivedData/Build/Products/Debug/PhotoAxisCore.framework/Headers
build-test	Model and geometry tests; Debug build	2026-10-03T07:16:00.4058630Z 
build-test	Model and geometry tests; Debug build	2026-10-03T07:16:00.4059140Z MkDir /Users/runner/Library/Developer/PhotoAxisBuilds/fe52d68e5807/DerivedData/Build/Products/Debug/PhotoAxisCore.framework/Versions/A/Resources (in target 'PhotoAxisCore' from project 'PhotoAxis')
build-test	Model and geometry tests; Debug build	2026-10-03T07:16:00.4059800Z     cd $REPO
build-test	Model and geometry tests; Debug build	2026-10-03T07:16:00.4060570Z     /bin/mkdir -p /Users/runner/Library/Developer/PhotoAxisBuilds/fe52d68e5807/DerivedData/Build/Products/Debug/PhotoAxisCore.framework/Versions/A/Resources
build-test	Model and geometry tests; Debug build	2026-10-03T07:16:00.4061080Z 
build-test	Model and geometry tests; Debug build	2026-10-03T07:16:00.4061600Z MkDir /Users/runner/Library/Developer/PhotoAxisBuilds/fe52d68e5807/DerivedData/Build/Products/Debug/PhotoAxisCore.framework/Versions/A/Headers (in target 'PhotoAxisCore' from project 'PhotoAxis')
build-test	Model and geometry tests; Debug build	2026-10-03T07:16:00.4062330Z     cd $REPO
build-test	Model and geometry tests; Debug build	2026-10-03T07:16:00.4062960Z     /bin/mkdir -p /Users/runner/Library/Developer/PhotoAxisBuilds/fe52d68e5807/DerivedData/Build/Products/Debug/PhotoAxisCore.framework/Versions/A/Headers
build-test	Model and geometry tests; Debug build	2026-10-03T07:16:00.4063440Z 
build-test	Model and geometry tests; Debug build	2026-10-03T07:16:00.4063990Z MkDir /Users/runner/Library/Developer/PhotoAxisBuilds/fe52d68e5807/DerivedData/Build/Products/Debug/PhotoAxisCore.framework/Versions/A (in target 'PhotoAxisCore' from project 'PhotoAxis')
build-test	Model and geometry tests; Debug build	2026-10-03T07:16:00.4064680Z     cd $REPO
build-test	Model and geometry tests; Debug build	2026-10-03T07:16:00.4065450Z     /bin/mkdir -p /Users/runner/Library/Developer/PhotoAxisBuilds/fe52d68e5807/DerivedData/Build/Products/Debug/PhotoAxisCore.framework/Versions/A
build-test	Model and geometry tests; Debug build	2026-10-03T07:16:00.4065960Z 
build-test	Model and geometry tests; Debug build	2026-10-03T07:16:00.4066480Z MkDir /Users/runner/Library/Developer/PhotoAxisBuilds/fe52d68e5807/DerivedData/Build/Products/Debug/PhotoAxisCore.framework/Versions (in target 'PhotoAxisCore' from project 'PhotoAxis')
build-test	Model and geometry tests; Debug build	2026-10-03T07:16:00.4067180Z     cd $REPO
build-test	Model and geometry tests; Debug build	2026-10-03T07:16:00.4121730Z     /bin/mkdir -p /Users/runner/Library/Developer/PhotoAxisBuilds/fe52d68e5807/DerivedData/Build/Products/Debug/PhotoAxisCore.framework/Versions
build-test	Model and geometry tests; Debug build	2026-10-03T07:16:00.4122220Z 
build-test	Model and geometry tests; Debug build	2026-10-03T07:16:00.4122690Z MkDir /Users/runner/Library/Developer/PhotoAxisBuilds/fe52d68e5807/DerivedData/Build/Products/Debug/PhotoAxisCore.framework (in target 'PhotoAxisCore' from project 'PhotoAxis')
build-test	Model and geometry tests; Debug build	2026-10-03T07:16:00.4123320Z     cd $REPO
build-test	Model and geometry tests; Debug build	2026-10-03T07:16:00.4123830Z     /bin/mkdir -p /Users/runner/Library/Developer/PhotoAxisBuilds/fe52d68e5807/DerivedData/Build/Products/Debug/PhotoAxisCore.framework
build-test	Model and geometry tests; Debug build	2026-10-03T07:16:00.4124250Z 
build-test	Model and geometry tests; Debug build	2026-10-03T07:16:00.4124950Z MkDir /Users/runner/Library/Developer/PhotoAxisBuilds/fe52d68e5807/DerivedData/Build/Products/Debug/PhotoAxis.app/Contents/PlugIns/PhotoAxisAppTests.xctest/Contents/Resources (in target 'PhotoAxisAppTests' from project 'PhotoAxis')
build-test	Model and geometry tests; Debug build	2026-10-03T07:16:00.4125770Z     cd $REPO
build-test	Model and geometry tests; Debug build	2026-10-03T07:16:00.4126420Z     /bin/mkdir -p /Users/runner/Library/Developer/PhotoAxisBuilds/fe52d68e5807/DerivedData/Build/Products/Debug/PhotoAxis.app/Contents/PlugIns/PhotoAxisAppTests.xctest/Contents/Resources
build-test	Model and geometry tests; Debug build	2026-10-03T07:16:00.4126980Z 
build-test	Model and geometry tests; Debug build	2026-10-03T07:16:00.4127600Z MkDir /Users/runner/Library/Developer/PhotoAxisBuilds/fe52d68e5807/DerivedData/Build/Products/Debug/PhotoAxis.app/Contents/PlugIns/PhotoAxisAppTests.xctest/Contents/MacOS (in target 'PhotoAxisAppTests' from project 'PhotoAxis')
build-test	Model and geometry tests; Debug build	2026-10-03T07:16:00.4128360Z     cd $REPO
build-test	Model and geometry tests; Debug build	2026-10-03T07:16:00.4128970Z     /bin/mkdir -p /Users/runner/Library/Developer/PhotoAxisBuilds/fe52d68e5807/DerivedData/Build/Products/Debug/PhotoAxis.app/Contents/PlugIns/PhotoAxisAppTests.xctest/Contents/MacOS
build-test	Model and geometry tests; Debug build	2026-10-03T07:16:00.4129520Z 
build-test	Model and geometry tests; Debug build	2026-10-03T07:16:00.4130100Z MkDir /Users/runner/Library/Developer/PhotoAxisBuilds/fe52d68e5807/DerivedData/Build/Products/Debug/PhotoAxis.app/Contents/PlugIns/PhotoAxisAppTests.xctest/Contents (in target 'PhotoAxisAppTests' from project 'PhotoAxis')
build-test	Model and geometry tests; Debug build	2026-10-03T07:16:00.4131560Z     cd $REPO
build-test	Model and geometry tests; Debug build	2026-10-03T07:16:00.4132210Z     /bin/mkdir -p /Users/runner/Library/Developer/PhotoAxisBuilds/fe52d68e5807/DerivedData/Build/Products/Debug/PhotoAxis.app/Contents/PlugIns/PhotoAxisAppTests.xctest/Contents
build-test	Model and geometry tests; Debug build	2026-10-03T07:16:00.4132750Z 
build-test	Model and geometry tests; Debug build	2026-10-03T07:16:00.4133320Z MkDir /Users/runner/Library/Developer/PhotoAxisBuilds/fe52d68e5807/DerivedData/Build/Products/Debug/PhotoAxis.app/Contents/PlugIns/PhotoAxisAppTests.xctest (in target 'PhotoAxisAppTests' from project 'PhotoAxis')
build-test	Model and geometry tests; Debug build	2026-10-03T07:16:00.4134050Z     cd $REPO
build-test	Model and geometry tests; Debug build	2026-10-03T07:16:00.4134650Z     /bin/mkdir -p /Users/runner/Library/Developer/PhotoAxisBuilds/fe52d68e5807/DerivedData/Build/Products/Debug/PhotoAxis.app/Contents/PlugIns/PhotoAxisAppTests.xctest
build-test	Model and geometry tests; Debug build	2026-10-03T07:16:00.4135160Z 
build-test	Model and geometry tests; Debug build	2026-10-03T07:16:00.4135630Z MkDir /Users/runner/Library/Developer/PhotoAxisBuilds/fe52d68e5807/DerivedData/Build/Products/Debug/PhotoAxis.app/Contents/Resources (in target 'PhotoAxis' from project 'PhotoAxis')
build-test	Model and geometry tests; Debug build	2026-10-03T07:16:00.4136280Z     cd $REPO
build-test	Model and geometry tests; Debug build	2026-10-03T07:16:00.4136790Z     /bin/mkdir -p /Users/runner/Library/Developer/PhotoAxisBuilds/fe52d68e5807/DerivedData/Build/Products/Debug/PhotoAxis.app/Contents/Resources
build-test	Model and geometry tests; Debug build	2026-10-03T07:16:00.4137240Z 
build-test	Model and geometry tests; Debug build	2026-10-03T07:16:00.4137700Z MkDir /Users/runner/Library/Developer/PhotoAxisBuilds/fe52d68e5807/DerivedData/Build/Products/Debug/PhotoAxis.app/Contents/PlugIns (in target 'PhotoAxis' from project 'PhotoAxis')
build-test	Model and geometry tests; Debug build	2026-10-03T07:16:00.4138320Z     cd $REPO
build-test	Model and geometry tests; Debug build	2026-10-03T07:16:00.4138830Z     /bin/mkdir -p /Users/runner/Library/Developer/PhotoAxisBuilds/fe52d68e5807/DerivedData/Build/Products/Debug/PhotoAxis.app/Contents/PlugIns
build-test	Model and geometry tests; Debug build	2026-10-03T07:16:00.4139260Z 
build-test	Model and geometry tests; Debug build	2026-10-03T07:16:00.4139700Z MkDir /Users/runner/Library/Developer/PhotoAxisBuilds/fe52d68e5807/DerivedData/Build/Products/Debug/PhotoAxis.app/Contents/MacOS (in target 'PhotoAxis' from project 'PhotoAxis')
build-test	Model and geometry tests; Debug build	2026-10-03T07:16:00.4140580Z     cd $REPO
build-test	Model and geometry tests; Debug build	2026-10-03T07:16:00.4141060Z     /bin/mkdir -p /Users/runner/Library/Developer/PhotoAxisBuilds/fe52d68e5807/DerivedData/Build/Products/Debug/PhotoAxis.app/Contents/MacOS
build-test	Model and geometry tests; Debug build	2026-10-03T07:16:00.4141470Z 
build-test	Model and geometry tests; Debug build	2026-10-03T07:16:00.4141930Z MkDir /Users/runner/Library/Developer/PhotoAxisBuilds/fe52d68e5807/DerivedData/Build/Products/Debug/PhotoAxis.app/Contents/Frameworks (in target 'PhotoAxis' from project 'PhotoAxis')
build-test	Model and geometry tests; Debug build	2026-10-03T07:16:00.4142560Z     cd $REPO
build-test	Model and geometry tests; Debug build	2026-10-03T07:16:00.4143050Z     /bin/mkdir -p /Users/runner/Library/Developer/PhotoAxisBuilds/fe52d68e5807/DerivedData/Build/Products/Debug/PhotoAxis.app/Contents/Frameworks
build-test	Model and geometry tests; Debug build	2026-10-03T07:16:00.4143480Z 
build-test	Model and geometry tests; Debug build	2026-10-03T07:16:00.4143910Z MkDir /Users/runner/Library/Developer/PhotoAxisBuilds/fe52d68e5807/DerivedData/Build/Products/Debug/PhotoAxis.app/Contents (in target 'PhotoAxis' from project 'PhotoAxis')
build-test	Model and geometry tests; Debug build	2026-10-03T07:16:00.4144500Z     cd $REPO
build-test	Model and geometry tests; Debug build	2026-10-03T07:16:00.4144980Z     /bin/mkdir -p /Users/runner/Library/Developer/PhotoAxisBuilds/fe52d68e5807/DerivedData/Build/Products/Debug/PhotoAxis.app/Contents
build-test	Model and geometry tests; Debug build	2026-10-03T07:16:00.4145520Z 
build-test	Model and geometry tests; Debug build	2026-10-03T07:16:00.4145930Z MkDir /Users/runner/Library/Developer/PhotoAxisBuilds/fe52d68e5807/DerivedData/Build/Products/Debug/PhotoAxis.app (in target 'PhotoAxis' from project 'PhotoAxis')
build-test	Model and geometry tests; Debug build	2026-10-03T07:16:00.4146490Z     cd $REPO
build-test	Model and geometry tests; Debug build	2026-10-03T07:16:00.4146940Z     /bin/mkdir -p /Users/runner/Library/Developer/PhotoAxisBuilds/fe52d68e5807/DerivedData/Build/Products/Debug/PhotoAxis.app
build-test	Model and geometry tests; Debug build	2026-10-03T07:16:00.4147310Z 
build-test	Model and geometry tests; Debug build	2026-10-03T07:16:00.4148400Z ProcessInfoPlistFile /Users/runner/Library/Developer/PhotoAxisBuilds/fe52d68e5807/DerivedData/Build/Products/Debug/PhotoAxisCore.framework/Versions/A/Resources/Info.plist /Users/runner/Library/Developer/PhotoAxisBuilds/fe52d68e5807/DerivedData/Build/Intermediates.noindex/PhotoAxis.build/Debug/PhotoAxisCore.build/empty-PhotoAxisCore.plist (in target 'PhotoAxisCore' from project 'PhotoAxis')
build-test	Model and geometry tests; Debug build	2026-10-03T07:16:00.4149860Z     cd $REPO
build-test	Model and geometry tests; Debug build	2026-10-03T07:16:00.4151250Z     builtin-infoPlistUtility /Users/runner/Library/Developer/PhotoAxisBuilds/fe52d68e5807/DerivedData/Build/Intermediates.noindex/PhotoAxis.build/Debug/PhotoAxisCore.build/empty-PhotoAxisCore.plist -producttype com.apple.product-type.framework -expandbuildsettings -platform macosx -o /Users/runner/Library/Developer/PhotoAxisBuilds/fe52d68e5807/DerivedData/Build/Products/Debug/PhotoAxisCore.framework/Versions/A/Resources/Info.plist
build-test	Model and geometry tests; Debug build	2026-10-03T07:16:00.4152540Z 
build-test	Model and geometry tests; Debug build	2026-10-03T07:16:00.4152880Z SwiftDriver PhotoAxisCore normal arm64 com.apple.xcode.tools.swift.compiler (in target 'PhotoAxisCore' from project 'PhotoAxis')
build-test	Model and geometry tests; Debug build	2026-10-03T07:16:00.4153350Z     cd $REPO
build-test	Model and geometry tests; Debug build	2026-10-03T07:16:00.4167300Z     builtin-SwiftDriver -- /Applications/Xcode_16.4.app/Contents/Developer/Toolchains/XcodeDefault.xctoolchain/usr/bin/swiftc -module-name PhotoAxisCore -Onone -enforce-exclusivity\=checked @/Users/runner/Library/Developer/PhotoAxisBuilds/fe52d68e5807/DerivedData/Build/Intermediates.noindex/PhotoAxis.build/Debug/PhotoAxisCore.build/Objects-normal/arm64/PhotoAxisCore.SwiftFileList -DDEBUG -enable-experimental-feature DebugDescriptionMacro -sdk /Applications/Xcode_16.4.app/Contents/Developer/Platforms/MacOSX.platform/Developer/SDKs/MacOSX15.5.sdk -target arm64-apple-macos14.0 -g -module-cache-path /Users/runner/Library/Developer/PhotoAxisBuilds/fe52d68e5807/DerivedData/ModuleCache.noindex -Xfrontend -serialize-debugging-options -enable-testing -index-store-path /Users/runner/Library/Developer/PhotoAxisBuilds/fe52d68e5807/DerivedData/Index.noindex/DataStore -swift-version 6 -I /Users/runner/Library/Developer/PhotoAxisBuilds/fe52d68e5807/DerivedData/Build/Products/Debug -F /Users/runner/Library/Developer/PhotoAxisBuilds/fe52d68e5807/DerivedData/Build/Products/Debug -c -j3 -enable-batch-mode -incremental -Xcc -ivfsstatcache -Xcc /Users/runner/Library/Developer/PhotoAxisBuilds/fe52d68e5807/DerivedData/SDKStatCaches.noindex/macosx15.5-24F74-a403186ba963133a54a0e0cacd566b0b.sdkstatcache -output-file-map /Users/runner/Library/Developer/PhotoAxisBuilds/fe52d68e5807/DerivedData/Build/Intermediates.noindex/PhotoAxis.build/Debug/PhotoAxisCore.build/Objects-normal/arm64/PhotoAxisCore-OutputFileMap.json -use-frontend-parseable-output -save-temps -no-color-diagnostics -serialize-diagnostics -emit-dependencies -emit-module -emit-module-path /Users/runner/Library/Developer/PhotoAxisBuilds/fe52d68e5807/DerivedData/Build/Intermediates.noindex/PhotoAxis.build/Debug/PhotoAxisCore.build/Objects-normal/arm64/PhotoAxisCore.swiftmodule -validate-clang-modules-once -clang-build-session-file /Users/runner/Library/Developer/PhotoAxisBuilds/fe52d68e5807/DerivedData/ModuleCache.noindex/Session.modulevalidation -Xcc -I/Users/runner/Library/Developer/PhotoAxisBuilds/fe52d68e5807/DerivedData/Build/Intermediates.noindex/PhotoAxis.build/Debug/PhotoAxisCore.build/swift-overrides.hmap -emit-const-values -Xfrontend -const-gather-protocols-file -Xfrontend /Users/runner/Library/Developer/PhotoAxisBuilds/fe52d68e5807/DerivedData/Build/Intermediates.noindex/PhotoAxis.build/Debug/PhotoAxisCore.build/Objects-normal/arm64/PhotoAxisCore_const_extract_protocols.json -Xcc -iquote -Xcc /Users/runner/Library/Developer/PhotoAxisBuilds/fe52d68e5807/DerivedData/Build/Intermediates.noindex/PhotoAxis.build/Debug/PhotoAxisCore.build/PhotoAxisCore-generated-files.hmap -Xcc -I/Users/runner/Library/Developer/PhotoAxisBuilds/fe52d68e5807/DerivedData/Build/Intermediates.noindex/PhotoAxis.build/Debug/PhotoAxisCore.build/PhotoAxisCore-own-target-headers.hmap -Xcc -I/Users/runner/Library/Developer/PhotoAxisBuilds/fe52d68e5807/DerivedData/Build/Intermediates.noindex/PhotoAxis.build/Debug/PhotoAxisCore.build/PhotoAxisCore-all-non-framework-target-headers.hmap -Xcc -ivfsoverlay -Xcc /Users/runner/Library/Developer/PhotoAxisBuilds/fe52d68e5807/DerivedData/Build/Intermediates.noindex/PhotoAxis.build/Debug/PhotoAxis-9730526f0700b8b20d57e2b47e796b5b-VFS/all-product-headers.yaml -Xcc -iquote -Xcc /Users/runner/Library/Developer/PhotoAxisBuilds/fe52d68e5807/DerivedData/Build/Intermediates.noindex/PhotoAxis.build/Debug/PhotoAxisCore.build/PhotoAxisCore-project-headers.hmap -Xcc -I/Users/runner/Library/Developer/PhotoAxisBuilds/fe52d68e5807/DerivedData/Build/Products/Debug/include -Xcc -I/Users/runner/Library/Developer/PhotoAxisBuilds/fe52d68e5807/DerivedData/Build/Intermediates.noindex/PhotoAxis.build/Debug/PhotoAxisCore.build/DerivedSources-normal/arm64 -Xcc -I/Users/runner/Library/Developer/PhotoAxisBuilds/fe52d68e5807/DerivedData/Build/Intermediates.noindex/PhotoAxis.build/Debug/PhotoAxisCore.build/DerivedSources/arm64 -Xcc -I/Users/runner/Library/Developer/PhotoAxisBuilds/fe52d68e5807/DerivedData/Build/Intermediates.noindex/PhotoAxis.build/Debug/PhotoAxisCore.build/DerivedSources -emit-objc-header -emit-objc-header-path /Users/runner/Library/Developer/PhotoAxisBuilds/fe52d68e5807/DerivedData/Build/Intermediates.noindex/PhotoAxis.build/Debug/PhotoAxisCore.build/Objects-normal/arm64/PhotoAxisCore-Swift.h -working-directory $REPO -experimental-emit-module-separately -disable-cmo
build-test	Model and geometry tests; Debug build	2026-10-03T07:16:00.5090040Z 
build-test	Model and geometry tests; Debug build	2026-10-03T07:16:00.5109740Z SwiftEmitModule normal arm64 Emitting\ module\ for\ PhotoAxisCore (in target 'PhotoAxisCore' from project 'PhotoAxis')
build-test	Model and geometry tests; Debug build	2026-10-03T07:16:00.6121920Z 
build-test	Model and geometry tests; Debug build	2026-10-03T07:16:00.6123560Z EmitSwiftModule normal arm64 (in target 'PhotoAxisCore' from project 'PhotoAxis')
build-test	Model and geometry tests; Debug build	2026-10-03T07:16:00.6124840Z     cd $REPO
build-test	Model and geometry tests; Debug build	2026-10-03T07:16:00.6126020Z     
build-test	Model and geometry tests; Debug build	2026-10-03T07:16:04.2612390Z 
build-test	Model and geometry tests; Debug build	2026-10-03T07:16:04.2716110Z SwiftCompile normal arm64 Compiling\ PhotoDocumentModel.swift,\ ProjectSchema.swift,\ ScanSettings.swift,\ DocumentGeometry.swift,\ LayerGeometry.swift,\ PerspectiveGeometry.swift $REPO/Sources/PhotoAxisCore/DocumentModel/PhotoDocumentModel.swift $REPO/Sources/PhotoAxisCore/DocumentModel/ProjectSchema.swift $REPO/Sources/PhotoAxisCore/DocumentModel/ScanSettings.swift $REPO/Sources/PhotoAxisCore/Geometry/DocumentGeometry.swift $REPO/Sources/PhotoAxisCore/Geometry/LayerGeometry.swift $REPO/Sources/PhotoAxisCore/Geometry/PerspectiveGeometry.swift (in target 'PhotoAxisCore' from project 'PhotoAxis')
build-test	Model and geometry tests; Debug build	2026-10-03T07:16:04.2820870Z SwiftCompile normal arm64 $REPO/Sources/PhotoAxisCore/DocumentModel/PhotoDocumentModel.swift (in target 'PhotoAxisCore' from project 'PhotoAxis')
build-test	Model and geometry tests; Debug build	2026-10-03T07:16:04.2921010Z     cd $REPO
build-test	Model and geometry tests; Debug build	2026-10-03T07:16:04.3021890Z     
build-test	Model and geometry tests; Debug build	2026-10-03T07:16:08.6196020Z 
build-test	Model and geometry tests; Debug build	2026-10-03T07:16:08.6308290Z SwiftCompile normal arm64 $REPO/Sources/PhotoAxisCore/DocumentModel/ProjectSchema.swift (in target 'PhotoAxisCore' from project 'PhotoAxis')
build-test	Model and geometry tests; Debug build	2026-10-03T07:16:08.6414570Z     cd $REPO
build-test	Model and geometry tests; Debug build	2026-10-03T07:16:08.6542920Z     
build-test	Model and geometry tests; Debug build	2026-10-03T07:16:08.6543170Z 
build-test	Model and geometry tests; Debug build	2026-10-03T07:16:08.6652640Z SwiftCompile normal arm64 $REPO/Sources/PhotoAxisCore/DocumentModel/ScanSettings.swift (in target 'PhotoAxisCore' from project 'PhotoAxis')
build-test	Model and geometry tests; Debug build	2026-10-03T07:16:08.6753160Z     cd $REPO
build-test	Model and geometry tests; Debug build	2026-10-03T07:16:08.6854130Z     
build-test	Model and geometry tests; Debug build	2026-10-03T07:16:08.6954800Z 
build-test	Model and geometry tests; Debug build	2026-10-03T07:16:08.7058760Z SwiftCompile normal arm64 $REPO/Sources/PhotoAxisCore/Geometry/DocumentGeometry.swift (in target 'PhotoAxisCore' from project 'PhotoAxis')
build-test	Model and geometry tests; Debug build	2026-10-03T07:16:08.7160470Z     cd $REPO
build-test	Model and geometry tests; Debug build	2026-10-03T07:16:08.7262400Z     
build-test	Model and geometry tests; Debug build	2026-10-03T07:16:08.7363200Z 
build-test	Model and geometry tests; Debug build	2026-10-03T07:16:08.7464800Z SwiftCompile normal arm64 $REPO/Sources/PhotoAxisCore/Geometry/LayerGeometry.swift (in target 'PhotoAxisCore' from project 'PhotoAxis')
build-test	Model and geometry tests; Debug build	2026-10-03T07:16:08.7570510Z     cd $REPO
build-test	Model and geometry tests; Debug build	2026-10-03T07:16:08.7672100Z     
build-test	Model and geometry tests; Debug build	2026-10-03T07:16:08.7772760Z 
build-test	Model and geometry tests; Debug build	2026-10-03T07:16:08.7873920Z SwiftCompile normal arm64 $REPO/Sources/PhotoAxisCore/Geometry/PerspectiveGeometry.swift (in target 'PhotoAxisCore' from project 'PhotoAxis')
build-test	Model and geometry tests; Debug build	2026-10-03T07:16:08.7975710Z     cd $REPO
build-test	Model and geometry tests; Debug build	2026-10-03T07:16:08.8081500Z     
build-test	Model and geometry tests; Debug build	2026-10-03T07:16:08.8183310Z 
build-test	Model and geometry tests; Debug build	2026-10-03T07:16:08.8289000Z SwiftCompile normal arm64 Compiling\ BoundedZIP.swift,\ CanvasSize.swift,\ ContentOperations.swift,\ DocumentHistory.swift,\ ExportOptions.swift,\ ImageAdjustments.swift,\ LayerOperations.swift $REPO/Sources/PhotoAxisCore/DocumentModel/BoundedZIP.swift $REPO/Sources/PhotoAxisCore/DocumentModel/CanvasSize.swift $REPO/Sources/PhotoAxisCore/DocumentModel/ContentOperations.swift $REPO/Sources/PhotoAxisCore/DocumentModel/DocumentHistory.swift $REPO/Sources/PhotoAxisCore/DocumentModel/ExportOptions.swift $REPO/Sources/PhotoAxisCore/DocumentModel/ImageAdjustments.swift $REPO/Sources/PhotoAxisCore/DocumentModel/LayerOperations.swift (in target 'PhotoAxisCore' from project 'PhotoAxis')
build-test	Model and geometry tests; Debug build	2026-10-03T07:16:08.8393900Z SwiftCompile normal arm64 $REPO/Sources/PhotoAxisCore/DocumentModel/BoundedZIP.swift (in target 'PhotoAxisCore' from project 'PhotoAxis')
build-test	Model and geometry tests; Debug build	2026-10-03T07:16:08.8495060Z     cd $REPO
build-test	Model and geometry tests; Debug build	2026-10-03T07:16:08.8596270Z     
build-test	Model and geometry tests; Debug build	2026-10-03T07:16:08.8696490Z 
build-test	Model and geometry tests; Debug build	2026-10-03T07:16:08.8797880Z SwiftCompile normal arm64 $REPO/Sources/PhotoAxisCore/DocumentModel/CanvasSize.swift (in target 'PhotoAxisCore' from project 'PhotoAxis')
build-test	Model and geometry tests; Debug build	2026-10-03T07:16:08.8901250Z     cd $REPO
build-test	Model and geometry tests; Debug build	2026-10-03T07:16:08.9003080Z     
build-test	Model and geometry tests; Debug build	2026-10-03T07:16:08.9104410Z 
build-test	Model and geometry tests; Debug build	2026-10-03T07:16:08.9205860Z SwiftCompile normal arm64 $REPO/Sources/PhotoAxisCore/DocumentModel/ContentOperations.swift (in target 'PhotoAxisCore' from project 'PhotoAxis')
build-test	Model and geometry tests; Debug build	2026-10-03T07:16:08.9307820Z     cd $REPO
build-test	Model and geometry tests; Debug build	2026-10-03T07:16:08.9411090Z     
build-test	Model and geometry tests; Debug build	2026-10-03T07:16:08.9514630Z 
build-test	Model and geometry tests; Debug build	2026-10-03T07:16:08.9617550Z SwiftCompile normal arm64 $REPO/Sources/PhotoAxisCore/DocumentModel/DocumentHistory.swift (in target 'PhotoAxisCore' from project 'PhotoAxis')
build-test	Model and geometry tests; Debug build	2026-10-03T07:16:08.9720420Z     cd $REPO
build-test	Model and geometry tests; Debug build	2026-10-03T07:16:08.9824510Z     
build-test	Model and geometry tests; Debug build	2026-10-03T07:16:08.9926680Z 
build-test	Model and geometry tests; Debug build	2026-10-03T07:16:09.0031270Z SwiftCompile normal arm64 $REPO/Sources/PhotoAxisCore/DocumentModel/ExportOptions.swift (in target 'PhotoAxisCore' from project 'PhotoAxis')
build-test	Model and geometry tests; Debug build	2026-10-03T07:16:09.0144520Z     cd $REPO
build-test	Model and geometry tests; Debug build	2026-10-03T07:16:09.0245700Z     
build-test	Model and geometry tests; Debug build	2026-10-03T07:16:09.0346610Z 
build-test	Model and geometry tests; Debug build	2026-10-03T07:16:09.0452370Z SwiftCompile normal arm64 $REPO/Sources/PhotoAxisCore/DocumentModel/ImageAdjustments.swift (in target 'PhotoAxisCore' from project 'PhotoAxis')
build-test	Model and geometry tests; Debug build	2026-10-03T07:16:09.0553540Z     cd $REPO
build-test	Model and geometry tests; Debug build	2026-10-03T07:16:09.0656820Z     
build-test	Model and geometry tests; Debug build	2026-10-03T07:16:09.0763510Z 
build-test	Model and geometry tests; Debug build	2026-10-03T07:16:09.0872370Z SwiftCompile normal arm64 $REPO/Sources/PhotoAxisCore/DocumentModel/LayerOperations.swift (in target 'PhotoAxisCore' from project 'PhotoAxis')
build-test	Model and geometry tests; Debug build	2026-10-03T07:16:09.0972610Z     cd $REPO
build-test	Model and geometry tests; Debug build	2026-10-03T07:16:09.1073740Z     
build-test	Model and geometry tests; Debug build	2026-10-03T07:16:09.1184400Z 
build-test	Model and geometry tests; Debug build	2026-10-03T07:16:09.1288680Z SwiftCompile normal arm64 Compiling\ ProjectiveTransform.swift,\ ViewportState.swift,\ ViewportTransform.swift,\ InvestigationAnalysis.swift,\ InvestigationAnnotations.swift,\ InvestigationCase.swift $REPO/Sources/PhotoAxisCore/Geometry/ProjectiveTransform.swift $REPO/Sources/PhotoAxisCore/Geometry/ViewportState.swift $REPO/Sources/PhotoAxisCore/Geometry/ViewportTransform.swift $REPO/Sources/PhotoAxisCore/Investigation/InvestigationAnalysis.swift $REPO/Sources/PhotoAxisCore/Investigation/InvestigationAnnotations.swift $REPO/Sources/PhotoAxisCore/Investigation/InvestigationCase.swift (in target 'PhotoAxisCore' from project 'PhotoAxis')
build-test	Model and geometry tests; Debug build	2026-10-03T07:16:09.1394910Z SwiftCompile normal arm64 $REPO/Sources/PhotoAxisCore/Geometry/ProjectiveTransform.swift (in target 'PhotoAxisCore' from project 'PhotoAxis')
build-test	Model and geometry tests; Debug build	2026-10-03T07:16:09.1497740Z     cd $REPO
build-test	Model and geometry tests; Debug build	2026-10-03T07:16:09.1641640Z     
build-test	Model and geometry tests; Debug build	2026-10-03T07:16:09.1750890Z 
build-test	Model and geometry tests; Debug build	2026-10-03T07:16:09.1852520Z SwiftCompile normal arm64 $REPO/Sources/PhotoAxisCore/Geometry/ViewportState.swift (in target 'PhotoAxisCore' from project 'PhotoAxis')
build-test	Model and geometry tests; Debug build	2026-10-03T07:16:09.1963540Z     cd $REPO
build-test	Model and geometry tests; Debug build	2026-10-03T07:16:09.2069740Z     
build-test	Model and geometry tests; Debug build	2026-10-03T07:16:09.2169960Z 
build-test	Model and geometry tests; Debug build	2026-10-03T07:16:09.2271550Z SwiftCompile normal arm64 $REPO/Sources/PhotoAxisCore/Geometry/ViewportTransform.swift (in target 'PhotoAxisCore' from project 'PhotoAxis')
build-test	Model and geometry tests; Debug build	2026-10-03T07:16:09.2373740Z     cd $REPO
build-test	Model and geometry tests; Debug build	2026-10-03T07:16:09.2487900Z     
build-test	Model and geometry tests; Debug build	2026-10-03T07:16:09.2588630Z 
build-test	Model and geometry tests; Debug build	2026-10-03T07:16:09.2689810Z SwiftCompile normal arm64 $REPO/Sources/PhotoAxisCore/Investigation/InvestigationAnalysis.swift (in target 'PhotoAxisCore' from project 'PhotoAxis')
build-test	Model and geometry tests; Debug build	2026-10-03T07:16:09.2792230Z     cd $REPO
build-test	Model and geometry tests; Debug build	2026-10-03T07:16:09.2893480Z     
build-test	Model and geometry tests; Debug build	2026-10-03T07:16:09.2994970Z 
build-test	Model and geometry tests; Debug build	2026-10-03T07:16:09.3113730Z SwiftCompile normal arm64 $REPO/Sources/PhotoAxisCore/Investigation/InvestigationAnnotations.swift (in target 'PhotoAxisCore' from project 'PhotoAxis')
build-test	Model and geometry tests; Debug build	2026-10-03T07:16:09.3218890Z     cd $REPO
build-test	Model and geometry tests; Debug build	2026-10-03T07:16:09.3321790Z     
build-test	Model and geometry tests; Debug build	2026-10-03T07:16:09.3442130Z 
build-test	Model and geometry tests; Debug build	2026-10-03T07:16:09.3547060Z SwiftCompile normal arm64 $REPO/Sources/PhotoAxisCore/Investigation/InvestigationCase.swift (in target 'PhotoAxisCore' from project 'PhotoAxis')
build-test	Model and geometry tests; Debug build	2026-10-03T07:16:09.3664960Z     cd $REPO
build-test	Model and geometry tests; Debug build	2026-10-03T07:16:09.3770890Z     
build-test	Model and geometry tests; Debug build	2026-10-03T07:16:09.3871860Z 
build-test	Model and geometry tests; Debug build	2026-10-03T07:16:09.3972840Z SwiftDriverJobDiscovery normal arm64 Emitting module for PhotoAxisCore (in target 'PhotoAxisCore' from project 'PhotoAxis')
build-test	Model and geometry tests; Debug build	2026-10-03T07:16:09.4076410Z 
build-test	Model and geometry tests; Debug build	2026-10-03T07:16:09.4177680Z SwiftDriver\ Compilation\ Requirements PhotoAxisCore normal arm64 com.apple.xcode.tools.swift.compiler (in target 'PhotoAxisCore' from project 'PhotoAxis')
build-test	Model and geometry tests; Debug build	2026-10-03T07:16:09.4283090Z     cd $REPO
build-test	Model and geometry tests; Debug build	2026-10-03T07:16:09.4397280Z     builtin-Swift-Compilation-Requirements -- /Applications/Xcode_16.4.app/Contents/Developer/Toolchains/XcodeDefault.xctoolchain/usr/bin/swiftc -module-name PhotoAxisCore -Onone -enforce-exclusivity\=checked @/Users/runner/Library/Developer/PhotoAxisBuilds/fe52d68e5807/DerivedData/Build/Intermediates.noindex/PhotoAxis.build/Debug/PhotoAxisCore.build/Objects-normal/arm64/PhotoAxisCore.SwiftFileList -DDEBUG -enable-experimental-feature DebugDescriptionMacro -sdk /Applications/Xcode_16.4.app/Contents/Developer/Platforms/MacOSX.platform/Developer/SDKs/MacOSX15.5.sdk -target arm64-apple-macos14.0 -g -module-cache-path /Users/runner/Library/Developer/PhotoAxisBuilds/fe52d68e5807/DerivedData/ModuleCache.noindex -Xfrontend -serialize-debugging-options -enable-testing -index-store-path /Users/runner/Library/Developer/PhotoAxisBuilds/fe52d68e5807/DerivedData/Index.noindex/DataStore -swift-version 6 -I /Users/runner/Library/Developer/PhotoAxisBuilds/fe52d68e5807/DerivedData/Build/Products/Debug -F /Users/runner/Library/Developer/PhotoAxisBuilds/fe52d68e5807/DerivedData/Build/Products/Debug -c -j3 -enable-batch-mode -incremental -Xcc -ivfsstatcache -Xcc /Users/runner/Library/Developer/PhotoAxisBuilds/fe52d68e5807/DerivedData/SDKStatCaches.noindex/macosx15.5-24F74-a403186ba963133a54a0e0cacd566b0b.sdkstatcache -output-file-map /Users/runner/Library/Developer/PhotoAxisBuilds/fe52d68e5807/DerivedData/Build/Intermediates.noindex/PhotoAxis.build/Debug/PhotoAxisCore.build/Objects-normal/arm64/PhotoAxisCore-OutputFileMap.json -use-frontend-parseable-output -save-temps -no-color-diagnostics -serialize-diagnostics -emit-dependencies -emit-module -emit-module-path /Users/runner/Library/Developer/PhotoAxisBuilds/fe52d68e5807/DerivedData/Build/Intermediates.noindex/PhotoAxis.build/Debug/PhotoAxisCore.build/Objects-normal/arm64/PhotoAxisCore.swiftmodule -validate-clang-modules-once -clang-build-session-file /Users/runner/Library/Developer/PhotoAxisBuilds/fe52d68e5807/DerivedData/ModuleCache.noindex/Session.modulevalidation -Xcc -I/Users/runner/Library/Developer/PhotoAxisBuilds/fe52d68e5807/DerivedData/Build/Intermediates.noindex/PhotoAxis.build/Debug/PhotoAxisCore.build/swift-overrides.hmap -emit-const-values -Xfrontend -const-gather-protocols-file -Xfrontend /Users/runner/Library/Developer/PhotoAxisBuilds/fe52d68e5807/DerivedData/Build/Intermediates.noindex/PhotoAxis.build/Debug/PhotoAxisCore.build/Objects-normal/arm64/PhotoAxisCore_const_extract_protocols.json -Xcc -iquote -Xcc /Users/runner/Library/Developer/PhotoAxisBuilds/fe52d68e5807/DerivedData/Build/Intermediates.noindex/PhotoAxis.build/Debug/PhotoAxisCore.build/PhotoAxisCore-generated-files.hmap -Xcc -I/Users/runner/Library/Developer/PhotoAxisBuilds/fe52d68e5807/DerivedData/Build/Intermediates.noindex/PhotoAxis.build/Debug/PhotoAxisCore.build/PhotoAxisCore-own-target-headers.hmap -Xcc -I/Users/runner/Library/Developer/PhotoAxisBuilds/fe52d68e5807/DerivedData/Build/Intermediates.noindex/PhotoAxis.build/Debug/PhotoAxisCore.build/PhotoAxisCore-all-non-framework-target-headers.hmap -Xcc -ivfsoverlay -Xcc /Users/runner/Library/Developer/PhotoAxisBuilds/fe52d68e5807/DerivedData/Build/Intermediates.noindex/PhotoAxis.build/Debug/PhotoAxis-9730526f0700b8b20d57e2b47e796b5b-VFS/all-product-headers.yaml -Xcc -iquote -Xcc /Users/runner/Library/Developer/PhotoAxisBuilds/fe52d68e5807/DerivedData/Build/Intermediates.noindex/PhotoAxis.build/Debug/PhotoAxisCore.build/PhotoAxisCore-project-headers.hmap -Xcc -I/Users/runner/Library/Developer/PhotoAxisBuilds/fe52d68e5807/DerivedData/Build/Products/Debug/include -Xcc -I/Users/runner/Library/Developer/PhotoAxisBuilds/fe52d68e5807/DerivedData/Build/Intermediates.noindex/PhotoAxis.build/Debug/PhotoAxisCore.build/DerivedSources-normal/arm64 -Xcc -I/Users/runner/Library/Developer/PhotoAxisBuilds/fe52d68e5807/DerivedData/Build/Intermediates.noindex/PhotoAxis.build/Debug/PhotoAxisCore.build/DerivedSources/arm64 -Xcc -I/Users/runner/Library/Developer/PhotoAxisBuilds/fe52d68e5807/DerivedData/Build/Intermediates.noindex/PhotoAxis.build/Debug/PhotoAxisCore.build/DerivedSources -emit-objc-header -emit-objc-header-path /Users/runner/Library/Developer/PhotoAxisBuilds/fe52d68e5807/DerivedData/Build/Intermediates.noindex/PhotoAxis.build/Debug/PhotoAxisCore.build/Objects-normal/arm64/PhotoAxisCore-Swift.h -working-directory $REPO -experimental-emit-module-separately -disable-cmo
build-test	Model and geometry tests; Debug build	2026-10-03T07:16:09.4514200Z 
build-test	Model and geometry tests; Debug build	2026-10-03T07:16:09.4615780Z SwiftDriverJobDiscovery normal arm64 Compiling PhotoDocumentModel.swift, ProjectSchema.swift, ScanSettings.swift, DocumentGeometry.swift, LayerGeometry.swift, PerspectiveGeometry.swift (in target 'PhotoAxisCore' from project 'PhotoAxis')
build-test	Model and geometry tests; Debug build	2026-10-03T07:16:09.4628920Z 
build-test	Model and geometry tests; Debug build	2026-10-03T07:16:09.4749560Z SwiftMergeGeneratedHeaders /Users/runner/Library/Developer/PhotoAxisBuilds/fe52d68e5807/DerivedData/Build/Products/Debug/PhotoAxisCore.framework/Versions/A/Headers/PhotoAxisCore-Swift.h /Users/runner/Library/Developer/PhotoAxisBuilds/fe52d68e5807/DerivedData/Build/Intermediates.noindex/PhotoAxis.build/Debug/PhotoAxisCore.build/Objects-normal/arm64/PhotoAxisCore-Swift.h (in target 'PhotoAxisCore' from project 'PhotoAxis')
build-test	Model and geometry tests; Debug build	2026-10-03T07:16:09.4855930Z     cd $REPO
build-test	Model and geometry tests; Debug build	2026-10-03T07:16:09.4991340Z     builtin-swiftHeaderTool -arch arm64 /Users/runner/Library/Developer/PhotoAxisBuilds/fe52d68e5807/DerivedData/Build/Intermediates.noindex/PhotoAxis.build/Debug/PhotoAxisCore.build/Objects-normal/arm64/PhotoAxisCore-Swift.h -o /Users/runner/Library/Developer/PhotoAxisBuilds/fe52d68e5807/DerivedData/Build/Products/Debug/PhotoAxisCore.framework/Versions/A/Headers/PhotoAxisCore-Swift.h
build-test	Model and geometry tests; Debug build	2026-10-03T07:16:09.5095060Z 
build-test	Model and geometry tests; Debug build	2026-10-03T07:16:09.5197250Z Copy /Users/runner/Library/Developer/PhotoAxisBuilds/fe52d68e5807/DerivedData/Build/Products/Debug/PhotoAxisCore.framework/Versions/A/Modules/PhotoAxisCore.swiftmodule/arm64-apple-macos.swiftdoc /Users/runner/Library/Developer/PhotoAxisBuilds/fe52d68e5807/DerivedData/Build/Intermediates.noindex/PhotoAxis.build/Debug/PhotoAxisCore.build/Objects-normal/arm64/PhotoAxisCore.swiftdoc (in target 'PhotoAxisCore' from project 'PhotoAxis')
build-test	Model and geometry tests; Debug build	2026-10-03T07:16:09.5307540Z     cd $REPO
build-test	Model and geometry tests; Debug build	2026-10-03T07:16:09.5410750Z     builtin-copy -exclude .DS_Store -exclude CVS -exclude .svn -exclude .git -exclude .hg -strip-unsigned-binaries -strip-deterministic -strip-tool /Applications/Xcode_16.4.app/Contents/Developer/Toolchains/XcodeDefault.xctoolchain/usr/bin/strip -resolve-src-symlinks -rename /Users/runner/Library/Developer/PhotoAxisBuilds/fe52d68e5807/DerivedData/Build/Intermediates.noindex/PhotoAxis.build/Debug/PhotoAxisCore.build/Objects-normal/arm64/PhotoAxisCore.swiftdoc /Users/runner/Library/Developer/PhotoAxisBuilds/fe52d68e5807/DerivedData/Build/Products/Debug/PhotoAxisCore.framework/Versions/A/Modules/PhotoAxisCore.swiftmodule/arm64-apple-macos.swiftdoc
build-test	Model and geometry tests; Debug build	2026-10-03T07:16:09.5525830Z 
build-test	Model and geometry tests; Debug build	2026-10-03T07:16:09.5633240Z Copy /Users/runner/Library/Developer/PhotoAxisBuilds/fe52d68e5807/DerivedData/Build/Products/Debug/PhotoAxisCore.framework/Versions/A/Modules/PhotoAxisCore.swiftmodule/arm64-apple-macos.swiftmodule /Users/runner/Library/Developer/PhotoAxisBuilds/fe52d68e5807/DerivedData/Build/Intermediates.noindex/PhotoAxis.build/Debug/PhotoAxisCore.build/Objects-normal/arm64/PhotoAxisCore.swiftmodule (in target 'PhotoAxisCore' from project 'PhotoAxis')
build-test	Model and geometry tests; Debug build	2026-10-03T07:16:09.5748030Z     cd $REPO
build-test	Model and geometry tests; Debug build	2026-10-03T07:16:09.5866890Z     builtin-copy -exclude .DS_Store -exclude CVS -exclude .svn -exclude .git -exclude .hg -strip-unsigned-binaries -strip-deterministic -strip-tool /Applications/Xcode_16.4.app/Contents/Developer/Toolchains/XcodeDefault.xctoolchain/usr/bin/strip -resolve-src-symlinks -rename /Users/runner/Library/Developer/PhotoAxisBuilds/fe52d68e5807/DerivedData/Build/Intermediates.noindex/PhotoAxis.build/Debug/PhotoAxisCore.build/Objects-normal/arm64/PhotoAxisCore.swiftmodule /Users/runner/Library/Developer/PhotoAxisBuilds/fe52d68e5807/DerivedData/Build/Products/Debug/PhotoAxisCore.framework/Versions/A/Modules/PhotoAxisCore.swiftmodule/arm64-apple-macos.swiftmodule
build-test	Model and geometry tests; Debug build	2026-10-03T07:16:09.5983620Z 
build-test	Model and geometry tests; Debug build	2026-10-03T07:16:09.6085720Z Copy /Users/runner/Library/Developer/PhotoAxisBuilds/fe52d68e5807/DerivedData/Build/Products/Debug/PhotoAxisCore.framework/Versions/A/Modules/PhotoAxisCore.swiftmodule/arm64-apple-macos.abi.json /Users/runner/Library/Developer/PhotoAxisBuilds/fe52d68e5807/DerivedData/Build/Intermediates.noindex/PhotoAxis.build/Debug/PhotoAxisCore.build/Objects-normal/arm64/PhotoAxisCore.abi.json (in target 'PhotoAxisCore' from project 'PhotoAxis')
build-test	Model and geometry tests; Debug build	2026-10-03T07:16:09.6189230Z     cd $REPO
build-test	Model and geometry tests; Debug build	2026-10-03T07:16:09.6302680Z     builtin-copy -exclude .DS_Store -exclude CVS -exclude .svn -exclude .git -exclude .hg -strip-unsigned-binaries -strip-deterministic -strip-tool /Applications/Xcode_16.4.app/Contents/Developer/Toolchains/XcodeDefault.xctoolchain/usr/bin/strip -resolve-src-symlinks -rename /Users/runner/Library/Developer/PhotoAxisBuilds/fe52d68e5807/DerivedData/Build/Intermediates.noindex/PhotoAxis.build/Debug/PhotoAxisCore.build/Objects-normal/arm64/PhotoAxisCore.abi.json /Users/runner/Library/Developer/PhotoAxisBuilds/fe52d68e5807/DerivedData/Build/Products/Debug/PhotoAxisCore.framework/Versions/A/Modules/PhotoAxisCore.swiftmodule/arm64-apple-macos.abi.json
build-test	Model and geometry tests; Debug build	2026-10-03T07:16:09.6431720Z 
build-test	Model and geometry tests; Debug build	2026-10-03T07:16:09.6460570Z Copy /Users/runner/Library/Developer/PhotoAxisBuilds/fe52d68e5807/DerivedData/Build/Products/Debug/PhotoAxisCore.framework/Versions/A/Modules/PhotoAxisCore.swiftmodule/Project/arm64-apple-macos.swiftsourceinfo /Users/runner/Library/Developer/PhotoAxisBuilds/fe52d68e5807/DerivedData/Build/Intermediates.noindex/PhotoAxis.build/Debug/PhotoAxisCore.build/Objects-normal/arm64/PhotoAxisCore.swiftsourceinfo (in target 'PhotoAxisCore' from project 'PhotoAxis')
build-test	Model and geometry tests; Debug build	2026-10-03T07:16:09.6563360Z     cd $REPO
build-test	Model and geometry tests; Debug build	2026-10-03T07:16:09.6672270Z     builtin-copy -exclude .DS_Store -exclude CVS -exclude .svn -exclude .git -exclude .hg -strip-unsigned-binaries -strip-deterministic -strip-tool /Applications/Xcode_16.4.app/Contents/Developer/Toolchains/XcodeDefault.xctoolchain/usr/bin/strip -resolve-src-symlinks -rename /Users/runner/Library/Developer/PhotoAxisBuilds/fe52d68e5807/DerivedData/Build/Intermediates.noindex/PhotoAxis.build/Debug/PhotoAxisCore.build/Objects-normal/arm64/PhotoAxisCore.swiftsourceinfo /Users/runner/Library/Developer/PhotoAxisBuilds/fe52d68e5807/DerivedData/Build/Products/Debug/PhotoAxisCore.framework/Versions/A/Modules/PhotoAxisCore.swiftmodule/Project/arm64-apple-macos.swiftsourceinfo
build-test	Model and geometry tests; Debug build	2026-10-03T07:16:09.6775250Z 
build-test	Model and geometry tests; Debug build	2026-10-03T07:16:09.6876730Z SwiftDriverJobDiscovery normal arm64 Compiling BoundedZIP.swift, CanvasSize.swift, ContentOperations.swift, DocumentHistory.swift, ExportOptions.swift, ImageAdjustments.swift, LayerOperations.swift (in target 'PhotoAxisCore' from project 'PhotoAxis')
build-test	Model and geometry tests; Debug build	2026-10-03T07:16:09.6984660Z 
build-test	Model and geometry tests; Debug build	2026-10-03T07:16:09.7055580Z SwiftDriverJobDiscovery normal arm64 Compiling ProjectiveTransform.swift, ViewportState.swift, ViewportTransform.swift, InvestigationAnalysis.swift, InvestigationAnnotations.swift, InvestigationCase.swift (in target 'PhotoAxisCore' from project 'PhotoAxis')
build-test	Model and geometry tests; Debug build	2026-10-03T07:16:09.7157240Z 
build-test	Model and geometry tests; Debug build	2026-10-03T07:16:09.7260380Z SwiftDriver\ Compilation PhotoAxisCore normal arm64 com.apple.xcode.tools.swift.compiler (in target 'PhotoAxisCore' from project 'PhotoAxis')
build-test	Model and geometry tests; Debug build	2026-10-03T07:16:09.7361580Z     cd $REPO
build-test	Model and geometry tests; Debug build	2026-10-03T07:16:09.7476360Z     builtin-Swift-Compilation -- /Applications/Xcode_16.4.app/Contents/Developer/Toolchains/XcodeDefault.xctoolchain/usr/bin/swiftc -module-name PhotoAxisCore -Onone -enforce-exclusivity\=checked @/Users/runner/Library/Developer/PhotoAxisBuilds/fe52d68e5807/DerivedData/Build/Intermediates.noindex/PhotoAxis.build/Debug/PhotoAxisCore.build/Objects-normal/arm64/PhotoAxisCore.SwiftFileList -DDEBUG -enable-experimental-feature DebugDescriptionMacro -sdk /Applications/Xcode_16.4.app/Contents/Developer/Platforms/MacOSX.platform/Developer/SDKs/MacOSX15.5.sdk -target arm64-apple-macos14.0 -g -module-cache-path /Users/runner/Library/Developer/PhotoAxisBuilds/fe52d68e5807/DerivedData/ModuleCache.noindex -Xfrontend -serialize-debugging-options -enable-testing -index-store-path /Users/runner/Library/Developer/PhotoAxisBuilds/fe52d68e5807/DerivedData/Index.noindex/DataStore -swift-version 6 -I /Users/runner/Library/Developer/PhotoAxisBuilds/fe52d68e5807/DerivedData/Build/Products/Debug -F /Users/runner/Library/Developer/PhotoAxisBuilds/fe52d68e5807/DerivedData/Build/Products/Debug -c -j3 -enable-batch-mode -incremental -Xcc -ivfsstatcache -Xcc /Users/runner/Library/Developer/PhotoAxisBuilds/fe52d68e5807/DerivedData/SDKStatCaches.noindex/macosx15.5-24F74-a403186ba963133a54a0e0cacd566b0b.sdkstatcache -output-file-map /Users/runner/Library/Developer/PhotoAxisBuilds/fe52d68e5807/DerivedData/Build/Intermediates.noindex/PhotoAxis.build/Debug/PhotoAxisCore.build/Objects-normal/arm64/PhotoAxisCore-OutputFileMap.json -use-frontend-parseable-output -save-temps -no-color-diagnostics -serialize-diagnostics -emit-dependencies -emit-module -emit-module-path /Users/runner/Library/Developer/PhotoAxisBuilds/fe52d68e5807/DerivedData/Build/Intermediates.noindex/PhotoAxis.build/Debug/PhotoAxisCore.build/Objects-normal/arm64/PhotoAxisCore.swiftmodule -validate-clang-modules-once -clang-build-session-file /Users/runner/Library/Developer/PhotoAxisBuilds/fe52d68e5807/DerivedData/ModuleCache.noindex/Session.modulevalidation -Xcc -I/Users/runner/Library/Developer/PhotoAxisBuilds/fe52d68e5807/DerivedData/Build/Intermediates.noindex/PhotoAxis.build/Debug/PhotoAxisCore.build/swift-overrides.hmap -emit-const-values -Xfrontend -const-gather-protocols-file -Xfrontend /Users/runner/Library/Developer/PhotoAxisBuilds/fe52d68e5807/DerivedData/Build/Intermediates.noindex/PhotoAxis.build/Debug/PhotoAxisCore.build/Objects-normal/arm64/PhotoAxisCore_const_extract_protocols.json -Xcc -iquote -Xcc /Users/runner/Library/Developer/PhotoAxisBuilds/fe52d68e5807/DerivedData/Build/Intermediates.noindex/PhotoAxis.build/Debug/PhotoAxisCore.build/PhotoAxisCore-generated-files.hmap -Xcc -I/Users/runner/Library/Developer/PhotoAxisBuilds/fe52d68e5807/DerivedData/Build/Intermediates.noindex/PhotoAxis.build/Debug/PhotoAxisCore.build/PhotoAxisCore-own-target-headers.hmap -Xcc -I/Users/runner/Library/Developer/PhotoAxisBuilds/fe52d68e5807/DerivedData/Build/Intermediates.noindex/PhotoAxis.build/Debug/PhotoAxisCore.build/PhotoAxisCore-all-non-framework-target-headers.hmap -Xcc -ivfsoverlay -Xcc /Users/runner/Library/Developer/PhotoAxisBuilds/fe52d68e5807/DerivedData/Build/Intermediates.noindex/PhotoAxis.build/Debug/PhotoAxis-9730526f0700b8b20d57e2b47e796b5b-VFS/all-product-headers.yaml -Xcc -iquote -Xcc /Users/runner/Library/Developer/PhotoAxisBuilds/fe52d68e5807/DerivedData/Build/Intermediates.noindex/PhotoAxis.build/Debug/PhotoAxisCore.build/PhotoAxisCore-project-headers.hmap -Xcc -I/Users/runner/Library/Developer/PhotoAxisBuilds/fe52d68e5807/DerivedData/Build/Products/Debug/include -Xcc -I/Users/runner/Library/Developer/PhotoAxisBuilds/fe52d68e5807/DerivedData/Build/Intermediates.noindex/PhotoAxis.build/Debug/PhotoAxisCore.build/DerivedSources-normal/arm64 -Xcc -I/Users/runner/Library/Developer/PhotoAxisBuilds/fe52d68e5807/DerivedData/Build/Intermediates.noindex/PhotoAxis.build/Debug/PhotoAxisCore.build/DerivedSources/arm64 -Xcc -I/Users/runner/Library/Developer/PhotoAxisBuilds/fe52d68e5807/DerivedData/Build/Intermediates.noindex/PhotoAxis.build/Debug/PhotoAxisCore.build/DerivedSources -emit-objc-header -emit-objc-header-path /Users/runner/Library/Developer/PhotoAxisBuilds/fe52d68e5807/DerivedData/Build/Intermediates.noindex/PhotoAxis.build/Debug/PhotoAxisCore.build/Objects-normal/arm64/PhotoAxisCore-Swift.h -working-directory $REPO -experimental-emit-module-separately -disable-cmo
build-test	Model and geometry tests; Debug build	2026-10-03T07:16:09.7602120Z 
build-test	Model and geometry tests; Debug build	2026-10-03T07:16:09.7688850Z ProcessProductPackaging "" /Users/runner/Library/Developer/PhotoAxisBuilds/fe52d68e5807/DerivedData/Build/Intermediates.noindex/PhotoAxis.build/Debug/PhotoAxis.build/PhotoAxis.app.xcent (in target 'PhotoAxis' from project 'PhotoAxis')
build-test	Model and geometry tests; Debug build	2026-10-03T07:16:09.7725540Z     cd $REPO
build-test	Model and geometry tests; Debug build	2026-10-03T07:16:09.7739990Z     
build-test	Model and geometry tests; Debug build	2026-10-03T07:16:09.7843090Z     Entitlements:
build-test	Model and geometry tests; Debug build	2026-10-03T07:16:09.7908600Z     
build-test	Model and geometry tests; Debug build	2026-10-03T07:16:09.8009610Z     {
build-test	Model and geometry tests; Debug build	2026-10-03T07:16:09.8055920Z     "com.apple.security.get-task-allow" = 1;
build-test	Model and geometry tests; Debug build	2026-10-03T07:16:09.8153320Z }
build-test	Model and geometry tests; Debug build	2026-10-03T07:16:09.8193910Z     
build-test	Model and geometry tests; Debug build	2026-10-03T07:16:09.8261510Z     builtin-productPackagingUtility -entitlements -format xml -o /Users/runner/Library/Developer/PhotoAxisBuilds/fe52d68e5807/DerivedData/Build/Intermediates.noindex/PhotoAxis.build/Debug/PhotoAxis.build/PhotoAxis.app.xcent
build-test	Model and geometry tests; Debug build	2026-10-03T07:16:09.8323170Z 
build-test	Model and geometry tests; Debug build	2026-10-03T07:16:09.8386140Z Ld /Users/runner/Library/Developer/PhotoAxisBuilds/fe52d68e5807/DerivedData/Build/Products/Debug/PhotoAxisCore.framework/Versions/A/PhotoAxisCore normal (in target 'PhotoAxisCore' from project 'PhotoAxis')
build-test	Model and geometry tests; Debug build	2026-10-03T07:16:09.8490240Z     cd $REPO
build-test	Model and geometry tests; Debug build	2026-10-03T07:16:09.8592860Z     /Applications/Xcode_16.4.app/Contents/Developer/Toolchains/XcodeDefault.xctoolchain/usr/bin/clang -Xlinker -reproducible -target arm64-apple-macos14.0 -dynamiclib -isysroot /Applications/Xcode_16.4.app/Contents/Developer/Platforms/MacOSX.platform/Developer/SDKs/MacOSX15.5.sdk -Os -L/Users/runner/Library/Developer/PhotoAxisBuilds/fe52d68e5807/DerivedData/Build/Intermediates.noindex/EagerLinkingTBDs/Debug -L/Users/runner/Library/Developer/PhotoAxisBuilds/fe52d68e5807/DerivedData/Build/Products/Debug -F/Users/runner/Library/Developer/PhotoAxisBuilds/fe52d68e5807/DerivedData/Build/Intermediates.noindex/EagerLinkingTBDs/Debug -F/Users/runner/Library/Developer/PhotoAxisBuilds/fe52d68e5807/DerivedData/Build/Products/Debug -filelist /Users/runner/Library/Developer/PhotoAxisBuilds/fe52d68e5807/DerivedData/Build/Intermediates.noindex/PhotoAxis.build/Debug/PhotoAxisCore.build/Objects-normal/arm64/PhotoAxisCore.LinkFileList -install_name @rpath/PhotoAxisCore.framework/Versions/A/PhotoAxisCore -Xlinker -rpath -Xlinker @executable_path/../Frameworks -Xlinker -rpath -Xlinker @loader_path/../Frameworks -Xlinker -object_path_lto -Xlinker /Users/runner/Library/Developer/PhotoAxisBuilds/fe52d68e5807/DerivedData/Build/Intermediates.noindex/PhotoAxis.build/Debug/PhotoAxisCore.build/Objects-normal/arm64/PhotoAxisCore_lto.o -rdynamic -Xlinker -dependency_info -Xlinker /Users/runner/Library/Developer/PhotoAxisBuilds/fe52d68e5807/DerivedData/Build/Intermediates.noindex/PhotoAxis.build/Debug/PhotoAxisCore.build/Objects-normal/arm64/PhotoAxisCore_dependency_info.dat -fobjc-link-runtime -L/Applications/Xcode_16.4.app/Contents/Developer/Toolchains/XcodeDefault.xctoolchain/usr/lib/swift/macosx -L/usr/lib/swift -Xlinker -add_ast_path -Xlinker /Users/runner/Library/Developer/PhotoAxisBuilds/fe52d68e5807/DerivedData/Build/Intermediates.noindex/PhotoAxis.build/Debug/PhotoAxisCore.build/Objects-normal/arm64/PhotoAxisCore.swiftmodule -Xlinker -no_adhoc_codesign -o /Users/runner/Library/Developer/PhotoAxisBuilds/fe52d68e5807/DerivedData/Build/Products/Debug/PhotoAxisCore.framework/Versions/A/PhotoAxisCore
build-test	Model and geometry tests; Debug build	2026-10-03T07:16:09.8691800Z 
build-test	Model and geometry tests; Debug build	2026-10-03T07:16:09.8799000Z SwiftDriver PhotoAxisCoreTests normal arm64 com.apple.xcode.tools.swift.compiler (in target 'PhotoAxisCoreTests' from project 'PhotoAxis')
build-test	Model and geometry tests; Debug build	2026-10-03T07:16:09.8900570Z     cd $REPO
build-test	Model and geometry tests; Debug build	2026-10-03T07:16:09.9015760Z     builtin-SwiftDriver -- /Applications/Xcode_16.4.app/Contents/Developer/Toolchains/XcodeDefault.xctoolchain/usr/bin/swiftc -module-name PhotoAxisCoreTests -Onone -enforce-exclusivity\=checked @/Users/runner/Library/Developer/PhotoAxisBuilds/fe52d68e5807/DerivedData/Build/Intermediates.noindex/PhotoAxis.build/Debug/PhotoAxisCoreTests.build/Objects-normal/arm64/PhotoAxisCoreTests.SwiftFileList -DDEBUG -plugin-path /Applications/Xcode_16.4.app/Contents/Developer/Toolchains/XcodeDefault.xctoolchain/usr/lib/swift/host/plugins/testing -enable-experimental-feature DebugDescriptionMacro -sdk /Applications/Xcode_16.4.app/Contents/Developer/Platforms/MacOSX.platform/Developer/SDKs/MacOSX15.5.sdk -target arm64-apple-macos14.0 -g -module-cache-path /Users/runner/Library/Developer/PhotoAxisBuilds/fe52d68e5807/DerivedData/ModuleCache.noindex -Xfrontend -serialize-debugging-options -enable-testing -index-store-path /Users/runner/Library/Developer/PhotoAxisBuilds/fe52d68e5807/DerivedData/Index.noindex/DataStore -swift-version 6 -I /Users/runner/Library/Developer/PhotoAxisBuilds/fe52d68e5807/DerivedData/Build/Products/Debug -I /Applications/Xcode_16.4.app/Contents/Developer/Platforms/MacOSX.platform/Developer/usr/lib -F /Users/runner/Library/Developer/PhotoAxisBuilds/fe52d68e5807/DerivedData/Build/Products/Debug -F /Applications/Xcode_16.4.app/Contents/Developer/Platforms/MacOSX.platform/Developer/Library/Frameworks -c -j3 -enable-batch-mode -incremental -Xcc -ivfsstatcache -Xcc /Users/runner/Library/Developer/PhotoAxisBuilds/fe52d68e5807/DerivedData/SDKStatCaches.noindex/macosx15.5-24F74-a403186ba963133a54a0e0cacd566b0b.sdkstatcache -output-file-map /Users/runner/Library/Developer/PhotoAxisBuilds/fe52d68e5807/DerivedData/Build/Intermediates.noindex/PhotoAxis.build/Debug/PhotoAxisCoreTests.build/Objects-normal/arm64/PhotoAxisCoreTests-OutputFileMap.json -use-frontend-parseable-output -save-temps -no-color-diagnostics -serialize-diagnostics -emit-dependencies -emit-module -emit-module-path /Users/runner/Library/Developer/PhotoAxisBuilds/fe52d68e5807/DerivedData/Build/Intermediates.noindex/PhotoAxis.build/Debug/PhotoAxisCoreTests.build/Objects-normal/arm64/PhotoAxisCoreTests.swiftmodule -validate-clang-modules-once -clang-build-session-file /Users/runner/Library/Developer/PhotoAxisBuilds/fe52d68e5807/DerivedData/ModuleCache.noindex/Session.modulevalidation -Xcc -I/Users/runner/Library/Developer/PhotoAxisBuilds/fe52d68e5807/DerivedData/Build/Intermediates.noindex/PhotoAxis.build/Debug/PhotoAxisCoreTests.build/swift-overrides.hmap -emit-const-values -Xfrontend -const-gather-protocols-file -Xfrontend /Users/runner/Library/Developer/PhotoAxisBuilds/fe52d68e5807/DerivedData/Build/Intermediates.noindex/PhotoAxis.build/Debug/PhotoAxisCoreTests.build/Objects-normal/arm64/PhotoAxisCoreTests_const_extract_protocols.json -Xcc -iquote -Xcc /Users/runner/Library/Developer/PhotoAxisBuilds/fe52d68e5807/DerivedData/Build/Intermediates.noindex/PhotoAxis.build/Debug/PhotoAxisCoreTests.build/PhotoAxisCoreTests-generated-files.hmap -Xcc -I/Users/runner/Library/Developer/PhotoAxisBuilds/fe52d68e5807/DerivedData/Build/Intermediates.noindex/PhotoAxis.build/Debug/PhotoAxisCoreTests.build/PhotoAxisCoreTests-own-target-headers.hmap -Xcc -I/Users/runner/Library/Developer/PhotoAxisBuilds/fe52d68e5807/DerivedData/Build/Intermediates.noindex/PhotoAxis.build/Debug/PhotoAxisCoreTests.build/PhotoAxisCoreTests-all-non-framework-target-headers.hmap -Xcc -ivfsoverlay -Xcc /Users/runner/Library/Developer/PhotoAxisBuilds/fe52d68e5807/DerivedData/Build/Intermediates.noindex/PhotoAxis.build/Debug/PhotoAxis-9730526f0700b8b20d57e2b47e796b5b-VFS/all-product-headers.yaml -Xcc -iquote -Xcc /Users/runner/Library/Developer/PhotoAxisBuilds/fe52d68e5807/DerivedData/Build/Intermediates.noindex/PhotoAxis.build/Debug/PhotoAxisCoreTests.build/PhotoAxisCoreTests-project-headers.hmap -Xcc -I/Users/runner/Library/Developer/PhotoAxisBuilds/fe52d68e5807/DerivedData/Build/Products/Debug/include -Xcc -I/Users/runner/Library/Developer/PhotoAxisBuilds/fe52d68e5807/DerivedData/Build/Intermediates.noindex/PhotoAxis.build/Debug/PhotoAxisCoreTests.build/DerivedSources-normal/arm64 -Xcc -I/Users/runner/Library/Developer/PhotoAxisBuilds/fe52d68e5807/DerivedData/Build/Intermediates.noindex/PhotoAxis.build/Debug/PhotoAxisCoreTests.build/DerivedSources/arm64 -Xcc -I/Users/runner/Library/Developer/PhotoAxisBuilds/fe52d68e5807/DerivedData/Build/Intermediates.noindex/PhotoAxis.build/Debug/PhotoAxisCoreTests.build/DerivedSources -emit-objc-header -emit-objc-header-path /Users/runner/Library/Developer/PhotoAxisBuilds/fe52d68e5807/DerivedData/Build/Intermediates.noindex/PhotoAxis.build/Debug/PhotoAxisCoreTests.build/Objects-normal/arm64/PhotoAxisCoreTests-Swift.h -working-directory $REPO -experimental-emit-module-separately -disable-cmo
build-test	Model and geometry tests; Debug build	2026-10-03T07:16:09.9127510Z 
build-test	Model and geometry tests; Debug build	2026-10-03T07:16:09.9230710Z ProcessProductPackagingDER /Users/runner/Library/Developer/PhotoAxisBuilds/fe52d68e5807/DerivedData/Build/Intermediates.noindex/PhotoAxis.build/Debug/PhotoAxis.build/PhotoAxis.app.xcent /Users/runner/Library/Developer/PhotoAxisBuilds/fe52d68e5807/DerivedData/Build/Intermediates.noindex/PhotoAxis.build/Debug/PhotoAxis.build/PhotoAxis.app.xcent.der (in target 'PhotoAxis' from project 'PhotoAxis')
build-test	Model and geometry tests; Debug build	2026-10-03T07:16:09.9291790Z     cd $REPO
build-test	Model and geometry tests; Debug build	2026-10-03T07:16:09.9299110Z     /usr/bin/derq query -f xml -i /Users/runner/Library/Developer/PhotoAxisBuilds/fe52d68e5807/DerivedData/Build/Intermediates.noindex/PhotoAxis.build/Debug/PhotoAxis.build/PhotoAxis.app.xcent -o /Users/runner/Library/Developer/PhotoAxisBuilds/fe52d68e5807/DerivedData/Build/Intermediates.noindex/PhotoAxis.build/Debug/PhotoAxis.build/PhotoAxis.app.xcent.der --raw
build-test	Model and geometry tests; Debug build	2026-10-03T07:16:09.9337280Z 
build-test	Model and geometry tests; Debug build	2026-10-03T07:16:09.9341750Z SwiftDriver PhotoAxis normal arm64 com.apple.xcode.tools.swift.compiler (in target 'PhotoAxis' from project 'PhotoAxis')
build-test	Model and geometry tests; Debug build	2026-10-03T07:16:09.9378420Z     cd $REPO
build-test	Model and geometry tests; Debug build	2026-10-03T07:16:09.9401320Z     builtin-SwiftDriver -- /Applications/Xcode_16.4.app/Contents/Developer/Toolchains/XcodeDefault.xctoolchain/usr/bin/swiftc -module-name PhotoAxis -Onone -enforce-exclusivity\=checked @/Users/runner/Library/Developer/PhotoAxisBuilds/fe52d68e5807/DerivedData/Build/Intermediates.noindex/PhotoAxis.build/Debug/PhotoAxis.build/Objects-normal/arm64/PhotoAxis.SwiftFileList -DDEBUG -enable-experimental-feature DebugDescriptionMacro -sdk /Applications/Xcode_16.4.app/Contents/Developer/Platforms/MacOSX.platform/Developer/SDKs/MacOSX15.5.sdk -target arm64-apple-macos14.0 -g -module-cache-path /Users/runner/Library/Developer/PhotoAxisBuilds/fe52d68e5807/DerivedData/ModuleCache.noindex -Xfrontend -serialize-debugging-options -enable-testing -index-store-path /Users/runner/Library/Developer/PhotoAxisBuilds/fe52d68e5807/DerivedData/Index.noindex/DataStore -swift-version 6 -I /Users/runner/Library/Developer/PhotoAxisBuilds/fe52d68e5807/DerivedData/Build/Products/Debug -F /Users/runner/Library/Developer/PhotoAxisBuilds/fe52d68e5807/DerivedData/Build/Products/Debug -c -j3 -enable-batch-mode -incremental -Xcc -ivfsstatcache -Xcc /Users/runner/Library/Developer/PhotoAxisBuilds/fe52d68e5807/DerivedData/SDKStatCaches.noindex/macosx15.5-24F74-a403186ba963133a54a0e0cacd566b0b.sdkstatcache -output-file-map /Users/runner/Library/Developer/PhotoAxisBuilds/fe52d68e5807/DerivedData/Build/Intermediates.noindex/PhotoAxis.build/Debug/PhotoAxis.build/Objects-normal/arm64/PhotoAxis-OutputFileMap.json -use-frontend-parseable-output -save-temps -no-color-diagnostics -serialize-diagnostics -emit-dependencies -emit-module -emit-module-path /Users/runner/Library/Developer/PhotoAxisBuilds/fe52d68e5807/DerivedData/Build/Intermediates.noindex/PhotoAxis.build/Debug/PhotoAxis.build/Objects-normal/arm64/PhotoAxis.swiftmodule -validate-clang-modules-once -clang-build-session-file /Users/runner/Library/Developer/PhotoAxisBuilds/fe52d68e5807/DerivedData/ModuleCache.noindex/Session.modulevalidation -Xcc -I/Users/runner/Library/Developer/PhotoAxisBuilds/fe52d68e5807/DerivedData/Build/Intermediates.noindex/PhotoAxis.build/Debug/PhotoAxis.build/swift-overrides.hmap -emit-const-values -Xfrontend -const-gather-protocols-file -Xfrontend /Users/runner/Library/Developer/PhotoAxisBuilds/fe52d68e5807/DerivedData/Build/Intermediates.noindex/PhotoAxis.build/Debug/PhotoAxis.build/Objects-normal/arm64/PhotoAxis_const_extract_protocols.json -Xcc -iquote -Xcc /Users/runner/Library/Developer/PhotoAxisBuilds/fe52d68e5807/DerivedData/Build/Intermediates.noindex/PhotoAxis.build/Debug/PhotoAxis.build/PhotoAxis-generated-files.hmap -Xcc -I/Users/runner/Library/Developer/PhotoAxisBuilds/fe52d68e5807/DerivedData/Build/Intermediates.noindex/PhotoAxis.build/Debug/PhotoAxis.build/PhotoAxis-own-target-headers.hmap -Xcc -I/Users/runner/Library/Developer/PhotoAxisBuilds/fe52d68e5807/DerivedData/Build/Intermediates.noindex/PhotoAxis.build/Debug/PhotoAxis.build/PhotoAxis-all-non-framework-target-headers.hmap -Xcc -ivfsoverlay -Xcc /Users/runner/Library/Developer/PhotoAxisBuilds/fe52d68e5807/DerivedData/Build/Intermediates.noindex/PhotoAxis.build/Debug/PhotoAxis-9730526f0700b8b20d57e2b47e796b5b-VFS/all-product-headers.yaml -Xcc -iquote -Xcc /Users/runner/Library/Developer/PhotoAxisBuilds/fe52d68e5807/DerivedData/Build/Intermediates.noindex/PhotoAxis.build/Debug/PhotoAxis.build/PhotoAxis-project-headers.hmap -Xcc -I/Users/runner/Library/Developer/PhotoAxisBuilds/fe52d68e5807/DerivedData/Build/Products/Debug/include -Xcc -I/Users/runner/Library/Developer/PhotoAxisBuilds/fe52d68e5807/DerivedData/Build/Intermediates.noindex/PhotoAxis.build/Debug/PhotoAxis.build/DerivedSources-normal/arm64 -Xcc -I/Users/runner/Library/Developer/PhotoAxisBuilds/fe52d68e5807/DerivedData/Build/Intermediates.noindex/PhotoAxis.build/Debug/PhotoAxis.build/DerivedSources/arm64 -Xcc -I/Users/runner/Library/Developer/PhotoAxisBuilds/fe52d68e5807/DerivedData/Build/Intermediates.noindex/PhotoAxis.build/Debug/PhotoAxis.build/DerivedSources -emit-objc-header -emit-objc-header-path /Users/runner/Library/Developer/PhotoAxisBuilds/fe52d68e5807/DerivedData/Build/Intermediates.noindex/PhotoAxis.build/Debug/PhotoAxis.build/Objects-normal/arm64/PhotoAxis-Swift.h -working-directory $REPO -experimental-emit-module-separately -disable-cmo
build-test	Model and geometry tests; Debug build	2026-10-03T07:16:09.9473010Z 
build-test	Model and geometry tests; Debug build	2026-10-03T07:16:09.9499130Z SwiftEmitModule normal arm64 Emitting\ module\ for\ PhotoAxisCoreTests (in target 'PhotoAxisCoreTests' from project 'PhotoAxis')
build-test	Model and geometry tests; Debug build	2026-10-03T07:16:09.9600340Z EmitSwiftModule normal arm64 (in target 'PhotoAxisCoreTests' from project 'PhotoAxis')
build-test	Model and geometry tests; Debug build	2026-10-03T07:16:09.9623190Z     cd $REPO
build-test	Model and geometry tests; Debug build	2026-10-03T07:16:09.9739130Z     
build-test	Model and geometry tests; Debug build	2026-10-03T07:16:16.9118920Z 
build-test	Model and geometry tests; Debug build	2026-10-03T07:16:16.9388880Z SwiftCompile normal arm64 Compiling\ FoundationTests.swift,\ ImageAdjustmentTests.swift,\ InvestigationTests.swift,\ LayerHistoryTests.swift $REPO/Tests/PhotoAxisCoreTests/FoundationTests.swift $REPO/Tests/PhotoAxisCoreTests/ImageAdjustmentTests.swift $REPO/Tests/PhotoAxisCoreTests/InvestigationTests.swift $REPO/Tests/PhotoAxisCoreTests/LayerHistoryTests.swift (in target 'PhotoAxisCoreTests' from project 'PhotoAxis')
build-test	Model and geometry tests; Debug build	2026-10-03T07:16:16.9490280Z SwiftCompile normal arm64 $REPO/Tests/PhotoAxisCoreTests/FoundationTests.swift (in target 'PhotoAxisCoreTests' from project 'PhotoAxis')
build-test	Model and geometry tests; Debug build	2026-10-03T07:16:16.9601850Z     cd $REPO
build-test	Model and geometry tests; Debug build	2026-10-03T07:16:16.9703610Z     
build-test	Model and geometry tests; Debug build	2026-10-03T07:16:21.0789390Z 
build-test	Model and geometry tests; Debug build	2026-10-03T07:16:21.0891850Z SwiftCompile normal arm64 $REPO/Tests/PhotoAxisCoreTests/ImageAdjustmentTests.swift (in target 'PhotoAxisCoreTests' from project 'PhotoAxis')
build-test	Model and geometry tests; Debug build	2026-10-03T07:16:21.0991070Z     cd $REPO
build-test	Model and geometry tests; Debug build	2026-10-03T07:16:21.1092020Z     
build-test	Model and geometry tests; Debug build	2026-10-03T07:16:21.1197440Z 
build-test	Model and geometry tests; Debug build	2026-10-03T07:16:21.1299050Z SwiftCompile normal arm64 $REPO/Tests/PhotoAxisCoreTests/InvestigationTests.swift (in target 'PhotoAxisCoreTests' from project 'PhotoAxis')
build-test	Model and geometry tests; Debug build	2026-10-03T07:16:21.1400670Z     cd $REPO
build-test	Model and geometry tests; Debug build	2026-10-03T07:16:21.1501300Z     
build-test	Model and geometry tests; Debug build	2026-10-03T07:16:21.1601460Z 
build-test	Model and geometry tests; Debug build	2026-10-03T07:16:21.1703500Z SwiftCompile normal arm64 $REPO/Tests/PhotoAxisCoreTests/LayerHistoryTests.swift (in target 'PhotoAxisCoreTests' from project 'PhotoAxis')
build-test	Model and geometry tests; Debug build	2026-10-03T07:16:21.1804840Z     cd $REPO
build-test	Model and geometry tests; Debug build	2026-10-03T07:16:21.1905120Z     
build-test	Model and geometry tests; Debug build	2026-10-03T07:16:21.2005870Z 
build-test	Model and geometry tests; Debug build	2026-10-03T07:16:21.2106760Z SwiftEmitModule normal arm64 Emitting\ module\ for\ PhotoAxis (in target 'PhotoAxis' from project 'PhotoAxis')
build-test	Model and geometry tests; Debug build	2026-10-03T07:16:21.2207850Z 
build-test	Model and geometry tests; Debug build	2026-10-03T07:16:21.2308640Z EmitSwiftModule normal arm64 (in target 'PhotoAxis' from project 'PhotoAxis')
build-test	Model and geometry tests; Debug build	2026-10-03T07:16:21.2410910Z     cd $REPO
build-test	Model and geometry tests; Debug build	2026-10-03T07:16:21.2512740Z     
build-test	Model and geometry tests; Debug build	2026-10-03T07:16:21.2622550Z 
build-test	Model and geometry tests; Debug build	2026-10-03T07:16:21.2724850Z SwiftCompile normal arm64 Compiling\ MultiLayerGeometryTests.swift,\ PerspectiveGeometryTests.swift,\ ProjectFormatTests.swift,\ ScanTests.swift $REPO/Tests/PhotoAxisCoreTests/MultiLayerGeometryTests.swift $REPO/Tests/PhotoAxisCoreTests/PerspectiveGeometryTests.swift $REPO/Tests/PhotoAxisCoreTests/ProjectFormatTests.swift $REPO/Tests/PhotoAxisCoreTests/ScanTests.swift (in target 'PhotoAxisCoreTests' from project 'PhotoAxis')
build-test	Model and geometry tests; Debug build	2026-10-03T07:16:21.2827980Z SwiftCompile normal arm64 $REPO/Tests/PhotoAxisCoreTests/MultiLayerGeometryTests.swift (in target 'PhotoAxisCoreTests' from project 'PhotoAxis')
build-test	Model and geometry tests; Debug build	2026-10-03T07:16:21.2930060Z     cd $REPO
build-test	Model and geometry tests; Debug build	2026-10-03T07:16:21.3030880Z     
build-test	Model and geometry tests; Debug build	2026-10-03T07:16:21.3131450Z 
build-test	Model and geometry tests; Debug build	2026-10-03T07:16:21.3232670Z SwiftCompile normal arm64 $REPO/Tests/PhotoAxisCoreTests/PerspectiveGeometryTests.swift (in target 'PhotoAxisCoreTests' from project 'PhotoAxis')
build-test	Model and geometry tests; Debug build	2026-10-03T07:16:21.3333980Z     cd $REPO
build-test	Model and geometry tests; Debug build	2026-10-03T07:16:21.3435320Z     
build-test	Model and geometry tests; Debug build	2026-10-03T07:16:21.3541150Z 
build-test	Model and geometry tests; Debug build	2026-10-03T07:16:21.3642570Z SwiftCompile normal arm64 $REPO/Tests/PhotoAxisCoreTests/ProjectFormatTests.swift (in target 'PhotoAxisCoreTests' from project 'PhotoAxis')
build-test	Model and geometry tests; Debug build	2026-10-03T07:16:21.3743800Z     cd $REPO
build-test	Model and geometry tests; Debug build	2026-10-03T07:16:21.3844740Z     
build-test	Model and geometry tests; Debug build	2026-10-03T07:16:21.3945270Z 
build-test	Model and geometry tests; Debug build	2026-10-03T07:16:21.4046250Z SwiftCompile normal arm64 $REPO/Tests/PhotoAxisCoreTests/ScanTests.swift (in target 'PhotoAxisCoreTests' from project 'PhotoAxis')
build-test	Model and geometry tests; Debug build	2026-10-03T07:16:21.4147700Z     cd $REPO
build-test	Model and geometry tests; Debug build	2026-10-03T07:16:21.4250160Z     
build-test	Model and geometry tests; Debug build	2026-10-03T07:16:21.4351260Z 
build-test	Model and geometry tests; Debug build	2026-10-03T07:16:21.4457380Z SwiftDriverJobDiscovery normal arm64 Emitting module for PhotoAxisCoreTests (in target 'PhotoAxisCoreTests' from project 'PhotoAxis')
build-test	Model and geometry tests; Debug build	2026-10-03T07:16:21.4586400Z 
build-test	Model and geometry tests; Debug build	2026-10-03T07:16:21.4687680Z SwiftDriver\ Compilation\ Requirements PhotoAxisCoreTests normal arm64 com.apple.xcode.tools.swift.compiler (in target 'PhotoAxisCoreTests' from project 'PhotoAxis')
build-test	Model and geometry tests; Debug build	2026-10-03T07:16:21.4789370Z     cd $REPO
build-test	Model and geometry tests; Debug build	2026-10-03T07:16:21.4905460Z     builtin-Swift-Compilation-Requirements -- /Applications/Xcode_16.4.app/Contents/Developer/Toolchains/XcodeDefault.xctoolchain/usr/bin/swiftc -module-name PhotoAxisCoreTests -Onone -enforce-exclusivity\=checked @/Users/runner/Library/Developer/PhotoAxisBuilds/fe52d68e5807/DerivedData/Build/Intermediates.noindex/PhotoAxis.build/Debug/PhotoAxisCoreTests.build/Objects-normal/arm64/PhotoAxisCoreTests.SwiftFileList -DDEBUG -plugin-path /Applications/Xcode_16.4.app/Contents/Developer/Toolchains/XcodeDefault.xctoolchain/usr/lib/swift/host/plugins/testing -enable-experimental-feature DebugDescriptionMacro -sdk /Applications/Xcode_16.4.app/Contents/Developer/Platforms/MacOSX.platform/Developer/SDKs/MacOSX15.5.sdk -target arm64-apple-macos14.0 -g -module-cache-path /Users/runner/Library/Developer/PhotoAxisBuilds/fe52d68e5807/DerivedData/ModuleCache.noindex -Xfrontend -serialize-debugging-options -enable-testing -index-store-path /Users/runner/Library/Developer/PhotoAxisBuilds/fe52d68e5807/DerivedData/Index.noindex/DataStore -swift-version 6 -I /Users/runner/Library/Developer/PhotoAxisBuilds/fe52d68e5807/DerivedData/Build/Products/Debug -I /Applications/Xcode_16.4.app/Contents/Developer/Platforms/MacOSX.platform/Developer/usr/lib -F /Users/runner/Library/Developer/PhotoAxisBuilds/fe52d68e5807/DerivedData/Build/Products/Debug -F /Applications/Xcode_16.4.app/Contents/Developer/Platforms/MacOSX.platform/Developer/Library/Frameworks -c -j3 -enable-batch-mode -incremental -Xcc -ivfsstatcache -Xcc /Users/runner/Library/Developer/PhotoAxisBuilds/fe52d68e5807/DerivedData/SDKStatCaches.noindex/macosx15.5-24F74-a403186ba963133a54a0e0cacd566b0b.sdkstatcache -output-file-map /Users/runner/Library/Developer/PhotoAxisBuilds/fe52d68e5807/DerivedData/Build/Intermediates.noindex/PhotoAxis.build/Debug/PhotoAxisCoreTests.build/Objects-normal/arm64/PhotoAxisCoreTests-OutputFileMap.json -use-frontend-parseable-output -save-temps -no-color-diagnostics -serialize-diagnostics -emit-dependencies -emit-module -emit-module-path /Users/runner/Library/Developer/PhotoAxisBuilds/fe52d68e5807/DerivedData/Build/Intermediates.noindex/PhotoAxis.build/Debug/PhotoAxisCoreTests.build/Objects-normal/arm64/PhotoAxisCoreTests.swiftmodule -validate-clang-modules-once -clang-build-session-file /Users/runner/Library/Developer/PhotoAxisBuilds/fe52d68e5807/DerivedData/ModuleCache.noindex/Session.modulevalidation -Xcc -I/Users/runner/Library/Developer/PhotoAxisBuilds/fe52d68e5807/DerivedData/Build/Intermediates.noindex/PhotoAxis.build/Debug/PhotoAxisCoreTests.build/swift-overrides.hmap -emit-const-values -Xfrontend -const-gather-protocols-file -Xfrontend /Users/runner/Library/Developer/PhotoAxisBuilds/fe52d68e5807/DerivedData/Build/Intermediates.noindex/PhotoAxis.build/Debug/PhotoAxisCoreTests.build/Objects-normal/arm64/PhotoAxisCoreTests_const_extract_protocols.json -Xcc -iquote -Xcc /Users/runner/Library/Developer/PhotoAxisBuilds/fe52d68e5807/DerivedData/Build/Intermediates.noindex/PhotoAxis.build/Debug/PhotoAxisCoreTests.build/PhotoAxisCoreTests-generated-files.hmap -Xcc -I/Users/runner/Library/Developer/PhotoAxisBuilds/fe52d68e5807/DerivedData/Build/Intermediates.noindex/PhotoAxis.build/Debug/PhotoAxisCoreTests.build/PhotoAxisCoreTests-own-target-headers.hmap -Xcc -I/Users/runner/Library/Developer/PhotoAxisBuilds/fe52d68e5807/DerivedData/Build/Intermediates.noindex/PhotoAxis.build/Debug/PhotoAxisCoreTests.build/PhotoAxisCoreTests-all-non-framework-target-headers.hmap -Xcc -ivfsoverlay -Xcc /Users/runner/Library/Developer/PhotoAxisBuilds/fe52d68e5807/DerivedData/Build/Intermediates.noindex/PhotoAxis.build/Debug/PhotoAxis-9730526f0700b8b20d57e2b47e796b5b-VFS/all-product-headers.yaml -Xcc -iquote -Xcc /Users/runner/Library/Developer/PhotoAxisBuilds/fe52d68e5807/DerivedData/Build/Intermediates.noindex/PhotoAxis.build/Debug/PhotoAxisCoreTests.build/PhotoAxisCoreTests-project-headers.hmap -Xcc -I/Users/runner/Library/Developer/PhotoAxisBuilds/fe52d68e5807/DerivedData/Build/Products/Debug/include -Xcc -I/Users/runner/Library/Developer/PhotoAxisBuilds/fe52d68e5807/DerivedData/Build/Intermediates.noindex/PhotoAxis.build/Debug/PhotoAxisCoreTests.build/DerivedSources-normal/arm64 -Xcc -I/Users/runner/Library/Developer/PhotoAxisBuilds/fe52d68e5807/DerivedData/Build/Intermediates.noindex/PhotoAxis.build/Debug/PhotoAxisCoreTests.build/DerivedSources/arm64 -Xcc -I/Users/runner/Library/Developer/PhotoAxisBuilds/fe52d68e5807/DerivedData/Build/Intermediates.noindex/PhotoAxis.build/Debug/PhotoAxisCoreTests.build/DerivedSources -emit-objc-header -emit-objc-header-path /Users/runner/Library/Developer/PhotoAxisBuilds/fe52d68e5807/DerivedData/Build/Intermediates.noindex/PhotoAxis.build/Debug/PhotoAxisCoreTests.build/Objects-normal/arm64/PhotoAxisCoreTests-Swift.h -working-directory $REPO -experimental-emit-module-separately -disable-cmo
build-test	Model and geometry tests; Debug build	2026-10-03T07:16:21.4943070Z 
build-test	Model and geometry tests; Debug build	2026-10-03T07:16:21.5044420Z SwiftDriverJobDiscovery normal arm64 Emitting module for PhotoAxis (in target 'PhotoAxis' from project 'PhotoAxis')
build-test	Model and geometry tests; Debug build	2026-10-03T07:16:21.5144170Z 
build-test	Model and geometry tests; Debug build	2026-10-03T07:16:21.5245270Z SwiftDriver\ Compilation\ Requirements PhotoAxis normal arm64 com.apple.xcode.tools.swift.compiler (in target 'PhotoAxis' from project 'PhotoAxis')
build-test	Model and geometry tests; Debug build	2026-10-03T07:16:21.5345500Z     cd $REPO
build-test	Model and geometry tests; Debug build	2026-10-03T07:16:21.5459040Z     builtin-Swift-Compilation-Requirements -- /Applications/Xcode_16.4.app/Contents/Developer/Toolchains/XcodeDefault.xctoolchain/usr/bin/swiftc -module-name PhotoAxis -Onone -enforce-exclusivity\=checked @/Users/runner/Library/Developer/PhotoAxisBuilds/fe52d68e5807/DerivedData/Build/Intermediates.noindex/PhotoAxis.build/Debug/PhotoAxis.build/Objects-normal/arm64/PhotoAxis.SwiftFileList -DDEBUG -enable-experimental-feature DebugDescriptionMacro -sdk /Applications/Xcode_16.4.app/Contents/Developer/Platforms/MacOSX.platform/Developer/SDKs/MacOSX15.5.sdk -target arm64-apple-macos14.0 -g -module-cache-path /Users/runner/Library/Developer/PhotoAxisBuilds/fe52d68e5807/DerivedData/ModuleCache.noindex -Xfrontend -serialize-debugging-options -enable-testing -index-store-path /Users/runner/Library/Developer/PhotoAxisBuilds/fe52d68e5807/DerivedData/Index.noindex/DataStore -swift-version 6 -I /Users/runner/Library/Developer/PhotoAxisBuilds/fe52d68e5807/DerivedData/Build/Products/Debug -F /Users/runner/Library/Developer/PhotoAxisBuilds/fe52d68e5807/DerivedData/Build/Products/Debug -c -j3 -enable-batch-mode -incremental -Xcc -ivfsstatcache -Xcc /Users/runner/Library/Developer/PhotoAxisBuilds/fe52d68e5807/DerivedData/SDKStatCaches.noindex/macosx15.5-24F74-a403186ba963133a54a0e0cacd566b0b.sdkstatcache -output-file-map /Users/runner/Library/Developer/PhotoAxisBuilds/fe52d68e5807/DerivedData/Build/Intermediates.noindex/PhotoAxis.build/Debug/PhotoAxis.build/Objects-normal/arm64/PhotoAxis-OutputFileMap.json -use-frontend-parseable-output -save-temps -no-color-diagnostics -serialize-diagnostics -emit-dependencies -emit-module -emit-module-path /Users/runner/Library/Developer/PhotoAxisBuilds/fe52d68e5807/DerivedData/Build/Intermediates.noindex/PhotoAxis.build/Debug/PhotoAxis.build/Objects-normal/arm64/PhotoAxis.swiftmodule -validate-clang-modules-once -clang-build-session-file /Users/runner/Library/Developer/PhotoAxisBuilds/fe52d68e5807/DerivedData/ModuleCache.noindex/Session.modulevalidation -Xcc -I/Users/runner/Library/Developer/PhotoAxisBuilds/fe52d68e5807/DerivedData/Build/Intermediates.noindex/PhotoAxis.build/Debug/PhotoAxis.build/swift-overrides.hmap -emit-const-values -Xfrontend -const-gather-protocols-file -Xfrontend /Users/runner/Library/Developer/PhotoAxisBuilds/fe52d68e5807/DerivedData/Build/Intermediates.noindex/PhotoAxis.build/Debug/PhotoAxis.build/Objects-normal/arm64/PhotoAxis_const_extract_protocols.json -Xcc -iquote -Xcc /Users/runner/Library/Developer/PhotoAxisBuilds/fe52d68e5807/DerivedData/Build/Intermediates.noindex/PhotoAxis.build/Debug/PhotoAxis.build/PhotoAxis-generated-files.hmap -Xcc -I/Users/runner/Library/Developer/PhotoAxisBuilds/fe52d68e5807/DerivedData/Build/Intermediates.noindex/PhotoAxis.build/Debug/PhotoAxis.build/PhotoAxis-own-target-headers.hmap -Xcc -I/Users/runner/Library/Developer/PhotoAxisBuilds/fe52d68e5807/DerivedData/Build/Intermediates.noindex/PhotoAxis.build/Debug/PhotoAxis.build/PhotoAxis-all-non-framework-target-headers.hmap -Xcc -ivfsoverlay -Xcc /Users/runner/Library/Developer/PhotoAxisBuilds/fe52d68e5807/DerivedData/Build/Intermediates.noindex/PhotoAxis.build/Debug/PhotoAxis-9730526f0700b8b20d57e2b47e796b5b-VFS/all-product-headers.yaml -Xcc -iquote -Xcc /Users/runner/Library/Developer/PhotoAxisBuilds/fe52d68e5807/DerivedData/Build/Intermediates.noindex/PhotoAxis.build/Debug/PhotoAxis.build/PhotoAxis-project-headers.hmap -Xcc -I/Users/runner/Library/Developer/PhotoAxisBuilds/fe52d68e5807/DerivedData/Build/Products/Debug/include -Xcc -I/Users/runner/Library/Developer/PhotoAxisBuilds/fe52d68e5807/DerivedData/Build/Intermediates.noindex/PhotoAxis.build/Debug/PhotoAxis.build/DerivedSources-normal/arm64 -Xcc -I/Users/runner/Library/Developer/PhotoAxisBuilds/fe52d68e5807/DerivedData/Build/Intermediates.noindex/PhotoAxis.build/Debug/PhotoAxis.build/DerivedSources/arm64 -Xcc -I/Users/runner/Library/Developer/PhotoAxisBuilds/fe52d68e5807/DerivedData/Build/Intermediates.noindex/PhotoAxis.build/Debug/PhotoAxis.build/DerivedSources -emit-objc-header -emit-objc-header-path /Users/runner/Library/Developer/PhotoAxisBuilds/fe52d68e5807/DerivedData/Build/Intermediates.noindex/PhotoAxis.build/Debug/PhotoAxis.build/Objects-normal/arm64/PhotoAxis-Swift.h -working-directory $REPO -experimental-emit-module-separately -disable-cmo
build-test	Model and geometry tests; Debug build	2026-10-03T07:16:21.5546620Z 
build-test	Model and geometry tests; Debug build	2026-10-03T07:16:21.5648580Z SwiftMergeGeneratedHeaders /Users/runner/Library/Developer/PhotoAxisBuilds/fe52d68e5807/DerivedData/Build/Intermediates.noindex/PhotoAxis.build/Debug/PhotoAxisCoreTests.build/DerivedSources/PhotoAxisCoreTests-Swift.h /Users/runner/Library/Developer/PhotoAxisBuilds/fe52d68e5807/DerivedData/Build/Intermediates.noindex/PhotoAxis.build/Debug/PhotoAxisCoreTests.build/Objects-normal/arm64/PhotoAxisCoreTests-Swift.h (in target 'PhotoAxisCoreTests' from project 'PhotoAxis')
build-test	Model and geometry tests; Debug build	2026-10-03T07:16:21.5747810Z     cd $REPO
build-test	Model and geometry tests; Debug build	2026-10-03T07:16:21.5850030Z     builtin-swiftHeaderTool -arch arm64 /Users/runner/Library/Developer/PhotoAxisBuilds/fe52d68e5807/DerivedData/Build/Intermediates.noindex/PhotoAxis.build/Debug/PhotoAxisCoreTests.build/Objects-normal/arm64/PhotoAxisCoreTests-Swift.h -o /Users/runner/Library/Developer/PhotoAxisBuilds/fe52d68e5807/DerivedData/Build/Intermediates.noindex/PhotoAxis.build/Debug/PhotoAxisCoreTests.build/DerivedSources/PhotoAxisCoreTests-Swift.h
build-test	Model and geometry tests; Debug build	2026-10-03T07:16:21.5951050Z 
build-test	Model and geometry tests; Debug build	2026-10-03T07:16:21.6053280Z Copy /Users/runner/Library/Developer/PhotoAxisBuilds/fe52d68e5807/DerivedData/Build/Products/Debug/PhotoAxisCoreTests.swiftmodule/arm64-apple-macos.swiftmodule /Users/runner/Library/Developer/PhotoAxisBuilds/fe52d68e5807/DerivedData/Build/Intermediates.noindex/PhotoAxis.build/Debug/PhotoAxisCoreTests.build/Objects-normal/arm64/PhotoAxisCoreTests.swiftmodule (in target 'PhotoAxisCoreTests' from project 'PhotoAxis')
build-test	Model and geometry tests; Debug build	2026-10-03T07:16:21.6153410Z     cd $REPO
build-test	Model and geometry tests; Debug build	2026-10-03T07:16:21.6256830Z     builtin-copy -exclude .DS_Store -exclude CVS -exclude .svn -exclude .git -exclude .hg -strip-unsigned-binaries -strip-deterministic -strip-tool /Applications/Xcode_16.4.app/Contents/Developer/Toolchains/XcodeDefault.xctoolchain/usr/bin/strip -resolve-src-symlinks -rename /Users/runner/Library/Developer/PhotoAxisBuilds/fe52d68e5807/DerivedData/Build/Intermediates.noindex/PhotoAxis.build/Debug/PhotoAxisCoreTests.build/Objects-normal/arm64/PhotoAxisCoreTests.swiftmodule /Users/runner/Library/Developer/PhotoAxisBuilds/fe52d68e5807/DerivedData/Build/Products/Debug/PhotoAxisCoreTests.swiftmodule/arm64-apple-macos.swiftmodule
build-test	Model and geometry tests; Debug build	2026-10-03T07:16:21.6356570Z 
build-test	Model and geometry tests; Debug build	2026-10-03T07:16:21.6458890Z Copy /Users/runner/Library/Developer/PhotoAxisBuilds/fe52d68e5807/DerivedData/Build/Products/Debug/PhotoAxisCoreTests.swiftmodule/arm64-apple-macos.swiftdoc /Users/runner/Library/Developer/PhotoAxisBuilds/fe52d68e5807/DerivedData/Build/Intermediates.noindex/PhotoAxis.build/Debug/PhotoAxisCoreTests.build/Objects-normal/arm64/PhotoAxisCoreTests.swiftdoc (in target 'PhotoAxisCoreTests' from project 'PhotoAxis')
build-test	Model and geometry tests; Debug build	2026-10-03T07:16:21.6560250Z     cd $REPO
build-test	Model and geometry tests; Debug build	2026-10-03T07:16:21.6673410Z     builtin-copy -exclude .DS_Store -exclude CVS -exclude .svn -exclude .git -exclude .hg -strip-unsigned-binaries -strip-deterministic -strip-tool /Applications/Xcode_16.4.app/Contents/Developer/Toolchains/XcodeDefault.xctoolchain/usr/bin/strip -resolve-src-symlinks -rename /Users/runner/Library/Developer/PhotoAxisBuilds/fe52d68e5807/DerivedData/Build/Intermediates.noindex/PhotoAxis.build/Debug/PhotoAxisCoreTests.build/Objects-normal/arm64/PhotoAxisCoreTests.swiftdoc /Users/runner/Library/Developer/PhotoAxisBuilds/fe52d68e5807/DerivedData/Build/Products/Debug/PhotoAxisCoreTests.swiftmodule/arm64-apple-macos.swiftdoc
build-test	Model and geometry tests; Debug build	2026-10-03T07:16:21.6676860Z 
build-test	Model and geometry tests; Debug build	2026-10-03T07:16:21.6778640Z Copy /Users/runner/Library/Developer/PhotoAxisBuilds/fe52d68e5807/DerivedData/Build/Products/Debug/PhotoAxisCoreTests.swiftmodule/arm64-apple-macos.abi.json /Users/runner/Library/Developer/PhotoAxisBuilds/fe52d68e5807/DerivedData/Build/Intermediates.noindex/PhotoAxis.build/Debug/PhotoAxisCoreTests.build/Objects-normal/arm64/PhotoAxisCoreTests.abi.json (in target 'PhotoAxisCoreTests' from project 'PhotoAxis')
build-test	Model and geometry tests; Debug build	2026-10-03T07:16:21.6880830Z     cd $REPO
build-test	Model and geometry tests; Debug build	2026-10-03T07:16:21.6983690Z     builtin-copy -exclude .DS_Store -exclude CVS -exclude .svn -exclude .git -exclude .hg -strip-unsigned-binaries -strip-deterministic -strip-tool /Applications/Xcode_16.4.app/Contents/Developer/Toolchains/XcodeDefault.xctoolchain/usr/bin/strip -resolve-src-symlinks -rename /Users/runner/Library/Developer/PhotoAxisBuilds/fe52d68e5807/DerivedData/Build/Intermediates.noindex/PhotoAxis.build/Debug/PhotoAxisCoreTests.build/Objects-normal/arm64/PhotoAxisCoreTests.abi.json /Users/runner/Library/Developer/PhotoAxisBuilds/fe52d68e5807/DerivedData/Build/Products/Debug/PhotoAxisCoreTests.swiftmodule/arm64-apple-macos.abi.json
build-test	Model and geometry tests; Debug build	2026-10-03T07:16:21.7086200Z 
build-test	Model and geometry tests; Debug build	2026-10-03T07:16:21.7184090Z Copy /Users/runner/Library/Developer/PhotoAxisBuilds/fe52d68e5807/DerivedData/Build/Products/Debug/PhotoAxisCoreTests.swiftmodule/Project/arm64-apple-macos.swiftsourceinfo /Users/runner/Library/Developer/PhotoAxisBuilds/fe52d68e5807/DerivedData/Build/Intermediates.noindex/PhotoAxis.build/Debug/PhotoAxisCoreTests.build/Objects-normal/arm64/PhotoAxisCoreTests.swiftsourceinfo (in target 'PhotoAxisCoreTests' from project 'PhotoAxis')
build-test	Model and geometry tests; Debug build	2026-10-03T07:16:21.7283290Z     cd $REPO
build-test	Model and geometry tests; Debug build	2026-10-03T07:16:21.7386060Z     builtin-copy -exclude .DS_Store -exclude CVS -exclude .svn -exclude .git -exclude .hg -strip-unsigned-binaries -strip-deterministic -strip-tool /Applications/Xcode_16.4.app/Contents/Developer/Toolchains/XcodeDefault.xctoolchain/usr/bin/strip -resolve-src-symlinks -rename /Users/runner/Library/Developer/PhotoAxisBuilds/fe52d68e5807/DerivedData/Build/Intermediates.noindex/PhotoAxis.build/Debug/PhotoAxisCoreTests.build/Objects-normal/arm64/PhotoAxisCoreTests.swiftsourceinfo /Users/runner/Library/Developer/PhotoAxisBuilds/fe52d68e5807/DerivedData/Build/Products/Debug/PhotoAxisCoreTests.swiftmodule/Project/arm64-apple-macos.swiftsourceinfo
build-test	Model and geometry tests; Debug build	2026-10-03T07:16:21.7486970Z 
build-test	Model and geometry tests; Debug build	2026-10-03T07:16:21.7589010Z SwiftMergeGeneratedHeaders /Users/runner/Library/Developer/PhotoAxisBuilds/fe52d68e5807/DerivedData/Build/Intermediates.noindex/PhotoAxis.build/Debug/PhotoAxis.build/DerivedSources/PhotoAxis-Swift.h /Users/runner/Library/Developer/PhotoAxisBuilds/fe52d68e5807/DerivedData/Build/Intermediates.noindex/PhotoAxis.build/Debug/PhotoAxis.build/Objects-normal/arm64/PhotoAxis-Swift.h (in target 'PhotoAxis' from project 'PhotoAxis')
build-test	Model and geometry tests; Debug build	2026-10-03T07:16:21.7688240Z     cd $REPO
build-test	Model and geometry tests; Debug build	2026-10-03T07:16:21.7790470Z     builtin-swiftHeaderTool -arch arm64 /Users/runner/Library/Developer/PhotoAxisBuilds/fe52d68e5807/DerivedData/Build/Intermediates.noindex/PhotoAxis.build/Debug/PhotoAxis.build/Objects-normal/arm64/PhotoAxis-Swift.h -o /Users/runner/Library/Developer/PhotoAxisBuilds/fe52d68e5807/DerivedData/Build/Intermediates.noindex/PhotoAxis.build/Debug/PhotoAxis.build/DerivedSources/PhotoAxis-Swift.h
build-test	Model and geometry tests; Debug build	2026-10-03T07:16:21.7889820Z 
build-test	Model and geometry tests; Debug build	2026-10-03T07:16:21.7991760Z Copy /Users/runner/Library/Developer/PhotoAxisBuilds/fe52d68e5807/DerivedData/Build/Products/Debug/PhotoAxis.swiftmodule/arm64-apple-macos.swiftmodule /Users/runner/Library/Developer/PhotoAxisBuilds/fe52d68e5807/DerivedData/Build/Intermediates.noindex/PhotoAxis.build/Debug/PhotoAxis.build/Objects-normal/arm64/PhotoAxis.swiftmodule (in target 'PhotoAxis' from project 'PhotoAxis')
build-test	Model and geometry tests; Debug build	2026-10-03T07:16:21.8090990Z     cd $REPO
build-test	Model and geometry tests; Debug build	2026-10-03T07:16:21.8194100Z     builtin-copy -exclude .DS_Store -exclude CVS -exclude .svn -exclude .git -exclude .hg -strip-unsigned-binaries -strip-deterministic -strip-tool /Applications/Xcode_16.4.app/Contents/Developer/Toolchains/XcodeDefault.xctoolchain/usr/bin/strip -resolve-src-symlinks -rename /Users/runner/Library/Developer/PhotoAxisBuilds/fe52d68e5807/DerivedData/Build/Intermediates.noindex/PhotoAxis.build/Debug/PhotoAxis.build/Objects-normal/arm64/PhotoAxis.swiftmodule /Users/runner/Library/Developer/PhotoAxisBuilds/fe52d68e5807/DerivedData/Build/Products/Debug/PhotoAxis.swiftmodule/arm64-apple-macos.swiftmodule
build-test	Model and geometry tests; Debug build	2026-10-03T07:16:21.8292190Z 
build-test	Model and geometry tests; Debug build	2026-10-03T07:16:21.8394110Z Copy /Users/runner/Library/Developer/PhotoAxisBuilds/fe52d68e5807/DerivedData/Build/Products/Debug/PhotoAxis.swiftmodule/arm64-apple-macos.swiftdoc /Users/runner/Library/Developer/PhotoAxisBuilds/fe52d68e5807/DerivedData/Build/Intermediates.noindex/PhotoAxis.build/Debug/PhotoAxis.build/Objects-normal/arm64/PhotoAxis.swiftdoc (in target 'PhotoAxis' from project 'PhotoAxis')
build-test	Model and geometry tests; Debug build	2026-10-03T07:16:21.8493810Z     cd $REPO
build-test	Model and geometry tests; Debug build	2026-10-03T07:16:21.8596550Z     builtin-copy -exclude .DS_Store -exclude CVS -exclude .svn -exclude .git -exclude .hg -strip-unsigned-binaries -strip-deterministic -strip-tool /Applications/Xcode_16.4.app/Contents/Developer/Toolchains/XcodeDefault.xctoolchain/usr/bin/strip -resolve-src-symlinks -rename /Users/runner/Library/Developer/PhotoAxisBuilds/fe52d68e5807/DerivedData/Build/Intermediates.noindex/PhotoAxis.build/Debug/PhotoAxis.build/Objects-normal/arm64/PhotoAxis.swiftdoc /Users/runner/Library/Developer/PhotoAxisBuilds/fe52d68e5807/DerivedData/Build/Products/Debug/PhotoAxis.swiftmodule/arm64-apple-macos.swiftdoc
build-test	Model and geometry tests; Debug build	2026-10-03T07:16:21.8695070Z 
build-test	Model and geometry tests; Debug build	2026-10-03T07:16:21.8763540Z Copy /Users/runner/Library/Developer/PhotoAxisBuilds/fe52d68e5807/DerivedData/Build/Products/Debug/PhotoAxis.swiftmodule/arm64-apple-macos.abi.json /Users/runner/Library/Developer/PhotoAxisBuilds/fe52d68e5807/DerivedData/Build/Intermediates.noindex/PhotoAxis.build/Debug/PhotoAxis.build/Objects-normal/arm64/PhotoAxis.abi.json (in target 'PhotoAxis' from project 'PhotoAxis')
build-test	Model and geometry tests; Debug build	2026-10-03T07:16:21.8865690Z     cd $REPO
build-test	Model and geometry tests; Debug build	2026-10-03T07:16:21.8967490Z     builtin-copy -exclude .DS_Store -exclude CVS -exclude .svn -exclude .git -exclude .hg -strip-unsigned-binaries -strip-deterministic -strip-tool /Applications/Xcode_16.4.app/Contents/Developer/Toolchains/XcodeDefault.xctoolchain/usr/bin/strip -resolve-src-symlinks -rename /Users/runner/Library/Developer/PhotoAxisBuilds/fe52d68e5807/DerivedData/Build/Intermediates.noindex/PhotoAxis.build/Debug/PhotoAxis.build/Objects-normal/arm64/PhotoAxis.abi.json /Users/runner/Library/Developer/PhotoAxisBuilds/fe52d68e5807/DerivedData/Build/Products/Debug/PhotoAxis.swiftmodule/arm64-apple-macos.abi.json
build-test	Model and geometry tests; Debug build	2026-10-03T07:16:21.9067360Z 
build-test	Model and geometry tests; Debug build	2026-10-03T07:16:21.9169320Z Copy /Users/runner/Library/Developer/PhotoAxisBuilds/fe52d68e5807/DerivedData/Build/Products/Debug/PhotoAxis.swiftmodule/Project/arm64-apple-macos.swiftsourceinfo /Users/runner/Library/Developer/PhotoAxisBuilds/fe52d68e5807/DerivedData/Build/Intermediates.noindex/PhotoAxis.build/Debug/PhotoAxis.build/Objects-normal/arm64/PhotoAxis.swiftsourceinfo (in target 'PhotoAxis' from project 'PhotoAxis')
build-test	Model and geometry tests; Debug build	2026-10-03T07:16:21.9270980Z     cd $REPO
build-test	Model and geometry tests; Debug build	2026-10-03T07:16:21.9373770Z     builtin-copy -exclude .DS_Store -exclude CVS -exclude .svn -exclude .git -exclude .hg -strip-unsigned-binaries -strip-deterministic -strip-tool /Applications/Xcode_16.4.app/Contents/Developer/Toolchains/XcodeDefault.xctoolchain/usr/bin/strip -resolve-src-symlinks -rename /Users/runner/Library/Developer/PhotoAxisBuilds/fe52d68e5807/DerivedData/Build/Intermediates.noindex/PhotoAxis.build/Debug/PhotoAxis.build/Objects-normal/arm64/PhotoAxis.swiftsourceinfo /Users/runner/Library/Developer/PhotoAxisBuilds/fe52d68e5807/DerivedData/Build/Products/Debug/PhotoAxis.swiftmodule/Project/arm64-apple-macos.swiftsourceinfo
build-test	Model and geometry tests; Debug build	2026-10-03T07:16:21.9472060Z 
build-test	Model and geometry tests; Debug build	2026-10-03T07:16:21.9574580Z SwiftCompile normal arm64 Compiling\ ContentTests.swift,\ CropGeometryTests.swift,\ DocumentTests.swift,\ ExportOptionsTests.swift $REPO/Tests/PhotoAxisCoreTests/ContentTests.swift $REPO/Tests/PhotoAxisCoreTests/CropGeometryTests.swift $REPO/Tests/PhotoAxisCoreTests/DocumentTests.swift $REPO/Tests/PhotoAxisCoreTests/ExportOptionsTests.swift (in target 'PhotoAxisCoreTests' from project 'PhotoAxis')
build-test	Model and geometry tests; Debug build	2026-10-03T07:16:21.9677550Z SwiftCompile normal arm64 $REPO/Tests/PhotoAxisCoreTests/ContentTests.swift (in target 'PhotoAxisCoreTests' from project 'PhotoAxis')
build-test	Model and geometry tests; Debug build	2026-10-03T07:16:21.9777910Z     cd $REPO
build-test	Model and geometry tests; Debug build	2026-10-03T07:16:21.9879350Z     
build-test	Model and geometry tests; Debug build	2026-10-03T07:16:21.9979880Z 
build-test	Model and geometry tests; Debug build	2026-10-03T07:16:22.0081000Z SwiftCompile normal arm64 $REPO/Tests/PhotoAxisCoreTests/CropGeometryTests.swift (in target 'PhotoAxisCoreTests' from project 'PhotoAxis')
build-test	Model and geometry tests; Debug build	2026-10-03T07:16:22.0186000Z     cd $REPO
build-test	Model and geometry tests; Debug build	2026-10-03T07:16:22.0287150Z     
build-test	Model and geometry tests; Debug build	2026-10-03T07:16:22.0387800Z 
build-test	Model and geometry tests; Debug build	2026-10-03T07:16:22.0489010Z SwiftCompile normal arm64 $REPO/Tests/PhotoAxisCoreTests/DocumentTests.swift (in target 'PhotoAxisCoreTests' from project 'PhotoAxis')
build-test	Model and geometry tests; Debug build	2026-10-03T07:16:22.0590470Z     cd $REPO
build-test	Model and geometry tests; Debug build	2026-10-03T07:16:22.0691740Z     
build-test	Model and geometry tests; Debug build	2026-10-03T07:16:22.0792430Z 
build-test	Model and geometry tests; Debug build	2026-10-03T07:16:22.0893520Z SwiftCompile normal arm64 $REPO/Tests/PhotoAxisCoreTests/ExportOptionsTests.swift (in target 'PhotoAxisCoreTests' from project 'PhotoAxis')
build-test	Model and geometry tests; Debug build	2026-10-03T07:16:22.0995080Z     cd $REPO
build-test	Model and geometry tests; Debug build	2026-10-03T07:16:22.1096120Z     
build-test	Model and geometry tests; Debug build	2026-10-03T07:16:22.1196780Z 
build-test	Model and geometry tests; Debug build	2026-10-03T07:16:22.1304510Z SwiftCompile normal arm64 Compiling\ AppDelegate.swift,\ AdjustmentEditing.swift,\ ContentEditing.swift,\ CropEditing.swift,\ ExportStore.swift,\ ICCEmbedding.swift,\ PerspectiveEditing.swift,\ PhotoDocument.swift,\ ProjectStore.swift,\ RecoveryCrashFixture.swift,\ RecoveryStore.swift,\ TransformEditing.swift,\ InvestigationAnalysisEngine.swift,\ InvestigationAnalysisStore.swift,\ InvestigationCaseStore.swift,\ InvestigationComparison.swift,\ InvestigationController.swift,\ InvestigationReviewController.swift,\ InvestigationSharing.swift $REPO/Sources/PhotoAxisApp/AppDelegate.swift $REPO/Sources/PhotoAxisApp/Commands/AdjustmentEditing.swift $REPO/Sources/PhotoAxisApp/Commands/ContentEditing.swift $REPO/Sources/PhotoAxisApp/Commands/CropEditing.swift $REPO/Sources/PhotoAxisApp/Commands/ExportStore.swift $REPO/Sources/PhotoAxisApp/Commands/ICCEmbedding.swift $REPO/Sources/PhotoAxisApp/Commands/PerspectiveEditing.swift $REPO/Sources/PhotoAxisApp/Commands/PhotoDocument.swift $REPO/Sources/PhotoAxisApp/Commands/ProjectStore.swift $REPO/Sources/PhotoAxisApp/Commands/RecoveryCrashFixture.swift $REPO/Sources/PhotoAxisApp/Commands/RecoveryStore.swift $REPO/Sources/PhotoAxisApp/Commands/TransformEditing.swift $REPO/Sources/PhotoAxisApp/Investigation/InvestigationAnalysisEngine.swift $REPO/Sources/PhotoAxisApp/Investigation/InvestigationAnalysisStore.swift $REPO/Sources/PhotoAxisApp/Investigation/InvestigationCaseStore.swift $REPO/Sources/PhotoAxisApp/Investigation/InvestigationComparison.swift $REPO/Sources/PhotoAxisApp/Investigation/InvestigationController.swift $REPO/Sources/PhotoAxisApp/Investigation/InvestigationReviewController.swift $REPO/Sources/PhotoAxisApp/Investigation/InvestigationSharing.swift (in target 'PhotoAxis' from project 'PhotoAxis')
build-test	Model and geometry tests; Debug build	2026-10-03T07:16:22.1404610Z SwiftCompile normal arm64 $REPO/Sources/PhotoAxisApp/AppDelegate.swift (in target 'PhotoAxis' from project 'PhotoAxis')
build-test	Model and geometry tests; Debug build	2026-10-03T07:16:22.1506150Z     cd $REPO
build-test	Model and geometry tests; Debug build	2026-10-03T07:16:22.1607140Z     
build-test	Model and geometry tests; Debug build	2026-10-03T07:16:30.0383960Z 
build-test	Model and geometry tests; Debug build	2026-10-03T07:16:30.0498310Z SwiftCompile normal arm64 $REPO/Sources/PhotoAxisApp/Commands/AdjustmentEditing.swift (in target 'PhotoAxis' from project 'PhotoAxis')
build-test	Model and geometry tests; Debug build	2026-10-03T07:16:30.0607350Z     cd $REPO
build-test	Model and geometry tests; Debug build	2026-10-03T07:16:30.0728640Z     
build-test	Model and geometry tests; Debug build	2026-10-03T07:16:30.0847830Z 
build-test	Model and geometry tests; Debug build	2026-10-03T07:16:30.0924870Z SwiftCompile normal arm64 $REPO/Sources/PhotoAxisApp/Commands/ContentEditing.swift (in target 'PhotoAxis' from project 'PhotoAxis')
build-test	Model and geometry tests; Debug build	2026-10-03T07:16:30.0925760Z     cd $REPO
build-test	Model and geometry tests; Debug build	2026-10-03T07:16:30.0926100Z     
build-test	Model and geometry tests; Debug build	2026-10-03T07:16:30.0926240Z 
build-test	Model and geometry tests; Debug build	2026-10-03T07:16:30.0926690Z SwiftCompile normal arm64 $REPO/Sources/PhotoAxisApp/Commands/CropEditing.swift (in target 'PhotoAxis' from project 'PhotoAxis')
build-test	Model and geometry tests; Debug build	2026-10-03T07:16:30.0927340Z     cd $REPO
build-test	Model and geometry tests; Debug build	2026-10-03T07:16:30.0934570Z     
build-test	Model and geometry tests; Debug build	2026-10-03T07:16:30.0934650Z 
build-test	Model and geometry tests; Debug build	2026-10-03T07:16:30.0935140Z SwiftCompile normal arm64 $REPO/Sources/PhotoAxisApp/Commands/ExportStore.swift (in target 'PhotoAxis' from project 'PhotoAxis')
build-test	Model and geometry tests; Debug build	2026-10-03T07:16:30.0935790Z     cd $REPO
build-test	Model and geometry tests; Debug build	2026-10-03T07:16:30.0936080Z     
build-test	Model and geometry tests; Debug build	2026-10-03T07:16:30.0936150Z 
build-test	Model and geometry tests; Debug build	2026-10-03T07:16:30.0936660Z SwiftCompile normal arm64 $REPO/Sources/PhotoAxisApp/Commands/ICCEmbedding.swift (in target 'PhotoAxis' from project 'PhotoAxis')
build-test	Model and geometry tests; Debug build	2026-10-03T07:16:30.0937460Z     cd $REPO
build-test	Model and geometry tests; Debug build	2026-10-03T07:16:30.0937730Z     
build-test	Model and geometry tests; Debug build	2026-10-03T07:16:30.1056650Z 
build-test	Model and geometry tests; Debug build	2026-10-03T07:16:30.1158240Z SwiftCompile normal arm64 $REPO/Sources/PhotoAxisApp/Commands/PerspectiveEditing.swift (in target 'PhotoAxis' from project 'PhotoAxis')
build-test	Model and geometry tests; Debug build	2026-10-03T07:16:30.1259900Z     cd $REPO
build-test	Model and geometry tests; Debug build	2026-10-03T07:16:30.1360170Z     
build-test	Model and geometry tests; Debug build	2026-10-03T07:16:30.1461140Z 
build-test	Model and geometry tests; Debug build	2026-10-03T07:16:30.1562580Z SwiftCompile normal arm64 $REPO/Sources/PhotoAxisApp/Commands/PhotoDocument.swift (in target 'PhotoAxis' from project 'PhotoAxis')
build-test	Model and geometry tests; Debug build	2026-10-03T07:16:30.1662550Z     cd $REPO
build-test	Model and geometry tests; Debug build	2026-10-03T07:16:30.1764600Z     
build-test	Model and geometry tests; Debug build	2026-10-03T07:16:30.1821060Z 
build-test	Model and geometry tests; Debug build	2026-10-03T07:16:30.1922300Z SwiftCompile normal arm64 $REPO/Sources/PhotoAxisApp/Commands/ProjectStore.swift (in target 'PhotoAxis' from project 'PhotoAxis')
build-test	Model and geometry tests; Debug build	2026-10-03T07:16:30.2024040Z     cd $REPO
build-test	Model and geometry tests; Debug build	2026-10-03T07:16:30.2125610Z     
build-test	Model and geometry tests; Debug build	2026-10-03T07:16:30.2146680Z 
build-test	Model and geometry tests; Debug build	2026-10-03T07:16:30.2247960Z SwiftCompile normal arm64 $REPO/Sources/PhotoAxisApp/Commands/RecoveryCrashFixture.swift (in target 'PhotoAxis' from project 'PhotoAxis')
build-test	Model and geometry tests; Debug build	2026-10-03T07:16:30.2365180Z     cd $REPO
build-test	Model and geometry tests; Debug build	2026-10-03T07:16:30.2467580Z     
build-test	Model and geometry tests; Debug build	2026-10-03T07:16:30.2511800Z 
build-test	Model and geometry tests; Debug build	2026-10-03T07:16:30.2624680Z SwiftCompile normal arm64 $REPO/Sources/PhotoAxisApp/Commands/RecoveryStore.swift (in target 'PhotoAxis' from project 'PhotoAxis')
build-test	Model and geometry tests; Debug build	2026-10-03T07:16:30.2726970Z     cd $REPO
build-test	Model and geometry tests; Debug build	2026-10-03T07:16:30.2830110Z     
build-test	Model and geometry tests; Debug build	2026-10-03T07:16:30.2938060Z 
build-test	Model and geometry tests; Debug build	2026-10-03T07:16:30.3055200Z SwiftCompile normal arm64 $REPO/Sources/PhotoAxisApp/Commands/TransformEditing.swift (in target 'PhotoAxis' from project 'PhotoAxis')
build-test	Model and geometry tests; Debug build	2026-10-03T07:16:30.3159160Z     cd $REPO
build-test	Model and geometry tests; Debug build	2026-10-03T07:16:30.3230650Z     
build-test	Model and geometry tests; Debug build	2026-10-03T07:16:30.3336930Z 
build-test	Model and geometry tests; Debug build	2026-10-03T07:16:30.3398320Z SwiftCompile normal arm64 $REPO/Sources/PhotoAxisApp/Investigation/InvestigationAnalysisEngine.swift (in target 'PhotoAxis' from project 'PhotoAxis')
build-test	Model and geometry tests; Debug build	2026-10-03T07:16:30.3502250Z     cd $REPO
build-test	Model and geometry tests; Debug build	2026-10-03T07:16:30.3534890Z     
build-test	Model and geometry tests; Debug build	2026-10-03T07:16:30.3540070Z 
build-test	Model and geometry tests; Debug build	2026-10-03T07:16:30.3546020Z SwiftCompile normal arm64 $REPO/Sources/PhotoAxisApp/Investigation/InvestigationAnalysisStore.swift (in target 'PhotoAxis' from project 'PhotoAxis')
build-test	Model and geometry tests; Debug build	2026-10-03T07:16:30.3554680Z     cd $REPO
build-test	Model and geometry tests; Debug build	2026-10-03T07:16:30.3562550Z     
build-test	Model and geometry tests; Debug build	2026-10-03T07:16:30.3572910Z 
build-test	Model and geometry tests; Debug build	2026-10-03T07:16:30.3574310Z SwiftCompile normal arm64 $REPO/Sources/PhotoAxisApp/Investigation/InvestigationCaseStore.swift (in target 'PhotoAxis' from project 'PhotoAxis')
build-test	Model and geometry tests; Debug build	2026-10-03T07:16:30.3578980Z     cd $REPO
build-test	Model and geometry tests; Debug build	2026-10-03T07:16:30.3580230Z     
build-test	Model and geometry tests; Debug build	2026-10-03T07:16:30.3598500Z 
build-test	Model and geometry tests; Debug build	2026-10-03T07:16:30.3604520Z SwiftCompile normal arm64 $REPO/Sources/PhotoAxisApp/Investigation/InvestigationComparison.swift (in target 'PhotoAxis' from project 'PhotoAxis')
build-test	Model and geometry tests; Debug build	2026-10-03T07:16:30.3621470Z     cd $REPO
build-test	Model and geometry tests; Debug build	2026-10-03T07:16:30.3636130Z     
build-test	Model and geometry tests; Debug build	2026-10-03T07:16:30.3650170Z 
build-test	Model and geometry tests; Debug build	2026-10-03T07:16:30.3780950Z SwiftCompile normal arm64 $REPO/Sources/PhotoAxisApp/Investigation/InvestigationController.swift (in target 'PhotoAxis' from project 'PhotoAxis')
build-test	Model and geometry tests; Debug build	2026-10-03T07:16:30.3899870Z     cd $REPO
build-test	Model and geometry tests; Debug build	2026-10-03T07:16:30.4002460Z     
build-test	Model and geometry tests; Debug build	2026-10-03T07:16:30.4103240Z 
build-test	Model and geometry tests; Debug build	2026-10-03T07:16:30.4209700Z SwiftCompile normal arm64 $REPO/Sources/PhotoAxisApp/Investigation/InvestigationReviewController.swift (in target 'PhotoAxis' from project 'PhotoAxis')
build-test	Model and geometry tests; Debug build	2026-10-03T07:16:30.4340530Z     cd $REPO
build-test	Model and geometry tests; Debug build	2026-10-03T07:16:30.4341260Z     
build-test	Model and geometry tests; Debug build	2026-10-03T07:16:30.4341490Z 
build-test	Model and geometry tests; Debug build	2026-10-03T07:16:30.4449650Z SwiftCompile normal arm64 $REPO/Sources/PhotoAxisApp/Investigation/InvestigationSharing.swift (in target 'PhotoAxis' from project 'PhotoAxis')
build-test	Model and geometry tests; Debug build	2026-10-03T07:16:30.4473340Z     cd $REPO
build-test	Model and geometry tests; Debug build	2026-10-03T07:16:30.4489570Z     
build-test	Model and geometry tests; Debug build	2026-10-03T07:16:30.4505170Z 
build-test	Model and geometry tests; Debug build	2026-10-03T07:16:30.4507380Z SwiftDriverJobDiscovery normal arm64 Compiling FoundationTests.swift, ImageAdjustmentTests.swift, InvestigationTests.swift, LayerHistoryTests.swift (in target 'PhotoAxisCoreTests' from project 'PhotoAxis')
build-test	Model and geometry tests; Debug build	2026-10-03T07:16:30.4534170Z 
build-test	Model and geometry tests; Debug build	2026-10-03T07:16:30.4689370Z SwiftCompile normal arm64 Compiling\ PerspectiveOptionsView.swift,\ RecoveryController.swift,\ SettingsWindowController.swift,\ SidebarView.swift,\ ToolsRailView.swift,\ TransformOptionsView.swift,\ WorkspaceControls.swift,\ WorkspacePreferences.swift,\ WorkspaceWindowController.swift,\ AdjustmentFilters.swift,\ ContentRasterizer.swift,\ ImagePipeline.swift,\ ScanFilters.swift,\ ScanBatchStore.swift,\ ScanController.swift,\ ScanEngine.swift,\ ToolKind.swift,\ main.swift $REPO/Sources/PhotoAxisApp/NativeWorkspace/PerspectiveOptionsView.swift $REPO/Sources/PhotoAxisApp/NativeWorkspace/RecoveryController.swift $REPO/Sources/PhotoAxisApp/NativeWorkspace/SettingsWindowController.swift $REPO/Sources/PhotoAxisApp/NativeWorkspace/SidebarView.swift $REPO/Sources/PhotoAxisApp/NativeWorkspace/ToolsRailView.swift $REPO/Sources/PhotoAxisApp/NativeWorkspace/TransformOptionsView.swift $REPO/Sources/PhotoAxisApp/NativeWorkspace/WorkspaceControls.swift $REPO/Sources/PhotoAxisApp/NativeWorkspace/WorkspacePreferences.swift $REPO/Sources/PhotoAxisApp/NativeWorkspace/WorkspaceWindowController.swift $REPO/Sources/PhotoAxisApp/Renderer/AdjustmentFilters.swift $REPO/Sources/PhotoAxisApp/Renderer/ContentRasterizer.swift $REPO/Sources/PhotoAxisApp/Renderer/ImagePipeline.swift $REPO/Sources/PhotoAxisApp/Renderer/ScanFilters.swift $REPO/Sources/PhotoAxisApp/Scan/ScanBatchStore.swift $REPO/Sources/PhotoAxisApp/Scan/ScanController.swift $REPO/Sources/PhotoAxisApp/Scan/ScanEngine.swift $REPO/Sources/PhotoAxisApp/Tools/ToolKind.swift $REPO/Sources/PhotoAxisApp/main.swift (in target 'PhotoAxis' from project 'PhotoAxis')
build-test	Model and geometry tests; Debug build	2026-10-03T07:16:30.4789620Z 
build-test	Model and geometry tests; Debug build	2026-10-03T07:16:30.4891120Z SwiftCompile normal arm64 $REPO/Sources/PhotoAxisApp/NativeWorkspace/PerspectiveOptionsView.swift (in target 'PhotoAxis' from project 'PhotoAxis')
build-test	Model and geometry tests; Debug build	2026-10-03T07:16:30.4994710Z     cd $REPO
build-test	Model and geometry tests; Debug build	2026-10-03T07:16:30.5096850Z     
build-test	Model and geometry tests; Debug build	2026-10-03T07:16:30.5155790Z 
build-test	Model and geometry tests; Debug build	2026-10-03T07:16:30.5170750Z SwiftCompile normal arm64 $REPO/Sources/PhotoAxisApp/NativeWorkspace/RecoveryController.swift (in target 'PhotoAxis' from project 'PhotoAxis')
build-test	Model and geometry tests; Debug build	2026-10-03T07:16:30.5274570Z     cd $REPO
build-test	Model and geometry tests; Debug build	2026-10-03T07:16:30.5336390Z     
build-test	Model and geometry tests; Debug build	2026-10-03T07:16:30.5437250Z 
build-test	Model and geometry tests; Debug build	2026-10-03T07:16:30.5538830Z SwiftCompile normal arm64 $REPO/Sources/PhotoAxisApp/NativeWorkspace/SettingsWindowController.swift (in target 'PhotoAxis' from project 'PhotoAxis')
build-test	Model and geometry tests; Debug build	2026-10-03T07:16:30.5640520Z     cd $REPO
build-test	Model and geometry tests; Debug build	2026-10-03T07:16:30.5741890Z     
build-test	Model and geometry tests; Debug build	2026-10-03T07:16:30.5842710Z 
build-test	Model and geometry tests; Debug build	2026-10-03T07:16:30.5943960Z SwiftCompile normal arm64 $REPO/Sources/PhotoAxisApp/NativeWorkspace/SidebarView.swift (in target 'PhotoAxis' from project 'PhotoAxis')
build-test	Model and geometry tests; Debug build	2026-10-03T07:16:30.6046120Z     cd $REPO
build-test	Model and geometry tests; Debug build	2026-10-03T07:16:30.6147850Z     
build-test	Model and geometry tests; Debug build	2026-10-03T07:16:30.6248780Z 
build-test	Model and geometry tests; Debug build	2026-10-03T07:16:30.6389500Z SwiftCompile normal arm64 $REPO/Sources/PhotoAxisApp/NativeWorkspace/ToolsRailView.swift (in target 'PhotoAxis' from project 'PhotoAxis')
build-test	Model and geometry tests; Debug build	2026-10-03T07:16:30.6507690Z     cd $REPO
build-test	Model and geometry tests; Debug build	2026-10-03T07:16:30.6615670Z     
build-test	Model and geometry tests; Debug build	2026-10-03T07:16:30.6735900Z 
build-test	Model and geometry tests; Debug build	2026-10-03T07:16:30.6864500Z SwiftCompile normal arm64 $REPO/Sources/PhotoAxisApp/NativeWorkspace/TransformOptionsView.swift (in target 'PhotoAxis' from project 'PhotoAxis')
build-test	Model and geometry tests; Debug build	2026-10-03T07:16:30.6970960Z     cd $REPO
build-test	Model and geometry tests; Debug build	2026-10-03T07:16:30.7094080Z     
build-test	Model and geometry tests; Debug build	2026-10-03T07:16:30.7195280Z 
build-test	Model and geometry tests; Debug build	2026-10-03T07:16:30.7330850Z SwiftCompile normal arm64 $REPO/Sources/PhotoAxisApp/NativeWorkspace/WorkspaceControls.swift (in target 'PhotoAxis' from project 'PhotoAxis')
build-test	Model and geometry tests; Debug build	2026-10-03T07:16:30.7443940Z     cd $REPO
build-test	Model and geometry tests; Debug build	2026-10-03T07:16:30.7552050Z     
build-test	Model and geometry tests; Debug build	2026-10-03T07:16:30.7658140Z 
build-test	Model and geometry tests; Debug build	2026-10-03T07:16:30.7769400Z SwiftCompile normal arm64 $REPO/Sources/PhotoAxisApp/NativeWorkspace/WorkspacePreferences.swift (in target 'PhotoAxis' from project 'PhotoAxis')
build-test	Model and geometry tests; Debug build	2026-10-03T07:16:30.7871520Z     cd $REPO
build-test	Model and geometry tests; Debug build	2026-10-03T07:16:30.7972850Z     
build-test	Model and geometry tests; Debug build	2026-10-03T07:16:30.8073690Z 
build-test	Model and geometry tests; Debug build	2026-10-03T07:16:30.8174840Z SwiftCompile normal arm64 $REPO/Sources/PhotoAxisApp/NativeWorkspace/WorkspaceWindowController.swift (in target 'PhotoAxis' from project 'PhotoAxis')
build-test	Model and geometry tests; Debug build	2026-10-03T07:16:30.8257990Z     cd $REPO
build-test	Model and geometry tests; Debug build	2026-10-03T07:16:30.8358200Z     
build-test	Model and geometry tests; Debug build	2026-10-03T07:16:30.8458330Z 
build-test	Model and geometry tests; Debug build	2026-10-03T07:16:30.8559440Z SwiftCompile normal arm64 $REPO/Sources/PhotoAxisApp/Renderer/AdjustmentFilters.swift (in target 'PhotoAxis' from project 'PhotoAxis')
build-test	Model and geometry tests; Debug build	2026-10-03T07:16:30.8660050Z     cd $REPO
build-test	Model and geometry tests; Debug build	2026-10-03T07:16:30.8761300Z     
build-test	Model and geometry tests; Debug build	2026-10-03T07:16:30.8861420Z 
build-test	Model and geometry tests; Debug build	2026-10-03T07:16:30.8962990Z SwiftCompile normal arm64 $REPO/Sources/PhotoAxisApp/Renderer/ContentRasterizer.swift (in target 'PhotoAxis' from project 'PhotoAxis')
build-test	Model and geometry tests; Debug build	2026-10-03T07:16:30.9037440Z     cd $REPO
build-test	Model and geometry tests; Debug build	2026-10-03T07:16:30.9138750Z     
build-test	Model and geometry tests; Debug build	2026-10-03T07:16:30.9241340Z 
build-test	Model and geometry tests; Debug build	2026-10-03T07:16:30.9343000Z SwiftCompile normal arm64 $REPO/Sources/PhotoAxisApp/Renderer/ImagePipeline.swift (in target 'PhotoAxis' from project 'PhotoAxis')
build-test	Model and geometry tests; Debug build	2026-10-03T07:16:30.9444650Z     cd $REPO
build-test	Model and geometry tests; Debug build	2026-10-03T07:16:30.9549870Z     
build-test	Model and geometry tests; Debug build	2026-10-03T07:16:30.9651710Z 
build-test	Model and geometry tests; Debug build	2026-10-03T07:16:30.9753180Z SwiftCompile normal arm64 $REPO/Sources/PhotoAxisApp/Renderer/ScanFilters.swift (in target 'PhotoAxis' from project 'PhotoAxis')
build-test	Model and geometry tests; Debug build	2026-10-03T07:16:30.9779670Z     cd $REPO
build-test	Model and geometry tests; Debug build	2026-10-03T07:16:30.9780970Z     
build-test	Model and geometry tests; Debug build	2026-10-03T07:16:30.9783020Z 
build-test	Model and geometry tests; Debug build	2026-10-03T07:16:30.9783690Z SwiftCompile normal arm64 $REPO/Sources/PhotoAxisApp/Scan/ScanBatchStore.swift (in target 'PhotoAxis' from project 'PhotoAxis')
build-test	Model and geometry tests; Debug build	2026-10-03T07:16:30.9796290Z     cd $REPO
build-test	Model and geometry tests; Debug build	2026-10-03T07:16:30.9900780Z     
build-test	Model and geometry tests; Debug build	2026-10-03T07:16:30.9901010Z 
build-test	Model and geometry tests; Debug build	2026-10-03T07:16:30.9925490Z SwiftCompile normal arm64 $REPO/Sources/PhotoAxisApp/Scan/ScanController.swift (in target 'PhotoAxis' from project 'PhotoAxis')
build-test	Model and geometry tests; Debug build	2026-10-03T07:16:30.9936770Z     cd $REPO
build-test	Model and geometry tests; Debug build	2026-10-03T07:16:30.9937370Z     
build-test	Model and geometry tests; Debug build	2026-10-03T07:16:30.9937660Z 
build-test	Model and geometry tests; Debug build	2026-10-03T07:16:30.9938850Z SwiftCompile normal arm64 $REPO/Sources/PhotoAxisApp/Scan/ScanEngine.swift (in target 'PhotoAxis' from project 'PhotoAxis')
build-test	Model and geometry tests; Debug build	2026-10-03T07:16:30.9995290Z     cd $REPO
build-test	Model and geometry tests; Debug build	2026-10-03T07:16:31.0005710Z     
build-test	Model and geometry tests; Debug build	2026-10-03T07:16:31.0112880Z 
build-test	Model and geometry tests; Debug build	2026-10-03T07:16:31.0214370Z SwiftCompile normal arm64 $REPO/Sources/PhotoAxisApp/Tools/ToolKind.swift (in target 'PhotoAxis' from project 'PhotoAxis')
build-test	Model and geometry tests; Debug build	2026-10-03T07:16:31.0318560Z     cd $REPO
build-test	Model and geometry tests; Debug build	2026-10-03T07:16:31.0422380Z     
build-test	Model and geometry tests; Debug build	2026-10-03T07:16:31.0526580Z 
build-test	Model and geometry tests; Debug build	2026-10-03T07:16:31.0633030Z SwiftCompile normal arm64 $REPO/Sources/PhotoAxisApp/main.swift (in target 'PhotoAxis' from project 'PhotoAxis')
build-test	Model and geometry tests; Debug build	2026-10-03T07:16:31.0740180Z     cd $REPO
build-test	Model and geometry tests; Debug build	2026-10-03T07:16:31.0841080Z     
build-test	Model and geometry tests; Debug build	2026-10-03T07:16:31.0941870Z 
build-test	Model and geometry tests; Debug build	2026-10-03T07:16:31.1047390Z SwiftDriverJobDiscovery normal arm64 Compiling MultiLayerGeometryTests.swift, PerspectiveGeometryTests.swift, ProjectFormatTests.swift, ScanTests.swift (in target 'PhotoAxisCoreTests' from project 'PhotoAxis')
build-test	Model and geometry tests; Debug build	2026-10-03T07:16:31.1148970Z 
build-test	Model and geometry tests; Debug build	2026-10-03T07:16:31.1259410Z SwiftCompile normal arm64 Compiling\ InvestigationWorkspacePanel.swift,\ L10n.swift,\ AdjustmentControlsView.swift,\ CanvasEditing.swift,\ ColorControlsView.swift,\ ContentControlsView.swift,\ ContentInteraction.swift,\ CropInteraction.swift,\ CropOptionsView.swift,\ DocumentCanvasView.swift,\ DocumentControls.swift,\ DocumentCoordinator.swift,\ DocumentSizeController.swift,\ ExportController.swift,\ LayerListView.swift,\ NativeTextEditor.swift,\ OptionsBarView.swift,\ PerspectiveInteraction.swift $REPO/Sources/PhotoAxisApp/Investigation/InvestigationWorkspacePanel.swift $REPO/Sources/PhotoAxisApp/Localization/L10n.swift $REPO/Sources/PhotoAxisApp/NativeWorkspace/AdjustmentControlsView.swift $REPO/Sources/PhotoAxisApp/NativeWorkspace/CanvasEditing.swift $REPO/Sources/PhotoAxisApp/NativeWorkspace/ColorControlsView.swift $REPO/Sources/PhotoAxisApp/NativeWorkspace/ContentControlsView.swift $REPO/Sources/PhotoAxisApp/NativeWorkspace/ContentInteraction.swift $REPO/Sources/PhotoAxisApp/NativeWorkspace/CropInteraction.swift $REPO/Sources/PhotoAxisApp/NativeWorkspace/CropOptionsView.swift $REPO/Sources/PhotoAxisApp/NativeWorkspace/DocumentCanvasView.swift $REPO/Sources/PhotoAxisApp/NativeWorkspace/DocumentControls.swift $REPO/Sources/PhotoAxisApp/NativeWorkspace/DocumentCoordinator.swift $REPO/Sources/PhotoAxisApp/NativeWorkspace/DocumentSizeController.swift $REPO/Sources/PhotoAxisApp/NativeWorkspace/ExportController.swift $REPO/Sources/PhotoAxisApp/NativeWorkspace/LayerListView.swift $REPO/Sources/PhotoAxisApp/NativeWorkspace/NativeTextEditor.swift $REPO/Sources/PhotoAxisApp/NativeWorkspace/OptionsBarView.swift $REPO/Sources/PhotoAxisApp/NativeWorkspace/PerspectiveInteraction.swift (in target 'PhotoAxis' from project 'PhotoAxis')
build-test	Model and geometry tests; Debug build	2026-10-03T07:16:31.1376260Z 
build-test	Model and geometry tests; Debug build	2026-10-03T07:16:31.1477450Z SwiftCompile normal arm64 $REPO/Sources/PhotoAxisApp/Investigation/InvestigationWorkspacePanel.swift (in target 'PhotoAxis' from project 'PhotoAxis')
build-test	Model and geometry tests; Debug build	2026-10-03T07:16:31.1595840Z     cd $REPO
build-test	Model and geometry tests; Debug build	2026-10-03T07:16:31.1696920Z     
build-test	Model and geometry tests; Debug build	2026-10-03T07:16:31.1798010Z 
build-test	Model and geometry tests; Debug build	2026-10-03T07:16:31.1899720Z SwiftCompile normal arm64 $REPO/Sources/PhotoAxisApp/Localization/L10n.swift (in target 'PhotoAxis' from project 'PhotoAxis')
build-test	Model and geometry tests; Debug build	2026-10-03T07:16:31.2017830Z     cd $REPO
build-test	Model and geometry tests; Debug build	2026-10-03T07:16:31.2118780Z     
build-test	Model and geometry tests; Debug build	2026-10-03T07:16:31.2228730Z 
build-test	Model and geometry tests; Debug build	2026-10-03T07:16:31.2329870Z SwiftCompile normal arm64 $REPO/Sources/PhotoAxisApp/NativeWorkspace/AdjustmentControlsView.swift (in target 'PhotoAxis' from project 'PhotoAxis')
build-test	Model and geometry tests; Debug build	2026-10-03T07:16:31.2415200Z     cd $REPO
build-test	Model and geometry tests; Debug build	2026-10-03T07:16:31.2440700Z     
build-test	Model and geometry tests; Debug build	2026-10-03T07:16:31.2500430Z 
build-test	Model and geometry tests; Debug build	2026-10-03T07:16:31.2530930Z SwiftCompile normal arm64 $REPO/Sources/PhotoAxisApp/NativeWorkspace/CanvasEditing.swift (in target 'PhotoAxis' from project 'PhotoAxis')
build-test	Model and geometry tests; Debug build	2026-10-03T07:16:31.2559730Z     cd $REPO
build-test	Model and geometry tests; Debug build	2026-10-03T07:16:31.2560180Z     
build-test	Model and geometry tests; Debug build	2026-10-03T07:16:31.2560370Z 
build-test	Model and geometry tests; Debug build	2026-10-03T07:16:31.2560970Z SwiftCompile normal arm64 $REPO/Sources/PhotoAxisApp/NativeWorkspace/ColorControlsView.swift (in target 'PhotoAxis' from project 'PhotoAxis')
build-test	Model and geometry tests; Debug build	2026-10-03T07:16:31.2562920Z     cd $REPO
build-test	Model and geometry tests; Debug build	2026-10-03T07:16:31.2563290Z     
build-test	Model and geometry tests; Debug build	2026-10-03T07:16:31.2563690Z 
build-test	Model and geometry tests; Debug build	2026-10-03T07:16:31.2564280Z SwiftCompile normal arm64 $REPO/Sources/PhotoAxisApp/NativeWorkspace/ContentControlsView.swift (in target 'PhotoAxis' from project 'PhotoAxis')
build-test	Model and geometry tests; Debug build	2026-10-03T07:16:31.2570910Z     cd $REPO
build-test	Model and geometry tests; Debug build	2026-10-03T07:16:31.2571330Z     
build-test	Model and geometry tests; Debug build	2026-10-03T07:16:31.2571510Z 
build-test	Model and geometry tests; Debug build	2026-10-03T07:16:31.2574530Z SwiftCompile normal arm64 $REPO/Sources/PhotoAxisApp/NativeWorkspace/ContentInteraction.swift (in target 'PhotoAxis' from project 'PhotoAxis')
build-test	Model and geometry tests; Debug build	2026-10-03T07:16:31.2575260Z     cd $REPO
build-test	Model and geometry tests; Debug build	2026-10-03T07:16:31.2575570Z     
build-test	Model and geometry tests; Debug build	2026-10-03T07:16:31.2575750Z 
build-test	Model and geometry tests; Debug build	2026-10-03T07:16:31.2576330Z SwiftCompile normal arm64 $REPO/Sources/PhotoAxisApp/NativeWorkspace/CropInteraction.swift (in target 'PhotoAxis' from project 'PhotoAxis')
build-test	Model and geometry tests; Debug build	2026-10-03T07:16:31.2596970Z     cd $REPO
build-test	Model and geometry tests; Debug build	2026-10-03T07:16:31.2613590Z     
build-test	Model and geometry tests; Debug build	2026-10-03T07:16:31.2619450Z 
build-test	Model and geometry tests; Debug build	2026-10-03T07:16:31.2620570Z SwiftCompile normal arm64 $REPO/Sources/PhotoAxisApp/NativeWorkspace/CropOptionsView.swift (in target 'PhotoAxis' from project 'PhotoAxis')
build-test	Model and geometry tests; Debug build	2026-10-03T07:16:31.2621320Z     cd $REPO
build-test	Model and geometry tests; Debug build	2026-10-03T07:16:31.2622140Z     
build-test	Model and geometry tests; Debug build	2026-10-03T07:16:31.2622340Z 
build-test	Model and geometry tests; Debug build	2026-10-03T07:16:31.2623220Z SwiftCompile normal arm64 $REPO/Sources/PhotoAxisApp/NativeWorkspace/DocumentCanvasView.swift (in target 'PhotoAxis' from project 'PhotoAxis')
build-test	Model and geometry tests; Debug build	2026-10-03T07:16:31.2636890Z     cd $REPO
build-test	Model and geometry tests; Debug build	2026-10-03T07:16:31.2654220Z     
build-test	Model and geometry tests; Debug build	2026-10-03T07:16:31.2668340Z 
build-test	Model and geometry tests; Debug build	2026-10-03T07:16:31.2686170Z SwiftCompile normal arm64 $REPO/Sources/PhotoAxisApp/NativeWorkspace/DocumentControls.swift (in target 'PhotoAxis' from project 'PhotoAxis')
build-test	Model and geometry tests; Debug build	2026-10-03T07:16:31.2697240Z     cd $REPO
build-test	Model and geometry tests; Debug build	2026-10-03T07:16:31.2706190Z     
build-test	Model and geometry tests; Debug build	2026-10-03T07:16:31.2711080Z 
build-test	Model and geometry tests; Debug build	2026-10-03T07:16:31.2711790Z SwiftCompile normal arm64 $REPO/Sources/PhotoAxisApp/NativeWorkspace/DocumentCoordinator.swift (in target 'PhotoAxis' from project 'PhotoAxis')
build-test	Model and geometry tests; Debug build	2026-10-03T07:16:31.2712540Z     cd $REPO
build-test	Model and geometry tests; Debug build	2026-10-03T07:16:31.2714790Z     
build-test	Model and geometry tests; Debug build	2026-10-03T07:16:31.2715330Z 
build-test	Model and geometry tests; Debug build	2026-10-03T07:16:31.2716170Z SwiftCompile normal arm64 $REPO/Sources/PhotoAxisApp/NativeWorkspace/DocumentSizeController.swift (in target 'PhotoAxis' from project 'PhotoAxis')
build-test	Model and geometry tests; Debug build	2026-10-03T07:16:31.2717170Z     cd $REPO
build-test	Model and geometry tests; Debug build	2026-10-03T07:16:31.2734350Z     
build-test	Model and geometry tests; Debug build	2026-10-03T07:16:31.2747480Z 
build-test	Model and geometry tests; Debug build	2026-10-03T07:16:31.2763120Z SwiftCompile normal arm64 $REPO/Sources/PhotoAxisApp/NativeWorkspace/ExportController.swift (in target 'PhotoAxis' from project 'PhotoAxis')
build-test	Model and geometry tests; Debug build	2026-10-03T07:16:31.2764400Z     cd $REPO
build-test	Model and geometry tests; Debug build	2026-10-03T07:16:31.2765550Z     
build-test	Model and geometry tests; Debug build	2026-10-03T07:16:31.2767920Z 
build-test	Model and geometry tests; Debug build	2026-10-03T07:16:31.2768500Z SwiftCompile normal arm64 $REPO/Sources/PhotoAxisApp/NativeWorkspace/LayerListView.swift (in target 'PhotoAxis' from project 'PhotoAxis')
build-test	Model and geometry tests; Debug build	2026-10-03T07:16:31.2769220Z     cd $REPO
build-test	Model and geometry tests; Debug build	2026-10-03T07:16:31.2770100Z     
build-test	Model and geometry tests; Debug build	2026-10-03T07:16:31.2782350Z 
build-test	Model and geometry tests; Debug build	2026-10-03T07:16:31.2798300Z SwiftCompile normal arm64 $REPO/Sources/PhotoAxisApp/NativeWorkspace/NativeTextEditor.swift (in target 'PhotoAxis' from project 'PhotoAxis')
build-test	Model and geometry tests; Debug build	2026-10-03T07:16:31.2810650Z     cd $REPO
build-test	Model and geometry tests; Debug build	2026-10-03T07:16:31.2818490Z     
build-test	Model and geometry tests; Debug build	2026-10-03T07:16:31.2850670Z 
build-test	Model and geometry tests; Debug build	2026-10-03T07:16:31.2861190Z SwiftCompile normal arm64 $REPO/Sources/PhotoAxisApp/NativeWorkspace/OptionsBarView.swift (in target 'PhotoAxis' from project 'PhotoAxis')
build-test	Model and geometry tests; Debug build	2026-10-03T07:16:31.2865880Z     cd $REPO
build-test	Model and geometry tests; Debug build	2026-10-03T07:16:31.2866250Z     
build-test	Model and geometry tests; Debug build	2026-10-03T07:16:31.2866440Z 
build-test	Model and geometry tests; Debug build	2026-10-03T07:16:31.2867020Z SwiftCompile normal arm64 $REPO/Sources/PhotoAxisApp/NativeWorkspace/PerspectiveInteraction.swift (in target 'PhotoAxis' from project 'PhotoAxis')
build-test	Model and geometry tests; Debug build	2026-10-03T07:16:31.2869540Z     cd $REPO
build-test	Model and geometry tests; Debug build	2026-10-03T07:16:31.2869890Z     
build-test	Model and geometry tests; Debug build	2026-10-03T07:16:31.2892220Z 
build-test	Model and geometry tests; Debug build	2026-10-03T07:16:31.2907720Z SwiftDriverJobDiscovery normal arm64 Compiling ContentTests.swift, CropGeometryTests.swift, DocumentTests.swift, ExportOptionsTests.swift (in target 'PhotoAxisCoreTests' from project 'PhotoAxis')
build-test	Model and geometry tests; Debug build	2026-10-03T07:16:31.2923350Z 
build-test	Model and geometry tests; Debug build	2026-10-03T07:16:31.2924100Z SwiftDriver\ Compilation PhotoAxisCoreTests normal arm64 com.apple.xcode.tools.swift.compiler (in target 'PhotoAxisCoreTests' from project 'PhotoAxis')
build-test	Model and geometry tests; Debug build	2026-10-03T07:16:31.2925200Z     cd $REPO
build-test	Model and geometry tests; Debug build	2026-10-03T07:16:31.2948880Z     builtin-Swift-Compilation -- /Applications/Xcode_16.4.app/Contents/Developer/Toolchains/XcodeDefault.xctoolchain/usr/bin/swiftc -module-name PhotoAxisCoreTests -Onone -enforce-exclusivity\=checked @/Users/runner/Library/Developer/PhotoAxisBuilds/fe52d68e5807/DerivedData/Build/Intermediates.noindex/PhotoAxis.build/Debug/PhotoAxisCoreTests.build/Objects-normal/arm64/PhotoAxisCoreTests.SwiftFileList -DDEBUG -plugin-path /Applications/Xcode_16.4.app/Contents/Developer/Toolchains/XcodeDefault.xctoolchain/usr/lib/swift/host/plugins/testing -enable-experimental-feature DebugDescriptionMacro -sdk /Applications/Xcode_16.4.app/Contents/Developer/Platforms/MacOSX.platform/Developer/SDKs/MacOSX15.5.sdk -target arm64-apple-macos14.0 -g -module-cache-path /Users/runner/Library/Developer/PhotoAxisBuilds/fe52d68e5807/DerivedData/ModuleCache.noindex -Xfrontend -serialize-debugging-options -enable-testing -index-store-path /Users/runner/Library/Developer/PhotoAxisBuilds/fe52d68e5807/DerivedData/Index.noindex/DataStore -swift-version 6 -I /Users/runner/Library/Developer/PhotoAxisBuilds/fe52d68e5807/DerivedData/Build/Products/Debug -I /Applications/Xcode_16.4.app/Contents/Developer/Platforms/MacOSX.platform/Developer/usr/lib -F /Users/runner/Library/Developer/PhotoAxisBuilds/fe52d68e5807/DerivedData/Build/Products/Debug -F /Applications/Xcode_16.4.app/Contents/Developer/Platforms/MacOSX.platform/Developer/Library/Frameworks -c -j3 -enable-batch-mode -incremental -Xcc -ivfsstatcache -Xcc /Users/runner/Library/Developer/PhotoAxisBuilds/fe52d68e5807/DerivedData/SDKStatCaches.noindex/macosx15.5-24F74-a403186ba963133a54a0e0cacd566b0b.sdkstatcache -output-file-map /Users/runner/Library/Developer/PhotoAxisBuilds/fe52d68e5807/DerivedData/Build/Intermediates.noindex/PhotoAxis.build/Debug/PhotoAxisCoreTests.build/Objects-normal/arm64/PhotoAxisCoreTests-OutputFileMap.json -use-frontend-parseable-output -save-temps -no-color-diagnostics -serialize-diagnostics -emit-dependencies -emit-module -emit-module-path /Users/runner/Library/Developer/PhotoAxisBuilds/fe52d68e5807/DerivedData/Build/Intermediates.noindex/PhotoAxis.build/Debug/PhotoAxisCoreTests.build/Objects-normal/arm64/PhotoAxisCoreTests.swiftmodule -validate-clang-modules-once -clang-build-session-file /Users/runner/Library/Developer/PhotoAxisBuilds/fe52d68e5807/DerivedData/ModuleCache.noindex/Session.modulevalidation -Xcc -I/Users/runner/Library/Developer/PhotoAxisBuilds/fe52d68e5807/DerivedData/Build/Intermediates.noindex/PhotoAxis.build/Debug/PhotoAxisCoreTests.build/swift-overrides.hmap -emit-const-values -Xfrontend -const-gather-protocols-file -Xfrontend /Users/runner/Library/Developer/PhotoAxisBuilds/fe52d68e5807/DerivedData/Build/Intermediates.noindex/PhotoAxis.build/Debug/PhotoAxisCoreTests.build/Objects-normal/arm64/PhotoAxisCoreTests_const_extract_protocols.json -Xcc -iquote -Xcc /Users/runner/Library/Developer/PhotoAxisBuilds/fe52d68e5807/DerivedData/Build/Intermediates.noindex/PhotoAxis.build/Debug/PhotoAxisCoreTests.build/PhotoAxisCoreTests-generated-files.hmap -Xcc -I/Users/runner/Library/Developer/PhotoAxisBuilds/fe52d68e5807/DerivedData/Build/Intermediates.noindex/PhotoAxis.build/Debug/PhotoAxisCoreTests.build/PhotoAxisCoreTests-own-target-headers.hmap -Xcc -I/Users/runner/Library/Developer/PhotoAxisBuilds/fe52d68e5807/DerivedData/Build/Intermediates.noindex/PhotoAxis.build/Debug/PhotoAxisCoreTests.build/PhotoAxisCoreTests-all-non-framework-target-headers.hmap -Xcc -ivfsoverlay -Xcc /Users/runner/Library/Developer/PhotoAxisBuilds/fe52d68e5807/DerivedData/Build/Intermediates.noindex/PhotoAxis.build/Debug/PhotoAxis-9730526f0700b8b20d57e2b47e796b5b-VFS/all-product-headers.yaml -Xcc -iquote -Xcc /Users/runner/Library/Developer/PhotoAxisBuilds/fe52d68e5807/DerivedData/Build/Intermediates.noindex/PhotoAxis.build/Debug/PhotoAxisCoreTests.build/PhotoAxisCoreTests-project-headers.hmap -Xcc -I/Users/runner/Library/Developer/PhotoAxisBuilds/fe52d68e5807/DerivedData/Build/Products/Debug/include -Xcc -I/Users/runner/Library/Developer/PhotoAxisBuilds/fe52d68e5807/DerivedData/Build/Intermediates.noindex/PhotoAxis.build/Debug/PhotoAxisCoreTests.build/DerivedSources-normal/arm64 -Xcc -I/Users/runner/Library/Developer/PhotoAxisBuilds/fe52d68e5807/DerivedData/Build/Intermediates.noindex/PhotoAxis.build/Debug/PhotoAxisCoreTests.build/DerivedSources/arm64 -Xcc -I/Users/runner/Library/Developer/PhotoAxisBuilds/fe52d68e5807/DerivedData/Build/Intermediates.noindex/PhotoAxis.build/Debug/PhotoAxisCoreTests.build/DerivedSources -emit-objc-header -emit-objc-header-path /Users/runner/Library/Developer/PhotoAxisBuilds/fe52d68e5807/DerivedData/Build/Intermediates.noindex/PhotoAxis.build/Debug/PhotoAxisCoreTests.build/Objects-normal/arm64/PhotoAxisCoreTests-Swift.h -working-directory $REPO -experimental-emit-module-separately -disable-cmo
build-test	Model and geometry tests; Debug build	2026-10-03T07:16:31.2975420Z 
build-test	Model and geometry tests; Debug build	2026-10-03T07:16:31.2996030Z SwiftDriverJobDiscovery normal arm64 Compiling InvestigationWorkspacePanel.swift, L10n.swift, AdjustmentControlsView.swift, CanvasEditing.swift, ColorControlsView.swift, ContentControlsView.swift, ContentInteraction.swift, CropInteraction.swift, CropOptionsView.swift, DocumentCanvasView.swift, DocumentControls.swift, DocumentCoordinator.swift, DocumentSizeController.swift, ExportController.swift, LayerListView.swift, NativeTextEditor.swift, OptionsBarView.swift, PerspectiveInteraction.swift (in target 'PhotoAxis' from project 'PhotoAxis')
build-test	Model and geometry tests; Debug build	2026-10-03T07:16:31.3012540Z 
build-test	Model and geometry tests; Debug build	2026-10-03T07:16:31.3031060Z SwiftDriverJobDiscovery normal arm64 Compiling PerspectiveOptionsView.swift, RecoveryController.swift, SettingsWindowController.swift, SidebarView.swift, ToolsRailView.swift, TransformOptionsView.swift, WorkspaceControls.swift, WorkspacePreferences.swift, WorkspaceWindowController.swift, AdjustmentFilters.swift, ContentRasterizer.swift, ImagePipeline.swift, ScanFilters.swift, ScanBatchStore.swift, ScanController.swift, ScanEngine.swift, ToolKind.swift, main.swift (in target 'PhotoAxis' from project 'PhotoAxis')
build-test	Model and geometry tests; Debug build	2026-10-03T07:16:31.3040000Z 
build-test	Model and geometry tests; Debug build	2026-10-03T07:16:31.3040340Z ExtractAppIntentsMetadata (in target 'PhotoAxisCore' from project 'PhotoAxis')
build-test	Model and geometry tests; Debug build	2026-10-03T07:16:31.3044820Z     cd $REPO
build-test	Model and geometry tests; Debug build	2026-10-03T07:16:31.3058530Z     /Applications/Xcode_16.4.app/Contents/Developer/Toolchains/XcodeDefault.xctoolchain/usr/bin/appintentsmetadataprocessor --toolchain-dir /Applications/Xcode_16.4.app/Contents/Developer/Toolchains/XcodeDefault.xctoolchain --module-name PhotoAxisCore --sdk-root /Applications/Xcode_16.4.app/Contents/Developer/Platforms/MacOSX.platform/Developer/SDKs/MacOSX15.5.sdk --xcode-version 16F6 --platform-family macOS --deployment-target 14.0 --bundle-identifier local.photoaxis.core --output /Users/runner/Library/Developer/PhotoAxisBuilds/fe52d68e5807/DerivedData/Build/Products/Debug/PhotoAxisCore.framework/Versions/A/Resources --target-triple arm64-apple-macos14.0 --binary-file /Users/runner/Library/Developer/PhotoAxisBuilds/fe52d68e5807/DerivedData/Build/Products/Debug/PhotoAxisCore.framework/Versions/A/PhotoAxisCore --dependency-file /Users/runner/Library/Developer/PhotoAxisBuilds/fe52d68e5807/DerivedData/Build/Intermediates.noindex/PhotoAxis.build/Debug/PhotoAxisCore.build/Objects-normal/arm64/PhotoAxisCore_dependency_info.dat --stringsdata-file /Users/runner/Library/Developer/PhotoAxisBuilds/fe52d68e5807/DerivedData/Build/Intermediates.noindex/PhotoAxis.build/Debug/PhotoAxisCore.build/Objects-normal/arm64/ExtractedAppShortcutsMetadata.stringsdata --source-file-list /Users/runner/Library/Developer/PhotoAxisBuilds/fe52d68e5807/DerivedData/Build/Intermediates.noindex/PhotoAxis.build/Debug/PhotoAxisCore.build/Objects-normal/arm64/PhotoAxisCore.SwiftFileList --metadata-file-list /Users/runner/Library/Developer/PhotoAxisBuilds/fe52d68e5807/DerivedData/Build/Intermediates.noindex/PhotoAxis.build/Debug/PhotoAxisCore.build/PhotoAxisCore.DependencyMetadataFileList --static-metadata-file-list /Users/runner/Library/Developer/PhotoAxisBuilds/fe52d68e5807/DerivedData/Build/Intermediates.noindex/PhotoAxis.build/Debug/PhotoAxisCore.build/PhotoAxisCore.DependencyStaticMetadataFileList --swift-const-vals-list /Users/runner/Library/Developer/PhotoAxisBuilds/fe52d68e5807/DerivedData/Build/Intermediates.noindex/PhotoAxis.build/Debug/PhotoAxisCore.build/Objects-normal/arm64/PhotoAxisCore.SwiftConstValuesFileList --compile-time-extraction --deployment-aware-processing --validate-assistant-intents --no-app-shortcuts-localization
build-test	Model and geometry tests; Debug build	2026-10-03T07:16:31.3078490Z 2026-10-03 07:16:27.450 appintentsmetadataprocessor[2539:10480] Starting appintentsmetadataprocessor export
build-test	Model and geometry tests; Debug build	2026-10-03T07:16:31.3091090Z 2026-10-03 07:16:27.455 appintentsmetadataprocessor[2539:10480] warning: Metadata extraction skipped. No AppIntents.framework dependency found.
build-test	Model and geometry tests; Debug build	2026-10-03T07:16:31.3103570Z 
build-test	Model and geometry tests; Debug build	2026-10-03T07:16:31.3122440Z SwiftDriver PhotoAxisAppTests normal arm64 com.apple.xcode.tools.swift.compiler (in target 'PhotoAxisAppTests' from project 'PhotoAxis')
build-test	Model and geometry tests; Debug build	2026-10-03T07:16:31.3159000Z     cd $REPO
build-test	Model and geometry tests; Debug build	2026-10-03T07:16:31.3192340Z     builtin-SwiftDriver -- /Applications/Xcode_16.4.app/Contents/Developer/Toolchains/XcodeDefault.xctoolchain/usr/bin/swiftc -module-name PhotoAxisAppTests -Onone -enforce-exclusivity\=checked @/Users/runner/Library/Developer/PhotoAxisBuilds/fe52d68e5807/DerivedData/Build/Intermediates.noindex/PhotoAxis.build/Debug/PhotoAxisAppTests.build/Objects-normal/arm64/PhotoAxisAppTests.SwiftFileList -DDEBUG -plugin-path /Applications/Xcode_16.4.app/Contents/Developer/Toolchains/XcodeDefault.xctoolchain/usr/lib/swift/host/plugins/testing -enable-experimental-feature DebugDescriptionMacro -sdk /Applications/Xcode_16.4.app/Contents/Developer/Platforms/MacOSX.platform/Developer/SDKs/MacOSX15.5.sdk -target arm64-apple-macos14.0 -g -module-cache-path /Users/runner/Library/Developer/PhotoAxisBuilds/fe52d68e5807/DerivedData/ModuleCache.noindex -Xfrontend -serialize-debugging-options -enable-testing -index-store-path /Users/runner/Library/Developer/PhotoAxisBuilds/fe52d68e5807/DerivedData/Index.noindex/DataStore -swift-version 6 -I /Users/runner/Library/Developer/PhotoAxisBuilds/fe52d68e5807/DerivedData/Build/Products/Debug -I /Applications/Xcode_16.4.app/Contents/Developer/Platforms/MacOSX.platform/Developer/usr/lib -F /Users/runner/Library/Developer/PhotoAxisBuilds/fe52d68e5807/DerivedData/Build/Products/Debug -F /Applications/Xcode_16.4.app/Contents/Developer/Platforms/MacOSX.platform/Developer/Library/Frameworks -c -j3 -enable-batch-mode -incremental -Xcc -ivfsstatcache -Xcc /Users/runner/Library/Developer/PhotoAxisBuilds/fe52d68e5807/DerivedData/SDKStatCaches.noindex/macosx15.5-24F74-a403186ba963133a54a0e0cacd566b0b.sdkstatcache -output-file-map /Users/runner/Library/Developer/PhotoAxisBuilds/fe52d68e5807/DerivedData/Build/Intermediates.noindex/PhotoAxis.build/Debug/PhotoAxisAppTests.build/Objects-normal/arm64/PhotoAxisAppTests-OutputFileMap.json -use-frontend-parseable-output -save-temps -no-color-diagnostics -serialize-diagnostics -emit-dependencies -emit-module -emit-module-path /Users/runner/Library/Developer/PhotoAxisBuilds/fe52d68e5807/DerivedData/Build/Intermediates.noindex/PhotoAxis.build/Debug/PhotoAxisAppTests.build/Objects-normal/arm64/PhotoAxisAppTests.swiftmodule -validate-clang-modules-once -clang-build-session-file /Users/runner/Library/Developer/PhotoAxisBuilds/fe52d68e5807/DerivedData/ModuleCache.noindex/Session.modulevalidation -Xcc -I/Users/runner/Library/Developer/PhotoAxisBuilds/fe52d68e5807/DerivedData/Build/Intermediates.noindex/PhotoAxis.build/Debug/PhotoAxisAppTests.build/swift-overrides.hmap -emit-const-values -Xfrontend -const-gather-protocols-file -Xfrontend /Users/runner/Library/Developer/PhotoAxisBuilds/fe52d68e5807/DerivedData/Build/Intermediates.noindex/PhotoAxis.build/Debug/PhotoAxisAppTests.build/Objects-normal/arm64/PhotoAxisAppTests_const_extract_protocols.json -Xcc -iquote -Xcc /Users/runner/Library/Developer/PhotoAxisBuilds/fe52d68e5807/DerivedData/Build/Intermediates.noindex/PhotoAxis.build/Debug/PhotoAxisAppTests.build/PhotoAxisAppTests-generated-files.hmap -Xcc -I/Users/runner/Library/Developer/PhotoAxisBuilds/fe52d68e5807/DerivedData/Build/Intermediates.noindex/PhotoAxis.build/Debug/PhotoAxisAppTests.build/PhotoAxisAppTests-own-target-headers.hmap -Xcc -I/Users/runner/Library/Developer/PhotoAxisBuilds/fe52d68e5807/DerivedData/Build/Intermediates.noindex/PhotoAxis.build/Debug/PhotoAxisAppTests.build/PhotoAxisAppTests-all-non-framework-target-headers.hmap -Xcc -ivfsoverlay -Xcc /Users/runner/Library/Developer/PhotoAxisBuilds/fe52d68e5807/DerivedData/Build/Intermediates.noindex/PhotoAxis.build/Debug/PhotoAxis-9730526f0700b8b20d57e2b47e796b5b-VFS/all-product-headers.yaml -Xcc -iquote -Xcc /Users/runner/Library/Developer/PhotoAxisBuilds/fe52d68e5807/DerivedData/Build/Intermediates.noindex/PhotoAxis.build/Debug/PhotoAxisAppTests.build/PhotoAxisAppTests-project-headers.hmap -Xcc -I/Users/runner/Library/Developer/PhotoAxisBuilds/fe52d68e5807/DerivedData/Build/Products/Debug/include -Xcc -I/Users/runner/Library/Developer/PhotoAxisBuilds/fe52d68e5807/DerivedData/Build/Intermediates.noindex/PhotoAxis.build/Debug/PhotoAxisAppTests.build/DerivedSources-normal/arm64 -Xcc -I/Users/runner/Library/Developer/PhotoAxisBuilds/fe52d68e5807/DerivedData/Build/Intermediates.noindex/PhotoAxis.build/Debug/PhotoAxisAppTests.build/DerivedSources/arm64 -Xcc -I/Users/runner/Library/Developer/PhotoAxisBuilds/fe52d68e5807/DerivedData/Build/Intermediates.noindex/PhotoAxis.build/Debug/PhotoAxisAppTests.build/DerivedSources -emit-objc-header -emit-objc-header-path /Users/runner/Library/Developer/PhotoAxisBuilds/fe52d68e5807/DerivedData/Build/Intermediates.noindex/PhotoAxis.build/Debug/PhotoAxisAppTests.build/Objects-normal/arm64/PhotoAxisAppTests-Swift.h -working-directory $REPO -experimental-emit-module-separately -disable-cmo
build-test	Model and geometry tests; Debug build	2026-10-03T07:16:31.3208120Z 
build-test	Model and geometry tests; Debug build	2026-10-03T07:16:31.3217900Z SwiftEmitModule normal arm64 Emitting\ module\ for\ PhotoAxisAppTests (in target 'PhotoAxisAppTests' from project 'PhotoAxis')
build-test	Model and geometry tests; Debug build	2026-10-03T07:16:31.3232530Z 
build-test	Model and geometry tests; Debug build	2026-10-03T07:16:31.3257500Z EmitSwiftModule normal arm64 (in target 'PhotoAxisAppTests' from project 'PhotoAxis')
build-test	Model and geometry tests; Debug build	2026-10-03T07:16:31.3257900Z     cd $REPO
build-test	Model and geometry tests; Debug build	2026-10-03T07:16:31.3258100Z     
build-test	Model and geometry tests; Debug build	2026-10-03T07:16:31.3258170Z 
build-test	Model and geometry tests; Debug build	2026-10-03T07:16:31.3261310Z SwiftCompile normal arm64 Compiling\ AcceptanceWorkflowTests.swift,\ BenchmarkTests.swift,\ ContentEditingTests.swift,\ CropEditingTests.swift,\ DocumentTests.swift,\ ExportTests.swift $REPO/Tests/PhotoAxisAppTests/AcceptanceWorkflowTests.swift $REPO/Tests/PhotoAxisAppTests/BenchmarkTests.swift $REPO/Tests/PhotoAxisAppTests/ContentEditingTests.swift $REPO/Tests/PhotoAxisAppTests/CropEditingTests.swift $REPO/Tests/PhotoAxisAppTests/DocumentTests.swift $REPO/Tests/PhotoAxisAppTests/ExportTests.swift (in target 'PhotoAxisAppTests' from project 'PhotoAxis')
build-test	Model and geometry tests; Debug build	2026-10-03T07:16:31.3264030Z SwiftCompile normal arm64 $REPO/Tests/PhotoAxisAppTests/AcceptanceWorkflowTests.swift (in target 'PhotoAxisAppTests' from project 'PhotoAxis')
build-test	Model and geometry tests; Debug build	2026-10-03T07:16:31.3264640Z     cd $REPO
build-test	Model and geometry tests; Debug build	2026-10-03T07:16:31.3264840Z     
build-test	Model and geometry tests; Debug build	2026-10-03T07:16:31.3264910Z 
build-test	Model and geometry tests; Debug build	2026-10-03T07:16:31.3265340Z SwiftCompile normal arm64 $REPO/Tests/PhotoAxisAppTests/BenchmarkTests.swift (in target 'PhotoAxisAppTests' from project 'PhotoAxis')
build-test	Model and geometry tests; Debug build	2026-10-03T07:16:31.3265920Z     cd $REPO
build-test	Model and geometry tests; Debug build	2026-10-03T07:16:31.3266440Z     
build-test	Model and geometry tests; Debug build	2026-10-03T07:16:31.3266520Z 
build-test	Model and geometry tests; Debug build	2026-10-03T07:16:31.3266960Z SwiftCompile normal arm64 $REPO/Tests/PhotoAxisAppTests/ContentEditingTests.swift (in target 'PhotoAxisAppTests' from project 'PhotoAxis')
build-test	Model and geometry tests; Debug build	2026-10-03T07:16:31.3267550Z     cd $REPO
build-test	Model and geometry tests; Debug build	2026-10-03T07:16:31.3267740Z     
build-test	Model and geometry tests; Debug build	2026-10-03T07:16:31.3267810Z 
build-test	Model and geometry tests; Debug build	2026-10-03T07:16:31.3268240Z SwiftCompile normal arm64 $REPO/Tests/PhotoAxisAppTests/CropEditingTests.swift (in target 'PhotoAxisAppTests' from project 'PhotoAxis')
build-test	Model and geometry tests; Debug build	2026-10-03T07:16:31.3268830Z     cd $REPO
build-test	Model and geometry tests; Debug build	2026-10-03T07:16:31.3269030Z     
build-test	Model and geometry tests; Debug build	2026-10-03T07:16:31.3269100Z 
build-test	Model and geometry tests; Debug build	2026-10-03T07:16:31.3269510Z SwiftCompile normal arm64 $REPO/Tests/PhotoAxisAppTests/DocumentTests.swift (in target 'PhotoAxisAppTests' from project 'PhotoAxis')
build-test	Model and geometry tests; Debug build	2026-10-03T07:16:31.3270110Z     cd $REPO
build-test	Model and geometry tests; Debug build	2026-10-03T07:16:31.3270310Z     
build-test	Model and geometry tests; Debug build	2026-10-03T07:16:31.3270370Z 
build-test	Model and geometry tests; Debug build	2026-10-03T07:16:31.3270780Z SwiftCompile normal arm64 $REPO/Tests/PhotoAxisAppTests/ExportTests.swift (in target 'PhotoAxisAppTests' from project 'PhotoAxis')
build-test	Model and geometry tests; Debug build	2026-10-03T07:16:31.3271350Z     cd $REPO
build-test	Model and geometry tests; Debug build	2026-10-03T07:16:31.3271540Z     
build-test	Model and geometry tests; Debug build	2026-10-03T07:16:31.3272050Z $REPO/Tests/PhotoAxisAppTests/ExportTests.swift:107:12: warning: unnecessary check for 'macOS'; enclosing scope ensures guard will always be true
build-test	Model and geometry tests; Debug build	2026-10-03T07:16:31.3272630Z         if #available(macOS 15, *) {
build-test	Model and geometry tests; Debug build	2026-10-03T07:16:31.3272800Z            ^
build-test	Model and geometry tests; Debug build	2026-10-03T07:16:31.3273190Z $REPO/Tests/PhotoAxisAppTests/ExportTests.swift:105:9: note: enclosing scope here
build-test	Model and geometry tests; Debug build	2026-10-03T07:16:31.3273940Z         guard #available(macOS 15, *) else { throw XCTSkip("ISO gain-map fixture verification requires macOS 15+; macOS 14 remains a separate target-machine check") }
build-test	Model and geometry tests; Debug build	2026-10-03T07:16:31.3274590Z         ^
build-test	Model and geometry tests; Debug build	2026-10-03T07:16:31.3275100Z $REPO/Tests/PhotoAxisAppTests/ExportTests.swift:137:16: warning: unnecessary check for 'macOS'; enclosing scope ensures guard will always be true
build-test	Model and geometry tests; Debug build	2026-10-03T07:16:31.3275960Z             if #available(macOS 15, *) { XCTAssertNil(CGImageSourceCopyAuxiliaryDataInfoAtIndex(result,0,kCGImageAuxiliaryDataTypeISOGainMap)) }
build-test	Model and geometry tests; Debug build	2026-10-03T07:16:31.3276430Z                ^
build-test	Model and geometry tests; Debug build	2026-10-03T07:16:31.3276780Z $REPO/Tests/PhotoAxisAppTests/ExportTests.swift:105:9: note: enclosing scope here
build-test	Model and geometry tests; Debug build	2026-10-03T07:16:31.3277570Z         guard #available(macOS 15, *) else { throw XCTSkip("ISO gain-map fixture verification requires macOS 15+; macOS 14 remains a separate target-machine check") }
build-test	Model and geometry tests; Debug build	2026-10-03T07:16:31.3278060Z         ^
build-test	Model and geometry tests; Debug build	2026-10-03T07:16:31.3278130Z 
build-test	Model and geometry tests; Debug build	2026-10-03T07:16:31.3279960Z SwiftCompile normal arm64 Compiling\ ProjectDocumentTests.swift,\ RecoveryTests.swift,\ ScanTests.swift,\ ViewportSamplingTests.swift,\ WorkspaceTests.swift $REPO/Tests/PhotoAxisAppTests/ProjectDocumentTests.swift $REPO/Tests/PhotoAxisAppTests/RecoveryTests.swift $REPO/Tests/PhotoAxisAppTests/ScanTests.swift $REPO/Tests/PhotoAxisAppTests/ViewportSamplingTests.swift $REPO/Tests/PhotoAxisAppTests/WorkspaceTests.swift (in target 'PhotoAxisAppTests' from project 'PhotoAxis')
build-test	Model and geometry tests; Debug build	2026-10-03T07:16:31.3281830Z 
build-test	Model and geometry tests; Debug build	2026-10-03T07:16:31.3282270Z SwiftCompile normal arm64 $REPO/Tests/PhotoAxisAppTests/ProjectDocumentTests.swift (in target 'PhotoAxisAppTests' from project 'PhotoAxis')
build-test	Model and geometry tests; Debug build	2026-10-03T07:16:31.3282870Z     cd $REPO
build-test	Model and geometry tests; Debug build	2026-10-03T07:16:31.3283070Z     
build-test	Model and geometry tests; Debug build	2026-10-03T07:16:31.3283130Z 
build-test	Model and geometry tests; Debug build	2026-10-03T07:16:31.3283550Z SwiftCompile normal arm64 $REPO/Tests/PhotoAxisAppTests/RecoveryTests.swift (in target 'PhotoAxisAppTests' from project 'PhotoAxis')
build-test	Model and geometry tests; Debug build	2026-10-03T07:16:31.3284240Z     cd $REPO
build-test	Model and geometry tests; Debug build	2026-10-03T07:16:31.3284440Z     
build-test	Model and geometry tests; Debug build	2026-10-03T07:16:31.3284510Z 
build-test	Model and geometry tests; Debug build	2026-10-03T07:16:31.3284910Z SwiftCompile normal arm64 $REPO/Tests/PhotoAxisAppTests/ScanTests.swift (in target 'PhotoAxisAppTests' from project 'PhotoAxis')
build-test	Model and geometry tests; Debug build	2026-10-03T07:16:31.3285460Z     cd $REPO
build-test	Model and geometry tests; Debug build	2026-10-03T07:16:31.3285660Z     
build-test	Model and geometry tests; Debug build	2026-10-03T07:16:31.3285720Z 
build-test	Model and geometry tests; Debug build	2026-10-03T07:16:31.3286170Z SwiftCompile normal arm64 $REPO/Tests/PhotoAxisAppTests/ViewportSamplingTests.swift (in target 'PhotoAxisAppTests' from project 'PhotoAxis')
build-test	Model and geometry tests; Debug build	2026-10-03T07:16:31.3286760Z     cd $REPO
build-test	Model and geometry tests; Debug build	2026-10-03T07:16:31.3286960Z     
build-test	Model and geometry tests; Debug build	2026-10-03T07:16:31.3287020Z 
build-test	Model and geometry tests; Debug build	2026-10-03T07:16:31.3287440Z SwiftCompile normal arm64 $REPO/Tests/PhotoAxisAppTests/WorkspaceTests.swift (in target 'PhotoAxisAppTests' from project 'PhotoAxis')
build-test	Model and geometry tests; Debug build	2026-10-03T07:16:31.3288020Z     cd $REPO
build-test	Model and geometry tests; Debug build	2026-10-03T07:16:31.3288210Z     
build-test	Model and geometry tests; Debug build	2026-10-03T07:16:31.3288320Z 
build-test	Model and geometry tests; Debug build	2026-10-03T07:16:31.3288650Z SwiftDriverJobDiscovery normal arm64 Emitting module for PhotoAxisAppTests (in target 'PhotoAxisAppTests' from project 'PhotoAxis')
build-test	Model and geometry tests; Debug build	2026-10-03T07:16:31.3289050Z 
build-test	Model and geometry tests; Debug build	2026-10-03T07:16:31.3289460Z SwiftDriver\ Compilation\ Requirements PhotoAxisAppTests normal arm64 com.apple.xcode.tools.swift.compiler (in target 'PhotoAxisAppTests' from project 'PhotoAxis')
build-test	Model and geometry tests; Debug build	2026-10-03T07:16:31.3290020Z     cd $REPO
build-test	Model and geometry tests; Debug build	2026-10-03T07:16:31.3304290Z     builtin-Swift-Compilation-Requirements -- /Applications/Xcode_16.4.app/Contents/Developer/Toolchains/XcodeDefault.xctoolchain/usr/bin/swiftc -module-name PhotoAxisAppTests -Onone -enforce-exclusivity\=checked @/Users/runner/Library/Developer/PhotoAxisBuilds/fe52d68e5807/DerivedData/Build/Intermediates.noindex/PhotoAxis.build/Debug/PhotoAxisAppTests.build/Objects-normal/arm64/PhotoAxisAppTests.SwiftFileList -DDEBUG -plugin-path /Applications/Xcode_16.4.app/Contents/Developer/Toolchains/XcodeDefault.xctoolchain/usr/lib/swift/host/plugins/testing -enable-experimental-feature DebugDescriptionMacro -sdk /Applications/Xcode_16.4.app/Contents/Developer/Platforms/MacOSX.platform/Developer/SDKs/MacOSX15.5.sdk -target arm64-apple-macos14.0 -g -module-cache-path /Users/runner/Library/Developer/PhotoAxisBuilds/fe52d68e5807/DerivedData/ModuleCache.noindex -Xfrontend -serialize-debugging-options -enable-testing -index-store-path /Users/runner/Library/Developer/PhotoAxisBuilds/fe52d68e5807/DerivedData/Index.noindex/DataStore -swift-version 6 -I /Users/runner/Library/Developer/PhotoAxisBuilds/fe52d68e5807/DerivedData/Build/Products/Debug -I /Applications/Xcode_16.4.app/Contents/Developer/Platforms/MacOSX.platform/Developer/usr/lib -F /Users/runner/Library/Developer/PhotoAxisBuilds/fe52d68e5807/DerivedData/Build/Products/Debug -F /Applications/Xcode_16.4.app/Contents/Developer/Platforms/MacOSX.platform/Developer/Library/Frameworks -c -j3 -enable-batch-mode -incremental -Xcc -ivfsstatcache -Xcc /Users/runner/Library/Developer/PhotoAxisBuilds/fe52d68e5807/DerivedData/SDKStatCaches.noindex/macosx15.5-24F74-a403186ba963133a54a0e0cacd566b0b.sdkstatcache -output-file-map /Users/runner/Library/Developer/PhotoAxisBuilds/fe52d68e5807/DerivedData/Build/Intermediates.noindex/PhotoAxis.build/Debug/PhotoAxisAppTests.build/Objects-normal/arm64/PhotoAxisAppTests-OutputFileMap.json -use-frontend-parseable-output -save-temps -no-color-diagnostics -serialize-diagnostics -emit-dependencies -emit-module -emit-module-path /Users/runner/Library/Developer/PhotoAxisBuilds/fe52d68e5807/DerivedData/Build/Intermediates.noindex/PhotoAxis.build/Debug/PhotoAxisAppTests.build/Objects-normal/arm64/PhotoAxisAppTests.swiftmodule -validate-clang-modules-once -clang-build-session-file /Users/runner/Library/Developer/PhotoAxisBuilds/fe52d68e5807/DerivedData/ModuleCache.noindex/Session.modulevalidation -Xcc -I/Users/runner/Library/Developer/PhotoAxisBuilds/fe52d68e5807/DerivedData/Build/Intermediates.noindex/PhotoAxis.build/Debug/PhotoAxisAppTests.build/swift-overrides.hmap -emit-const-values -Xfrontend -const-gather-protocols-file -Xfrontend /Users/runner/Library/Developer/PhotoAxisBuilds/fe52d68e5807/DerivedData/Build/Intermediates.noindex/PhotoAxis.build/Debug/PhotoAxisAppTests.build/Objects-normal/arm64/PhotoAxisAppTests_const_extract_protocols.json -Xcc -iquote -Xcc /Users/runner/Library/Developer/PhotoAxisBuilds/fe52d68e5807/DerivedData/Build/Intermediates.noindex/PhotoAxis.build/Debug/PhotoAxisAppTests.build/PhotoAxisAppTests-generated-files.hmap -Xcc -I/Users/runner/Library/Developer/PhotoAxisBuilds/fe52d68e5807/DerivedData/Build/Intermediates.noindex/PhotoAxis.build/Debug/PhotoAxisAppTests.build/PhotoAxisAppTests-own-target-headers.hmap -Xcc -I/Users/runner/Library/Developer/PhotoAxisBuilds/fe52d68e5807/DerivedData/Build/Intermediates.noindex/PhotoAxis.build/Debug/PhotoAxisAppTests.build/PhotoAxisAppTests-all-non-framework-target-headers.hmap -Xcc -ivfsoverlay -Xcc /Users/runner/Library/Developer/PhotoAxisBuilds/fe52d68e5807/DerivedData/Build/Intermediates.noindex/PhotoAxis.build/Debug/PhotoAxis-9730526f0700b8b20d57e2b47e796b5b-VFS/all-product-headers.yaml -Xcc -iquote -Xcc /Users/runner/Library/Developer/PhotoAxisBuilds/fe52d68e5807/DerivedData/Build/Intermediates.noindex/PhotoAxis.build/Debug/PhotoAxisAppTests.build/PhotoAxisAppTests-project-headers.hmap -Xcc -I/Users/runner/Library/Developer/PhotoAxisBuilds/fe52d68e5807/DerivedData/Build/Products/Debug/include -Xcc -I/Users/runner/Library/Developer/PhotoAxisBuilds/fe52d68e5807/DerivedData/Build/Intermediates.noindex/PhotoAxis.build/Debug/PhotoAxisAppTests.build/DerivedSources-normal/arm64 -Xcc -I/Users/runner/Library/Developer/PhotoAxisBuilds/fe52d68e5807/DerivedData/Build/Intermediates.noindex/PhotoAxis.build/Debug/PhotoAxisAppTests.build/DerivedSources/arm64 -Xcc -I/Users/runner/Library/Developer/PhotoAxisBuilds/fe52d68e5807/DerivedData/Build/Intermediates.noindex/PhotoAxis.build/Debug/PhotoAxisAppTests.build/DerivedSources -emit-objc-header -emit-objc-header-path /Users/runner/Library/Developer/PhotoAxisBuilds/fe52d68e5807/DerivedData/Build/Intermediates.noindex/PhotoAxis.build/Debug/PhotoAxisAppTests.build/Objects-normal/arm64/PhotoAxisAppTests-Swift.h -working-directory $REPO -experimental-emit-module-separately -disable-cmo
build-test	Model and geometry tests; Debug build	2026-10-03T07:16:31.3318880Z 
build-test	Model and geometry tests; Debug build	2026-10-03T07:16:31.3320530Z SwiftDriverJobDiscovery normal arm64 Compiling AppDelegate.swift, AdjustmentEditing.swift, ContentEditing.swift, CropEditing.swift, ExportStore.swift, ICCEmbedding.swift, PerspectiveEditing.swift, PhotoDocument.swift, ProjectStore.swift, RecoveryCrashFixture.swift, RecoveryStore.swift, TransformEditing.swift, InvestigationAnalysisEngine.swift, InvestigationAnalysisStore.swift, InvestigationCaseStore.swift, InvestigationComparison.swift, InvestigationController.swift, InvestigationReviewController.swift, InvestigationSharing.swift (in target 'PhotoAxis' from project 'PhotoAxis')
build-test	Model and geometry tests; Debug build	2026-10-03T07:16:31.3322260Z 
build-test	Model and geometry tests; Debug build	2026-10-03T07:16:31.3324680Z SwiftCompile normal arm64 Compiling\ ImageAdjustmentTests.swift,\ InvestigationAnalysisTests.swift,\ InvestigationWorkflowTests.swift,\ LayerEditingTests.swift,\ MultiLayerPerspectiveTests.swift,\ PerspectiveEditingTests.swift $REPO/Tests/PhotoAxisAppTests/ImageAdjustmentTests.swift $REPO/Tests/PhotoAxisAppTests/InvestigationAnalysisTests.swift $REPO/Tests/PhotoAxisAppTests/InvestigationWorkflowTests.swift $REPO/Tests/PhotoAxisAppTests/LayerEditingTests.swift $REPO/Tests/PhotoAxisAppTests/MultiLayerPerspectiveTests.swift $REPO/Tests/PhotoAxisAppTests/PerspectiveEditingTests.swift (in target 'PhotoAxisAppTests' from project 'PhotoAxis')
build-test	Model and geometry tests; Debug build	2026-10-03T07:16:31.3327600Z SwiftCompile normal arm64 $REPO/Tests/PhotoAxisAppTests/ImageAdjustmentTests.swift (in target 'PhotoAxisAppTests' from project 'PhotoAxis')
build-test	Model and geometry tests; Debug build	2026-10-03T07:16:31.3328310Z     cd $REPO
build-test	Model and geometry tests; Debug build	2026-10-03T07:16:31.3328500Z     
build-test	Model and geometry tests; Debug build	2026-10-03T07:16:35.4732890Z 
build-test	Model and geometry tests; Debug build	2026-10-03T07:16:35.4734040Z SwiftCompile normal arm64 $REPO/Tests/PhotoAxisAppTests/InvestigationAnalysisTests.swift (in target 'PhotoAxisAppTests' from project 'PhotoAxis')
build-test	Model and geometry tests; Debug build	2026-10-03T07:16:35.4735090Z     cd $REPO
build-test	Model and geometry tests; Debug build	2026-10-03T07:16:35.4735750Z     
build-test	Model and geometry tests; Debug build	2026-10-03T07:16:35.4736480Z 
build-test	Model and geometry tests; Debug build	2026-10-03T07:16:35.4737290Z SwiftCompile normal arm64 $REPO/Tests/PhotoAxisAppTests/InvestigationWorkflowTests.swift (in target 'PhotoAxisAppTests' from project 'PhotoAxis')
build-test	Model and geometry tests; Debug build	2026-10-03T07:16:35.4738070Z     cd $REPO
build-test	Model and geometry tests; Debug build	2026-10-03T07:16:35.4738370Z     
build-test	Model and geometry tests; Debug build	2026-10-03T07:16:35.4738450Z 
build-test	Model and geometry tests; Debug build	2026-10-03T07:16:35.4739140Z SwiftCompile normal arm64 $REPO/Tests/PhotoAxisAppTests/LayerEditingTests.swift (in target 'PhotoAxisAppTests' from project 'PhotoAxis')
build-test	Model and geometry tests; Debug build	2026-10-03T07:16:35.4739920Z     cd $REPO
build-test	Model and geometry tests; Debug build	2026-10-03T07:16:35.4740150Z     
build-test	Model and geometry tests; Debug build	2026-10-03T07:16:35.4740220Z 
build-test	Model and geometry tests; Debug build	2026-10-03T07:16:35.4740750Z SwiftCompile normal arm64 $REPO/Tests/PhotoAxisAppTests/MultiLayerPerspectiveTests.swift (in target 'PhotoAxisAppTests' from project 'PhotoAxis')
build-test	Model and geometry tests; Debug build	2026-10-03T07:16:35.4741400Z     cd $REPO
build-test	Model and geometry tests; Debug build	2026-10-03T07:16:35.4741600Z     
build-test	Model and geometry tests; Debug build	2026-10-03T07:16:35.4741670Z 
build-test	Model and geometry tests; Debug build	2026-10-03T07:16:35.4742140Z SwiftCompile normal arm64 $REPO/Tests/PhotoAxisAppTests/PerspectiveEditingTests.swift (in target 'PhotoAxisAppTests' from project 'PhotoAxis')
build-test	Model and geometry tests; Debug build	2026-10-03T07:16:35.4742780Z     cd $REPO
build-test	Model and geometry tests; Debug build	2026-10-03T07:16:35.4743000Z     
build-test	Model and geometry tests; Debug build	2026-10-03T07:16:35.4743060Z 
build-test	Model and geometry tests; Debug build	2026-10-03T07:16:35.4966370Z SwiftDriver\ Compilation PhotoAxis normal arm64 com.apple.xcode.tools.swift.compiler (in target 'PhotoAxis' from project 'PhotoAxis')
build-test	Model and geometry tests; Debug build	2026-10-03T07:16:35.4967260Z     cd $REPO
build-test	Model and geometry tests; Debug build	2026-10-03T07:16:35.4980600Z     builtin-Swift-Compilation -- /Applications/Xcode_16.4.app/Contents/Developer/Toolchains/XcodeDefault.xctoolchain/usr/bin/swiftc -module-name PhotoAxis -Onone -enforce-exclusivity\=checked @/Users/runner/Library/Developer/PhotoAxisBuilds/fe52d68e5807/DerivedData/Build/Intermediates.noindex/PhotoAxis.build/Debug/PhotoAxis.build/Objects-normal/arm64/PhotoAxis.SwiftFileList -DDEBUG -enable-experimental-feature DebugDescriptionMacro -sdk /Applications/Xcode_16.4.app/Contents/Developer/Platforms/MacOSX.platform/Developer/SDKs/MacOSX15.5.sdk -target arm64-apple-macos14.0 -g -module-cache-path /Users/runner/Library/Developer/PhotoAxisBuilds/fe52d68e5807/DerivedData/ModuleCache.noindex -Xfrontend -serialize-debugging-options -enable-testing -index-store-path /Users/runner/Library/Developer/PhotoAxisBuilds/fe52d68e5807/DerivedData/Index.noindex/DataStore -swift-version 6 -I /Users/runner/Library/Developer/PhotoAxisBuilds/fe52d68e5807/DerivedData/Build/Products/Debug -F /Users/runner/Library/Developer/PhotoAxisBuilds/fe52d68e5807/DerivedData/Build/Products/Debug -c -j3 -enable-batch-mode -incremental -Xcc -ivfsstatcache -Xcc /Users/runner/Library/Developer/PhotoAxisBuilds/fe52d68e5807/DerivedData/SDKStatCaches.noindex/macosx15.5-24F74-a403186ba963133a54a0e0cacd566b0b.sdkstatcache -output-file-map /Users/runner/Library/Developer/PhotoAxisBuilds/fe52d68e5807/DerivedData/Build/Intermediates.noindex/PhotoAxis.build/Debug/PhotoAxis.build/Objects-normal/arm64/PhotoAxis-OutputFileMap.json -use-frontend-parseable-output -save-temps -no-color-diagnostics -serialize-diagnostics -emit-dependencies -emit-module -emit-module-path /Users/runner/Library/Developer/PhotoAxisBuilds/fe52d68e5807/DerivedData/Build/Intermediates.noindex/PhotoAxis.build/Debug/PhotoAxis.build/Objects-normal/arm64/PhotoAxis.swiftmodule -validate-clang-modules-once -clang-build-session-file /Users/runner/Library/Developer/PhotoAxisBuilds/fe52d68e5807/DerivedData/ModuleCache.noindex/Session.modulevalidation -Xcc -I/Users/runner/Library/Developer/PhotoAxisBuilds/fe52d68e5807/DerivedData/Build/Intermediates.noindex/PhotoAxis.build/Debug/PhotoAxis.build/swift-overrides.hmap -emit-const-values -Xfrontend -const-gather-protocols-file -Xfrontend /Users/runner/Library/Developer/PhotoAxisBuilds/fe52d68e5807/DerivedData/Build/Intermediates.noindex/PhotoAxis.build/Debug/PhotoAxis.build/Objects-normal/arm64/PhotoAxis_const_extract_protocols.json -Xcc -iquote -Xcc /Users/runner/Library/Developer/PhotoAxisBuilds/fe52d68e5807/DerivedData/Build/Intermediates.noindex/PhotoAxis.build/Debug/PhotoAxis.build/PhotoAxis-generated-files.hmap -Xcc -I/Users/runner/Library/Developer/PhotoAxisBuilds/fe52d68e5807/DerivedData/Build/Intermediates.noindex/PhotoAxis.build/Debug/PhotoAxis.build/PhotoAxis-own-target-headers.hmap -Xcc -I/Users/runner/Library/Developer/PhotoAxisBuilds/fe52d68e5807/DerivedData/Build/Intermediates.noindex/PhotoAxis.build/Debug/PhotoAxis.build/PhotoAxis-all-non-framework-target-headers.hmap -Xcc -ivfsoverlay -Xcc /Users/runner/Library/Developer/PhotoAxisBuilds/fe52d68e5807/DerivedData/Build/Intermediates.noindex/PhotoAxis.build/Debug/PhotoAxis-9730526f0700b8b20d57e2b47e796b5b-VFS/all-product-headers.yaml -Xcc -iquote -Xcc /Users/runner/Library/Developer/PhotoAxisBuilds/fe52d68e5807/DerivedData/Build/Intermediates.noindex/PhotoAxis.build/Debug/PhotoAxis.build/PhotoAxis-project-headers.hmap -Xcc -I/Users/runner/Library/Developer/PhotoAxisBuilds/fe52d68e5807/DerivedData/Build/Products/Debug/include -Xcc -I/Users/runner/Library/Developer/PhotoAxisBuilds/fe52d68e5807/DerivedData/Build/Intermediates.noindex/PhotoAxis.build/Debug/PhotoAxis.build/DerivedSources-normal/arm64 -Xcc -I/Users/runner/Library/Developer/PhotoAxisBuilds/fe52d68e5807/DerivedData/Build/Intermediates.noindex/PhotoAxis.build/Debug/PhotoAxis.build/DerivedSources/arm64 -Xcc -I/Users/runner/Library/Developer/PhotoAxisBuilds/fe52d68e5807/DerivedData/Build/Intermediates.noindex/PhotoAxis.build/Debug/PhotoAxis.build/DerivedSources -emit-objc-header -emit-objc-header-path /Users/runner/Library/Developer/PhotoAxisBuilds/fe52d68e5807/DerivedData/Build/Intermediates.noindex/PhotoAxis.build/Debug/PhotoAxis.build/Objects-normal/arm64/PhotoAxis-Swift.h -working-directory $REPO -experimental-emit-module-separately -disable-cmo
build-test	Model and geometry tests; Debug build	2026-10-03T07:16:35.4994290Z 
build-test	Model and geometry tests; Debug build	2026-10-03T07:16:35.4994890Z SwiftDriverJobDiscovery normal arm64 Compiling ProjectDocumentTests.swift, RecoveryTests.swift, ScanTests.swift, ViewportSamplingTests.swift, WorkspaceTests.swift (in target 'PhotoAxisAppTests' from project 'PhotoAxis')
build-test	Model and geometry tests; Debug build	2026-10-03T07:16:35.4995550Z 
build-test	Model and geometry tests; Debug build	2026-10-03T07:16:35.4996860Z SwiftMergeGeneratedHeaders /Users/runner/Library/Developer/PhotoAxisBuilds/fe52d68e5807/DerivedData/Build/Intermediates.noindex/PhotoAxis.build/Debug/PhotoAxisAppTests.build/DerivedSources/PhotoAxisAppTests-Swift.h /Users/runner/Library/Developer/PhotoAxisBuilds/fe52d68e5807/DerivedData/Build/Intermediates.noindex/PhotoAxis.build/Debug/PhotoAxisAppTests.build/Objects-normal/arm64/PhotoAxisAppTests-Swift.h (in target 'PhotoAxisAppTests' from project 'PhotoAxis')
build-test	Model and geometry tests; Debug build	2026-10-03T07:16:35.4998340Z     cd $REPO
build-test	Model and geometry tests; Debug build	2026-10-03T07:16:35.4999680Z     builtin-swiftHeaderTool -arch arm64 /Users/runner/Library/Developer/PhotoAxisBuilds/fe52d68e5807/DerivedData/Build/Intermediates.noindex/PhotoAxis.build/Debug/PhotoAxisAppTests.build/Objects-normal/arm64/PhotoAxisAppTests-Swift.h -o /Users/runner/Library/Developer/PhotoAxisBuilds/fe52d68e5807/DerivedData/Build/Intermediates.noindex/PhotoAxis.build/Debug/PhotoAxisAppTests.build/DerivedSources/PhotoAxisAppTests-Swift.h
build-test	Model and geometry tests; Debug build	2026-10-03T07:16:35.5000950Z 
build-test	Model and geometry tests; Debug build	2026-10-03T07:16:35.5001600Z GenerateTAPI /Users/runner/Library/Developer/PhotoAxisBuilds/fe52d68e5807/DerivedData/Build/Intermediates.noindex/EagerLinkingTBDs/Debug/PhotoAxisCore.framework/Versions/A/PhotoAxisCore.tbd (in target 'PhotoAxisCore' from project 'PhotoAxis')
build-test	Model and geometry tests; Debug build	2026-10-03T07:16:35.5002530Z     cd $REPO
build-test	Model and geometry tests; Debug build	2026-10-03T07:16:35.5004760Z     /Applications/Xcode_16.4.app/Contents/Developer/Toolchains/XcodeDefault.xctoolchain/usr/bin/tapi stubify -isysroot /Applications/Xcode_16.4.app/Contents/Developer/Platforms/MacOSX.platform/Developer/SDKs/MacOSX15.5.sdk -F/Users/runner/Library/Developer/PhotoAxisBuilds/fe52d68e5807/DerivedData/Build/Products/Debug -L/Users/runner/Library/Developer/PhotoAxisBuilds/fe52d68e5807/DerivedData/Build/Products/Debug /Users/runner/Library/Developer/PhotoAxisBuilds/fe52d68e5807/DerivedData/Build/Products/Debug/PhotoAxisCore.framework/Versions/A/PhotoAxisCore -o /Users/runner/Library/Developer/PhotoAxisBuilds/fe52d68e5807/DerivedData/Build/Intermediates.noindex/EagerLinkingTBDs/Debug/PhotoAxisCore.framework/Versions/A/PhotoAxisCore.tbd
build-test	Model and geometry tests; Debug build	2026-10-03T07:16:35.5006880Z 
build-test	Model and geometry tests; Debug build	2026-10-03T07:16:35.5008590Z Copy /Users/runner/Library/Developer/PhotoAxisBuilds/fe52d68e5807/DerivedData/Build/Products/Debug/PhotoAxisAppTests.swiftmodule/arm64-apple-macos.swiftmodule /Users/runner/Library/Developer/PhotoAxisBuilds/fe52d68e5807/DerivedData/Build/Intermediates.noindex/PhotoAxis.build/Debug/PhotoAxisAppTests.build/Objects-normal/arm64/PhotoAxisAppTests.swiftmodule (in target 'PhotoAxisAppTests' from project 'PhotoAxis')
build-test	Model and geometry tests; Debug build	2026-10-03T07:16:35.5010020Z     cd $REPO
build-test	Model and geometry tests; Debug build	2026-10-03T07:16:35.5012060Z     builtin-copy -exclude .DS_Store -exclude CVS -exclude .svn -exclude .git -exclude .hg -strip-unsigned-binaries -strip-deterministic -strip-tool /Applications/Xcode_16.4.app/Contents/Developer/Toolchains/XcodeDefault.xctoolchain/usr/bin/strip -resolve-src-symlinks -rename /Users/runner/Library/Developer/PhotoAxisBuilds/fe52d68e5807/DerivedData/Build/Intermediates.noindex/PhotoAxis.build/Debug/PhotoAxisAppTests.build/Objects-normal/arm64/PhotoAxisAppTests.swiftmodule /Users/runner/Library/Developer/PhotoAxisBuilds/fe52d68e5807/DerivedData/Build/Products/Debug/PhotoAxisAppTests.swiftmodule/arm64-apple-macos.swiftmodule
build-test	Model and geometry tests; Debug build	2026-10-03T07:16:35.5014210Z 
build-test	Model and geometry tests; Debug build	2026-10-03T07:16:35.5015890Z Copy /Users/runner/Library/Developer/PhotoAxisBuilds/fe52d68e5807/DerivedData/Build/Products/Debug/PhotoAxisAppTests.swiftmodule/arm64-apple-macos.swiftdoc /Users/runner/Library/Developer/PhotoAxisBuilds/fe52d68e5807/DerivedData/Build/Intermediates.noindex/PhotoAxis.build/Debug/PhotoAxisAppTests.build/Objects-normal/arm64/PhotoAxisAppTests.swiftdoc (in target 'PhotoAxisAppTests' from project 'PhotoAxis')
build-test	Model and geometry tests; Debug build	2026-10-03T07:16:35.5017200Z     cd $REPO
build-test	Model and geometry tests; Debug build	2026-10-03T07:16:35.5019070Z     builtin-copy -exclude .DS_Store -exclude CVS -exclude .svn -exclude .git -exclude .hg -strip-unsigned-binaries -strip-deterministic -strip-tool /Applications/Xcode_16.4.app/Contents/Developer/Toolchains/XcodeDefault.xctoolchain/usr/bin/strip -resolve-src-symlinks -rename /Users/runner/Library/Developer/PhotoAxisBuilds/fe52d68e5807/DerivedData/Build/Intermediates.noindex/PhotoAxis.build/Debug/PhotoAxisAppTests.build/Objects-normal/arm64/PhotoAxisAppTests.swiftdoc /Users/runner/Library/Developer/PhotoAxisBuilds/fe52d68e5807/DerivedData/Build/Products/Debug/PhotoAxisAppTests.swiftmodule/arm64-apple-macos.swiftdoc
build-test	Model and geometry tests; Debug build	2026-10-03T07:16:35.5020860Z 
build-test	Model and geometry tests; Debug build	2026-10-03T07:16:35.5021970Z Copy /Users/runner/Library/Developer/PhotoAxisBuilds/fe52d68e5807/DerivedData/Build/Products/Debug/PhotoAxisAppTests.swiftmodule/arm64-apple-macos.abi.json /Users/runner/Library/Developer/PhotoAxisBuilds/fe52d68e5807/DerivedData/Build/Intermediates.noindex/PhotoAxis.build/Debug/PhotoAxisAppTests.build/Objects-normal/arm64/PhotoAxisAppTests.abi.json (in target 'PhotoAxisAppTests' from project 'PhotoAxis')
build-test	Model and geometry tests; Debug build	2026-10-03T07:16:35.5023240Z     cd $REPO
build-test	Model and geometry tests; Debug build	2026-10-03T07:16:35.5025090Z     builtin-copy -exclude .DS_Store -exclude CVS -exclude .svn -exclude .git -exclude .hg -strip-unsigned-binaries -strip-deterministic -strip-tool /Applications/Xcode_16.4.app/Contents/Developer/Toolchains/XcodeDefault.xctoolchain/usr/bin/strip -resolve-src-symlinks -rename /Users/runner/Library/Developer/PhotoAxisBuilds/fe52d68e5807/DerivedData/Build/Intermediates.noindex/PhotoAxis.build/Debug/PhotoAxisAppTests.build/Objects-normal/arm64/PhotoAxisAppTests.abi.json /Users/runner/Library/Developer/PhotoAxisBuilds/fe52d68e5807/DerivedData/Build/Products/Debug/PhotoAxisAppTests.swiftmodule/arm64-apple-macos.abi.json
build-test	Model and geometry tests; Debug build	2026-10-03T07:16:35.5027190Z 
build-test	Model and geometry tests; Debug build	2026-10-03T07:16:35.5028410Z Copy /Users/runner/Library/Developer/PhotoAxisBuilds/fe52d68e5807/DerivedData/Build/Products/Debug/PhotoAxisAppTests.swiftmodule/Project/arm64-apple-macos.swiftsourceinfo /Users/runner/Library/Developer/PhotoAxisBuilds/fe52d68e5807/DerivedData/Build/Intermediates.noindex/PhotoAxis.build/Debug/PhotoAxisAppTests.build/Objects-normal/arm64/PhotoAxisAppTests.swiftsourceinfo (in target 'PhotoAxisAppTests' from project 'PhotoAxis')
build-test	Model and geometry tests; Debug build	2026-10-03T07:16:35.5029750Z     cd $REPO
build-test	Model and geometry tests; Debug build	2026-10-03T07:16:35.5031710Z     builtin-copy -exclude .DS_Store -exclude CVS -exclude .svn -exclude .git -exclude .hg -strip-unsigned-binaries -strip-deterministic -strip-tool /Applications/Xcode_16.4.app/Contents/Developer/Toolchains/XcodeDefault.xctoolchain/usr/bin/strip -resolve-src-symlinks -rename /Users/runner/Library/Developer/PhotoAxisBuilds/fe52d68e5807/DerivedData/Build/Intermediates.noindex/PhotoAxis.build/Debug/PhotoAxisAppTests.build/Objects-normal/arm64/PhotoAxisAppTests.swiftsourceinfo /Users/runner/Library/Developer/PhotoAxisBuilds/fe52d68e5807/DerivedData/Build/Products/Debug/PhotoAxisAppTests.swiftmodule/Project/arm64-apple-macos.swiftsourceinfo
build-test	Model and geometry tests; Debug build	2026-10-03T07:16:35.5033570Z 
build-test	Model and geometry tests; Debug build	2026-10-03T07:16:35.5034070Z CodeSign /Users/runner/Library/Developer/PhotoAxisBuilds/fe52d68e5807/DerivedData/Build/Products/Debug/PhotoAxisCore.framework/Versions/A (in target 'PhotoAxisCore' from project 'PhotoAxis')
build-test	Model and geometry tests; Debug build	2026-10-03T07:16:35.5034910Z     cd $REPO
build-test	Model and geometry tests; Debug build	2026-10-03T07:16:35.5035110Z     
build-test	Model and geometry tests; Debug build	2026-10-03T07:16:35.5035380Z     Signing Identity:     "Sign to Run Locally"
build-test	Model and geometry tests; Debug build	2026-10-03T07:16:35.5035600Z     
build-test	Model and geometry tests; Debug build	2026-10-03T07:16:35.5036320Z     /usr/bin/codesign --force --sign - --timestamp\=none --generate-entitlement-der /Users/runner/Library/Developer/PhotoAxisBuilds/fe52d68e5807/DerivedData/Build/Products/Debug/PhotoAxisCore.framework/Versions/A
build-test	Model and geometry tests; Debug build	2026-10-03T07:16:35.5036950Z 
build-test	Model and geometry tests; Debug build	2026-10-03T07:16:35.5037490Z RegisterExecutionPolicyException /Users/runner/Library/Developer/PhotoAxisBuilds/fe52d68e5807/DerivedData/Build/Products/Debug/PhotoAxisCore.framework (in target 'PhotoAxisCore' from project 'PhotoAxis')
build-test	Model and geometry tests; Debug build	2026-10-03T07:16:35.5038180Z     cd $REPO
build-test	Model and geometry tests; Debug build	2026-10-03T07:16:35.5038760Z     builtin-RegisterExecutionPolicyException /Users/runner/Library/Developer/PhotoAxisBuilds/fe52d68e5807/DerivedData/Build/Products/Debug/PhotoAxisCore.framework
build-test	Model and geometry tests; Debug build	2026-10-03T07:16:35.5039260Z 
build-test	Model and geometry tests; Debug build	2026-10-03T07:16:35.5040370Z SymLink /Users/runner/Library/Developer/PhotoAxisBuilds/fe52d68e5807/DerivedData/Build/Intermediates.noindex/EagerLinkingTBDs/Debug/PhotoAxisCore.framework/PhotoAxisCore.tbd /Users/runner/Library/Developer/PhotoAxisBuilds/fe52d68e5807/DerivedData/Build/Intermediates.noindex/EagerLinkingTBDs/Debug/PhotoAxisCore.framework/Versions/A/PhotoAxisCore.tbd (in target 'PhotoAxisCore' from project 'PhotoAxis')
build-test	Model and geometry tests; Debug build	2026-10-03T07:16:35.5041640Z     cd $REPO
build-test	Model and geometry tests; Debug build	2026-10-03T07:16:35.5042780Z     /bin/ln -sfh /Users/runner/Library/Developer/PhotoAxisBuilds/fe52d68e5807/DerivedData/Build/Intermediates.noindex/EagerLinkingTBDs/Debug/PhotoAxisCore.framework/Versions/A/PhotoAxisCore.tbd /Users/runner/Library/Developer/PhotoAxisBuilds/fe52d68e5807/DerivedData/Build/Intermediates.noindex/EagerLinkingTBDs/Debug/PhotoAxisCore.framework/PhotoAxisCore.tbd
build-test	Model and geometry tests; Debug build	2026-10-03T07:16:35.5043890Z 
build-test	Model and geometry tests; Debug build	2026-10-03T07:16:35.5044340Z Touch /Users/runner/Library/Developer/PhotoAxisBuilds/fe52d68e5807/DerivedData/Build/Products/Debug/PhotoAxisCore.framework (in target 'PhotoAxisCore' from project 'PhotoAxis')
build-test	Model and geometry tests; Debug build	2026-10-03T07:16:35.5045110Z     cd $REPO
build-test	Model and geometry tests; Debug build	2026-10-03T07:16:35.5045770Z     /usr/bin/touch -c /Users/runner/Library/Developer/PhotoAxisBuilds/fe52d68e5807/DerivedData/Build/Products/Debug/PhotoAxisCore.framework
build-test	Model and geometry tests; Debug build	2026-10-03T07:16:35.5046200Z 
build-test	Model and geometry tests; Debug build	2026-10-03T07:16:35.5046850Z Ld /Users/runner/Library/Developer/PhotoAxisBuilds/fe52d68e5807/DerivedData/Build/Products/Debug/PhotoAxisCoreTests.xctest/Contents/MacOS/PhotoAxisCoreTests normal (in target 'PhotoAxisCoreTests' from project 'PhotoAxis')
build-test	Model and geometry tests; Debug build	2026-10-03T07:16:35.5047590Z     cd $REPO
build-test	Model and geometry tests; Debug build	2026-10-03T07:16:35.5054540Z     /Applications/Xcode_16.4.app/Contents/Developer/Toolchains/XcodeDefault.xctoolchain/usr/bin/clang -Xlinker -reproducible -target arm64-apple-macos14.0 -bundle -isysroot /Applications/Xcode_16.4.app/Contents/Developer/Platforms/MacOSX.platform/Developer/SDKs/MacOSX15.5.sdk -Os -L/Users/runner/Library/Developer/PhotoAxisBuilds/fe52d68e5807/DerivedData/Build/Intermediates.noindex/EagerLinkingTBDs/Debug -L/Users/runner/Library/Developer/PhotoAxisBuilds/fe52d68e5807/DerivedData/Build/Products/Debug -L/Applications/Xcode_16.4.app/Contents/Developer/Platforms/MacOSX.platform/Developer/usr/lib -F/Users/runner/Library/Developer/PhotoAxisBuilds/fe52d68e5807/DerivedData/Build/Intermediates.noindex/EagerLinkingTBDs/Debug -F/Users/runner/Library/Developer/PhotoAxisBuilds/fe52d68e5807/DerivedData/Build/Products/Debug -iframework /Applications/Xcode_16.4.app/Contents/Developer/Platforms/MacOSX.platform/Developer/Library/Frameworks -filelist /Users/runner/Library/Developer/PhotoAxisBuilds/fe52d68e5807/DerivedData/Build/Intermediates.noindex/PhotoAxis.build/Debug/PhotoAxisCoreTests.build/Objects-normal/arm64/PhotoAxisCoreTests.LinkFileList -Xlinker -rpath -Xlinker @loader_path/../Frameworks -Xlinker -rpath -Xlinker @executable_path/../Frameworks -Xlinker -object_path_lto -Xlinker /Users/runner/Library/Developer/PhotoAxisBuilds/fe52d68e5807/DerivedData/Build/Intermediates.noindex/PhotoAxis.build/Debug/PhotoAxisCoreTests.build/Objects-normal/arm64/PhotoAxisCoreTests_lto.o -rdynamic -Xlinker -dependency_info -Xlinker /Users/runner/Library/Developer/PhotoAxisBuilds/fe52d68e5807/DerivedData/Build/Intermediates.noindex/PhotoAxis.build/Debug/PhotoAxisCoreTests.build/Objects-normal/arm64/PhotoAxisCoreTests_dependency_info.dat -fobjc-link-runtime -L/Applications/Xcode_16.4.app/Contents/Developer/Toolchains/XcodeDefault.xctoolchain/usr/lib/swift/macosx -L/usr/lib/swift -Xlinker -add_ast_path -Xlinker /Users/runner/Library/Developer/PhotoAxisBuilds/fe52d68e5807/DerivedData/Build/Intermediates.noindex/PhotoAxis.build/Debug/PhotoAxisCoreTests.build/Objects-normal/arm64/PhotoAxisCoreTests.swiftmodule -framework XCTest -lXCTestSwiftSupport -framework PhotoAxisCore -Xlinker -no_adhoc_codesign -o /Users/runner/Library/Developer/PhotoAxisBuilds/fe52d68e5807/DerivedData/Build/Products/Debug/PhotoAxisCoreTests.xctest/Contents/MacOS/PhotoAxisCoreTests
build-test	Model and geometry tests; Debug build	2026-10-03T07:16:35.5061680Z 
build-test	Model and geometry tests; Debug build	2026-10-03T07:16:35.5062190Z Ld /Users/runner/Library/Developer/PhotoAxisBuilds/fe52d68e5807/DerivedData/Build/Products/Debug/PhotoAxis.app/Contents/MacOS/__preview.dylib normal (in target 'PhotoAxis' from project 'PhotoAxis')
build-test	Model and geometry tests; Debug build	2026-10-03T07:16:35.5062950Z     cd $REPO
build-test	Model and geometry tests; Debug build	2026-10-03T07:16:35.5065730Z     /Applications/Xcode_16.4.app/Contents/Developer/Toolchains/XcodeDefault.xctoolchain/usr/bin/clang -Xlinker -reproducible -target arm64-apple-macos14.0 -dynamiclib -isysroot /Applications/Xcode_16.4.app/Contents/Developer/Platforms/MacOSX.platform/Developer/SDKs/MacOSX15.5.sdk -Os -L/Users/runner/Library/Developer/PhotoAxisBuilds/fe52d68e5807/DerivedData/Build/Products/Debug -F/Users/runner/Library/Developer/PhotoAxisBuilds/fe52d68e5807/DerivedData/Build/Products/Debug -install_name @rpath/PhotoAxis.debug.dylib -rdynamic -Xlinker -dependency_info -Xlinker /Users/runner/Library/Developer/PhotoAxisBuilds/fe52d68e5807/DerivedData/Build/Intermediates.noindex/PhotoAxis.build/Debug/PhotoAxis.build/Objects-normal/arm64/PhotoAxis_dependency_info.dat -Xlinker -no_adhoc_codesign -o /Users/runner/Library/Developer/PhotoAxisBuilds/fe52d68e5807/DerivedData/Build/Products/Debug/PhotoAxis.app/Contents/MacOS/__preview.dylib
build-test	Model and geometry tests; Debug build	2026-10-03T07:16:35.5068460Z 
build-test	Model and geometry tests; Debug build	2026-10-03T07:16:35.5069000Z Ld /Users/runner/Library/Developer/PhotoAxisBuilds/fe52d68e5807/DerivedData/Build/Products/Debug/PhotoAxis.app/Contents/MacOS/PhotoAxis.debug.dylib normal (in target 'PhotoAxis' from project 'PhotoAxis')
build-test	Model and geometry tests; Debug build	2026-10-03T07:16:35.5069680Z     cd $REPO
build-test	Model and geometry tests; Debug build	2026-10-03T07:16:35.5075960Z     /Applications/Xcode_16.4.app/Contents/Developer/Toolchains/XcodeDefault.xctoolchain/usr/bin/clang -Xlinker -reproducible -target arm64-apple-macos14.0 -dynamiclib -isysroot /Applications/Xcode_16.4.app/Contents/Developer/Platforms/MacOSX.platform/Developer/SDKs/MacOSX15.5.sdk -Os -L/Users/runner/Library/Developer/PhotoAxisBuilds/fe52d68e5807/DerivedData/Build/Intermediates.noindex/EagerLinkingTBDs/Debug -L/Users/runner/Library/Developer/PhotoAxisBuilds/fe52d68e5807/DerivedData/Build/Products/Debug -F/Users/runner/Library/Developer/PhotoAxisBuilds/fe52d68e5807/DerivedData/Build/Intermediates.noindex/EagerLinkingTBDs/Debug -F/Users/runner/Library/Developer/PhotoAxisBuilds/fe52d68e5807/DerivedData/Build/Products/Debug -filelist /Users/runner/Library/Developer/PhotoAxisBuilds/fe52d68e5807/DerivedData/Build/Intermediates.noindex/PhotoAxis.build/Debug/PhotoAxis.build/Objects-normal/arm64/PhotoAxis.LinkFileList -install_name @rpath/PhotoAxis.debug.dylib -Xlinker -rpath -Xlinker @executable_path/../Frameworks -Xlinker -rpath -Xlinker @loader_path/../Frameworks -Xlinker -object_path_lto -Xlinker /Users/runner/Library/Developer/PhotoAxisBuilds/fe52d68e5807/DerivedData/Build/Intermediates.noindex/PhotoAxis.build/Debug/PhotoAxis.build/Objects-normal/arm64/PhotoAxis_lto.o -rdynamic -Xlinker -dependency_info -Xlinker /Users/runner/Library/Developer/PhotoAxisBuilds/fe52d68e5807/DerivedData/Build/Intermediates.noindex/PhotoAxis.build/Debug/PhotoAxis.build/Objects-normal/arm64/PhotoAxis_dependency_info.dat -fobjc-link-runtime -L/Applications/Xcode_16.4.app/Contents/Developer/Toolchains/XcodeDefault.xctoolchain/usr/lib/swift/macosx -L/usr/lib/swift -Xlinker -add_ast_path -Xlinker /Users/runner/Library/Developer/PhotoAxisBuilds/fe52d68e5807/DerivedData/Build/Intermediates.noindex/PhotoAxis.build/Debug/PhotoAxis.build/Objects-normal/arm64/PhotoAxis.swiftmodule -Xlinker -alias -Xlinker _main -Xlinker ___debug_main_executable_dylib_entry_point -framework PhotoAxisCore -Xlinker -no_adhoc_codesign -o /Users/runner/Library/Developer/PhotoAxisBuilds/fe52d68e5807/DerivedData/Build/Products/Debug/PhotoAxis.app/Contents/MacOS/PhotoAxis.debug.dylib
build-test	Model and geometry tests; Debug build	2026-10-03T07:16:35.5082780Z 
build-test	Model and geometry tests; Debug build	2026-10-03T07:16:35.5083910Z ProcessInfoPlistFile /Users/runner/Library/Developer/PhotoAxisBuilds/fe52d68e5807/DerivedData/Build/Products/Debug/PhotoAxisCoreTests.xctest/Contents/Info.plist /Users/runner/Library/Developer/PhotoAxisBuilds/fe52d68e5807/DerivedData/Build/Intermediates.noindex/PhotoAxis.build/Debug/PhotoAxisCoreTests.build/empty-PhotoAxisCoreTests.plist (in target 'PhotoAxisCoreTests' from project 'PhotoAxis')
build-test	Model and geometry tests; Debug build	2026-10-03T07:16:35.5085190Z     cd $REPO
build-test	Model and geometry tests; Debug build	2026-10-03T07:16:35.5086600Z     builtin-infoPlistUtility /Users/runner/Library/Developer/PhotoAxisBuilds/fe52d68e5807/DerivedData/Build/Intermediates.noindex/PhotoAxis.build/Debug/PhotoAxisCoreTests.build/empty-PhotoAxisCoreTests.plist -producttype com.apple.product-type.bundle.unit-test -expandbuildsettings -platform macosx -o /Users/runner/Library/Developer/PhotoAxisBuilds/fe52d68e5807/DerivedData/Build/Products/Debug/PhotoAxisCoreTests.xctest/Contents/Info.plist
build-test	Model and geometry tests; Debug build	2026-10-03T07:16:35.5087940Z 
build-test	Model and geometry tests; Debug build	2026-10-03T07:16:35.5088740Z ConstructStubExecutorLinkFileList /Users/runner/Library/Developer/PhotoAxisBuilds/fe52d68e5807/DerivedData/Build/Intermediates.noindex/PhotoAxis.build/Debug/PhotoAxis.build/PhotoAxis-ExecutorLinkFileList-normal-arm64.txt (in target 'PhotoAxis' from project 'PhotoAxis')
build-test	Model and geometry tests; Debug build	2026-10-03T07:16:35.5089650Z     cd $REPO
build-test	Model and geometry tests; Debug build	2026-10-03T07:16:35.5091640Z     construct-stub-executor-link-file-list /Users/runner/Library/Developer/PhotoAxisBuilds/fe52d68e5807/DerivedData/Build/Products/Debug/PhotoAxis.app/Contents/MacOS/PhotoAxis.debug.dylib /Applications/Xcode_16.4.app/Contents/Developer/Platforms/MacOSX.platform/Developer/usr/lib/libPreviewsJITStubExecutor_no_swift_entry_point.a /Applications/Xcode_16.4.app/Contents/Developer/Platforms/MacOSX.platform/Developer/usr/lib/libPreviewsJITStubExecutor.a --output /Users/runner/Library/Developer/PhotoAxisBuilds/fe52d68e5807/DerivedData/Build/Intermediates.noindex/PhotoAxis.build/Debug/PhotoAxis.build/PhotoAxis-ExecutorLinkFileList-normal-arm64.txt
build-test	Model and geometry tests; Debug build	2026-10-03T07:16:35.5093930Z note: Using stub executor library with Swift entry point. (in target 'PhotoAxis' from project 'PhotoAxis')
build-test	Model and geometry tests; Debug build	2026-10-03T07:16:35.5094290Z 
build-test	Model and geometry tests; Debug build	2026-10-03T07:16:35.5095200Z Copy /Users/runner/Library/Developer/PhotoAxisBuilds/fe52d68e5807/DerivedData/Build/Products/Debug/PhotoAxis.app/Contents/Frameworks/libXCTestSwiftSupport.dylib /Applications/Xcode_16.4.app/Contents/Developer/Platforms/MacOSX.platform/Developer/usr/lib/libXCTestSwiftSupport.dylib (in target 'PhotoAxis' from project 'PhotoAxis')
build-test	Model and geometry tests; Debug build	2026-10-03T07:16:35.5096260Z     cd $REPO
build-test	Model and geometry tests; Debug build	2026-10-03T07:16:35.5098080Z     builtin-copy -exclude .DS_Store -exclude CVS -exclude .svn -exclude .git -exclude .hg -exclude Headers -exclude PrivateHeaders -exclude Modules -exclude \*.tbd -strip-unsigned-binaries -strip-deterministic -strip-tool /Applications/Xcode_16.4.app/Contents/Developer/Toolchains/XcodeDefault.xctoolchain/usr/bin/strip -resolve-src-symlinks /Applications/Xcode_16.4.app/Contents/Developer/Platforms/MacOSX.platform/Developer/usr/lib/libXCTestSwiftSupport.dylib /Users/runner/Library/Developer/PhotoAxisBuilds/fe52d68e5807/DerivedData/Build/Products/Debug/PhotoAxis.app/Contents/Frameworks
build-test	Model and geometry tests; Debug build	2026-10-03T07:16:35.5100380Z warning: not stripping binary because it is signed: /Applications/Xcode_16.4.app/Contents/Developer/Platforms/MacOSX.platform/Developer/usr/lib/libXCTestSwiftSupport.dylib (in target 'PhotoAxis' from project 'PhotoAxis')
build-test	Model and geometry tests; Debug build	2026-10-03T07:16:35.5101140Z 
build-test	Model and geometry tests; Debug build	2026-10-03T07:16:35.5101630Z Ld /Users/runner/Library/Developer/PhotoAxisBuilds/fe52d68e5807/DerivedData/Build/Products/Debug/PhotoAxis.app/Contents/MacOS/PhotoAxis normal (in target 'PhotoAxis' from project 'PhotoAxis')
build-test	Model and geometry tests; Debug build	2026-10-03T07:16:35.5102320Z     cd $REPO
build-test	Model and geometry tests; Debug build	2026-10-03T07:16:35.5107330Z     /Applications/Xcode_16.4.app/Contents/Developer/Toolchains/XcodeDefault.xctoolchain/usr/bin/clang -Xlinker -reproducible -target arm64-apple-macos14.0 -isysroot /Applications/Xcode_16.4.app/Contents/Developer/Platforms/MacOSX.platform/Developer/SDKs/MacOSX15.5.sdk -Os -L/Users/runner/Library/Developer/PhotoAxisBuilds/fe52d68e5807/DerivedData/Build/Products/Debug -F/Users/runner/Library/Developer/PhotoAxisBuilds/fe52d68e5807/DerivedData/Build/Products/Debug -Xlinker -rpath -Xlinker @executable_path -Xlinker -rpath -Xlinker @executable_path/../Frameworks -Xlinker -rpath -Xlinker @loader_path/../Frameworks -rdynamic -e ___debug_blank_executor_main -Xlinker -sectcreate -Xlinker __TEXT -Xlinker __debug_dylib -Xlinker /Users/runner/Library/Developer/PhotoAxisBuilds/fe52d68e5807/DerivedData/Build/Intermediates.noindex/PhotoAxis.build/Debug/PhotoAxis.build/PhotoAxis-DebugDylibPath-normal-arm64.txt -Xlinker -sectcreate -Xlinker __TEXT -Xlinker __debug_instlnm -Xlinker /Users/runner/Library/Developer/PhotoAxisBuilds/fe52d68e5807/DerivedData/Build/Intermediates.noindex/PhotoAxis.build/Debug/PhotoAxis.build/PhotoAxis-DebugDylibInstallName-normal-arm64.txt -Xlinker -filelist -Xlinker /Users/runner/Library/Developer/PhotoAxisBuilds/fe52d68e5807/DerivedData/Build/Intermediates.noindex/PhotoAxis.build/Debug/PhotoAxis.build/PhotoAxis-ExecutorLinkFileList-normal-arm64.txt /Users/runner/Library/Developer/PhotoAxisBuilds/fe52d68e5807/DerivedData/Build/Products/Debug/PhotoAxis.app/Contents/MacOS/PhotoAxis.debug.dylib -Xlinker -no_adhoc_codesign -o /Users/runner/Library/Developer/PhotoAxisBuilds/fe52d68e5807/DerivedData/Build/Products/Debug/PhotoAxis.app/Contents/MacOS/PhotoAxis
build-test	Model and geometry tests; Debug build	2026-10-03T07:16:35.5112480Z 
build-test	Model and geometry tests; Debug build	2026-10-03T07:16:35.5113380Z Copy /Users/runner/Library/Developer/PhotoAxisBuilds/fe52d68e5807/DerivedData/Build/Products/Debug/PhotoAxis.app/Contents/Frameworks/libXCTestBundleInject.dylib /Applications/Xcode_16.4.app/Contents/Developer/Platforms/MacOSX.platform/Developer/usr/lib/libXCTestBundleInject.dylib (in target 'PhotoAxis' from project 'PhotoAxis')
build-test	Model and geometry tests; Debug build	2026-10-03T07:16:35.5114440Z     cd $REPO
build-test	Model and geometry tests; Debug build	2026-10-03T07:16:35.5116180Z     builtin-copy -exclude .DS_Store -exclude CVS -exclude .svn -exclude .git -exclude .hg -exclude Headers -exclude PrivateHeaders -exclude Modules -exclude \*.tbd -strip-unsigned-binaries -strip-deterministic -strip-tool /Applications/Xcode_16.4.app/Contents/Developer/Toolchains/XcodeDefault.xctoolchain/usr/bin/strip -resolve-src-symlinks /Applications/Xcode_16.4.app/Contents/Developer/Platforms/MacOSX.platform/Developer/usr/lib/libXCTestBundleInject.dylib /Users/runner/Library/Developer/PhotoAxisBuilds/fe52d68e5807/DerivedData/Build/Products/Debug/PhotoAxis.app/Contents/Frameworks
build-test	Model and geometry tests; Debug build	2026-10-03T07:16:35.5118420Z warning: not stripping binary because it is signed: /Applications/Xcode_16.4.app/Contents/Developer/Platforms/MacOSX.platform/Developer/usr/lib/libXCTestBundleInject.dylib (in target 'PhotoAxis' from project 'PhotoAxis')
build-test	Model and geometry tests; Debug build	2026-10-03T07:16:35.5119080Z 
build-test	Model and geometry tests; Debug build	2026-10-03T07:16:35.5119740Z SwiftDriverJobDiscovery normal arm64 Compiling AcceptanceWorkflowTests.swift, BenchmarkTests.swift, ContentEditingTests.swift, CropEditingTests.swift, DocumentTests.swift, ExportTests.swift (in target 'PhotoAxisAppTests' from project 'PhotoAxis')
build-test	Model and geometry tests; Debug build	2026-10-03T07:16:35.5120500Z 
build-test	Model and geometry tests; Debug build	2026-10-03T07:16:35.5121370Z Copy /Users/runner/Library/Developer/PhotoAxisBuilds/fe52d68e5807/DerivedData/Build/Products/Debug/PhotoAxis.app/Contents/Frameworks/XCUnit.framework /Applications/Xcode_16.4.app/Contents/Developer/Platforms/MacOSX.platform/Developer/Library/PrivateFrameworks/XCUnit.framework (in target 'PhotoAxis' from project 'PhotoAxis')
build-test	Model and geometry tests; Debug build	2026-10-03T07:16:35.5122500Z     cd $REPO
build-test	Model and geometry tests; Debug build	2026-10-03T07:16:35.5124360Z     builtin-copy -exclude .DS_Store -exclude CVS -exclude .svn -exclude .git -exclude .hg -exclude Headers -exclude PrivateHeaders -exclude Modules -exclude \*.tbd -strip-unsigned-binaries -strip-deterministic -strip-tool /Applications/Xcode_16.4.app/Contents/Developer/Toolchains/XcodeDefault.xctoolchain/usr/bin/strip -resolve-src-symlinks /Applications/Xcode_16.4.app/Contents/Developer/Platforms/MacOSX.platform/Developer/Library/PrivateFrameworks/XCUnit.framework /Users/runner/Library/Developer/PhotoAxisBuilds/fe52d68e5807/DerivedData/Build/Products/Debug/PhotoAxis.app/Contents/Frameworks
build-test	Model and geometry tests; Debug build	2026-10-03T07:16:35.5126710Z warning: not stripping binary because it is signed: /Applications/Xcode_16.4.app/Contents/Developer/Platforms/MacOSX.platform/Developer/Library/PrivateFrameworks/XCUnit.framework/Versions/A/XCUnit (in target 'PhotoAxis' from project 'PhotoAxis')
build-test	Model and geometry tests; Debug build	2026-10-03T07:16:35.5127450Z 
build-test	Model and geometry tests; Debug build	2026-10-03T07:16:35.5128430Z Copy /Users/runner/Library/Developer/PhotoAxisBuilds/fe52d68e5807/DerivedData/Build/Products/Debug/PhotoAxis.app/Contents/Frameworks/XCUIAutomation.framework /Applications/Xcode_16.4.app/Contents/Developer/Platforms/MacOSX.platform/Developer/Library/Frameworks/XCUIAutomation.framework (in target 'PhotoAxis' from project 'PhotoAxis')
build-test	Model and geometry tests; Debug build	2026-10-03T07:16:35.5129490Z     cd $REPO
build-test	Model and geometry tests; Debug build	2026-10-03T07:16:35.5131330Z     builtin-copy -exclude .DS_Store -exclude CVS -exclude .svn -exclude .git -exclude .hg -exclude Headers -exclude PrivateHeaders -exclude Modules -exclude \*.tbd -strip-unsigned-binaries -strip-deterministic -strip-tool /Applications/Xcode_16.4.app/Contents/Developer/Toolchains/XcodeDefault.xctoolchain/usr/bin/strip -resolve-src-symlinks /Applications/Xcode_16.4.app/Contents/Developer/Platforms/MacOSX.platform/Developer/Library/Frameworks/XCUIAutomation.framework /Users/runner/Library/Developer/PhotoAxisBuilds/fe52d68e5807/DerivedData/Build/Products/Debug/PhotoAxis.app/Contents/Frameworks
build-test	Model and geometry tests; Debug build	2026-10-03T07:16:35.5133940Z warning: not stripping binary because it is signed: /Applications/Xcode_16.4.app/Contents/Developer/Platforms/MacOSX.platform/Developer/Library/Frameworks/XCUIAutomation.framework/Versions/A/XCUIAutomation (in target 'PhotoAxis' from project 'PhotoAxis')
build-test	Model and geometry tests; Debug build	2026-10-03T07:16:35.5134700Z 
build-test	Model and geometry tests; Debug build	2026-10-03T07:16:35.5135620Z Copy /Users/runner/Library/Developer/PhotoAxisBuilds/fe52d68e5807/DerivedData/Build/Products/Debug/PhotoAxis.app/Contents/Frameworks/XCTestSupport.framework /Applications/Xcode_16.4.app/Contents/Developer/Platforms/MacOSX.platform/Developer/Library/PrivateFrameworks/XCTestSupport.framework (in target 'PhotoAxis' from project 'PhotoAxis')
build-test	Model and geometry tests; Debug build	2026-10-03T07:16:35.5137280Z     cd $REPO
build-test	Model and geometry tests; Debug build	2026-10-03T07:16:35.5139180Z     builtin-copy -exclude .DS_Store -exclude CVS -exclude .svn -exclude .git -exclude .hg -exclude Headers -exclude PrivateHeaders -exclude Modules -exclude \*.tbd -strip-unsigned-binaries -strip-deterministic -strip-tool /Applications/Xcode_16.4.app/Contents/Developer/Toolchains/XcodeDefault.xctoolchain/usr/bin/strip -resolve-src-symlinks /Applications/Xcode_16.4.app/Contents/Developer/Platforms/MacOSX.platform/Developer/Library/PrivateFrameworks/XCTestSupport.framework /Users/runner/Library/Developer/PhotoAxisBuilds/fe52d68e5807/DerivedData/Build/Products/Debug/PhotoAxis.app/Contents/Frameworks
build-test	Model and geometry tests; Debug build	2026-10-03T07:16:35.5141590Z warning: not stripping binary because it is signed: /Applications/Xcode_16.4.app/Contents/Developer/Platforms/MacOSX.platform/Developer/Library/PrivateFrameworks/XCTestSupport.framework/Versions/A/XCTestSupport (in target 'PhotoAxis' from project 'PhotoAxis')
build-test	Model and geometry tests; Debug build	2026-10-03T07:16:35.5142350Z 
build-test	Model and geometry tests; Debug build	2026-10-03T07:16:35.5143250Z Copy /Users/runner/Library/Developer/PhotoAxisBuilds/fe52d68e5807/DerivedData/Build/Products/Debug/PhotoAxis.app/Contents/Frameworks/XCTestCore.framework /Applications/Xcode_16.4.app/Contents/Developer/Platforms/MacOSX.platform/Developer/Library/PrivateFrameworks/XCTestCore.framework (in target 'PhotoAxis' from project 'PhotoAxis')
build-test	Model and geometry tests; Debug build	2026-10-03T07:16:35.5144440Z     cd $REPO
build-test	Model and geometry tests; Debug build	2026-10-03T07:16:35.5146220Z     builtin-copy -exclude .DS_Store -exclude CVS -exclude .svn -exclude .git -exclude .hg -exclude Headers -exclude PrivateHeaders -exclude Modules -exclude \*.tbd -strip-unsigned-binaries -strip-deterministic -strip-tool /Applications/Xcode_16.4.app/Contents/Developer/Toolchains/XcodeDefault.xctoolchain/usr/bin/strip -resolve-src-symlinks /Applications/Xcode_16.4.app/Contents/Developer/Platforms/MacOSX.platform/Developer/Library/PrivateFrameworks/XCTestCore.framework /Users/runner/Library/Developer/PhotoAxisBuilds/fe52d68e5807/DerivedData/Build/Products/Debug/PhotoAxis.app/Contents/Frameworks
build-test	Model and geometry tests; Debug build	2026-10-03T07:16:35.5148600Z warning: not stripping binary because it is signed: /Applications/Xcode_16.4.app/Contents/Developer/Platforms/MacOSX.platform/Developer/Library/PrivateFrameworks/XCTestCore.framework/Versions/A/XCTestCore (in target 'PhotoAxis' from project 'PhotoAxis')
build-test	Model and geometry tests; Debug build	2026-10-03T07:16:35.5149360Z 
build-test	Model and geometry tests; Debug build	2026-10-03T07:16:35.5150230Z Copy /Users/runner/Library/Developer/PhotoAxisBuilds/fe52d68e5807/DerivedData/Build/Products/Debug/PhotoAxis.app/Contents/Frameworks/XCTest.framework /Applications/Xcode_16.4.app/Contents/Developer/Platforms/MacOSX.platform/Developer/Library/Frameworks/XCTest.framework (in target 'PhotoAxis' from project 'PhotoAxis')
build-test	Model and geometry tests; Debug build	2026-10-03T07:16:35.5151260Z     cd $REPO
build-test	Model and geometry tests; Debug build	2026-10-03T07:16:35.5153030Z     builtin-copy -exclude .DS_Store -exclude CVS -exclude .svn -exclude .git -exclude .hg -exclude Headers -exclude PrivateHeaders -exclude Modules -exclude \*.tbd -strip-unsigned-binaries -strip-deterministic -strip-tool /Applications/Xcode_16.4.app/Contents/Developer/Toolchains/XcodeDefault.xctoolchain/usr/bin/strip -resolve-src-symlinks /Applications/Xcode_16.4.app/Contents/Developer/Platforms/MacOSX.platform/Developer/Library/Frameworks/XCTest.framework /Users/runner/Library/Developer/PhotoAxisBuilds/fe52d68e5807/DerivedData/Build/Products/Debug/PhotoAxis.app/Contents/Frameworks
build-test	Model and geometry tests; Debug build	2026-10-03T07:16:35.5155410Z warning: not stripping binary because it is signed: /Applications/Xcode_16.4.app/Contents/Developer/Platforms/MacOSX.platform/Developer/Library/Frameworks/XCTest.framework/Versions/A/XCTest (in target 'PhotoAxis' from project 'PhotoAxis')
build-test	Model and geometry tests; Debug build	2026-10-03T07:16:35.5156110Z 
build-test	Model and geometry tests; Debug build	2026-10-03T07:16:35.5157090Z Copy /Users/runner/Library/Developer/PhotoAxisBuilds/fe52d68e5807/DerivedData/Build/Products/Debug/PhotoAxis.app/Contents/Frameworks/XCTAutomationSupport.framework /Applications/Xcode_16.4.app/Contents/Developer/Platforms/MacOSX.platform/Developer/Library/PrivateFrameworks/XCTAutomationSupport.framework (in target 'PhotoAxis' from project 'PhotoAxis')
build-test	Model and geometry tests; Debug build	2026-10-03T07:16:35.5158220Z     cd $REPO
build-test	Model and geometry tests; Debug build	2026-10-03T07:16:35.5160030Z     builtin-copy -exclude .DS_Store -exclude CVS -exclude .svn -exclude .git -exclude .hg -exclude Headers -exclude PrivateHeaders -exclude Modules -exclude \*.tbd -strip-unsigned-binaries -strip-deterministic -strip-tool /Applications/Xcode_16.4.app/Contents/Developer/Toolchains/XcodeDefault.xctoolchain/usr/bin/strip -resolve-src-symlinks /Applications/Xcode_16.4.app/Contents/Developer/Platforms/MacOSX.platform/Developer/Library/PrivateFrameworks/XCTAutomationSupport.framework /Users/runner/Library/Developer/PhotoAxisBuilds/fe52d68e5807/DerivedData/Build/Products/Debug/PhotoAxis.app/Contents/Frameworks
build-test	Model and geometry tests; Debug build	2026-10-03T07:16:35.5162510Z warning: not stripping binary because it is signed: /Applications/Xcode_16.4.app/Contents/Developer/Platforms/MacOSX.platform/Developer/Library/PrivateFrameworks/XCTAutomationSupport.framework/Versions/A/XCTAutomationSupport (in target 'PhotoAxis' from project 'PhotoAxis')
build-test	Model and geometry tests; Debug build	2026-10-03T07:16:35.5163300Z 
build-test	Model and geometry tests; Debug build	2026-10-03T07:16:35.5164160Z Copy /Users/runner/Library/Developer/PhotoAxisBuilds/fe52d68e5807/DerivedData/Build/Products/Debug/PhotoAxis.app/Contents/Frameworks/Testing.framework /Applications/Xcode_16.4.app/Contents/Developer/Platforms/MacOSX.platform/Developer/Library/Frameworks/Testing.framework (in target 'PhotoAxis' from project 'PhotoAxis')
build-test	Model and geometry tests; Debug build	2026-10-03T07:16:35.5165250Z     cd $REPO
build-test	Model and geometry tests; Debug build	2026-10-03T07:16:35.5166980Z     builtin-copy -exclude .DS_Store -exclude CVS -exclude .svn -exclude .git -exclude .hg -exclude Headers -exclude PrivateHeaders -exclude Modules -exclude \*.tbd -strip-unsigned-binaries -strip-deterministic -strip-tool /Applications/Xcode_16.4.app/Contents/Developer/Toolchains/XcodeDefault.xctoolchain/usr/bin/strip -resolve-src-symlinks /Applications/Xcode_16.4.app/Contents/Developer/Platforms/MacOSX.platform/Developer/Library/Frameworks/Testing.framework /Users/runner/Library/Developer/PhotoAxisBuilds/fe52d68e5807/DerivedData/Build/Products/Debug/PhotoAxis.app/Contents/Frameworks
build-test	Model and geometry tests; Debug build	2026-10-03T07:16:35.5169360Z warning: not stripping binary because it is signed: /Applications/Xcode_16.4.app/Contents/Developer/Platforms/MacOSX.platform/Developer/Library/Frameworks/Testing.framework/Versions/A/Testing (in target 'PhotoAxis' from project 'PhotoAxis')
build-test	Model and geometry tests; Debug build	2026-10-03T07:16:35.5170070Z 
build-test	Model and geometry tests; Debug build	2026-10-03T07:16:35.5170650Z CodeSign /Users/runner/Library/Developer/PhotoAxisBuilds/fe52d68e5807/DerivedData/Build/Products/Debug/PhotoAxis.app/Contents/Frameworks/libXCTestSwiftSupport.dylib (in target 'PhotoAxis' from project 'PhotoAxis')
build-test	Model and geometry tests; Debug build	2026-10-03T07:16:35.5171750Z     cd $REPO
build-test	Model and geometry tests; Debug build	2026-10-03T07:16:35.5172510Z     
build-test	Model and geometry tests; Debug build	2026-10-03T07:16:35.5173170Z     Signing Identity:     "Sign to Run Locally"
build-test	Model and geometry tests; Debug build	2026-10-03T07:16:35.5173380Z     
build-test	Model and geometry tests; Debug build	2026-10-03T07:16:35.5174220Z     /usr/bin/codesign --force --sign - --timestamp\=none --preserve-metadata\=identifier,entitlements,flags --generate-entitlement-der /Users/runner/Library/Developer/PhotoAxisBuilds/fe52d68e5807/DerivedData/Build/Products/Debug/PhotoAxis.app/Contents/Frameworks/libXCTestSwiftSupport.dylib
build-test	Model and geometry tests; Debug build	2026-10-03T07:16:35.5175720Z /Users/runner/Library/Developer/PhotoAxisBuilds/fe52d68e5807/DerivedData/Build/Products/Debug/PhotoAxis.app/Contents/Frameworks/libXCTestSwiftSupport.dylib: replacing existing signature
build-test	Model and geometry tests; Debug build	2026-10-03T07:16:35.5176980Z 
build-test	Model and geometry tests; Debug build	2026-10-03T07:16:35.5177560Z CodeSign /Users/runner/Library/Developer/PhotoAxisBuilds/fe52d68e5807/DerivedData/Build/Products/Debug/PhotoAxis.app/Contents/Frameworks/libXCTestBundleInject.dylib (in target 'PhotoAxis' from project 'PhotoAxis')
build-test	Model and geometry tests; Debug build	2026-10-03T07:16:35.5178350Z     cd $REPO
build-test	Model and geometry tests; Debug build	2026-10-03T07:16:35.5189480Z     
build-test	Model and geometry tests; Debug build	2026-10-03T07:16:35.5189710Z     Signing Identity:     "Sign to Run Locally"
build-test	Model and geometry tests; Debug build	2026-10-03T07:16:35.5189970Z     
build-test	Model and geometry tests; Debug build	2026-10-03T07:16:35.5190810Z     /usr/bin/codesign --force --sign - --timestamp\=none --preserve-metadata\=identifier,entitlements,flags --generate-entitlement-der /Users/runner/Library/Developer/PhotoAxisBuilds/fe52d68e5807/DerivedData/Build/Products/Debug/PhotoAxis.app/Contents/Frameworks/libXCTestBundleInject.dylib
build-test	Model and geometry tests; Debug build	2026-10-03T07:16:35.5192130Z /Users/runner/Library/Developer/PhotoAxisBuilds/fe52d68e5807/DerivedData/Build/Products/Debug/PhotoAxis.app/Contents/Frameworks/libXCTestBundleInject.dylib: replacing existing signature
build-test	Model and geometry tests; Debug build	2026-10-03T07:16:35.5193960Z 
build-test	Model and geometry tests; Debug build	2026-10-03T07:16:35.5196120Z CodeSign /Users/runner/Library/Developer/PhotoAxisBuilds/fe52d68e5807/DerivedData/Build/Products/Debug/PhotoAxis.app/Contents/Frameworks/XCUnit.framework (in target 'PhotoAxis' from project 'PhotoAxis')
build-test	Model and geometry tests; Debug build	2026-10-03T07:16:35.5196810Z     cd $REPO
build-test	Model and geometry tests; Debug build	2026-10-03T07:16:35.5197010Z     
build-test	Model and geometry tests; Debug build	2026-10-03T07:16:35.5197160Z     Signing Identity:     "Sign to Run Locally"
build-test	Model and geometry tests; Debug build	2026-10-03T07:16:35.5197360Z     
build-test	Model and geometry tests; Debug build	2026-10-03T07:16:35.5198190Z     /usr/bin/codesign --force --sign - --timestamp\=none --preserve-metadata\=identifier,entitlements,flags --generate-entitlement-der /Users/runner/Library/Developer/PhotoAxisBuilds/fe52d68e5807/DerivedData/Build/Products/Debug/PhotoAxis.app/Contents/Frameworks/XCUnit.framework
build-test	Model and geometry tests; Debug build	2026-10-03T07:16:35.5199450Z /Users/runner/Library/Developer/PhotoAxisBuilds/fe52d68e5807/DerivedData/Build/Products/Debug/PhotoAxis.app/Contents/Frameworks/XCUnit.framework: replacing existing signature
build-test	Model and geometry tests; Debug build	2026-10-03T07:16:35.5200180Z 
build-test	Model and geometry tests; Debug build	2026-10-03T07:16:35.5200750Z CodeSign /Users/runner/Library/Developer/PhotoAxisBuilds/fe52d68e5807/DerivedData/Build/Products/Debug/PhotoAxis.app/Contents/Frameworks/XCUIAutomation.framework (in target 'PhotoAxis' from project 'PhotoAxis')
build-test	Model and geometry tests; Debug build	2026-10-03T07:16:35.5201550Z     cd $REPO
build-test	Model and geometry tests; Debug build	2026-10-03T07:16:35.5201760Z     
build-test	Model and geometry tests; Debug build	2026-10-03T07:16:35.5201910Z     Signing Identity:     "Sign to Run Locally"
build-test	Model and geometry tests; Debug build	2026-10-03T07:16:35.5202110Z     
build-test	Model and geometry tests; Debug build	2026-10-03T07:16:35.5203040Z     /usr/bin/codesign --force --sign - --timestamp\=none --preserve-metadata\=identifier,entitlements,flags --generate-entitlement-der /Users/runner/Library/Developer/PhotoAxisBuilds/fe52d68e5807/DerivedData/Build/Products/Debug/PhotoAxis.app/Contents/Frameworks/XCUIAutomation.framework
build-test	Model and geometry tests; Debug build	2026-10-03T07:16:35.5204390Z /Users/runner/Library/Developer/PhotoAxisBuilds/fe52d68e5807/DerivedData/Build/Products/Debug/PhotoAxis.app/Contents/Frameworks/XCUIAutomation.framework: replacing existing signature
build-test	Model and geometry tests; Debug build	2026-10-03T07:16:35.5204980Z 
build-test	Model and geometry tests; Debug build	2026-10-03T07:16:35.5205530Z CodeSign /Users/runner/Library/Developer/PhotoAxisBuilds/fe52d68e5807/DerivedData/Build/Products/Debug/PhotoAxis.app/Contents/Frameworks/XCTestSupport.framework (in target 'PhotoAxis' from project 'PhotoAxis')
build-test	Model and geometry tests; Debug build	2026-10-03T07:16:35.5206230Z     cd $REPO
build-test	Model and geometry tests; Debug build	2026-10-03T07:16:35.5206430Z     
build-test	Model and geometry tests; Debug build	2026-10-03T07:16:35.5206580Z     Signing Identity:     "Sign to Run Locally"
build-test	Model and geometry tests; Debug build	2026-10-03T07:16:35.5206770Z     
build-test	Model and geometry tests; Debug build	2026-10-03T07:16:35.5207590Z     /usr/bin/codesign --force --sign - --timestamp\=none --preserve-metadata\=identifier,entitlements,flags --generate-entitlement-der /Users/runner/Library/Developer/PhotoAxisBuilds/fe52d68e5807/DerivedData/Build/Products/Debug/PhotoAxis.app/Contents/Frameworks/XCTestSupport.framework
build-test	Model and geometry tests; Debug build	2026-10-03T07:16:35.5208880Z /Users/runner/Library/Developer/PhotoAxisBuilds/fe52d68e5807/DerivedData/Build/Products/Debug/PhotoAxis.app/Contents/Frameworks/XCTestSupport.framework: replacing existing signature
build-test	Model and geometry tests; Debug build	2026-10-03T07:16:35.5209580Z 
build-test	Model and geometry tests; Debug build	2026-10-03T07:16:35.5210140Z CodeSign /Users/runner/Library/Developer/PhotoAxisBuilds/fe52d68e5807/DerivedData/Build/Products/Debug/PhotoAxis.app/Contents/Frameworks/XCTestCore.framework (in target 'PhotoAxis' from project 'PhotoAxis')
build-test	Model and geometry tests; Debug build	2026-10-03T07:16:35.5210820Z     cd $REPO
build-test	Model and geometry tests; Debug build	2026-10-03T07:16:35.5211020Z     
build-test	Model and geometry tests; Debug build	2026-10-03T07:16:35.5211160Z     Signing Identity:     "Sign to Run Locally"
build-test	Model and geometry tests; Debug build	2026-10-03T07:16:35.5211360Z     
build-test	Model and geometry tests; Debug build	2026-10-03T07:16:35.5212160Z     /usr/bin/codesign --force --sign - --timestamp\=none --preserve-metadata\=identifier,entitlements,flags --generate-entitlement-der /Users/runner/Library/Developer/PhotoAxisBuilds/fe52d68e5807/DerivedData/Build/Products/Debug/PhotoAxis.app/Contents/Frameworks/XCTestCore.framework
build-test	Model and geometry tests; Debug build	2026-10-03T07:16:35.5213540Z /Users/runner/Library/Developer/PhotoAxisBuilds/fe52d68e5807/DerivedData/Build/Products/Debug/PhotoAxis.app/Contents/Frameworks/XCTestCore.framework: replacing existing signature
build-test	Model and geometry tests; Debug build	2026-10-03T07:16:35.5214090Z 
build-test	Model and geometry tests; Debug build	2026-10-03T07:16:35.5214630Z CodeSign /Users/runner/Library/Developer/PhotoAxisBuilds/fe52d68e5807/DerivedData/Build/Products/Debug/PhotoAxis.app/Contents/Frameworks/XCTest.framework (in target 'PhotoAxis' from project 'PhotoAxis')
build-test	Model and geometry tests; Debug build	2026-10-03T07:16:35.5215300Z     cd $REPO
build-test	Model and geometry tests; Debug build	2026-10-03T07:16:35.5215490Z     
build-test	Model and geometry tests; Debug build	2026-10-03T07:16:35.5215640Z     Signing Identity:     "Sign to Run Locally"
build-test	Model and geometry tests; Debug build	2026-10-03T07:16:35.5215830Z     
build-test	Model and geometry tests; Debug build	2026-10-03T07:16:35.5216630Z     /usr/bin/codesign --force --sign - --timestamp\=none --preserve-metadata\=identifier,entitlements,flags --generate-entitlement-der /Users/runner/Library/Developer/PhotoAxisBuilds/fe52d68e5807/DerivedData/Build/Products/Debug/PhotoAxis.app/Contents/Frameworks/XCTest.framework
build-test	Model and geometry tests; Debug build	2026-10-03T07:16:35.5217890Z /Users/runner/Library/Developer/PhotoAxisBuilds/fe52d68e5807/DerivedData/Build/Products/Debug/PhotoAxis.app/Contents/Frameworks/XCTest.framework: replacing existing signature
build-test	Model and geometry tests; Debug build	2026-10-03T07:16:35.5218490Z 
build-test	Model and geometry tests; Debug build	2026-10-03T07:16:35.5219090Z CodeSign /Users/runner/Library/Developer/PhotoAxisBuilds/fe52d68e5807/DerivedData/Build/Products/Debug/PhotoAxis.app/Contents/Frameworks/XCTAutomationSupport.framework (in target 'PhotoAxis' from project 'PhotoAxis')
build-test	Model and geometry tests; Debug build	2026-10-03T07:16:35.5219820Z     cd $REPO
build-test	Model and geometry tests; Debug build	2026-10-03T07:16:35.5220020Z     
build-test	Model and geometry tests; Debug build	2026-10-03T07:16:35.5220160Z     Signing Identity:     "Sign to Run Locally"
build-test	Model and geometry tests; Debug build	2026-10-03T07:16:35.5220370Z     
build-test	Model and geometry tests; Debug build	2026-10-03T07:16:35.5221270Z     /usr/bin/codesign --force --sign - --timestamp\=none --preserve-metadata\=identifier,entitlements,flags --generate-entitlement-der /Users/runner/Library/Developer/PhotoAxisBuilds/fe52d68e5807/DerivedData/Build/Products/Debug/PhotoAxis.app/Contents/Frameworks/XCTAutomationSupport.framework
build-test	Model and geometry tests; Debug build	2026-10-03T07:16:35.5222660Z /Users/runner/Library/Developer/PhotoAxisBuilds/fe52d68e5807/DerivedData/Build/Products/Debug/PhotoAxis.app/Contents/Frameworks/XCTAutomationSupport.framework: replacing existing signature
build-test	Model and geometry tests; Debug build	2026-10-03T07:16:35.5223260Z 
build-test	Model and geometry tests; Debug build	2026-10-03T07:16:35.5223790Z CodeSign /Users/runner/Library/Developer/PhotoAxisBuilds/fe52d68e5807/DerivedData/Build/Products/Debug/PhotoAxis.app/Contents/Frameworks/Testing.framework (in target 'PhotoAxis' from project 'PhotoAxis')
build-test	Model and geometry tests; Debug build	2026-10-03T07:16:35.5224510Z     cd $REPO
build-test	Model and geometry tests; Debug build	2026-10-03T07:16:35.5224720Z     
build-test	Model and geometry tests; Debug build	2026-10-03T07:16:35.5224870Z     Signing Identity:     "Sign to Run Locally"
build-test	Model and geometry tests; Debug build	2026-10-03T07:16:35.5225070Z     
build-test	Model and geometry tests; Debug build	2026-10-03T07:16:35.5225910Z     /usr/bin/codesign --force --sign - --timestamp\=none --preserve-metadata\=identifier,entitlements,flags --generate-entitlement-der /Users/runner/Library/Developer/PhotoAxisBuilds/fe52d68e5807/DerivedData/Build/Products/Debug/PhotoAxis.app/Contents/Frameworks/Testing.framework
build-test	Model and geometry tests; Debug build	2026-10-03T07:16:35.5227220Z /Users/runner/Library/Developer/PhotoAxisBuilds/fe52d68e5807/DerivedData/Build/Products/Debug/PhotoAxis.app/Contents/Frameworks/Testing.framework: replacing existing signature
build-test	Model and geometry tests; Debug build	2026-10-03T07:16:35.5227750Z 
build-test	Model and geometry tests; Debug build	2026-10-03T07:16:35.5228060Z ExtractAppIntentsMetadata (in target 'PhotoAxisCoreTests' from project 'PhotoAxis')
build-test	Model and geometry tests; Debug build	2026-10-03T07:16:35.5228440Z     cd $REPO
build-test	Model and geometry tests; Debug build	2026-10-03T07:16:35.5235550Z     /Applications/Xcode_16.4.app/Contents/Developer/Toolchains/XcodeDefault.xctoolchain/usr/bin/appintentsmetadataprocessor --toolchain-dir /Applications/Xcode_16.4.app/Contents/Developer/Toolchains/XcodeDefault.xctoolchain --module-name PhotoAxisCoreTests --sdk-root /Applications/Xcode_16.4.app/Contents/Developer/Platforms/MacOSX.platform/Developer/SDKs/MacOSX15.5.sdk --xcode-version 16F6 --platform-family macOS --deployment-target 14.0 --bundle-identifier local.photoaxis.tests --output /Users/runner/Library/Developer/PhotoAxisBuilds/fe52d68e5807/DerivedData/Build/Products/Debug/PhotoAxisCoreTests.xctest/Contents/Resources --target-triple arm64-apple-macos14.0 --binary-file /Users/runner/Library/Developer/PhotoAxisBuilds/fe52d68e5807/DerivedData/Build/Products/Debug/PhotoAxisCoreTests.xctest/Contents/MacOS/PhotoAxisCoreTests --dependency-file /Users/runner/Library/Developer/PhotoAxisBuilds/fe52d68e5807/DerivedData/Build/Intermediates.noindex/PhotoAxis.build/Debug/PhotoAxisCoreTests.build/Objects-normal/arm64/PhotoAxisCoreTests_dependency_info.dat --stringsdata-file /Users/runner/Library/Developer/PhotoAxisBuilds/fe52d68e5807/DerivedData/Build/Intermediates.noindex/PhotoAxis.build/Debug/PhotoAxisCoreTests.build/Objects-normal/arm64/ExtractedAppShortcutsMetadata.stringsdata --source-file-list /Users/runner/Library/Developer/PhotoAxisBuilds/fe52d68e5807/DerivedData/Build/Intermediates.noindex/PhotoAxis.build/Debug/PhotoAxisCoreTests.build/Objects-normal/arm64/PhotoAxisCoreTests.SwiftFileList --metadata-file-list /Users/runner/Library/Developer/PhotoAxisBuilds/fe52d68e5807/DerivedData/Build/Intermediates.noindex/PhotoAxis.build/Debug/PhotoAxisCoreTests.build/PhotoAxisCoreTests.DependencyMetadataFileList --static-metadata-file-list /Users/runner/Library/Developer/PhotoAxisBuilds/fe52d68e5807/DerivedData/Build/Intermediates.noindex/PhotoAxis.build/Debug/PhotoAxisCoreTests.build/PhotoAxisCoreTests.DependencyStaticMetadataFileList --swift-const-vals-list /Users/runner/Library/Developer/PhotoAxisBuilds/fe52d68e5807/DerivedData/Build/Intermediates.noindex/PhotoAxis.build/Debug/PhotoAxisCoreTests.build/Objects-normal/arm64/PhotoAxisCoreTests.SwiftConstValuesFileList --compile-time-extraction --deployment-aware-processing --validate-assistant-intents --no-app-shortcuts-localization
build-test	Model and geometry tests; Debug build	2026-10-03T07:16:35.5243160Z 2026-10-03 07:16:31.147 appintentsmetadataprocessor[2576:10645] Starting appintentsmetadataprocessor export
build-test	Model and geometry tests; Debug build	2026-10-03T07:16:35.5243860Z 2026-10-03 07:16:31.149 appintentsmetadataprocessor[2576:10645] warning: Metadata extraction skipped. No AppIntents.framework dependency found.
build-test	Model and geometry tests; Debug build	2026-10-03T07:16:35.5244300Z 
build-test	Model and geometry tests; Debug build	2026-10-03T07:16:35.5244830Z CopySwiftLibs /Users/runner/Library/Developer/PhotoAxisBuilds/fe52d68e5807/DerivedData/Build/Products/Debug/PhotoAxisCoreTests.xctest (in target 'PhotoAxisCoreTests' from project 'PhotoAxis')
build-test	Model and geometry tests; Debug build	2026-10-03T07:16:35.5245540Z     cd $REPO
build-test	Model and geometry tests; Debug build	2026-10-03T07:16:35.5250850Z     builtin-swiftStdLibTool --copy --verbose --sign - --scan-executable /Users/runner/Library/Developer/PhotoAxisBuilds/fe52d68e5807/DerivedData/Build/Products/Debug/PhotoAxisCoreTests.xctest/Contents/MacOS/PhotoAxisCoreTests --scan-folder /Users/runner/Library/Developer/PhotoAxisBuilds/fe52d68e5807/DerivedData/Build/Products/Debug/PhotoAxisCoreTests.xctest/Contents/Frameworks --scan-folder /Users/runner/Library/Developer/PhotoAxisBuilds/fe52d68e5807/DerivedData/Build/Products/Debug/PhotoAxisCoreTests.xctest/Contents/PlugIns --scan-folder /Users/runner/Library/Developer/PhotoAxisBuilds/fe52d68e5807/DerivedData/Build/Products/Debug/PhotoAxisCoreTests.xctest/Contents/Library/SystemExtensions --scan-folder /Users/runner/Library/Developer/PhotoAxisBuilds/fe52d68e5807/DerivedData/Build/Products/Debug/PhotoAxisCoreTests.xctest/Contents/Extensions --scan-folder /Users/runner/Library/Developer/PhotoAxisBuilds/fe52d68e5807/DerivedData/Build/Products/Debug/PhotoAxisCore.framework --platform macosx --toolchain /Applications/Xcode_16.4.app/Contents/Developer/Toolchains/XcodeDefault.xctoolchain --destination /Users/runner/Library/Developer/PhotoAxisBuilds/fe52d68e5807/DerivedData/Build/Products/Debug/PhotoAxisCoreTests.xctest/Contents/Frameworks --strip-bitcode --scan-executable /Applications/Xcode_16.4.app/Contents/Developer/Platforms/MacOSX.platform/Developer/usr/lib/libXCTestSwiftSupport.dylib --strip-bitcode-tool /Applications/Xcode_16.4.app/Contents/Developer/Toolchains/XcodeDefault.xctoolchain/usr/bin/bitcode_strip --emit-dependency-info /Users/runner/Library/Developer/PhotoAxisBuilds/fe52d68e5807/DerivedData/Build/Intermediates.noindex/PhotoAxis.build/Debug/PhotoAxisCoreTests.build/SwiftStdLibToolInputDependencies.dep --filter-for-swift-os
build-test	Model and geometry tests; Debug build	2026-10-03T07:16:35.5256390Z 
build-test	Model and geometry tests; Debug build	2026-10-03T07:16:35.5257320Z PhaseScriptExecution Compile\ Core\ Image\ kernel /Users/runner/Library/Developer/PhotoAxisBuilds/fe52d68e5807/DerivedData/Build/Intermediates.noindex/PhotoAxis.build/Debug/PhotoAxis.build/Script-51503C2492BDF84DA711D67B.sh (in target 'PhotoAxis' from project 'PhotoAxis')
build-test	Model and geometry tests; Debug build	2026-10-03T07:16:35.5258250Z     cd $REPO
build-test	Model and geometry tests; Debug build	2026-10-03T07:16:35.5258480Z     export ACTION\=build
build-test	Model and geometry tests; Debug build	2026-10-03T07:16:35.5258680Z     export AD_HOC_CODE_SIGNING_ALLOWED\=YES
build-test	Model and geometry tests; Debug build	2026-10-03T07:16:35.5258950Z     export AGGREGATE_TRACKED_DOMAINS\=YES
build-test	Model and geometry tests; Debug build	2026-10-03T07:16:35.5259200Z     export ALLOW_BUILD_REQUEST_OVERRIDES\=NO
build-test	Model and geometry tests; Debug build	2026-10-03T07:16:35.5259430Z     export ALLOW_TARGET_PLATFORM_SPECIALIZATION\=NO
build-test	Model and geometry tests; Debug build	2026-10-03T07:16:35.5259680Z     export ALTERNATE_GROUP\=staff
build-test	Model and geometry tests; Debug build	2026-10-03T07:16:35.5259870Z     export ALTERNATE_MODE\=u+w,go-w,a+rX
build-test	Model and geometry tests; Debug build	2026-10-03T07:16:35.5260080Z     export ALTERNATE_OWNER\=runner
build-test	Model and geometry tests; Debug build	2026-10-03T07:16:35.5260310Z     export ALTERNATIVE_DISTRIBUTION_WEB\=NO
build-test	Model and geometry tests; Debug build	2026-10-03T07:16:35.5260610Z     export ALWAYS_EMBED_SWIFT_STANDARD_LIBRARIES\=NO
build-test	Model and geometry tests; Debug build	2026-10-03T07:16:35.5260890Z     export ALWAYS_SEARCH_USER_PATHS\=YES
build-test	Model and geometry tests; Debug build	2026-10-03T07:16:35.5261300Z     export ALWAYS_USE_SEPARATE_HEADERMAPS\=NO
build-test	Model and geometry tests; Debug build	2026-10-03T07:16:35.5261530Z     export APPLICATION_EXTENSION_API_ONLY\=NO
build-test	Model and geometry tests; Debug build	2026-10-03T07:16:35.5261810Z     export APPLY_RULES_IN_COPY_FILES\=NO
build-test	Model and geometry tests; Debug build	2026-10-03T07:16:35.5262070Z     export APPLY_RULES_IN_COPY_HEADERS\=NO
build-test	Model and geometry tests; Debug build	2026-10-03T07:16:35.5262310Z     export APP_SHORTCUTS_ENABLE_FLEXIBLE_MATCHING\=YES
build-test	Model and geometry tests; Debug build	2026-10-03T07:16:35.5262540Z     export ARCHS\=arm64
build-test	Model and geometry tests; Debug build	2026-10-03T07:16:35.5262710Z     export ARCHS_STANDARD\=arm64\ x86_64
build-test	Model and geometry tests; Debug build	2026-10-03T07:16:35.5262940Z     export ARCHS_STANDARD_32_64_BIT\=arm64\ x86_64\ i386
build-test	Model and geometry tests; Debug build	2026-10-03T07:16:35.5263190Z     export ARCHS_STANDARD_32_BIT\=i386
build-test	Model and geometry tests; Debug build	2026-10-03T07:16:35.5263410Z     export ARCHS_STANDARD_64_BIT\=arm64\ x86_64
build-test	Model and geometry tests; Debug build	2026-10-03T07:16:35.5263690Z     export ARCHS_STANDARD_INCLUDING_64_BIT\=arm64\ x86_64
build-test	Model and geometry tests; Debug build	2026-10-03T07:16:35.5264080Z     export AUTOMATICALLY_MERGE_DEPENDENCIES\=NO
build-test	Model and geometry tests; Debug build	2026-10-03T07:16:35.5264660Z     export AVAILABLE_PLATFORMS\=android\ appletvos\ appletvsimulator\ driverkit\ iphoneos\ iphonesimulator\ macosx\ qnx\ watchos\ watchsimulator\ xros\ xrsimulator
build-test	Model and geometry tests; Debug build	2026-10-03T07:16:35.5265240Z     export BITCODE_GENERATION_MODE\=marker
build-test	Model and geometry tests; Debug build	2026-10-03T07:16:35.5265490Z     export BUILD_ACTIVE_RESOURCES_ONLY\=NO
build-test	Model and geometry tests; Debug build	2026-10-03T07:16:35.5265760Z     export BUILD_COMPONENTS\=headers\ build
build-test	Model and geometry tests; Debug build	2026-10-03T07:16:35.5266230Z     export BUILD_DIR\=/Users/runner/Library/Developer/PhotoAxisBuilds/fe52d68e5807/DerivedData/Build/Products
build-test	Model and geometry tests; Debug build	2026-10-03T07:16:35.5266760Z     export BUILD_LIBRARY_FOR_DISTRIBUTION\=NO
build-test	Model and geometry tests; Debug build	2026-10-03T07:16:35.5267250Z     export BUILD_ROOT\=/Users/runner/Library/Developer/PhotoAxisBuilds/fe52d68e5807/DerivedData/Build/Products
build-test	Model and geometry tests; Debug build	2026-10-03T07:16:35.5267740Z     export BUILD_STYLE\=
build-test	Model and geometry tests; Debug build	2026-10-03T07:16:35.5268000Z     export BUILD_VARIANTS\=normal
build-test	Model and geometry tests; Debug build	2026-10-03T07:16:35.5268520Z     export BUILT_PRODUCTS_DIR\=/Users/runner/Library/Developer/PhotoAxisBuilds/fe52d68e5807/DerivedData/Build/Products/Debug
build-test	Model and geometry tests; Debug build	2026-10-03T07:16:35.5269050Z     export BUNDLE_CONTENTS_FOLDER_PATH\=Contents/
build-test	Model and geometry tests; Debug build	2026-10-03T07:16:35.5269340Z     export BUNDLE_CONTENTS_FOLDER_PATH_deep\=Contents/
build-test	Model and geometry tests; Debug build	2026-10-03T07:16:35.5269750Z     export BUNDLE_EXECUTABLE_FOLDER_NAME_deep\=MacOS
build-test	Model and geometry tests; Debug build	2026-10-03T07:16:35.5270040Z     export BUNDLE_EXECUTABLE_FOLDER_PATH\=Contents/MacOS
build-test	Model and geometry tests; Debug build	2026-10-03T07:16:35.5270380Z     export BUNDLE_EXTENSIONS_FOLDER_PATH\=Contents/Extensions
build-test	Model and geometry tests; Debug build	2026-10-03T07:16:35.5271850Z     export BUNDLE_FORMAT\=deep
build-test	Model and geometry tests; Debug build	2026-10-03T07:16:35.5272200Z     export BUNDLE_FRAMEWORKS_FOLDER_PATH\=Contents/Frameworks
build-test	Model and geometry tests; Debug build	2026-10-03T07:16:35.5272560Z     export BUNDLE_PLUGINS_FOLDER_PATH\=Contents/PlugIns
build-test	Model and geometry tests; Debug build	2026-10-03T07:16:35.5273000Z     export BUNDLE_PRIVATE_HEADERS_FOLDER_PATH\=Contents/PrivateHeaders
build-test	Model and geometry tests; Debug build	2026-10-03T07:16:35.5273410Z     export BUNDLE_PUBLIC_HEADERS_FOLDER_PATH\=Contents/Headers
build-test	Model and geometry tests; Debug build	2026-10-03T07:16:35.5273950Z     export CACHE_ROOT\=/var/folders/nj/vtw8zd2j31d1gdrtntc5y4600000gn/C/com.apple.DeveloperTools/16.4-16F6/Xcode
build-test	Model and geometry tests; Debug build	2026-10-03T07:16:35.5274630Z     export CCHROOT\=/var/folders/nj/vtw8zd2j31d1gdrtntc5y4600000gn/C/com.apple.DeveloperTools/16.4-16F6/Xcode
build-test	Model and geometry tests; Debug build	2026-10-03T07:16:35.5275050Z     export CHMOD\=/bin/chmod
build-test	Model and geometry tests; Debug build	2026-10-03T07:16:35.5275250Z     export CHOWN\=/usr/sbin/chown
build-test	Model and geometry tests; Debug build	2026-10-03T07:16:35.5275460Z     export CLANG_CACHE_FINE_GRAINED_OUTPUTS\=YES
build-test	Model and geometry tests; Debug build	2026-10-03T07:16:35.5275700Z     export CLANG_ENABLE_EXPLICIT_MODULES\=YES
build-test	Model and geometry tests; Debug build	2026-10-03T07:16:35.5275920Z     export CLANG_ENABLE_MODULES\=YES
build-test	Model and geometry tests; Debug build	2026-10-03T07:16:35.5276120Z     export CLANG_ENABLE_OBJC_ARC\=YES
build-test	Model and geometry tests; Debug build	2026-10-03T07:16:35.5276690Z     export CLANG_MODULES_BUILD_SESSION_FILE\=/Users/runner/Library/Developer/PhotoAxisBuilds/fe52d68e5807/DerivedData/ModuleCache.noindex/Session.modulevalidation
build-test	Model and geometry tests; Debug build	2026-10-03T07:16:35.5277640Z     export CLASS_FILE_DIR\=/Users/runner/Library/Developer/PhotoAxisBuilds/fe52d68e5807/DerivedData/Build/Intermediates.noindex/PhotoAxis.build/Debug/PhotoAxis.build/JavaClasses
build-test	Model and geometry tests; Debug build	2026-10-03T07:16:35.5278240Z     export CLEAN_PRECOMPS\=YES
build-test	Model and geometry tests; Debug build	2026-10-03T07:16:35.5278430Z     export CLONE_HEADERS\=NO
build-test	Model and geometry tests; Debug build	2026-10-03T07:16:35.5278980Z     export CODESIGNING_FOLDER_PATH\=/Users/runner/Library/Developer/PhotoAxisBuilds/fe52d68e5807/DerivedData/Build/Products/Debug/PhotoAxis.app
build-test	Model and geometry tests; Debug build	2026-10-03T07:16:35.5279650Z     export CODE_SIGNING_ALLOWED\=YES
build-test	Model and geometry tests; Debug build	2026-10-03T07:16:35.5279860Z     export CODE_SIGNING_REQUIRED\=YES
build-test	Model and geometry tests; Debug build	2026-10-03T07:16:35.5280060Z     export CODE_SIGN_IDENTITY\=-
build-test	Model and geometry tests; Debug build	2026-10-03T07:16:35.5280280Z     export CODE_SIGN_IDENTITY_NO\=Apple\ Development
build-test	Model and geometry tests; Debug build	2026-10-03T07:16:35.5280530Z     export CODE_SIGN_IDENTITY_YES\=-
build-test	Model and geometry tests; Debug build	2026-10-03T07:16:35.5280800Z     export CODE_SIGN_INJECT_BASE_ENTITLEMENTS\=YES
build-test	Model and geometry tests; Debug build	2026-10-03T07:16:35.5281080Z     export CODE_SIGN_STYLE\=Manual
build-test	Model and geometry tests; Debug build	2026-10-03T07:16:35.5281270Z     export COLOR_DIAGNOSTICS\=NO
build-test	Model and geometry tests; Debug build	2026-10-03T07:16:35.5281480Z     export COMBINE_HIDPI_IMAGES\=NO
build-test	Model and geometry tests; Debug build	2026-10-03T07:16:35.5282040Z     export COMPILATION_CACHE_CAS_PATH\=/Users/runner/Library/Developer/PhotoAxisBuilds/fe52d68e5807/DerivedData/CompilationCache.noindex
build-test	Model and geometry tests; Debug build	2026-10-03T07:16:35.5282530Z     export COMPILATION_CACHE_KEEP_CAS_DIRECTORY\=YES
build-test	Model and geometry tests; Debug build	2026-10-03T07:16:35.5282800Z     export COMPILER_INDEX_STORE_ENABLE\=Default
build-test	Model and geometry tests; Debug build	2026-10-03T07:16:35.5283410Z     export COMPOSITE_SDK_DIRS\=/Users/runner/Library/Developer/PhotoAxisBuilds/fe52d68e5807/DerivedData/Build/Intermediates.noindex/CompositeSDKs
build-test	Model and geometry tests; Debug build	2026-10-03T07:16:35.5283940Z     export COMPRESS_PNG_FILES\=NO
build-test	Model and geometry tests; Debug build	2026-10-03T07:16:35.5284130Z     export CONFIGURATION\=Debug
build-test	Model and geometry tests; Debug build	2026-10-03T07:16:35.5284570Z     export CONFIGURATION_BUILD_DIR\=/Users/runner/Library/Developer/PhotoAxisBuilds/fe52d68e5807/DerivedData/Build/Products/Debug
build-test	Model and geometry tests; Debug build	2026-10-03T07:16:35.5285440Z     export CONFIGURATION_TEMP_DIR\=/Users/runner/Library/Developer/PhotoAxisBuilds/fe52d68e5807/DerivedData/Build/Intermediates.noindex/PhotoAxis.build/Debug
build-test	Model and geometry tests; Debug build	2026-10-03T07:16:35.5286010Z     export CONTENTS_FOLDER_PATH\=PhotoAxis.app/Contents
build-test	Model and geometry tests; Debug build	2026-10-03T07:16:35.5286360Z     export CONTENTS_FOLDER_PATH_SHALLOW_BUNDLE_NO\=PhotoAxis.app/Contents
build-test	Model and geometry tests; Debug build	2026-10-03T07:16:35.5286790Z     export CONTENTS_FOLDER_PATH_SHALLOW_BUNDLE_YES\=PhotoAxis.app
build-test	Model and geometry tests; Debug build	2026-10-03T07:16:35.5287060Z     export COPYING_PRESERVES_HFS_DATA\=NO
build-test	Model and geometry tests; Debug build	2026-10-03T07:16:35.5287280Z     export COPY_HEADERS_RUN_UNIFDEF\=NO
build-test	Model and geometry tests; Debug build	2026-10-03T07:16:35.5287670Z     export COPY_PHASE_STRIP\=YES
build-test	Model and geometry tests; Debug build	2026-10-03T07:16:35.5287890Z     export CP\=/bin/cp
build-test	Model and geometry tests; Debug build	2026-10-03T07:16:35.5288120Z     export CREATE_INFOPLIST_SECTION_IN_BINARY\=NO
build-test	Model and geometry tests; Debug build	2026-10-03T07:16:35.5288400Z     export CURRENT_ARCH\=undefined_arch
build-test	Model and geometry tests; Debug build	2026-10-03T07:16:35.5288610Z     export CURRENT_PROJECT_VERSION\=5
build-test	Model and geometry tests; Debug build	2026-10-03T07:16:35.5288810Z     export CURRENT_VARIANT\=normal
build-test	Model and geometry tests; Debug build	2026-10-03T07:16:35.5288990Z     export DEAD_CODE_STRIPPING\=NO
build-test	Model and geometry tests; Debug build	2026-10-03T07:16:35.5289180Z     export DEBUGGING_SYMBOLS\=YES
build-test	Model and geometry tests; Debug build	2026-10-03T07:16:35.5289390Z     export DEBUG_INFORMATION_FORMAT\=dwarf
build-test	Model and geometry tests; Debug build	2026-10-03T07:16:35.5289690Z     export DEBUG_INFORMATION_VERSION\=compiler-default
build-test	Model and geometry tests; Debug build	2026-10-03T07:16:35.5290020Z     export DEFAULT_COMPILER\=com.apple.compilers.llvm.clang.1_0
build-test	Model and geometry tests; Debug build	2026-10-03T07:16:35.5290420Z     export DEFAULT_DEXT_INSTALL_PATH\=/System/Library/DriverExtensions
build-test	Model and geometry tests; Debug build	2026-10-03T07:16:35.5290810Z     export DEFAULT_KEXT_INSTALL_PATH\=/System/Library/Extensions
build-test	Model and geometry tests; Debug build	2026-10-03T07:16:35.5291070Z     export DEFINES_MODULE\=NO
build-test	Model and geometry tests; Debug build	2026-10-03T07:16:35.5291250Z     export DEPLOYMENT_LOCATION\=NO
build-test	Model and geometry tests; Debug build	2026-10-03T07:16:35.5291450Z     export DEPLOYMENT_POSTPROCESSING\=NO
build-test	Model and geometry tests; Debug build	2026-10-03T07:16:35.5291720Z     export DEPLOYMENT_TARGET_SETTING_NAME\=MACOSX_DEPLOYMENT_TARGET
build-test	Model and geometry tests; Debug build	2026-10-03T07:16:35.5292350Z     export DEPLOYMENT_TARGET_SUGGESTED_VALUES\=10.13\ 10.14\ 10.15\ 11.0\ 11.1\ 11.2\ 11.3\ 11.4\ 11.5\ 12.0\ 12.2\ 12.3\ 12.4\ 13.0\ 13.1\ 13.2\ 13.3\ 13.4\ 13.5\ 14.0\ 14.1\ 14.2\ 14.3\ 14.4\ 14.5\ 14.6\ 15.0\ 15.1\ 15.2\ 15.3\ 15.4\ 15.5
build-test	Model and geometry tests; Debug build	2026-10-03T07:16:35.5293310Z     export DERIVED_FILES_DIR\=/Users/runner/Library/Developer/PhotoAxisBuilds/fe52d68e5807/DerivedData/Build/Intermediates.noindex/PhotoAxis.build/Debug/PhotoAxis.build/DerivedSources
build-test	Model and geometry tests; Debug build	2026-10-03T07:16:35.5294340Z     export DERIVED_FILE_DIR\=/Users/runner/Library/Developer/PhotoAxisBuilds/fe52d68e5807/DerivedData/Build/Intermediates.noindex/PhotoAxis.build/Debug/PhotoAxis.build/DerivedSources
build-test	Model and geometry tests; Debug build	2026-10-03T07:16:35.5295370Z     export DERIVED_SOURCES_DIR\=/Users/runner/Library/Developer/PhotoAxisBuilds/fe52d68e5807/DerivedData/Build/Intermediates.noindex/PhotoAxis.build/Debug/PhotoAxis.build/DerivedSources
build-test	Model and geometry tests; Debug build	2026-10-03T07:16:35.5296250Z     export DEVELOPER_APPLICATIONS_DIR\=/Applications/Xcode_16.4.app/Contents/Developer/Applications
build-test	Model and geometry tests; Debug build	2026-10-03T07:16:35.5296730Z     export DEVELOPER_BIN_DIR\=/Applications/Xcode_16.4.app/Contents/Developer/usr/bin
build-test	Model and geometry tests; Debug build	2026-10-03T07:16:35.5297190Z     export DEVELOPER_DIR\=/Applications/Xcode_16.4.app/Contents/Developer
build-test	Model and geometry tests; Debug build	2026-10-03T07:16:35.5297640Z     export DEVELOPER_FRAMEWORKS_DIR\=/Applications/Xcode_16.4.app/Contents/Developer/Library/Frameworks
build-test	Model and geometry tests; Debug build	2026-10-03T07:16:35.5298200Z     export DEVELOPER_FRAMEWORKS_DIR_QUOTED\=/Applications/Xcode_16.4.app/Contents/Developer/Library/Frameworks
build-test	Model and geometry tests; Debug build	2026-10-03T07:16:35.5298710Z     export DEVELOPER_LIBRARY_DIR\=/Applications/Xcode_16.4.app/Contents/Developer/Library
build-test	Model and geometry tests; Debug build	2026-10-03T07:16:35.5299250Z     export DEVELOPER_SDK_DIR\=/Applications/Xcode_16.4.app/Contents/Developer/Platforms/MacOSX.platform/Developer/SDKs
build-test	Model and geometry tests; Debug build	2026-10-03T07:16:35.5299770Z     export DEVELOPER_TOOLS_DIR\=/Applications/Xcode_16.4.app/Contents/Developer/Tools
build-test	Model and geometry tests; Debug build	2026-10-03T07:16:35.5300190Z     export DEVELOPER_USR_DIR\=/Applications/Xcode_16.4.app/Contents/Developer/usr
build-test	Model and geometry tests; Debug build	2026-10-03T07:16:35.5300930Z     export DEVELOPMENT_LANGUAGE\=en
build-test	Model and geometry tests; Debug build	2026-10-03T07:16:35.5301400Z     export DIAGNOSE_MISSING_TARGET_DEPENDENCIES\=YES
build-test	Model and geometry tests; Debug build	2026-10-03T07:16:35.5301650Z     export DIFF\=/usr/bin/diff
build-test	Model and geometry tests; Debug build	2026-10-03T07:16:35.5301980Z     export DOCUMENTATION_FOLDER_PATH\=PhotoAxis.app/Contents/Resources/en.lproj/Documentation
build-test	Model and geometry tests; Debug build	2026-10-03T07:16:35.5302360Z     export DONT_GENERATE_INFOPLIST_FILE\=NO
build-test	Model and geometry tests; Debug build	2026-10-03T07:16:35.5302580Z     export DSTROOT\=/tmp/PhotoAxis.dst
build-test	Model and geometry tests; Debug build	2026-10-03T07:16:35.5302980Z     export DT_TOOLCHAIN_DIR\=/Applications/Xcode_16.4.app/Contents/Developer/Toolchains/XcodeDefault.xctoolchain
build-test	Model and geometry tests; Debug build	2026-10-03T07:16:35.5303500Z     export DWARF_DSYM_FILE_NAME\=PhotoAxis.app.dSYM
build-test	Model and geometry tests; Debug build	2026-10-03T07:16:35.5303770Z     export DWARF_DSYM_FILE_SHOULD_ACCOMPANY_PRODUCT\=NO
build-test	Model and geometry tests; Debug build	2026-10-03T07:16:35.5304280Z     export DWARF_DSYM_FOLDER_PATH\=/Users/runner/Library/Developer/PhotoAxisBuilds/fe52d68e5807/DerivedData/Build/Products/Debug
build-test	Model and geometry tests; Debug build	2026-10-03T07:16:35.5304890Z     export DYNAMIC_LIBRARY_EXTENSION\=dylib
build-test	Model and geometry tests; Debug build	2026-10-03T07:16:35.5305120Z     export EAGER_COMPILATION_ALLOW_SCRIPTS\=YES
build-test	Model and geometry tests; Debug build	2026-10-03T07:16:35.5305340Z     export EAGER_LINKING\=NO
build-test	Model and geometry tests; Debug build	2026-10-03T07:16:35.5305540Z     export EMBEDDED_CONTENT_CONTAINS_SWIFT\=NO
build-test	Model and geometry tests; Debug build	2026-10-03T07:16:35.5305820Z     export EMBEDDED_PROFILE_NAME\=embedded.provisionprofile
build-test	Model and geometry tests; Debug build	2026-10-03T07:16:35.5306130Z     export EMBED_ASSET_PACKS_IN_PRODUCT_BUNDLE\=NO
build-test	Model and geometry tests; Debug build	2026-10-03T07:16:35.5306360Z     export ENABLE_APP_SANDBOX\=NO
build-test	Model and geometry tests; Debug build	2026-10-03T07:16:35.5306540Z     export ENABLE_BITCODE\=NO
build-test	Model and geometry tests; Debug build	2026-10-03T07:16:35.5306720Z     export ENABLE_CODE_COVERAGE\=YES
build-test	Model and geometry tests; Debug build	2026-10-03T07:16:35.5306920Z     export ENABLE_DEBUG_DYLIB\=YES
build-test	Model and geometry tests; Debug build	2026-10-03T07:16:35.5307140Z     export ENABLE_DEFAULT_HEADER_SEARCH_PATHS\=YES
build-test	Model and geometry tests; Debug build	2026-10-03T07:16:35.5307380Z     export ENABLE_DEFAULT_SEARCH_PATHS\=YES
build-test	Model and geometry tests; Debug build	2026-10-03T07:16:35.5307600Z     export ENABLE_HARDENED_RUNTIME\=NO
build-test	Model and geometry tests; Debug build	2026-10-03T07:16:35.5307810Z     export ENABLE_HEADER_DEPENDENCIES\=YES
build-test	Model and geometry tests; Debug build	2026-10-03T07:16:35.5308030Z     export ENABLE_INCOMING_NETWORK_CONNECTIONS\=NO
build-test	Model and geometry tests; Debug build	2026-10-03T07:16:35.5308260Z     export ENABLE_ON_DEMAND_RESOURCES\=NO
build-test	Model and geometry tests; Debug build	2026-10-03T07:16:35.5308480Z     export ENABLE_OUTGOING_NETWORK_CONNECTIONS\=NO
build-test	Model and geometry tests; Debug build	2026-10-03T07:16:35.5308710Z     export ENABLE_PREVIEWS\=NO
build-test	Model and geometry tests; Debug build	2026-10-03T07:16:35.5308910Z     export ENABLE_RESOURCE_ACCESS_AUDIO_INPUT\=NO
build-test	Model and geometry tests; Debug build	2026-10-03T07:16:35.5309150Z     export ENABLE_RESOURCE_ACCESS_BLUETOOTH\=NO
build-test	Model and geometry tests; Debug build	2026-10-03T07:16:35.5309390Z     export ENABLE_RESOURCE_ACCESS_CALENDARS\=NO
build-test	Model and geometry tests; Debug build	2026-10-03T07:16:35.5309620Z     export ENABLE_RESOURCE_ACCESS_CAMERA\=NO
build-test	Model and geometry tests; Debug build	2026-10-03T07:16:35.5309840Z     export ENABLE_RESOURCE_ACCESS_CONTACTS\=NO
build-test	Model and geometry tests; Debug build	2026-10-03T07:16:35.5310080Z     export ENABLE_RESOURCE_ACCESS_LOCATION\=NO
build-test	Model and geometry tests; Debug build	2026-10-03T07:16:35.5310310Z     export ENABLE_RESOURCE_ACCESS_PRINTING\=NO
build-test	Model and geometry tests; Debug build	2026-10-03T07:16:35.5310530Z     export ENABLE_RESOURCE_ACCESS_USB\=NO
build-test	Model and geometry tests; Debug build	2026-10-03T07:16:35.5311070Z     export ENABLE_SDK_IMPORTS\=NO
build-test	Model and geometry tests; Debug build	2026-10-03T07:16:35.5311270Z     export ENABLE_TESTABILITY\=YES
build-test	Model and geometry tests; Debug build	2026-10-03T07:16:35.5311470Z     export ENABLE_TESTING_SEARCH_PATHS\=NO
build-test	Model and geometry tests; Debug build	2026-10-03T07:16:35.5311760Z     export ENABLE_USER_SCRIPT_SANDBOXING\=YES
build-test	Model and geometry tests; Debug build	2026-10-03T07:16:35.5311980Z     export ENABLE_XOJIT_PREVIEWS\=YES
build-test	Model and geometry tests; Debug build	2026-10-03T07:16:35.5312180Z     export ENFORCE_VALID_ARCHS\=YES
build-test	Model and geometry tests; Debug build	2026-10-03T07:16:35.5312370Z     export ENTITLEMENTS_ALLOWED\=YES
build-test	Model and geometry tests; Debug build	2026-10-03T07:16:35.5312600Z     export ENTITLEMENTS_DESTINATION\=Signature
build-test	Model and geometry tests; Debug build	2026-10-03T07:16:35.5312820Z     export ENTITLEMENTS_REQUIRED\=NO
build-test	Model and geometry tests; Debug build	2026-10-03T07:16:35.5313130Z     export EXCLUDED_INSTALLSRC_SUBDIRECTORY_PATTERNS\=.DS_Store\ .svn\ .git\ .hg\ CVS
build-test	Model and geometry tests; Debug build	2026-10-03T07:16:35.5313780Z     export EXCLUDED_RECURSIVE_SEARCH_PATH_SUBDIRECTORIES\=\*.nib\ \*.lproj\ \*.framework\ \*.gch\ \*.xcode\*\ \*.xcassets\ \(\*\)\ .DS_Store\ CVS\ .svn\ .git\ .hg\ \*.pbproj\ \*.pbxproj
build-test	Model and geometry tests; Debug build	2026-10-03T07:16:35.5314400Z     export EXECUTABLES_FOLDER_PATH\=PhotoAxis.app/Contents/Executables
build-test	Model and geometry tests; Debug build	2026-10-03T07:16:35.5314840Z     export EXECUTABLE_BLANK_INJECTION_DYLIB_PATH\=PhotoAxis.app/Contents/MacOS/__preview.dylib
build-test	Model and geometry tests; Debug build	2026-10-03T07:16:35.5315280Z     export EXECUTABLE_DEBUG_DYLIB_INSTALL_NAME\=@rpath/PhotoAxis.debug.dylib
build-test	Model and geometry tests; Debug build	2026-10-03T07:16:35.5315710Z     export EXECUTABLE_DEBUG_DYLIB_PATH\=PhotoAxis.app/Contents/MacOS/PhotoAxis.debug.dylib
build-test	Model and geometry tests; Debug build	2026-10-03T07:16:35.5316110Z     export EXECUTABLE_FOLDER_PATH\=PhotoAxis.app/Contents/MacOS
build-test	Model and geometry tests; Debug build	2026-10-03T07:16:35.5316480Z     export EXECUTABLE_FOLDER_PATH_SHALLOW_BUNDLE_NO\=PhotoAxis.app/Contents/MacOS
build-test	Model and geometry tests; Debug build	2026-10-03T07:16:35.5316880Z     export EXECUTABLE_FOLDER_PATH_SHALLOW_BUNDLE_YES\=PhotoAxis.app/Contents
build-test	Model and geometry tests; Debug build	2026-10-03T07:16:35.5317180Z     export EXECUTABLE_NAME\=PhotoAxis
build-test	Model and geometry tests; Debug build	2026-10-03T07:16:35.5317450Z     export EXECUTABLE_PATH\=PhotoAxis.app/Contents/MacOS/PhotoAxis
build-test	Model and geometry tests; Debug build	2026-10-03T07:16:35.5317730Z     export EXPANDED_CODE_SIGN_IDENTITY\=-
build-test	Model and geometry tests; Debug build	2026-10-03T07:16:35.5318000Z     export EXPANDED_CODE_SIGN_IDENTITY_NAME\=Sign\ to\ Run\ Locally
build-test	Model and geometry tests; Debug build	2026-10-03T07:16:35.5318640Z     export EXTENSIONS_FOLDER_PATH\=PhotoAxis.app/Contents/Extensions
build-test	Model and geometry tests; Debug build	2026-10-03T07:16:35.5319560Z     export FILE_LIST\=/Users/runner/Library/Developer/PhotoAxisBuilds/fe52d68e5807/DerivedData/Build/Intermediates.noindex/PhotoAxis.build/Debug/PhotoAxis.build/Objects/LinkFileList
build-test	Model and geometry tests; Debug build	2026-10-03T07:16:35.5320890Z     export FIXED_FILES_DIR\=/Users/runner/Library/Developer/PhotoAxisBuilds/fe52d68e5807/DerivedData/Build/Intermediates.noindex/PhotoAxis.build/Debug/PhotoAxis.build/FixedFiles
build-test	Model and geometry tests; Debug build	2026-10-03T07:16:35.5321680Z     export FRAMEWORKS_FOLDER_PATH\=PhotoAxis.app/Contents/Frameworks
build-test	Model and geometry tests; Debug build	2026-10-03T07:16:35.5322100Z     export FRAMEWORK_FLAG_PREFIX\=-framework
build-test	Model and geometry tests; Debug build	2026-10-03T07:16:35.5322770Z     export FRAMEWORK_SEARCH_PATHS\=/Users/runner/Library/Developer/PhotoAxisBuilds/fe52d68e5807/DerivedData/Build/Products/Debug\ 
build-test	Model and geometry tests; Debug build	2026-10-03T07:16:35.5323360Z     export FRAMEWORK_VERSION\=A
build-test	Model and geometry tests; Debug build	2026-10-03T07:16:35.5323760Z     export FULL_PRODUCT_NAME\=PhotoAxis.app
build-test	Model and geometry tests; Debug build	2026-10-03T07:16:35.5324140Z     export FUSE_BUILD_PHASES\=YES
build-test	Model and geometry tests; Debug build	2026-10-03T07:16:35.5324470Z     export FUSE_BUILD_SCRIPT_PHASES\=NO
build-test	Model and geometry tests; Debug build	2026-10-03T07:16:35.5324730Z     export GCC3_VERSION\=3.3
build-test	Model and geometry tests; Debug build	2026-10-03T07:16:35.5324970Z     export GCC_DYNAMIC_NO_PIC\=NO
build-test	Model and geometry tests; Debug build	2026-10-03T07:16:35.5331690Z     export GCC_INLINES_ARE_PRIVATE_EXTERN\=YES
build-test	Model and geometry tests; Debug build	2026-10-03T07:16:35.5332080Z     export GCC_PFE_FILE_C_DIALECTS\=c\ objective-c\ c++\ objective-c++
build-test	Model and geometry tests; Debug build	2026-10-03T07:16:35.5332420Z     export GCC_SYMBOLS_PRIVATE_EXTERN\=NO
build-test	Model and geometry tests; Debug build	2026-10-03T07:16:35.5332660Z     export GCC_TREAT_WARNINGS_AS_ERRORS\=NO
build-test	Model and geometry tests; Debug build	2026-10-03T07:16:35.5332930Z     export GCC_VERSION\=com.apple.compilers.llvm.clang.1_0
build-test	Model and geometry tests; Debug build	2026-10-03T07:16:35.5333270Z     export GCC_VERSION_IDENTIFIER\=com_apple_compilers_llvm_clang_1_0
build-test	Model and geometry tests; Debug build	2026-10-03T07:16:35.5333600Z     export GCC_WARN_64_TO_32_BIT_CONVERSION\=NO
build-test	Model and geometry tests; Debug build	2026-10-03T07:16:35.5334220Z     export GENERATED_MODULEMAP_DIR\=/Users/runner/Library/Developer/PhotoAxisBuilds/fe52d68e5807/DerivedData/Build/Intermediates.noindex/GeneratedModuleMaps
build-test	Model and geometry tests; Debug build	2026-10-03T07:16:35.5334800Z     export GENERATE_INFOPLIST_FILE\=NO
build-test	Model and geometry tests; Debug build	2026-10-03T07:16:35.5335220Z     export GENERATE_INTERMEDIATE_TEXT_BASED_STUBS\=YES
build-test	Model and geometry tests; Debug build	2026-10-03T07:16:35.5335500Z     export GENERATE_MASTER_OBJECT_FILE\=NO
build-test	Model and geometry tests; Debug build	2026-10-03T07:16:35.5335730Z     export GENERATE_PKGINFO_FILE\=YES
build-test	Model and geometry tests; Debug build	2026-10-03T07:16:35.5335940Z     export GENERATE_PROFILING_CODE\=NO
build-test	Model and geometry tests; Debug build	2026-10-03T07:16:35.5336250Z     export GENERATE_TEXT_BASED_STUBS\=NO
build-test	Model and geometry tests; Debug build	2026-10-03T07:16:35.5336470Z     export GID\=20
build-test	Model and geometry tests; Debug build	2026-10-03T07:16:35.5336720Z     export GROUP\=staff
build-test	Model and geometry tests; Debug build	2026-10-03T07:16:35.5337120Z     export HEADERMAP_INCLUDES_FLAT_ENTRIES_FOR_TARGET_BEING_BUILT\=YES
build-test	Model and geometry tests; Debug build	2026-10-03T07:16:35.5337630Z     export HEADERMAP_INCLUDES_FRAMEWORK_ENTRIES_FOR_ALL_PRODUCT_TYPES\=YES
build-test	Model and geometry tests; Debug build	2026-10-03T07:16:35.5338100Z     export HEADERMAP_INCLUDES_FRAMEWORK_ENTRIES_FOR_TARGETS_NOT_BEING_BUILT\=YES
build-test	Model and geometry tests; Debug build	2026-10-03T07:16:35.5338580Z     export HEADERMAP_INCLUDES_NONPUBLIC_NONPRIVATE_HEADERS\=YES
build-test	Model and geometry tests; Debug build	2026-10-03T07:16:35.5339050Z     export HEADERMAP_INCLUDES_PROJECT_HEADERS\=YES
build-test	Model and geometry tests; Debug build	2026-10-03T07:16:35.5339910Z     export HEADERMAP_USES_FRAMEWORK_PREFIX_ENTRIES\=YES
build-test	Model and geometry tests; Debug build	2026-10-03T07:16:35.5340250Z     export HEADERMAP_USES_VFS\=NO
build-test	Model and geometry tests; Debug build	2026-10-03T07:16:35.5340830Z     export HEADER_SEARCH_PATHS\=/Users/runner/Library/Developer/PhotoAxisBuilds/fe52d68e5807/DerivedData/Build/Products/Debug/include\ 
build-test	Model and geometry tests; Debug build	2026-10-03T07:16:35.5341340Z     export HIDE_BITCODE_SYMBOLS\=YES
build-test	Model and geometry tests; Debug build	2026-10-03T07:16:35.5341550Z     export HOME\=/Users/runner
build-test	Model and geometry tests; Debug build	2026-10-03T07:16:35.5341880Z     export HOST_ARCH\=arm64
build-test	Model and geometry tests; Debug build	2026-10-03T07:16:35.5343430Z     export HOST_PLATFORM\=macosx
build-test	Model and geometry tests; Debug build	2026-10-03T07:16:35.5343680Z     export ICONV\=/usr/bin/iconv
build-test	Model and geometry tests; Debug build	2026-10-03T07:16:35.5343910Z     export IMPLICIT_DEPENDENCY_DOMAIN\=default
build-test	Model and geometry tests; Debug build	2026-10-03T07:16:35.5344210Z     export INFOPLIST_ENABLE_CFBUNDLEICONS_MERGE\=YES
build-test	Model and geometry tests; Debug build	2026-10-03T07:16:35.5344490Z     export INFOPLIST_EXPAND_BUILD_SETTINGS\=YES
build-test	Model and geometry tests; Debug build	2026-10-03T07:16:35.5344770Z     export INFOPLIST_FILE\=Config/Info.plist
build-test	Model and geometry tests; Debug build	2026-10-03T07:16:35.5345010Z     export INFOPLIST_OUTPUT_FORMAT\=same-as-input
build-test	Model and geometry tests; Debug build	2026-10-03T07:16:35.5345730Z     export INFOPLIST_PATH\=PhotoAxis.app/Contents/Info.plist
build-test	Model and geometry tests; Debug build	2026-10-03T07:16:35.5346070Z     export INFOPLIST_PREPROCESS\=NO
build-test	Model and geometry tests; Debug build	2026-10-03T07:16:35.5346630Z     export INFOSTRINGS_PATH\=PhotoAxis.app/Contents/Resources/en.lproj/InfoPlist.strings
build-test	Model and geometry tests; Debug build	2026-10-03T07:16:35.5347020Z     export INLINE_PRIVATE_FRAMEWORKS\=NO
build-test	Model and geometry tests; Debug build	2026-10-03T07:16:35.5347280Z     export INSTALLAPI_IGNORE_SKIP_INSTALL\=YES
build-test	Model and geometry tests; Debug build	2026-10-03T07:16:35.5347870Z     export INSTALLHDRS_COPY_PHASE\=NO
build-test	Model and geometry tests; Debug build	2026-10-03T07:16:35.5348190Z     export INSTALLHDRS_SCRIPT_PHASE\=NO
build-test	Model and geometry tests; Debug build	2026-10-03T07:16:35.5348560Z     export INSTALL_DIR\=/tmp/PhotoAxis.dst/Applications
build-test	Model and geometry tests; Debug build	2026-10-03T07:16:35.5349140Z     export INSTALL_GROUP\=staff
build-test	Model and geometry tests; Debug build	2026-10-03T07:16:35.5349490Z     export INSTALL_MODE_FLAG\=u+w,go-w,a+rX
build-test	Model and geometry tests; Debug build	2026-10-03T07:16:35.5349740Z     export INSTALL_OWNER\=runner
build-test	Model and geometry tests; Debug build	2026-10-03T07:16:35.5349980Z     export INSTALL_PATH\=/Applications
build-test	Model and geometry tests; Debug build	2026-10-03T07:16:35.5350230Z     export INSTALL_ROOT\=/tmp/PhotoAxis.dst
build-test	Model and geometry tests; Debug build	2026-10-03T07:16:35.5351290Z     export IOS_UNZIPPERED_TWIN_PREFIX_PATH\=/System/iOSSupport
build-test	Model and geometry tests; Debug build	2026-10-03T07:16:35.5351600Z     export IS_MACCATALYST\=NO
build-test	Model and geometry tests; Debug build	2026-10-03T07:16:35.5351840Z     export IS_UNOPTIMIZED_BUILD\=YES
build-test	Model and geometry tests; Debug build	2026-10-03T07:16:35.5352470Z     export JAVAC_DEFAULT_FLAGS\=-J-Xms64m\ -J-XX:NewSize\=4M\ -J-Dfile.encoding\=UTF8
build-test	Model and geometry tests; Debug build	2026-10-03T07:16:35.5353010Z     export JAVA_APP_STUB\=/System/Library/Frameworks/JavaVM.framework/Resources/MacOS/JavaApplicationStub
build-test	Model and geometry tests; Debug build	2026-10-03T07:16:35.5353440Z     export JAVA_ARCHIVE_CLASSES\=YES
build-test	Model and geometry tests; Debug build	2026-10-03T07:16:35.5353660Z     export JAVA_ARCHIVE_TYPE\=JAR
build-test	Model and geometry tests; Debug build	2026-10-03T07:16:35.5354510Z     export JAVA_COMPILER\=/usr/bin/javac
build-test	Model and geometry tests; Debug build	2026-10-03T07:16:35.5354810Z     export JAVA_FOLDER_PATH\=PhotoAxis.app/Contents/Resources/Java
build-test	Model and geometry tests; Debug build	2026-10-03T07:16:35.5355160Z     export JAVA_FRAMEWORK_RESOURCES_DIRS\=Resources
build-test	Model and geometry tests; Debug build	2026-10-03T07:16:35.5355420Z     export JAVA_JAR_FLAGS\=cv
build-test	Model and geometry tests; Debug build	2026-10-03T07:16:35.5355610Z     export JAVA_SOURCE_SUBDIR\=.
build-test	Model and geometry tests; Debug build	2026-10-03T07:16:35.5355840Z     export JAVA_USE_DEPENDENCIES\=YES
build-test	Model and geometry tests; Debug build	2026-10-03T07:16:35.5356050Z     export JAVA_ZIP_FLAGS\=-urg
build-test	Model and geometry tests; Debug build	2026-10-03T07:16:35.5356260Z     export JIKES_DEFAULT_FLAGS\=+E\ +OLDCSO
build-test	Model and geometry tests; Debug build	2026-10-03T07:16:35.5357600Z     export KASAN_CFLAGS_CLASSIC\=-DKASAN\=1\ -DKASAN_CLASSIC\=1\ -fsanitize\=address\ -mllvm\ -asan-globals-live-support\ -mllvm\ -asan-force-dynamic-shadow
build-test	Model and geometry tests; Debug build	2026-10-03T07:16:35.5359050Z     export KASAN_CFLAGS_TBI\=-DKASAN\=1\ -DKASAN_TBI\=1\ -fsanitize\=kernel-hwaddress\ -mllvm\ -hwasan-recover\=0\ -mllvm\ -hwasan-instrument-atomics\=0\ -mllvm\ -hwasan-instrument-stack\=1\ -mllvm\ -hwasan-generate-tags-with-calls\=1\ -mllvm\ -hwasan-instrument-with-calls\=1\ -mllvm\ -hwasan-use-short-granules\=0\ -mllvm\ -hwasan-memory-access-callback-prefix\=__asan_
build-test	Model and geometry tests; Debug build	2026-10-03T07:16:35.5360710Z     export KASAN_DEFAULT_CFLAGS\=-DKASAN\=1\ -DKASAN_CLASSIC\=1\ -fsanitize\=address\ -mllvm\ -asan-globals-live-support\ -mllvm\ -asan-force-dynamic-shadow
build-test	Model and geometry tests; Debug build	2026-10-03T07:16:35.5361230Z     export KEEP_PRIVATE_EXTERNS\=NO
build-test	Model and geometry tests; Debug build	2026-10-03T07:16:35.5362000Z     export LD_DEPENDENCY_INFO_FILE\=/Users/runner/Library/Developer/PhotoAxisBuilds/fe52d68e5807/DerivedData/Build/Intermediates.noindex/PhotoAxis.build/Debug/PhotoAxis.build/Objects-normal/undefined_arch/PhotoAxis_dependency_info.dat
build-test	Model and geometry tests; Debug build	2026-10-03T07:16:35.5362780Z     export LD_EXPORT_SYMBOLS\=YES
build-test	Model and geometry tests; Debug build	2026-10-03T07:16:35.5362970Z     export LD_GENERATE_MAP_FILE\=NO
build-test	Model and geometry tests; Debug build	2026-10-03T07:16:35.5363650Z     export LD_MAP_FILE_PATH\=/Users/runner/Library/Developer/PhotoAxisBuilds/fe52d68e5807/DerivedData/Build/Intermediates.noindex/PhotoAxis.build/Debug/PhotoAxis.build/PhotoAxis-LinkMap-normal-undefined_arch.txt
build-test	Model and geometry tests; Debug build	2026-10-03T07:16:35.5364670Z     export LD_NO_PIE\=NO
build-test	Model and geometry tests; Debug build	2026-10-03T07:16:35.5364900Z     export LD_QUOTE_LINKER_ARGUMENTS_FOR_COMPILER_DRIVER\=YES
build-test	Model and geometry tests; Debug build	2026-10-03T07:16:35.5366620Z     export LD_RUNPATH_SEARCH_PATHS\=\ @executable_path/../Frameworks\ @loader_path/../Frameworks
build-test	Model and geometry tests; Debug build	2026-10-03T07:16:35.5368740Z     export LD_RUNPATH_SEARCH_PATHS_YES\=@loader_path/../Frameworks
build-test	Model and geometry tests; Debug build	2026-10-03T07:16:35.5369050Z     export LD_SHARED_CACHE_ELIGIBLE\=Automatic
build-test	Model and geometry tests; Debug build	2026-10-03T07:16:35.5369780Z     export LD_WARN_DUPLICATE_LIBRARIES\=NO
build-test	Model and geometry tests; Debug build	2026-10-03T07:16:35.5370010Z     export LD_WARN_UNUSED_DYLIBS\=NO
build-test	Model and geometry tests; Debug build	2026-10-03T07:16:35.5370780Z     export LEGACY_DEVELOPER_DIR\=/Applications/Xcode_16.4.app/Contents/PlugIns/Xcode3Core.ideplugin/Contents/SharedSupport/Developer
build-test	Model and geometry tests; Debug build	2026-10-03T07:16:35.5371280Z     export LEX\=lex
build-test	Model and geometry tests; Debug build	2026-10-03T07:16:35.5371520Z     export LIBRARY_DEXT_INSTALL_PATH\=/Library/DriverExtensions
build-test	Model and geometry tests; Debug build	2026-10-03T07:16:35.5371790Z     export LIBRARY_FLAG_NOSPACE\=YES
build-test	Model and geometry tests; Debug build	2026-10-03T07:16:35.5371990Z     export LIBRARY_FLAG_PREFIX\=-l
build-test	Model and geometry tests; Debug build	2026-10-03T07:16:35.5372240Z     export LIBRARY_KEXT_INSTALL_PATH\=/Library/Extensions
build-test	Model and geometry tests; Debug build	2026-10-03T07:16:35.5372870Z     export LIBRARY_SEARCH_PATHS\=/Users/runner/Library/Developer/PhotoAxisBuilds/fe52d68e5807/DerivedData/Build/Products/Debug\ 
build-test	Model and geometry tests; Debug build	2026-10-03T07:16:35.5373380Z     export LINKER_DISPLAYS_MANGLED_NAMES\=NO
build-test	Model and geometry tests; Debug build	2026-10-03T07:16:35.5374780Z     export LINK_FILE_LIST_normal_arm64\=/Users/runner/Library/Developer/PhotoAxisBuilds/fe52d68e5807/DerivedData/Build/Intermediates.noindex/PhotoAxis.build/Debug/PhotoAxis.build/Objects-normal/arm64/PhotoAxis.LinkFileList
build-test	Model and geometry tests; Debug build	2026-10-03T07:16:35.5375770Z     export LINK_OBJC_RUNTIME\=YES
build-test	Model and geometry tests; Debug build	2026-10-03T07:16:35.5375980Z     export LINK_WITH_STANDARD_LIBRARIES\=YES
build-test	Model and geometry tests; Debug build	2026-10-03T07:16:35.5376240Z     export LLVM_TARGET_TRIPLE_OS_VERSION\=macos14.0
build-test	Model and geometry tests; Debug build	2026-10-03T07:16:35.5376520Z     export LLVM_TARGET_TRIPLE_OS_VERSION_NO\=macos14.0
build-test	Model and geometry tests; Debug build	2026-10-03T07:16:35.5376800Z     export LLVM_TARGET_TRIPLE_OS_VERSION_YES\=macos15.5
build-test	Model and geometry tests; Debug build	2026-10-03T07:16:35.5377080Z     export LLVM_TARGET_TRIPLE_VENDOR\=apple
build-test	Model and geometry tests; Debug build	2026-10-03T07:16:35.5377930Z     export LM_AUX_CONST_METADATA_LIST_PATH_normal_arm64\=/Users/runner/Library/Developer/PhotoAxisBuilds/fe52d68e5807/DerivedData/Build/Intermediates.noindex/PhotoAxis.build/Debug/PhotoAxis.build/Objects-normal/arm64/PhotoAxis.SwiftConstValuesFileList
build-test	Model and geometry tests; Debug build	2026-10-03T07:16:35.5378830Z     export LOCALIZATION_EXPORT_SUPPORTED\=YES
build-test	Model and geometry tests; Debug build	2026-10-03T07:16:35.5379110Z     export LOCALIZATION_PREFERS_STRING_CATALOGS\=NO
build-test	Model and geometry tests; Debug build	2026-10-03T07:16:35.5379470Z     export LOCALIZED_RESOURCES_FOLDER_PATH\=PhotoAxis.app/Contents/Resources/en.lproj
build-test	Model and geometry tests; Debug build	2026-10-03T07:16:35.5380080Z     export LOCALIZED_STRING_MACRO_NAMES\=NSLocalizedString\ CFCopyLocalizedString
build-test	Model and geometry tests; Debug build	2026-10-03T07:16:35.5380450Z     export LOCALIZED_STRING_SWIFTUI_SUPPORT\=YES
build-test	Model and geometry tests; Debug build	2026-10-03T07:16:35.5380750Z     export LOCAL_ADMIN_APPS_DIR\=/Applications/Utilities
build-test	Model and geometry tests; Debug build	2026-10-03T07:16:35.5381030Z     export LOCAL_APPS_DIR\=/Applications
build-test	Model and geometry tests; Debug build	2026-10-03T07:16:35.5381290Z     export LOCAL_DEVELOPER_DIR\=/Library/Developer
build-test	Model and geometry tests; Debug build	2026-10-03T07:16:35.5381550Z     export LOCAL_LIBRARY_DIR\=/Library
build-test	Model and geometry tests; Debug build	2026-10-03T07:16:35.5381830Z     export LOCROOT\=$REPO
build-test	Model and geometry tests; Debug build	2026-10-03T07:16:35.5382160Z     export LOCSYMROOT\=$REPO
build-test	Model and geometry tests; Debug build	2026-10-03T07:16:35.5382470Z     export MACH_O_TYPE\=mh_execute
build-test	Model and geometry tests; Debug build	2026-10-03T07:16:35.5382680Z     export MACOSX_DEPLOYMENT_TARGET\=14.0
build-test	Model and geometry tests; Debug build	2026-10-03T07:16:35.5382910Z     export MAC_OS_X_PRODUCT_BUILD_VERSION\=24G830
build-test	Model and geometry tests; Debug build	2026-10-03T07:16:35.5383180Z     export MAC_OS_X_VERSION_ACTUAL\=150709
build-test	Model and geometry tests; Debug build	2026-10-03T07:16:35.5383400Z     export MAC_OS_X_VERSION_MAJOR\=150000
build-test	Model and geometry tests; Debug build	2026-10-03T07:16:35.5383610Z     export MAC_OS_X_VERSION_MINOR\=150700
build-test	Model and geometry tests; Debug build	2026-10-03T07:16:35.5383810Z     export MAKE_MERGEABLE\=NO
build-test	Model and geometry tests; Debug build	2026-10-03T07:16:35.5384000Z     export MARKETING_VERSION\=1.0.0
build-test	Model and geometry tests; Debug build	2026-10-03T07:16:35.5384200Z     export MERGEABLE_LIBRARY\=NO
build-test	Model and geometry tests; Debug build	2026-10-03T07:16:35.5384390Z     export MERGED_BINARY_TYPE\=none
build-test	Model and geometry tests; Debug build	2026-10-03T07:16:35.5384600Z     export MERGE_LINKED_LIBRARIES\=NO
build-test	Model and geometry tests; Debug build	2026-10-03T07:16:35.5384810Z     export METAL_LIBRARY_FILE_BASE\=default
build-test	Model and geometry tests; Debug build	2026-10-03T07:16:35.5459350Z     export METAL_LIBRARY_OUTPUT_DIR\=/Users/runner/Library/Developer/PhotoAxisBuilds/fe52d68e5807/DerivedData/Build/Products/Debug/PhotoAxis.app/Contents/Resources
build-test	Model and geometry tests; Debug build	2026-10-03T07:16:35.5460620Z     export MODULES_FOLDER_PATH\=PhotoAxis.app/Contents/Modules
build-test	Model and geometry tests; Debug build	2026-10-03T07:16:35.5461140Z     export MODULE_CACHE_DIR\=/Users/runner/Library/Developer/PhotoAxisBuilds/fe52d68e5807/DerivedData/ModuleCache.noindex
build-test	Model and geometry tests; Debug build	2026-10-03T07:16:35.5461600Z     export NATIVE_ARCH\=arm64
build-test	Model and geometry tests; Debug build	2026-10-03T07:16:35.5461800Z     export NATIVE_ARCH_32_BIT\=arm
build-test	Model and geometry tests; Debug build	2026-10-03T07:16:35.5462830Z     export NATIVE_ARCH_64_BIT\=arm64
build-test	Model and geometry tests; Debug build	2026-10-03T07:16:35.5476620Z     export NATIVE_ARCH_ACTUAL\=arm64
build-test	Model and geometry tests; Debug build	2026-10-03T07:16:35.5476820Z     export NO_COMMON\=YES
build-test	Model and geometry tests; Debug build	2026-10-03T07:16:35.5477400Z     export OBJECT_FILE_DIR\=/Users/runner/Library/Developer/PhotoAxisBuilds/fe52d68e5807/DerivedData/Build/Intermediates.noindex/PhotoAxis.build/Debug/PhotoAxis.build/Objects
build-test	Model and geometry tests; Debug build	2026-10-03T07:16:35.5478820Z     export OBJECT_FILE_DIR_normal\=/Users/runner/Library/Developer/PhotoAxisBuilds/fe52d68e5807/DerivedData/Build/Intermediates.noindex/PhotoAxis.build/Debug/PhotoAxis.build/Objects-normal
build-test	Model and geometry tests; Debug build	2026-10-03T07:16:35.5479730Z     export OBJROOT\=/Users/runner/Library/Developer/PhotoAxisBuilds/fe52d68e5807/DerivedData/Build/Intermediates.noindex
build-test	Model and geometry tests; Debug build	2026-10-03T07:16:35.5480180Z     export ONLY_ACTIVE_ARCH\=NO
build-test	Model and geometry tests; Debug build	2026-10-03T07:16:35.5480370Z     export OS\=MACOS
build-test	Model and geometry tests; Debug build	2026-10-03T07:16:35.5480580Z     export OSAC\=/usr/bin/osacompile
build-test	Model and geometry tests; Debug build	2026-10-03T07:16:35.5491560Z     export PACKAGE_TYPE\=com.apple.package-type.wrapper.application
build-test	Model and geometry tests; Debug build	2026-10-03T07:16:35.5491890Z     export PASCAL_STRINGS\=YES
build-test	Model and geometry tests; Debug build	2026-10-03T07:16:35.5496300Z     export PATH\=/Applications/Xcode_16.4.app/Contents/SharedFrameworks/SwiftBuild.framework/Versions/A/PlugIns/SWBBuildService.bundle/Contents/PlugIns/SWBUniversalPlatformPlugin.bundle/Contents/Frameworks/SWBUniversalPlatform.framework/Resources:/Applications/Xcode_16.4.app/Contents/Developer/Toolchains/XcodeDefault.xctoolchain/usr/bin:/Applications/Xcode_16.4.app/Contents/Developer/Toolchains/XcodeDefault.xctoolchain/usr/local/bin:/Applications/Xcode_16.4.app/Contents/Developer/Toolchains/XcodeDefault.xctoolchain/usr/libexec:/Applications/Xcode_16.4.app/Contents/Developer/Platforms/MacOSX.platform/usr/bin:/Applications/Xcode_16.4.app/Contents/Developer/Platforms/MacOSX.platform/usr/local/bin:/Applications/Xcode_16.4.app/Contents/Developer/Platforms/MacOSX.platform/Developer/usr/bin:/Applications/Xcode_16.4.app/Contents/Developer/Platforms/MacOSX.platform/Developer/usr/local/bin:/Applications/Xcode_16.4.app/Contents/Developer/usr/bin:/Applications/Xcode_16.4.app/Contents/Developer/usr/local/bin:/opt/homebrew/lib/ruby/gems/3.3.0/bin:/opt/homebrew/opt/ruby@3.3/bin:/Users/runner/.local/bin:/opt/homebrew/bin:/opt/homebrew/sbin:/Users/runner/.cargo/bin:/usr/local/opt/curl/bin:/usr/local/bin:/usr/local/sbin:/Users/runner/bin:/Users/runner/.yarn/bin:/Users/runner/Library/Android/sdk/tools:/Users/runner/Library/Android/sdk/platform-tools:/Library/Frameworks/Python.framework/Versions/Current/bin:/Library/Frameworks/Mono.framework/Versions/Current/Commands:/usr/bin:/bin:/usr/sbin:/sbin:/Users/runner/.dotnet/tools
build-test	Model and geometry tests; Debug build	2026-10-03T07:16:35.5501870Z     export PATH_PREFIXES_EXCLUDED_FROM_HEADER_DEPENDENCIES\=/usr/include\ /usr/local/include\ /System/Library/Frameworks\ /System/Library/PrivateFrameworks\ /Applications/Xcode_16.4.app/Contents/Developer/Headers\ /Applications/Xcode_16.4.app/Contents/Developer/SDKs\ /Applications/Xcode_16.4.app/Contents/Developer/Platforms
build-test	Model and geometry tests; Debug build	2026-10-03T07:16:35.5502990Z     export PBDEVELOPMENTPLIST_PATH\=PhotoAxis.app/Contents/pbdevelopment.plist
build-test	Model and geometry tests; Debug build	2026-10-03T07:16:35.5503780Z     export PER_ARCH_MODULE_FILE_DIR\=/Users/runner/Library/Developer/PhotoAxisBuilds/fe52d68e5807/DerivedData/Build/Intermediates.noindex/PhotoAxis.build/Debug/PhotoAxis.build/Objects-normal/undefined_arch
build-test	Model and geometry tests; Debug build	2026-10-03T07:16:35.5504920Z     export PER_ARCH_OBJECT_FILE_DIR\=/Users/runner/Library/Developer/PhotoAxisBuilds/fe52d68e5807/DerivedData/Build/Intermediates.noindex/PhotoAxis.build/Debug/PhotoAxis.build/Objects-normal/undefined_arch
build-test	Model and geometry tests; Debug build	2026-10-03T07:16:35.5506020Z     export PER_VARIANT_OBJECT_FILE_DIR\=/Users/runner/Library/Developer/PhotoAxisBuilds/fe52d68e5807/DerivedData/Build/Intermediates.noindex/PhotoAxis.build/Debug/PhotoAxis.build/Objects-normal
build-test	Model and geometry tests; Debug build	2026-10-03T07:16:35.5506730Z     export PHOTOAXIS_APP_BUNDLE_ID\=local.photoaxis.development
build-test	Model and geometry tests; Debug build	2026-10-03T07:16:35.5507080Z     export PHOTOAXIS_CASE_UTI\=com.photoaxis.document.investigation
build-test	Model and geometry tests; Debug build	2026-10-03T07:16:35.5507440Z     export PHOTOAXIS_CORE_BUNDLE_ID\=local.photoaxis.core
build-test	Model and geometry tests; Debug build	2026-10-03T07:16:35.5507750Z     export PHOTOAXIS_DOCUMENT_UTI\=com.photoaxis.document
build-test	Model and geometry tests; Debug build	2026-10-03T07:16:35.5508490Z     export PKGINFO_FILE_PATH\=/Users/runner/Library/Developer/PhotoAxisBuilds/fe52d68e5807/DerivedData/Build/Intermediates.noindex/PhotoAxis.build/Debug/PhotoAxis.build/PkgInfo
build-test	Model and geometry tests; Debug build	2026-10-03T07:16:35.5509130Z     export PKGINFO_PATH\=PhotoAxis.app/Contents/PkgInfo
build-test	Model and geometry tests; Debug build	2026-10-03T07:16:35.5509550Z     export PLATFORM_DEVELOPER_APPLICATIONS_DIR\=/Applications/Xcode_16.4.app/Contents/Developer/Applications
build-test	Model and geometry tests; Debug build	2026-10-03T07:16:35.5510090Z     export PLATFORM_DEVELOPER_BIN_DIR\=/Applications/Xcode_16.4.app/Contents/Developer/usr/bin
build-test	Model and geometry tests; Debug build	2026-10-03T07:16:35.5510610Z     export PLATFORM_DEVELOPER_LIBRARY_DIR\=/Applications/Xcode_16.4.app/Contents/Developer/Library
build-test	Model and geometry tests; Debug build	2026-10-03T07:16:35.5511200Z     export PLATFORM_DEVELOPER_SDK_DIR\=/Applications/Xcode_16.4.app/Contents/Developer/Platforms/MacOSX.platform/Developer/SDKs
build-test	Model and geometry tests; Debug build	2026-10-03T07:16:35.5511790Z     export PLATFORM_DEVELOPER_TOOLS_DIR\=/Applications/Xcode_16.4.app/Contents/Developer/Tools
build-test	Model and geometry tests; Debug build	2026-10-03T07:16:35.5512270Z     export PLATFORM_DEVELOPER_USR_DIR\=/Applications/Xcode_16.4.app/Contents/Developer/usr
build-test	Model and geometry tests; Debug build	2026-10-03T07:16:35.5512770Z     export PLATFORM_DIR\=/Applications/Xcode_16.4.app/Contents/Developer/Platforms/MacOSX.platform
build-test	Model and geometry tests; Debug build	2026-10-03T07:16:35.5513140Z     export PLATFORM_DISPLAY_NAME\=macOS
build-test	Model and geometry tests; Debug build	2026-10-03T07:16:35.5513360Z     export PLATFORM_FAMILY_NAME\=macOS
build-test	Model and geometry tests; Debug build	2026-10-03T07:16:35.5513560Z     export PLATFORM_NAME\=macosx
build-test	Model and geometry tests; Debug build	2026-10-03T07:16:35.5513780Z     export PLATFORM_PREFERRED_ARCH\=x86_64
build-test	Model and geometry tests; Debug build	2026-10-03T07:16:35.5514020Z     export PLATFORM_PRODUCT_BUILD_VERSION\=24F74
build-test	Model and geometry tests; Debug build	2026-10-03T07:16:35.5514310Z     export PLATFORM_REQUIRES_SWIFT_AUTOLINK_EXTRACT\=NO
build-test	Model and geometry tests; Debug build	2026-10-03T07:16:35.5514570Z     export PLATFORM_REQUIRES_SWIFT_MODULEWRAP\=NO
build-test	Model and geometry tests; Debug build	2026-10-03T07:16:35.5514820Z     export PLIST_FILE_OUTPUT_FORMAT\=same-as-input
build-test	Model and geometry tests; Debug build	2026-10-03T07:16:35.5515100Z     export PLUGINS_FOLDER_PATH\=PhotoAxis.app/Contents/PlugIns
build-test	Model and geometry tests; Debug build	2026-10-03T07:16:35.5515450Z     export PRECOMPS_INCLUDE_HEADERS_FROM_BUILT_PRODUCTS_DIR\=YES
build-test	Model and geometry tests; Debug build	2026-10-03T07:16:35.5516270Z     export PRECOMP_DESTINATION_DIR\=/Users/runner/Library/Developer/PhotoAxisBuilds/fe52d68e5807/DerivedData/Build/Intermediates.noindex/PhotoAxis.build/Debug/PhotoAxis.build/PrefixHeaders
build-test	Model and geometry tests; Debug build	2026-10-03T07:16:35.5517040Z     export PRIVATE_HEADERS_FOLDER_PATH\=PhotoAxis.app/Contents/PrivateHeaders
build-test	Model and geometry tests; Debug build	2026-10-03T07:16:35.5517920Z     export PROCESSED_INFOPLIST_PATH\=/Users/runner/Library/Developer/PhotoAxisBuilds/fe52d68e5807/DerivedData/Build/Intermediates.noindex/PhotoAxis.build/Debug/PhotoAxis.build/Objects-normal/undefined_arch/Processed-Info.plist
build-test	Model and geometry tests; Debug build	2026-10-03T07:16:35.5518750Z     export PRODUCT_BUNDLE_IDENTIFIER\=local.photoaxis.development
build-test	Model and geometry tests; Debug build	2026-10-03T07:16:35.5519070Z     export PRODUCT_BUNDLE_PACKAGE_TYPE\=APPL
build-test	Model and geometry tests; Debug build	2026-10-03T07:16:35.5519290Z     export PRODUCT_MODULE_NAME\=PhotoAxis
build-test	Model and geometry tests; Debug build	2026-10-03T07:16:35.5519500Z     export PRODUCT_NAME\=PhotoAxis
build-test	Model and geometry tests; Debug build	2026-10-03T07:16:35.5519830Z     export PRODUCT_SETTINGS_PATH\=$REPO/Config/Info.plist
build-test	Model and geometry tests; Debug build	2026-10-03T07:16:35.5520230Z     export PRODUCT_TYPE\=com.apple.product-type.application
build-test	Model and geometry tests; Debug build	2026-10-03T07:16:35.5520490Z     export PROFILING_CODE\=NO
build-test	Model and geometry tests; Debug build	2026-10-03T07:16:35.5520690Z     export PROJECT\=PhotoAxis
build-test	Model and geometry tests; Debug build	2026-10-03T07:16:35.5521280Z     export PROJECT_DERIVED_FILE_DIR\=/Users/runner/Library/Developer/PhotoAxisBuilds/fe52d68e5807/DerivedData/Build/Intermediates.noindex/PhotoAxis.build/DerivedSources
build-test	Model and geometry tests; Debug build	2026-10-03T07:16:35.5521900Z     export PROJECT_DIR\=$REPO
build-test	Model and geometry tests; Debug build	2026-10-03T07:16:35.5522270Z     export PROJECT_FILE_PATH\=$REPO/PhotoAxis.xcodeproj
build-test	Model and geometry tests; Debug build	2026-10-03T07:16:35.5522650Z     export PROJECT_GUID\=9730526f0700b8b20d57e2b47e796b5b
build-test	Model and geometry tests; Debug build	2026-10-03T07:16:35.5522900Z     export PROJECT_NAME\=PhotoAxis
build-test	Model and geometry tests; Debug build	2026-10-03T07:16:35.5523410Z     export PROJECT_TEMP_DIR\=/Users/runner/Library/Developer/PhotoAxisBuilds/fe52d68e5807/DerivedData/Build/Intermediates.noindex/PhotoAxis.build
build-test	Model and geometry tests; Debug build	2026-10-03T07:16:35.5524270Z     export PROJECT_TEMP_ROOT\=/Users/runner/Library/Developer/PhotoAxisBuilds/fe52d68e5807/DerivedData/Build/Intermediates.noindex
build-test	Model and geometry tests; Debug build	2026-10-03T07:16:35.5524850Z     export PROVISIONING_PROFILE_REQUIRED\=NO
build-test	Model and geometry tests; Debug build	2026-10-03T07:16:35.5525120Z     export PROVISIONING_PROFILE_REQUIRED_YES_YES\=YES
build-test	Model and geometry tests; Debug build	2026-10-03T07:16:35.5525390Z     export PROVISIONING_PROFILE_SUPPORTED\=YES
build-test	Model and geometry tests; Debug build	2026-10-03T07:16:35.5525700Z     export PUBLIC_HEADERS_FOLDER_PATH\=PhotoAxis.app/Contents/Headers
build-test	Model and geometry tests; Debug build	2026-10-03T07:16:35.5526040Z     export RECOMMENDED_MACOSX_DEPLOYMENT_TARGET\=11.0
build-test	Model and geometry tests; Debug build	2026-10-03T07:16:35.5526300Z     export RECURSIVE_SEARCH_PATHS_FOLLOW_SYMLINKS\=YES
build-test	Model and geometry tests; Debug build	2026-10-03T07:16:35.5526550Z     export REMOVE_CVS_FROM_RESOURCES\=YES
build-test	Model and geometry tests; Debug build	2026-10-03T07:16:35.5526750Z     export REMOVE_GIT_FROM_RESOURCES\=YES
build-test	Model and geometry tests; Debug build	2026-10-03T07:16:35.5526980Z     export REMOVE_HEADERS_FROM_EMBEDDED_BUNDLES\=YES
build-test	Model and geometry tests; Debug build	2026-10-03T07:16:35.5527220Z     export REMOVE_HG_FROM_RESOURCES\=YES
build-test	Model and geometry tests; Debug build	2026-10-03T07:16:35.5527490Z     export REMOVE_STATIC_EXECUTABLES_FROM_EMBEDDED_BUNDLES\=YES
build-test	Model and geometry tests; Debug build	2026-10-03T07:16:35.5527760Z     export REMOVE_SVN_FROM_RESOURCES\=YES
build-test	Model and geometry tests; Debug build	2026-10-03T07:16:35.5528000Z     export RESCHEDULE_INDEPENDENT_HEADERS_PHASES\=YES
build-test	Model and geometry tests; Debug build	2026-10-03T07:16:35.5528660Z     export REZ_COLLECTOR_DIR\=/Users/runner/Library/Developer/PhotoAxisBuilds/fe52d68e5807/DerivedData/Build/Intermediates.noindex/PhotoAxis.build/Debug/PhotoAxis.build/ResourceManagerResources
build-test	Model and geometry tests; Debug build	2026-10-03T07:16:35.5529790Z     export REZ_OBJECTS_DIR\=/Users/runner/Library/Developer/PhotoAxisBuilds/fe52d68e5807/DerivedData/Build/Intermediates.noindex/PhotoAxis.build/Debug/PhotoAxis.build/ResourceManagerResources/Objects
build-test	Model and geometry tests; Debug build	2026-10-03T07:16:35.5530700Z     export REZ_SEARCH_PATHS\=/Users/runner/Library/Developer/PhotoAxisBuilds/fe52d68e5807/DerivedData/Build/Products/Debug\ 
build-test	Model and geometry tests; Debug build	2026-10-03T07:16:35.5531170Z     export SCAN_ALL_SOURCE_FILES_FOR_INCLUDES\=NO
build-test	Model and geometry tests; Debug build	2026-10-03T07:16:35.5531490Z     export SCRIPTS_FOLDER_PATH\=PhotoAxis.app/Contents/Resources/Scripts
build-test	Model and geometry tests; Debug build	2026-10-03T07:16:35.5532010Z     export SCRIPT_INPUT_FILE_0\=$REPO/Sources/PhotoAxisApp/Renderer/Perspective.ci.metal
build-test	Model and geometry tests; Debug build	2026-10-03T07:16:35.5532530Z     export SCRIPT_INPUT_FILE_COUNT\=1
build-test	Model and geometry tests; Debug build	2026-10-03T07:16:35.5532760Z     export SCRIPT_INPUT_FILE_LIST_COUNT\=0
build-test	Model and geometry tests; Debug build	2026-10-03T07:16:35.5533370Z     export SCRIPT_OUTPUT_FILE_0\=/Users/runner/Library/Developer/PhotoAxisBuilds/fe52d68e5807/DerivedData/Build/Products/Debug/PhotoAxis.app/Contents/Resources/Perspective.metallib
build-test	Model and geometry tests; Debug build	2026-10-03T07:16:35.5533980Z     export SCRIPT_OUTPUT_FILE_COUNT\=1
build-test	Model and geometry tests; Debug build	2026-10-03T07:16:35.5534190Z     export SCRIPT_OUTPUT_FILE_LIST_COUNT\=0
build-test	Model and geometry tests; Debug build	2026-10-03T07:16:35.5534650Z     export SDKROOT\=/Applications/Xcode_16.4.app/Contents/Developer/Platforms/MacOSX.platform/Developer/SDKs/MacOSX15.5.sdk
build-test	Model and geometry tests; Debug build	2026-10-03T07:16:35.5535300Z     export SDK_DIR\=/Applications/Xcode_16.4.app/Contents/Developer/Platforms/MacOSX.platform/Developer/SDKs/MacOSX15.5.sdk
build-test	Model and geometry tests; Debug build	2026-10-03T07:16:35.5535980Z     export SDK_DIR_macosx\=/Applications/Xcode_16.4.app/Contents/Developer/Platforms/MacOSX.platform/Developer/SDKs/MacOSX15.5.sdk
build-test	Model and geometry tests; Debug build	2026-10-03T07:16:35.5536700Z     export SDK_DIR_macosx15_5\=/Applications/Xcode_16.4.app/Contents/Developer/Platforms/MacOSX.platform/Developer/SDKs/MacOSX15.5.sdk
build-test	Model and geometry tests; Debug build	2026-10-03T07:16:35.5537150Z     export SDK_NAME\=macosx15.5
build-test	Model and geometry tests; Debug build	2026-10-03T07:16:35.5537360Z     export SDK_NAMES\=macosx15.5
build-test	Model and geometry tests; Debug build	2026-10-03T07:16:35.5537550Z     export SDK_PRODUCT_BUILD_VERSION\=24F74
build-test	Model and geometry tests; Debug build	2026-10-03T07:16:35.5537950Z     export SDK_STAT_CACHE_DIR\=/Users/runner/Library/Developer/PhotoAxisBuilds/fe52d68e5807/DerivedData
build-test	Model and geometry tests; Debug build	2026-10-03T07:16:35.5538360Z     export SDK_STAT_CACHE_ENABLE\=YES
build-test	Model and geometry tests; Debug build	2026-10-03T07:16:35.5539010Z     export SDK_STAT_CACHE_PATH\=/Users/runner/Library/Developer/PhotoAxisBuilds/fe52d68e5807/DerivedData/SDKStatCaches.noindex/macosx15.5-24F74-a403186ba963133a54a0e0cacd566b0b.sdkstatcache
build-test	Model and geometry tests; Debug build	2026-10-03T07:16:35.5539650Z     export SDK_VERSION\=15.5
build-test	Model and geometry tests; Debug build	2026-10-03T07:16:35.5539850Z     export SDK_VERSION_ACTUAL\=150500
build-test	Model and geometry tests; Debug build	2026-10-03T07:16:35.5540050Z     export SDK_VERSION_MAJOR\=150000
build-test	Model and geometry tests; Debug build	2026-10-03T07:16:35.5540240Z     export SDK_VERSION_MINOR\=150500
build-test	Model and geometry tests; Debug build	2026-10-03T07:16:35.5540740Z     export SED\=/usr/bin/sed
build-test	Model and geometry tests; Debug build	2026-10-03T07:16:35.5540960Z     export SEPARATE_STRIP\=NO
build-test	Model and geometry tests; Debug build	2026-10-03T07:16:35.5541330Z     export SEPARATE_SYMBOL_EDIT\=NO
build-test	Model and geometry tests; Debug build	2026-10-03T07:16:35.5541540Z     export SET_DIR_MODE_OWNER_GROUP\=YES
build-test	Model and geometry tests; Debug build	2026-10-03T07:16:35.5541760Z     export SET_FILE_MODE_OWNER_GROUP\=NO
build-test	Model and geometry tests; Debug build	2026-10-03T07:16:35.5541980Z     export SHALLOW_BUNDLE\=NO
build-test	Model and geometry tests; Debug build	2026-10-03T07:16:35.5542170Z     export SHALLOW_BUNDLE_PLATFORM\=NO
build-test	Model and geometry tests; Debug build	2026-10-03T07:16:35.5542390Z     export SHALLOW_BUNDLE_TRIPLE\=macos
build-test	Model and geometry tests; Debug build	2026-10-03T07:16:35.5542610Z     export SHALLOW_BUNDLE_ios_macabi\=NO
build-test	Model and geometry tests; Debug build	2026-10-03T07:16:35.5542820Z     export SHALLOW_BUNDLE_macos\=NO
build-test	Model and geometry tests; Debug build	2026-10-03T07:16:35.5543330Z     export SHARED_DERIVED_FILE_DIR\=/Users/runner/Library/Developer/PhotoAxisBuilds/fe52d68e5807/DerivedData/Build/Products/Debug/DerivedSources
build-test	Model and geometry tests; Debug build	2026-10-03T07:16:35.5543960Z     export SHARED_FRAMEWORKS_FOLDER_PATH\=PhotoAxis.app/Contents/SharedFrameworks
build-test	Model and geometry tests; Debug build	2026-10-03T07:16:35.5544620Z     export SHARED_PRECOMPS_DIR\=/Users/runner/Library/Developer/PhotoAxisBuilds/fe52d68e5807/DerivedData/Build/Intermediates.noindex/PrecompiledHeaders
build-test	Model and geometry tests; Debug build	2026-10-03T07:16:35.5545240Z     export SHARED_SUPPORT_FOLDER_PATH\=PhotoAxis.app/Contents/SharedSupport
build-test	Model and geometry tests; Debug build	2026-10-03T07:16:35.5545550Z     export SKIP_INSTALL\=NO
build-test	Model and geometry tests; Debug build	2026-10-03T07:16:35.5545790Z     export SOURCE_ROOT\=$REPO
build-test	Model and geometry tests; Debug build	2026-10-03T07:16:35.5546080Z     export SRCROOT\=$REPO
build-test	Model and geometry tests; Debug build	2026-10-03T07:16:35.5546780Z     export STRINGSDATA_DIR\=/Users/runner/Library/Developer/PhotoAxisBuilds/fe52d68e5807/DerivedData/Build/Intermediates.noindex/PhotoAxis.build/Debug/PhotoAxis.build/Objects-normal/undefined_arch
build-test	Model and geometry tests; Debug build	2026-10-03T07:16:35.5547810Z     export STRINGSDATA_ROOT\=/Users/runner/Library/Developer/PhotoAxisBuilds/fe52d68e5807/DerivedData/Build/Intermediates.noindex/PhotoAxis.build/Debug/PhotoAxis.build
build-test	Model and geometry tests; Debug build	2026-10-03T07:16:35.5548400Z     export STRINGS_FILE_INFOPLIST_RENAME\=YES
build-test	Model and geometry tests; Debug build	2026-10-03T07:16:35.5548690Z     export STRINGS_FILE_OUTPUT_ENCODING\=UTF-16
build-test	Model and geometry tests; Debug build	2026-10-03T07:16:35.5548930Z     export STRIP_BITCODE_FROM_COPIED_FILES\=NO
build-test	Model and geometry tests; Debug build	2026-10-03T07:16:35.5549230Z     export STRIP_INSTALLED_PRODUCT\=NO
build-test	Model and geometry tests; Debug build	2026-10-03T07:16:35.5549440Z     export STRIP_PNG_TEXT\=NO
build-test	Model and geometry tests; Debug build	2026-10-03T07:16:35.5549620Z     export STRIP_STYLE\=all
build-test	Model and geometry tests; Debug build	2026-10-03T07:16:35.5549810Z     export STRIP_SWIFT_SYMBOLS\=YES
build-test	Model and geometry tests; Debug build	2026-10-03T07:16:35.5550030Z     export SUPPORTED_PLATFORMS\=macosx
build-test	Model and geometry tests; Debug build	2026-10-03T07:16:35.5550320Z     export SUPPORTS_MACCATALYST\=NO
build-test	Model and geometry tests; Debug build	2026-10-03T07:16:35.5556520Z     export SUPPORTS_ON_DEMAND_RESOURCES\=NO
build-test	Model and geometry tests; Debug build	2026-10-03T07:16:35.5556790Z     export SUPPORTS_TEXT_BASED_API\=NO
build-test	Model and geometry tests; Debug build	2026-10-03T07:16:35.5557040Z     export SUPPRESS_WARNINGS\=NO
build-test	Model and geometry tests; Debug build	2026-10-03T07:16:35.5557280Z     export SWIFT_ACTIVE_COMPILATION_CONDITIONS\=DEBUG
build-test	Model and geometry tests; Debug build	2026-10-03T07:16:35.5557520Z     export SWIFT_EMIT_LOC_STRINGS\=NO
build-test	Model and geometry tests; Debug build	2026-10-03T07:16:35.5557730Z     export SWIFT_OPTIMIZATION_LEVEL\=-Onone
build-test	Model and geometry tests; Debug build	2026-10-03T07:16:35.5557960Z     export SWIFT_PLATFORM_TARGET_PREFIX\=macos
build-test	Model and geometry tests; Debug build	2026-10-03T07:16:35.5558880Z     export SWIFT_RESPONSE_FILE_PATH_normal_arm64\=/Users/runner/Library/Developer/PhotoAxisBuilds/fe52d68e5807/DerivedData/Build/Intermediates.noindex/PhotoAxis.build/Debug/PhotoAxis.build/Objects-normal/arm64/PhotoAxis.SwiftFileList
build-test	Model and geometry tests; Debug build	2026-10-03T07:16:35.5559720Z     export SWIFT_STRICT_CONCURRENCY\=complete
build-test	Model and geometry tests; Debug build	2026-10-03T07:16:35.5559990Z     export SWIFT_VERSION\=6.0
build-test	Model and geometry tests; Debug build	2026-10-03T07:16:35.5560370Z     export SYMROOT\=/Users/runner/Library/Developer/PhotoAxisBuilds/fe52d68e5807/DerivedData/Build/Products
build-test	Model and geometry tests; Debug build	2026-10-03T07:16:35.5560810Z     export SYSTEM_ADMIN_APPS_DIR\=/Applications/Utilities
build-test	Model and geometry tests; Debug build	2026-10-03T07:16:35.5561060Z     export SYSTEM_APPS_DIR\=/Applications
build-test	Model and geometry tests; Debug build	2026-10-03T07:16:35.5561410Z     export SYSTEM_CORE_SERVICES_DIR\=/System/Library/CoreServices
build-test	Model and geometry tests; Debug build	2026-10-03T07:16:35.5561760Z     export SYSTEM_DEMOS_DIR\=/Applications/Extras
build-test	Model and geometry tests; Debug build	2026-10-03T07:16:35.5562230Z     export SYSTEM_DEVELOPER_APPS_DIR\=/Applications/Xcode_16.4.app/Contents/Developer/Applications
build-test	Model and geometry tests; Debug build	2026-10-03T07:16:35.5562740Z     export SYSTEM_DEVELOPER_BIN_DIR\=/Applications/Xcode_16.4.app/Contents/Developer/usr/bin
build-test	Model and geometry tests; Debug build	2026-10-03T07:16:35.5563360Z     export SYSTEM_DEVELOPER_DEMOS_DIR\=/Applications/Xcode_16.4.app/Contents/Developer/Applications/Utilities/Built\ Examples
build-test	Model and geometry tests; Debug build	2026-10-03T07:16:35.5564330Z     export SYSTEM_DEVELOPER_DIR\=/Applications/Xcode_16.4.app/Contents/Developer
build-test	Model and geometry tests; Debug build	2026-10-03T07:16:35.5564840Z     export SYSTEM_DEVELOPER_DOC_DIR\=/Applications/Xcode_16.4.app/Contents/Developer/ADC\ Reference\ Library
build-test	Model and geometry tests; Debug build	2026-10-03T07:16:35.5565440Z     export SYSTEM_DEVELOPER_GRAPHICS_TOOLS_DIR\=/Applications/Xcode_16.4.app/Contents/Developer/Applications/Graphics\ Tools
build-test	Model and geometry tests; Debug build	2026-10-03T07:16:35.5566280Z     export SYSTEM_DEVELOPER_JAVA_TOOLS_DIR\=/Applications/Xcode_16.4.app/Contents/Developer/Applications/Java\ Tools
build-test	Model and geometry tests; Debug build	2026-10-03T07:16:35.5567010Z     export SYSTEM_DEVELOPER_PERFORMANCE_TOOLS_DIR\=/Applications/Xcode_16.4.app/Contents/Developer/Applications/Performance\ Tools
build-test	Model and geometry tests; Debug build	2026-10-03T07:16:35.5567800Z     export SYSTEM_DEVELOPER_RELEASENOTES_DIR\=/Applications/Xcode_16.4.app/Contents/Developer/ADC\ Reference\ Library/releasenotes
build-test	Model and geometry tests; Debug build	2026-10-03T07:16:35.5568450Z     export SYSTEM_DEVELOPER_TOOLS\=/Applications/Xcode_16.4.app/Contents/Developer/Tools
build-test	Model and geometry tests; Debug build	2026-10-03T07:16:35.5569060Z     export SYSTEM_DEVELOPER_TOOLS_DOC_DIR\=/Applications/Xcode_16.4.app/Contents/Developer/ADC\ Reference\ Library/documentation/DeveloperTools
build-test	Model and geometry tests; Debug build	2026-10-03T07:16:35.5569950Z     export SYSTEM_DEVELOPER_TOOLS_RELEASENOTES_DIR\=/Applications/Xcode_16.4.app/Contents/Developer/ADC\ Reference\ Library/releasenotes/DeveloperTools
build-test	Model and geometry tests; Debug build	2026-10-03T07:16:35.5570870Z     export SYSTEM_DEVELOPER_USR_DIR\=/Applications/Xcode_16.4.app/Contents/Developer/usr
build-test	Model and geometry tests; Debug build	2026-10-03T07:16:35.5571410Z     export SYSTEM_DEVELOPER_UTILITIES_DIR\=/Applications/Xcode_16.4.app/Contents/Developer/Applications/Utilities
build-test	Model and geometry tests; Debug build	2026-10-03T07:16:35.5571870Z     export SYSTEM_DEXT_INSTALL_PATH\=/System/Library/DriverExtensions
build-test	Model and geometry tests; Debug build	2026-10-03T07:16:35.5572300Z     export SYSTEM_DOCUMENTATION_DIR\=/Library/Documentation
build-test	Model and geometry tests; Debug build	2026-10-03T07:16:35.5572770Z     export SYSTEM_EXTENSIONS_FOLDER_PATH\=PhotoAxis.app/Contents/Library/SystemExtensions
build-test	Model and geometry tests; Debug build	2026-10-03T07:16:35.5573470Z     export SYSTEM_EXTENSIONS_FOLDER_PATH_SHALLOW_BUNDLE_NO\=PhotoAxis.app/Contents/Library/SystemExtensions
build-test	Model and geometry tests; Debug build	2026-10-03T07:16:35.5574120Z     export SYSTEM_EXTENSIONS_FOLDER_PATH_SHALLOW_BUNDLE_YES\=PhotoAxis.app/Contents/SystemExtensions
build-test	Model and geometry tests; Debug build	2026-10-03T07:16:35.5574660Z     export SYSTEM_KEXT_INSTALL_PATH\=/System/Library/Extensions
build-test	Model and geometry tests; Debug build	2026-10-03T07:16:35.5574980Z     export SYSTEM_LIBRARY_DIR\=/System/Library
build-test	Model and geometry tests; Debug build	2026-10-03T07:16:35.5575190Z     export TAPI_DEMANGLE\=YES
build-test	Model and geometry tests; Debug build	2026-10-03T07:16:35.5575400Z     export TAPI_ENABLE_PROJECT_HEADERS\=NO
build-test	Model and geometry tests; Debug build	2026-10-03T07:16:35.5575630Z     export TAPI_LANGUAGE\=objective-c
build-test	Model and geometry tests; Debug build	2026-10-03T07:16:35.5575910Z     export TAPI_LANGUAGE_STANDARD\=compiler-default
build-test	Model and geometry tests; Debug build	2026-10-03T07:16:35.5576270Z     export TAPI_USE_SRCROOT\=YES
build-test	Model and geometry tests; Debug build	2026-10-03T07:16:35.5576460Z     export TAPI_VERIFY_MODE\=Pedantic
build-test	Model and geometry tests; Debug build	2026-10-03T07:16:35.5576710Z     export TARGETNAME\=PhotoAxis
build-test	Model and geometry tests; Debug build	2026-10-03T07:16:35.5577170Z     export TARGET_BUILD_DIR\=/Users/runner/Library/Developer/PhotoAxisBuilds/fe52d68e5807/DerivedData/Build/Products/Debug
build-test	Model and geometry tests; Debug build	2026-10-03T07:16:35.5577600Z     export TARGET_NAME\=PhotoAxis
build-test	Model and geometry tests; Debug build	2026-10-03T07:16:35.5578240Z     export TARGET_TEMP_DIR\=/Users/runner/Library/Developer/PhotoAxisBuilds/fe52d68e5807/DerivedData/Build/Intermediates.noindex/PhotoAxis.build/Debug/PhotoAxis.build
build-test	Model and geometry tests; Debug build	2026-10-03T07:16:35.5579260Z     export TEMP_DIR\=/Users/runner/Library/Developer/PhotoAxisBuilds/fe52d68e5807/DerivedData/Build/Intermediates.noindex/PhotoAxis.build/Debug/PhotoAxis.build
build-test	Model and geometry tests; Debug build	2026-10-03T07:16:35.5580270Z     export TEMP_FILES_DIR\=/Users/runner/Library/Developer/PhotoAxisBuilds/fe52d68e5807/DerivedData/Build/Intermediates.noindex/PhotoAxis.build/Debug/PhotoAxis.build
build-test	Model and geometry tests; Debug build	2026-10-03T07:16:35.5581380Z     export TEMP_FILE_DIR\=/Users/runner/Library/Developer/PhotoAxisBuilds/fe52d68e5807/DerivedData/Build/Intermediates.noindex/PhotoAxis.build/Debug/PhotoAxis.build
build-test	Model and geometry tests; Debug build	2026-10-03T07:16:35.5582320Z     export TEMP_ROOT\=/Users/runner/Library/Developer/PhotoAxisBuilds/fe52d68e5807/DerivedData/Build/Intermediates.noindex
build-test	Model and geometry tests; Debug build	2026-10-03T07:16:35.5583180Z     export TEMP_SANDBOX_DIR\=/Users/runner/Library/Developer/PhotoAxisBuilds/fe52d68e5807/DerivedData/Build/Intermediates.noindex/TemporaryTaskSandboxes
build-test	Model and geometry tests; Debug build	2026-10-03T07:16:35.5584210Z     export TEST_FRAMEWORK_SEARCH_PATHS\=\ /Applications/Xcode_16.4.app/Contents/Developer/Platforms/MacOSX.platform/Developer/Library/Frameworks
build-test	Model and geometry tests; Debug build	2026-10-03T07:16:35.5585040Z     export TEST_LIBRARY_SEARCH_PATHS\=\ /Applications/Xcode_16.4.app/Contents/Developer/Platforms/MacOSX.platform/Developer/usr/lib
build-test	Model and geometry tests; Debug build	2026-10-03T07:16:35.5585550Z     export TOOLCHAINS\=com.apple.dt.toolchain.XcodeDefault
build-test	Model and geometry tests; Debug build	2026-10-03T07:16:35.5586300Z     export TOOLCHAIN_DIR\=/Applications/Xcode_16.4.app/Contents/Developer/Toolchains/XcodeDefault.xctoolchain
build-test	Model and geometry tests; Debug build	2026-10-03T07:16:35.5586880Z     export TREAT_MISSING_BASELINES_AS_TEST_FAILURES\=NO
build-test	Model and geometry tests; Debug build	2026-10-03T07:16:35.5587230Z     export TREAT_MISSING_SCRIPT_PHASE_OUTPUTS_AS_ERRORS\=NO
build-test	Model and geometry tests; Debug build	2026-10-03T07:16:35.5587500Z     export UID\=501
build-test	Model and geometry tests; Debug build	2026-10-03T07:16:35.5588000Z     export UNINSTALLED_PRODUCTS_DIR\=/Users/runner/Library/Developer/PhotoAxisBuilds/fe52d68e5807/DerivedData/Build/Intermediates.noindex/UninstalledProducts
build-test	Model and geometry tests; Debug build	2026-10-03T07:16:35.5588930Z     export UNLOCALIZED_RESOURCES_FOLDER_PATH\=PhotoAxis.app/Contents/Resources
build-test	Model and geometry tests; Debug build	2026-10-03T07:16:35.5589510Z     export UNLOCALIZED_RESOURCES_FOLDER_PATH_SHALLOW_BUNDLE_NO\=PhotoAxis.app/Contents/Resources
build-test	Model and geometry tests; Debug build	2026-10-03T07:16:35.5590040Z     export UNLOCALIZED_RESOURCES_FOLDER_PATH_SHALLOW_BUNDLE_YES\=PhotoAxis.app/Contents
build-test	Model and geometry tests; Debug build	2026-10-03T07:16:35.5590380Z     export UNSTRIPPED_PRODUCT\=NO
build-test	Model and geometry tests; Debug build	2026-10-03T07:16:35.5590580Z     export USER\=runner
build-test	Model and geometry tests; Debug build	2026-10-03T07:16:35.5590780Z     export USER_APPS_DIR\=/Users/runner/Applications
build-test	Model and geometry tests; Debug build	2026-10-03T07:16:35.5591240Z     export USER_LIBRARY_DIR\=/Users/runner/Library
build-test	Model and geometry tests; Debug build	2026-10-03T07:16:35.5591540Z     export USE_DYNAMIC_NO_PIC\=YES
build-test	Model and geometry tests; Debug build	2026-10-03T07:16:35.5591780Z     export USE_HEADERMAP\=YES
build-test	Model and geometry tests; Debug build	2026-10-03T07:16:35.5591980Z     export USE_HEADER_SYMLINKS\=NO
build-test	Model and geometry tests; Debug build	2026-10-03T07:16:35.5592200Z     export VALIDATE_DEVELOPMENT_ASSET_PATHS\=YES_ERROR
build-test	Model and geometry tests; Debug build	2026-10-03T07:16:35.5592580Z     export VALIDATE_PRODUCT\=NO
build-test	Model and geometry tests; Debug build	2026-10-03T07:16:35.5592790Z     export VALID_ARCHS\=arm64\ arm64e\ i386\ x86_64
build-test	Model and geometry tests; Debug build	2026-10-03T07:16:35.5593020Z     export VERBOSE_PBXCP\=NO
build-test	Model and geometry tests; Debug build	2026-10-03T07:16:35.5593390Z     export VERSIONPLIST_PATH\=PhotoAxis.app/Contents/version.plist
build-test	Model and geometry tests; Debug build	2026-10-03T07:16:35.5593700Z     export VERSION_INFO_BUILDER\=runner
build-test	Model and geometry tests; Debug build	2026-10-03T07:16:35.5593970Z     export VERSION_INFO_FILE\=PhotoAxis_vers.c
build-test	Model and geometry tests; Debug build	2026-10-03T07:16:35.5594330Z     export VERSION_INFO_STRING\=\"@\(\#\)PROGRAM:PhotoAxis\ \ PROJECT:PhotoAxis-5\"
build-test	Model and geometry tests; Debug build	2026-10-03T07:16:35.5594790Z     export WORKSPACE_DIR\=$REPO/PhotoAxis.xcodeproj
build-test	Model and geometry tests; Debug build	2026-10-03T07:16:35.5595130Z     export WRAPPER_EXTENSION\=app
build-test	Model and geometry tests; Debug build	2026-10-03T07:16:35.5595420Z     export WRAPPER_NAME\=PhotoAxis.app
build-test	Model and geometry tests; Debug build	2026-10-03T07:16:35.5595670Z     export WRAPPER_SUFFIX\=.app
build-test	Model and geometry tests; Debug build	2026-10-03T07:16:35.5595960Z     export WRAP_ASSET_PACKS_IN_SEPARATE_DIRECTORIES\=NO
build-test	Model and geometry tests; Debug build	2026-10-03T07:16:35.5596400Z     export XCODE_APP_SUPPORT_DIR\=/Applications/Xcode_16.4.app/Contents/Developer/Library/Xcode
build-test	Model and geometry tests; Debug build	2026-10-03T07:16:35.5596780Z     export XCODE_PRODUCT_BUILD_VERSION\=16F6
build-test	Model and geometry tests; Debug build	2026-10-03T07:16:35.5596990Z     export XCODE_VERSION_ACTUAL\=1640
build-test	Model and geometry tests; Debug build	2026-10-03T07:16:35.5597190Z     export XCODE_VERSION_MAJOR\=1600
build-test	Model and geometry tests; Debug build	2026-10-03T07:16:35.5597390Z     export XCODE_VERSION_MINOR\=1640
build-test	Model and geometry tests; Debug build	2026-10-03T07:16:35.5597790Z     export XPCSERVICES_FOLDER_PATH\=PhotoAxis.app/Contents/XPCServices
build-test	Model and geometry tests; Debug build	2026-10-03T07:16:35.5598140Z     export YACC\=yacc
build-test	Model and geometry tests; Debug build	2026-10-03T07:16:35.5598340Z     export _BOOL_\=NO
build-test	Model and geometry tests; Debug build	2026-10-03T07:16:35.5598500Z     export _BOOL_NO\=NO
build-test	Model and geometry tests; Debug build	2026-10-03T07:16:35.5598660Z     export _BOOL_YES\=YES
build-test	Model and geometry tests; Debug build	2026-10-03T07:16:35.5598840Z     export _DEVELOPMENT_TEAM_IS_EMPTY\=YES
build-test	Model and geometry tests; Debug build	2026-10-03T07:16:35.5599090Z     export _DISCOVER_COMMAND_LINE_LINKER_INPUTS\=YES
build-test	Model and geometry tests; Debug build	2026-10-03T07:16:35.5599700Z     export _DISCOVER_COMMAND_LINE_LINKER_INPUTS_INCLUDE_WL\=YES
build-test	Model and geometry tests; Debug build	2026-10-03T07:16:35.5600040Z     export _IS_EMPTY_\=YES
build-test	Model and geometry tests; Debug build	2026-10-03T07:16:35.5600310Z     export _MACOSX_DEPLOYMENT_TARGET_IS_EMPTY\=NO
build-test	Model and geometry tests; Debug build	2026-10-03T07:16:35.5600600Z     export _WRAPPER_CONTENTS_DIR\=/Contents
build-test	Model and geometry tests; Debug build	2026-10-03T07:16:35.5601020Z     export _WRAPPER_CONTENTS_DIR_SHALLOW_BUNDLE_NO\=/Contents
build-test	Model and geometry tests; Debug build	2026-10-03T07:16:35.5601280Z     export _WRAPPER_PARENT_PATH\=/..
build-test	Model and geometry tests; Debug build	2026-10-03T07:16:35.5601520Z     export _WRAPPER_PARENT_PATH_SHALLOW_BUNDLE_NO\=/..
build-test	Model and geometry tests; Debug build	2026-10-03T07:16:35.5601900Z     export _WRAPPER_RESOURCES_DIR\=/Resources
build-test	Model and geometry tests; Debug build	2026-10-03T07:16:35.5602250Z     export _WRAPPER_RESOURCES_DIR_SHALLOW_BUNDLE_NO\=/Resources
build-test	Model and geometry tests; Debug build	2026-10-03T07:16:35.5602570Z     export __DIAGNOSE_DEPRECATED_ARCHS\=YES
build-test	Model and geometry tests; Debug build	2026-10-03T07:16:35.5602790Z     export __IS_NOT_MACOS\=NO
build-test	Model and geometry tests; Debug build	2026-10-03T07:16:35.5602980Z     export __IS_NOT_MACOS_macosx\=NO
build-test	Model and geometry tests; Debug build	2026-10-03T07:16:35.5603170Z     export __IS_NOT_SIMULATOR\=YES
build-test	Model and geometry tests; Debug build	2026-10-03T07:16:35.5603370Z     export __IS_NOT_SIMULATOR_simulator\=NO
build-test	Model and geometry tests; Debug build	2026-10-03T07:16:35.5603570Z     export arch\=undefined_arch
build-test	Model and geometry tests; Debug build	2026-10-03T07:16:35.5603880Z     export variant\=normal
build-test	Model and geometry tests; Debug build	2026-10-03T07:16:35.5621590Z     /usr/bin/sandbox-exec -D SCRIPT_OUTPUT_FILE_0\=/Users/runner/Library/Developer/PhotoAxisBuilds/fe52d68e5807/DerivedData/Build/Products/Debug/PhotoAxis.app/Contents/Resources/Perspective.metallib -D SCRIPT_INPUT_FILE_0\=$REPO/Sources/PhotoAxisApp/Renderer/Perspective.ci.metal -D SCRIPT_INPUT_FILE_1\=/Users/runner/Library/Developer/PhotoAxisBuilds/fe52d68e5807/DerivedData/Build/Intermediates.noindex/PhotoAxis.build/Debug/PhotoAxis.build/Script-51503C2492BDF84DA711D67B.sh -D SCRIPT_INPUT_ANCESTOR_0\=/ -D SCRIPT_INPUT_ANCESTOR_1\=/Users -D SCRIPT_INPUT_ANCESTOR_2\=/Users/runner -D SCRIPT_INPUT_ANCESTOR_3\=/Users/runner/Library -D SCRIPT_INPUT_ANCESTOR_4\=/Users/runner/Library/Developer -D SCRIPT_INPUT_ANCESTOR_5\=/Users/runner/Library/Developer/PhotoAxisBuilds -D SCRIPT_INPUT_ANCESTOR_6\=/Users/runner/Library/Developer/PhotoAxisBuilds/fe52d68e5807 -D SCRIPT_INPUT_ANCESTOR_7\=/Users/runner/Library/Developer/PhotoAxisBuilds/fe52d68e5807/DerivedData -D SCRIPT_INPUT_ANCESTOR_8\=/Users/runner/Library/Developer/PhotoAxisBuilds/fe52d68e5807/DerivedData/Build -D SCRIPT_INPUT_ANCESTOR_9\=/Users/runner/Library/Developer/PhotoAxisBuilds/fe52d68e5807/DerivedData/Build/Intermediates.noindex -D SCRIPT_INPUT_ANCESTOR_10\=/Users/runner/Library/Developer/PhotoAxisBuilds/fe52d68e5807/DerivedData/Build/Intermediates.noindex/PhotoAxis.build -D SCRIPT_INPUT_ANCESTOR_11\=/Users/runner/Library/Developer/PhotoAxisBuilds/fe52d68e5807/DerivedData/Build/Intermediates.noindex/PhotoAxis.build/Debug -D SCRIPT_INPUT_ANCESTOR_12\=/Users/runner/Library/Developer/PhotoAxisBuilds/fe52d68e5807/DerivedData/Build/Intermediates.noindex/PhotoAxis.build/Debug/PhotoAxis.build -D SCRIPT_INPUT_ANCESTOR_13\=/Users/runner/work -D SCRIPT_INPUT_ANCESTOR_14\=/Users/runner/work/PhotoAxis -D SCRIPT_INPUT_ANCESTOR_15\=$REPO -D SCRIPT_INPUT_ANCESTOR_16\=$REPO/Sources -D SCRIPT_INPUT_ANCESTOR_17\=$REPO/Sources/PhotoAxisApp -D SCRIPT_INPUT_ANCESTOR_18\=$REPO/Sources/PhotoAxisApp/Renderer -D SCRIPT_OUTPUT_ANCESTOR_0\=/ -D SCRIPT_OUTPUT_ANCESTOR_1\=/Users -D SCRIPT_OUTPUT_ANCESTOR_2\=/Users/runner -D SCRIPT_OUTPUT_ANCESTOR_3\=/Users/runner/Library -D SCRIPT_OUTPUT_ANCESTOR_4\=/Users/runner/Library/Developer -D SCRIPT_OUTPUT_ANCESTOR_5\=/Users/runner/Library/Developer/PhotoAxisBuilds -D SCRIPT_OUTPUT_ANCESTOR_6\=/Users/runner/Library/Developer/PhotoAxisBuilds/fe52d68e5807 -D SCRIPT_OUTPUT_ANCESTOR_7\=/Users/runner/Library/Developer/PhotoAxisBuilds/fe52d68e5807/DerivedData -D SCRIPT_OUTPUT_ANCESTOR_8\=/Users/runner/Library/Developer/PhotoAxisBuilds/fe52d68e5807/DerivedData/Build -D SCRIPT_OUTPUT_ANCESTOR_9\=/Users/runner/Library/Developer/PhotoAxisBuilds/fe52d68e5807/DerivedData/Build/Products -D SCRIPT_OUTPUT_ANCESTOR_10\=/Users/runner/Library/Developer/PhotoAxisBuilds/fe52d68e5807/DerivedData/Build/Products/Debug -D SCRIPT_OUTPUT_ANCESTOR_11\=/Users/runner/Library/Developer/PhotoAxisBuilds/fe52d68e5807/DerivedData/Build/Products/Debug/PhotoAxis.app -D SCRIPT_OUTPUT_ANCESTOR_12\=/Users/runner/Library/Developer/PhotoAxisBuilds/fe52d68e5807/DerivedData/Build/Products/Debug/PhotoAxis.app/Contents -D SCRIPT_OUTPUT_ANCESTOR_13\=/Users/runner/Library/Developer/PhotoAxisBuilds/fe52d68e5807/DerivedData/Build/Products/Debug/PhotoAxis.app/Contents/Resources -D SRCROOT\=$REPO -D PROJECT_DIR\=$REPO -D OBJROOT\=/Users/runner/Library/Developer/PhotoAxisBuilds/fe52d68e5807/DerivedData/Build/Intermediates.noindex -D SYMROOT\=/Users/runner/Library/Developer/PhotoAxisBuilds/fe52d68e5807/DerivedData/Build/Products -D DSTROOT\=/tmp/PhotoAxis.dst -D SHARED_PRECOMPS_DIR\=/Users/runner/Library/Developer/PhotoAxisBuilds/fe52d68e5807/DerivedData/Build/Intermediates.noindex/PrecompiledHeaders -D CACHE_ROOT\=/var/folders/nj/vtw8zd2j31d1gdrtntc5y4600000gn/C/com.apple.DeveloperTools/16.4-16F6/Xcode -D CONFIGURATION_BUILD_DIR\=/Users/runner/Library/Developer/PhotoAxisBuilds/fe52d68e5807/DerivedData/Build/Products/Debug -D CONFIGURATION_TEMP_DIR\=/Users/runner/Library/Developer/PhotoAxisBuilds/fe52d68e5807/DerivedData/Build/Intermediates.noindex/PhotoAxis.build/Debug -D LOCROOT\=$REPO -D LOCSYMROOT\=$REPO -D INDEX_PRECOMPS_DIR\=/Users/runner/Library/Developer/PhotoAxisBuilds/fe52d68e5807/DerivedData/Index.noindex/PrecompiledHeaders -D INDEX_DATA_STORE_DIR\=/Users/runner/Library/Developer/PhotoAxisBuilds/fe52d68e5807/DerivedData/Index.noindex/DataStore -D TEMP_DIR\=/Users/runner/Library/Developer/PhotoAxisBuilds/fe52d68e5807/DerivedData/Build/Intermediates.noindex/PhotoAxis.build/Debug/PhotoAxis.build -D TARGET_TEMP_DIR\=/Users/runner/Library/Developer/PhotoAxisBuilds/fe52d68e5807/DerivedData/Build/Intermediates.noindex/PhotoAxis.build/Debug/PhotoAxis.build -D DERIVED_FILE_DIR\=/Users/runner/Library/Developer/PhotoAxisBuilds/fe52d68e5807/DerivedData/Build/Intermediates.noindex/PhotoAxis.build/Debug/PhotoAxis.build/DerivedSources -f /Users/runner/Library/Developer/PhotoAxisBuilds/fe52d68e5807/DerivedData/Build/Intermediates.noindex/PhotoAxis.build/Debug/PhotoAxis.build/adc24781606f5dc0aad47b81368ab899.sb /bin/sh -c /Users/runner/Library/Developer/PhotoAxisBuilds/fe52d68e5807/DerivedData/Build/Intermediates.noindex/PhotoAxis.build/Debug/PhotoAxis.build/Script-51503C2492BDF84DA711D67B.sh
build-test	Model and geometry tests; Debug build	2026-10-03T07:16:35.5639460Z 
build-test	Model and geometry tests; Debug build	2026-10-03T07:16:35.5639970Z CodeSign /Users/runner/Library/Developer/PhotoAxisBuilds/fe52d68e5807/DerivedData/Build/Products/Debug/PhotoAxisCoreTests.xctest (in target 'PhotoAxisCoreTests' from project 'PhotoAxis')
build-test	Model and geometry tests; Debug build	2026-10-03T07:16:35.5640640Z     cd $REPO
build-test	Model and geometry tests; Debug build	2026-10-03T07:16:35.5640990Z     
build-test	Model and geometry tests; Debug build	2026-10-03T07:16:35.5641180Z     Signing Identity:     "Sign to Run Locally"
build-test	Model and geometry tests; Debug build	2026-10-03T07:16:35.5641460Z     
build-test	Model and geometry tests; Debug build	2026-10-03T07:16:35.5642090Z     /usr/bin/codesign --force --sign - --timestamp\=none --generate-entitlement-der /Users/runner/Library/Developer/PhotoAxisBuilds/fe52d68e5807/DerivedData/Build/Products/Debug/PhotoAxisCoreTests.xctest
build-test	Model and geometry tests; Debug build	2026-10-03T07:16:35.5642700Z 
build-test	Model and geometry tests; Debug build	2026-10-03T07:16:35.5643440Z RegisterExecutionPolicyException /Users/runner/Library/Developer/PhotoAxisBuilds/fe52d68e5807/DerivedData/Build/Products/Debug/PhotoAxisCoreTests.xctest (in target 'PhotoAxisCoreTests' from project 'PhotoAxis')
build-test	Model and geometry tests; Debug build	2026-10-03T07:16:35.5644220Z     cd $REPO
build-test	Model and geometry tests; Debug build	2026-10-03T07:16:35.5644900Z     builtin-RegisterExecutionPolicyException /Users/runner/Library/Developer/PhotoAxisBuilds/fe52d68e5807/DerivedData/Build/Products/Debug/PhotoAxisCoreTests.xctest
build-test	Model and geometry tests; Debug build	2026-10-03T07:16:35.5645530Z 
build-test	Model and geometry tests; Debug build	2026-10-03T07:16:35.5646070Z Touch /Users/runner/Library/Developer/PhotoAxisBuilds/fe52d68e5807/DerivedData/Build/Products/Debug/PhotoAxisCoreTests.xctest (in target 'PhotoAxisCoreTests' from project 'PhotoAxis')
build-test	Model and geometry tests; Debug build	2026-10-03T07:16:35.5646720Z     cd $REPO
build-test	Model and geometry tests; Debug build	2026-10-03T07:16:35.5647410Z     /usr/bin/touch -c /Users/runner/Library/Developer/PhotoAxisBuilds/fe52d68e5807/DerivedData/Build/Products/Debug/PhotoAxisCoreTests.xctest
build-test	Model and geometry tests; Debug build	2026-10-03T07:16:35.5647880Z 
build-test	Model and geometry tests; Debug build	2026-10-03T07:16:35.5648670Z CpResource /Users/runner/Library/Developer/PhotoAxisBuilds/fe52d68e5807/DerivedData/Build/Products/Debug/PhotoAxis.app/Contents/Resources/PhotoAxis.icns $REPO/Sources/PhotoAxisApp/Resources/PhotoAxis.icns (in target 'PhotoAxis' from project 'PhotoAxis')
build-test	Model and geometry tests; Debug build	2026-10-03T07:16:35.5649960Z     cd $REPO
build-test	Model and geometry tests; Debug build	2026-10-03T07:16:35.5651760Z     builtin-copy -exclude .DS_Store -exclude CVS -exclude .svn -exclude .git -exclude .hg -strip-unsigned-binaries -strip-deterministic -strip-tool /Applications/Xcode_16.4.app/Contents/Developer/Toolchains/XcodeDefault.xctoolchain/usr/bin/strip -resolve-src-symlinks $REPO/Sources/PhotoAxisApp/Resources/PhotoAxis.icns /Users/runner/Library/Developer/PhotoAxisBuilds/fe52d68e5807/DerivedData/Build/Products/Debug/PhotoAxis.app/Contents/Resources
build-test	Model and geometry tests; Debug build	2026-10-03T07:16:35.5653260Z 
build-test	Model and geometry tests; Debug build	2026-10-03T07:16:35.5654360Z CopyStringsFile /Users/runner/Library/Developer/PhotoAxisBuilds/fe52d68e5807/DerivedData/Build/Products/Debug/PhotoAxis.app/Contents/Resources/vi.lproj/Localizable.strings $REPO/Sources/PhotoAxisApp/Localization/vi.lproj/Localizable.strings (in target 'PhotoAxis' from project 'PhotoAxis')
build-test	Model and geometry tests; Debug build	2026-10-03T07:16:35.5655480Z     cd $REPO
build-test	Model and geometry tests; Debug build	2026-10-03T07:16:35.5656700Z     builtin-copyStrings --validate --outputencoding UTF-16 --outfilename Localizable.strings --outdir /Users/runner/Library/Developer/PhotoAxisBuilds/fe52d68e5807/DerivedData/Build/Products/Debug/PhotoAxis.app/Contents/Resources/vi.lproj -- $REPO/Sources/PhotoAxisApp/Localization/vi.lproj/Localizable.strings
build-test	Model and geometry tests; Debug build	2026-10-03T07:16:35.5658670Z $REPO/Sources/PhotoAxisApp/Localization/vi.lproj/Localizable.strings:1:1: note: detected encoding of input file as Unicode (UTF-8) (in target 'PhotoAxis' from project 'PhotoAxis')
build-test	Model and geometry tests; Debug build	2026-10-03T07:16:35.5659300Z 
build-test	Model and geometry tests; Debug build	2026-10-03T07:16:35.5660390Z CopyStringsFile /Users/runner/Library/Developer/PhotoAxisBuilds/fe52d68e5807/DerivedData/Build/Products/Debug/PhotoAxis.app/Contents/Resources/en.lproj/Localizable.strings $REPO/Sources/PhotoAxisApp/Localization/en.lproj/Localizable.strings (in target 'PhotoAxis' from project 'PhotoAxis')
build-test	Model and geometry tests; Debug build	2026-10-03T07:16:35.5662000Z     cd $REPO
build-test	Model and geometry tests; Debug build	2026-10-03T07:16:35.5663160Z     builtin-copyStrings --validate --outputencoding UTF-16 --outfilename Localizable.strings --outdir /Users/runner/Library/Developer/PhotoAxisBuilds/fe52d68e5807/DerivedData/Build/Products/Debug/PhotoAxis.app/Contents/Resources/en.lproj -- $REPO/Sources/PhotoAxisApp/Localization/en.lproj/Localizable.strings
build-test	Model and geometry tests; Debug build	2026-10-03T07:16:35.5665380Z $REPO/Sources/PhotoAxisApp/Localization/en.lproj/Localizable.strings:1:1: note: detected encoding of input file as Unicode (UTF-8) (in target 'PhotoAxis' from project 'PhotoAxis')
build-test	Model and geometry tests; Debug build	2026-10-03T07:16:35.5666030Z 
build-test	Model and geometry tests; Debug build	2026-10-03T07:16:35.5667120Z Copy /Users/runner/Library/Developer/PhotoAxisBuilds/fe52d68e5807/DerivedData/Build/Products/Debug/PhotoAxis.app/Contents/Frameworks/PhotoAxisCore.framework /Users/runner/Library/Developer/PhotoAxisBuilds/fe52d68e5807/DerivedData/Build/Products/Debug/PhotoAxisCore.framework (in target 'PhotoAxis' from project 'PhotoAxis')
build-test	Model and geometry tests; Debug build	2026-10-03T07:16:35.5668180Z     cd $REPO
build-test	Model and geometry tests; Debug build	2026-10-03T07:16:35.5670230Z     builtin-copy -exclude .DS_Store -exclude CVS -exclude .svn -exclude .git -exclude .hg -exclude Headers -exclude PrivateHeaders -exclude Modules -exclude \*.tbd -strip-unsigned-binaries -strip-deterministic -strip-tool /Applications/Xcode_16.4.app/Contents/Developer/Toolchains/XcodeDefault.xctoolchain/usr/bin/strip -resolve-src-symlinks -remove-static-executable /Users/runner/Library/Developer/PhotoAxisBuilds/fe52d68e5807/DerivedData/Build/Products/Debug/PhotoAxisCore.framework /Users/runner/Library/Developer/PhotoAxisBuilds/fe52d68e5807/DerivedData/Build/Products/Debug/PhotoAxis.app/Contents/Frameworks
build-test	Model and geometry tests; Debug build	2026-10-03T07:16:35.5673540Z warning: not stripping binary because it is signed: /Users/runner/Library/Developer/PhotoAxisBuilds/fe52d68e5807/DerivedData/Build/Products/Debug/PhotoAxisCore.framework/Versions/A/PhotoAxisCore (in target 'PhotoAxis' from project 'PhotoAxis')
build-test	Model and geometry tests; Debug build	2026-10-03T07:16:35.5674710Z 
build-test	Model and geometry tests; Debug build	2026-10-03T07:16:35.5675490Z ProcessInfoPlistFile /Users/runner/Library/Developer/PhotoAxisBuilds/fe52d68e5807/DerivedData/Build/Products/Debug/PhotoAxis.app/Contents/Info.plist $REPO/Config/Info.plist (in target 'PhotoAxis' from project 'PhotoAxis')
build-test	Model and geometry tests; Debug build	2026-10-03T07:16:35.5676340Z     cd $REPO
build-test	Model and geometry tests; Debug build	2026-10-03T07:16:35.5678660Z     builtin-infoPlistUtility $REPO/Config/Info.plist -producttype com.apple.product-type.application -genpkginfo /Users/runner/Library/Developer/PhotoAxisBuilds/fe52d68e5807/DerivedData/Build/Products/Debug/PhotoAxis.app/Contents/PkgInfo -expandbuildsettings -platform macosx -scanforprivacyfile /Users/runner/Library/Developer/PhotoAxisBuilds/fe52d68e5807/DerivedData/Build/Products/Debug/PhotoAxis.app/Contents/Frameworks/PhotoAxisCore.framework -o /Users/runner/Library/Developer/PhotoAxisBuilds/fe52d68e5807/DerivedData/Build/Products/Debug/PhotoAxis.app/Contents/Info.plist
build-test	Model and geometry tests; Debug build	2026-10-03T07:16:35.5680740Z 
build-test	Model and geometry tests; Debug build	2026-10-03T07:16:35.5681560Z CodeSign /Users/runner/Library/Developer/PhotoAxisBuilds/fe52d68e5807/DerivedData/Build/Products/Debug/PhotoAxis.app/Contents/Frameworks/PhotoAxisCore.framework/Versions/A (in target 'PhotoAxis' from project 'PhotoAxis')
build-test	Model and geometry tests; Debug build	2026-10-03T07:16:35.5682370Z     cd $REPO
build-test	Model and geometry tests; Debug build	2026-10-03T07:16:35.5682580Z     
build-test	Model and geometry tests; Debug build	2026-10-03T07:16:35.5682760Z     Signing Identity:     "Sign to Run Locally"
build-test	Model and geometry tests; Debug build	2026-10-03T07:16:35.5682960Z     
build-test	Model and geometry tests; Debug build	2026-10-03T07:16:35.5684160Z     /usr/bin/codesign --force --sign - --timestamp\=none --preserve-metadata\=identifier,entitlements,flags --generate-entitlement-der /Users/runner/Library/Developer/PhotoAxisBuilds/fe52d68e5807/DerivedData/Build/Products/Debug/PhotoAxis.app/Contents/Frameworks/PhotoAxisCore.framework/Versions/A
build-test	Model and geometry tests; Debug build	2026-10-03T07:16:35.5686070Z /Users/runner/Library/Developer/PhotoAxisBuilds/fe52d68e5807/DerivedData/Build/Products/Debug/PhotoAxis.app/Contents/Frameworks/PhotoAxisCore.framework/Versions/A: replacing existing signature
build-test	Model and geometry tests; Debug build	2026-10-03T07:16:35.5686980Z 
build-test	Model and geometry tests; Debug build	2026-10-03T07:16:35.5687200Z ExtractAppIntentsMetadata (in target 'PhotoAxis' from project 'PhotoAxis')
build-test	Model and geometry tests; Debug build	2026-10-03T07:16:35.5687590Z     cd $REPO
build-test	Model and geometry tests; Debug build	2026-10-03T07:16:35.5695500Z     /Applications/Xcode_16.4.app/Contents/Developer/Toolchains/XcodeDefault.xctoolchain/usr/bin/appintentsmetadataprocessor --toolchain-dir /Applications/Xcode_16.4.app/Contents/Developer/Toolchains/XcodeDefault.xctoolchain --module-name PhotoAxis --sdk-root /Applications/Xcode_16.4.app/Contents/Developer/Platforms/MacOSX.platform/Developer/SDKs/MacOSX15.5.sdk --xcode-version 16F6 --platform-family macOS --deployment-target 14.0 --bundle-identifier local.photoaxis.development --output /Users/runner/Library/Developer/PhotoAxisBuilds/fe52d68e5807/DerivedData/Build/Products/Debug/PhotoAxis.app/Contents/Resources --target-triple arm64-apple-macos14.0 --binary-file /Users/runner/Library/Developer/PhotoAxisBuilds/fe52d68e5807/DerivedData/Build/Products/Debug/PhotoAxis.app/Contents/MacOS/PhotoAxis --dependency-file /Users/runner/Library/Developer/PhotoAxisBuilds/fe52d68e5807/DerivedData/Build/Intermediates.noindex/PhotoAxis.build/Debug/PhotoAxis.build/Objects-normal/arm64/PhotoAxis_dependency_info.dat --stringsdata-file /Users/runner/Library/Developer/PhotoAxisBuilds/fe52d68e5807/DerivedData/Build/Intermediates.noindex/PhotoAxis.build/Debug/PhotoAxis.build/Objects-normal/arm64/ExtractedAppShortcutsMetadata.stringsdata --source-file-list /Users/runner/Library/Developer/PhotoAxisBuilds/fe52d68e5807/DerivedData/Build/Intermediates.noindex/PhotoAxis.build/Debug/PhotoAxis.build/Objects-normal/arm64/PhotoAxis.SwiftFileList --metadata-file-list /Users/runner/Library/Developer/PhotoAxisBuilds/fe52d68e5807/DerivedData/Build/Intermediates.noindex/PhotoAxis.build/Debug/PhotoAxis.build/PhotoAxis.DependencyMetadataFileList --static-metadata-file-list /Users/runner/Library/Developer/PhotoAxisBuilds/fe52d68e5807/DerivedData/Build/Intermediates.noindex/PhotoAxis.build/Debug/PhotoAxis.build/PhotoAxis.DependencyStaticMetadataFileList --swift-const-vals-list /Users/runner/Library/Developer/PhotoAxisBuilds/fe52d68e5807/DerivedData/Build/Intermediates.noindex/PhotoAxis.build/Debug/PhotoAxis.build/Objects-normal/arm64/PhotoAxis.SwiftConstValuesFileList --compile-time-extraction --deployment-aware-processing --validate-assistant-intents --no-app-shortcuts-localization
build-test	Model and geometry tests; Debug build	2026-10-03T07:16:35.5703150Z 2026-10-03 07:16:34.288 appintentsmetadataprocessor[2712:10996] Starting appintentsmetadataprocessor export
build-test	Model and geometry tests; Debug build	2026-10-03T07:16:35.5704070Z 2026-10-03 07:16:34.290 appintentsmetadataprocessor[2712:10996] warning: Metadata extraction skipped. No AppIntents.framework dependency found.
build-test	Model and geometry tests; Debug build	2026-10-03T07:16:35.5704600Z 
build-test	Model and geometry tests; Debug build	2026-10-03T07:16:35.5705060Z CopySwiftLibs /Users/runner/Library/Developer/PhotoAxisBuilds/fe52d68e5807/DerivedData/Build/Products/Debug/PhotoAxis.app (in target 'PhotoAxis' from project 'PhotoAxis')
build-test	Model and geometry tests; Debug build	2026-10-03T07:16:35.5705690Z     cd $REPO
build-test	Model and geometry tests; Debug build	2026-10-03T07:16:35.5710940Z     builtin-swiftStdLibTool --copy --verbose --sign - --scan-executable /Users/runner/Library/Developer/PhotoAxisBuilds/fe52d68e5807/DerivedData/Build/Products/Debug/PhotoAxis.app/Contents/MacOS/PhotoAxis.debug.dylib --scan-folder /Users/runner/Library/Developer/PhotoAxisBuilds/fe52d68e5807/DerivedData/Build/Products/Debug/PhotoAxis.app/Contents/Frameworks --scan-folder /Users/runner/Library/Developer/PhotoAxisBuilds/fe52d68e5807/DerivedData/Build/Products/Debug/PhotoAxis.app/Contents/PlugIns --scan-folder /Users/runner/Library/Developer/PhotoAxisBuilds/fe52d68e5807/DerivedData/Build/Products/Debug/PhotoAxis.app/Contents/Library/SystemExtensions --scan-folder /Users/runner/Library/Developer/PhotoAxisBuilds/fe52d68e5807/DerivedData/Build/Products/Debug/PhotoAxis.app/Contents/Extensions --scan-folder /Users/runner/Library/Developer/PhotoAxisBuilds/fe52d68e5807/DerivedData/Build/Products/Debug/PhotoAxisCore.framework --platform macosx --toolchain /Applications/Xcode_16.4.app/Contents/Developer/Toolchains/XcodeDefault.xctoolchain --destination /Users/runner/Library/Developer/PhotoAxisBuilds/fe52d68e5807/DerivedData/Build/Products/Debug/PhotoAxis.app/Contents/Frameworks --strip-bitcode --strip-bitcode-tool /Applications/Xcode_16.4.app/Contents/Developer/Toolchains/XcodeDefault.xctoolchain/usr/bin/bitcode_strip --emit-dependency-info /Users/runner/Library/Developer/PhotoAxisBuilds/fe52d68e5807/DerivedData/Build/Intermediates.noindex/PhotoAxis.build/Debug/PhotoAxis.build/SwiftStdLibToolInputDependencies.dep --filter-for-swift-os
build-test	Model and geometry tests; Debug build	2026-10-03T07:16:35.5716340Z 
build-test	Model and geometry tests; Debug build	2026-10-03T07:16:35.5717640Z ProcessInfoPlistFile /Users/runner/Library/Developer/PhotoAxisBuilds/fe52d68e5807/DerivedData/Build/Products/Debug/PhotoAxis.app/Contents/PlugIns/PhotoAxisAppTests.xctest/Contents/Info.plist /Users/runner/Library/Developer/PhotoAxisBuilds/fe52d68e5807/DerivedData/Build/Intermediates.noindex/PhotoAxis.build/Debug/PhotoAxisAppTests.build/empty-PhotoAxisAppTests.plist (in target 'PhotoAxisAppTests' from project 'PhotoAxis')
build-test	Model and geometry tests; Debug build	2026-10-03T07:16:35.5719240Z     cd $REPO
build-test	Model and geometry tests; Debug build	2026-10-03T07:16:35.5721000Z     builtin-infoPlistUtility /Users/runner/Library/Developer/PhotoAxisBuilds/fe52d68e5807/DerivedData/Build/Intermediates.noindex/PhotoAxis.build/Debug/PhotoAxisAppTests.build/empty-PhotoAxisAppTests.plist -producttype com.apple.product-type.bundle.unit-test -expandbuildsettings -platform macosx -o /Users/runner/Library/Developer/PhotoAxisBuilds/fe52d68e5807/DerivedData/Build/Products/Debug/PhotoAxis.app/Contents/PlugIns/PhotoAxisAppTests.xctest/Contents/Info.plist
build-test	Model and geometry tests; Debug build	2026-10-03T07:16:35.5722760Z 
build-test	Model and geometry tests; Debug build	2026-10-03T07:16:35.5723650Z CpResource /Users/runner/Library/Developer/PhotoAxisBuilds/fe52d68e5807/DerivedData/Build/Products/Debug/PhotoAxis.app/Contents/PlugIns/PhotoAxisAppTests.xctest/Contents/Resources/P17 $REPO/Fixtures/P17 (in target 'PhotoAxisAppTests' from project 'PhotoAxis')
build-test	Model and geometry tests; Debug build	2026-10-03T07:16:35.5725050Z     cd $REPO
build-test	Model and geometry tests; Debug build	2026-10-03T07:16:35.5726670Z     builtin-copy -exclude .DS_Store -exclude CVS -exclude .svn -exclude .git -exclude .hg -strip-unsigned-binaries -strip-deterministic -strip-tool /Applications/Xcode_16.4.app/Contents/Developer/Toolchains/XcodeDefault.xctoolchain/usr/bin/strip -resolve-src-symlinks $REPO/Fixtures/P17 /Users/runner/Library/Developer/PhotoAxisBuilds/fe52d68e5807/DerivedData/Build/Products/Debug/PhotoAxis.app/Contents/PlugIns/PhotoAxisAppTests.xctest/Contents/Resources
build-test	Model and geometry tests; Debug build	2026-10-03T07:16:35.5728170Z 
build-test	Model and geometry tests; Debug build	2026-10-03T07:16:35.5729040Z CpResource /Users/runner/Library/Developer/PhotoAxisBuilds/fe52d68e5807/DerivedData/Build/Products/Debug/PhotoAxis.app/Contents/PlugIns/PhotoAxisAppTests.xctest/Contents/Resources/P10 $REPO/Fixtures/P10 (in target 'PhotoAxisAppTests' from project 'PhotoAxis')
build-test	Model and geometry tests; Debug build	2026-10-03T07:16:35.5730080Z     cd $REPO
build-test	Model and geometry tests; Debug build	2026-10-03T07:16:35.5731750Z     builtin-copy -exclude .DS_Store -exclude CVS -exclude .svn -exclude .git -exclude .hg -strip-unsigned-binaries -strip-deterministic -strip-tool /Applications/Xcode_16.4.app/Contents/Developer/Toolchains/XcodeDefault.xctoolchain/usr/bin/strip -resolve-src-symlinks $REPO/Fixtures/P10 /Users/runner/Library/Developer/PhotoAxisBuilds/fe52d68e5807/DerivedData/Build/Products/Debug/PhotoAxis.app/Contents/PlugIns/PhotoAxisAppTests.xctest/Contents/Resources
build-test	Model and geometry tests; Debug build	2026-10-03T07:16:35.5733380Z 
build-test	Model and geometry tests; Debug build	2026-10-03T07:16:35.5734290Z CpResource /Users/runner/Library/Developer/PhotoAxisBuilds/fe52d68e5807/DerivedData/Build/Products/Debug/PhotoAxis.app/Contents/PlugIns/PhotoAxisAppTests.xctest/Contents/Resources/P09 $REPO/Fixtures/P09 (in target 'PhotoAxisAppTests' from project 'PhotoAxis')
build-test	Model and geometry tests; Debug build	2026-10-03T07:16:35.5735500Z     cd $REPO
build-test	Model and geometry tests; Debug build	2026-10-03T07:16:35.5737090Z     builtin-copy -exclude .DS_Store -exclude CVS -exclude .svn -exclude .git -exclude .hg -strip-unsigned-binaries -strip-deterministic -strip-tool /Applications/Xcode_16.4.app/Contents/Developer/Toolchains/XcodeDefault.xctoolchain/usr/bin/strip -resolve-src-symlinks $REPO/Fixtures/P09 /Users/runner/Library/Developer/PhotoAxisBuilds/fe52d68e5807/DerivedData/Build/Products/Debug/PhotoAxis.app/Contents/PlugIns/PhotoAxisAppTests.xctest/Contents/Resources
build-test	Model and geometry tests; Debug build	2026-10-03T07:16:35.5738930Z 
build-test	Model and geometry tests; Debug build	2026-10-03T07:16:35.5739720Z CpResource /Users/runner/Library/Developer/PhotoAxisBuilds/fe52d68e5807/DerivedData/Build/Products/Debug/PhotoAxis.app/Contents/PlugIns/PhotoAxisAppTests.xctest/Contents/Resources/P02 $REPO/Fixtures/P02 (in target 'PhotoAxisAppTests' from project 'PhotoAxis')
build-test	Model and geometry tests; Debug build	2026-10-03T07:16:35.5741190Z     cd $REPO
build-test	Model and geometry tests; Debug build	2026-10-03T07:16:35.5742910Z     builtin-copy -exclude .DS_Store -exclude CVS -exclude .svn -exclude .git -exclude .hg -strip-unsigned-binaries -strip-deterministic -strip-tool /Applications/Xcode_16.4.app/Contents/Developer/Toolchains/XcodeDefault.xctoolchain/usr/bin/strip -resolve-src-symlinks $REPO/Fixtures/P02 /Users/runner/Library/Developer/PhotoAxisBuilds/fe52d68e5807/DerivedData/Build/Products/Debug/PhotoAxis.app/Contents/PlugIns/PhotoAxisAppTests.xctest/Contents/Resources
build-test	Model and geometry tests; Debug build	2026-10-03T07:16:35.5744420Z 
build-test	Model and geometry tests; Debug build	2026-10-03T07:16:35.5745450Z SwiftDriverJobDiscovery normal arm64 Compiling ImageAdjustmentTests.swift, InvestigationAnalysisTests.swift, InvestigationWorkflowTests.swift, LayerEditingTests.swift, MultiLayerPerspectiveTests.swift, PerspectiveEditingTests.swift (in target 'PhotoAxisAppTests' from project 'PhotoAxis')
build-test	Model and geometry tests; Debug build	2026-10-03T07:16:35.5746430Z 
build-test	Model and geometry tests; Debug build	2026-10-03T07:16:35.5746900Z SwiftDriver\ Compilation PhotoAxisAppTests normal arm64 com.apple.xcode.tools.swift.compiler (in target 'PhotoAxisAppTests' from project 'PhotoAxis')
build-test	Model and geometry tests; Debug build	2026-10-03T07:16:35.5747860Z     cd $REPO
build-test	Model and geometry tests; Debug build	2026-10-03T07:16:35.5764600Z     builtin-Swift-Compilation -- /Applications/Xcode_16.4.app/Contents/Developer/Toolchains/XcodeDefault.xctoolchain/usr/bin/swiftc -module-name PhotoAxisAppTests -Onone -enforce-exclusivity\=checked @/Users/runner/Library/Developer/PhotoAxisBuilds/fe52d68e5807/DerivedData/Build/Intermediates.noindex/PhotoAxis.build/Debug/PhotoAxisAppTests.build/Objects-normal/arm64/PhotoAxisAppTests.SwiftFileList -DDEBUG -plugin-path /Applications/Xcode_16.4.app/Contents/Developer/Toolchains/XcodeDefault.xctoolchain/usr/lib/swift/host/plugins/testing -enable-experimental-feature DebugDescriptionMacro -sdk /Applications/Xcode_16.4.app/Contents/Developer/Platforms/MacOSX.platform/Developer/SDKs/MacOSX15.5.sdk -target arm64-apple-macos14.0 -g -module-cache-path /Users/runner/Library/Developer/PhotoAxisBuilds/fe52d68e5807/DerivedData/ModuleCache.noindex -Xfrontend -serialize-debugging-options -enable-testing -index-store-path /Users/runner/Library/Developer/PhotoAxisBuilds/fe52d68e5807/DerivedData/Index.noindex/DataStore -swift-version 6 -I /Users/runner/Library/Developer/PhotoAxisBuilds/fe52d68e5807/DerivedData/Build/Products/Debug -I /Applications/Xcode_16.4.app/Contents/Developer/Platforms/MacOSX.platform/Developer/usr/lib -F /Users/runner/Library/Developer/PhotoAxisBuilds/fe52d68e5807/DerivedData/Build/Products/Debug -F /Applications/Xcode_16.4.app/Contents/Developer/Platforms/MacOSX.platform/Developer/Library/Frameworks -c -j3 -enable-batch-mode -incremental -Xcc -ivfsstatcache -Xcc /Users/runner/Library/Developer/PhotoAxisBuilds/fe52d68e5807/DerivedData/SDKStatCaches.noindex/macosx15.5-24F74-a403186ba963133a54a0e0cacd566b0b.sdkstatcache -output-file-map /Users/runner/Library/Developer/PhotoAxisBuilds/fe52d68e5807/DerivedData/Build/Intermediates.noindex/PhotoAxis.build/Debug/PhotoAxisAppTests.build/Objects-normal/arm64/PhotoAxisAppTests-OutputFileMap.json -use-frontend-parseable-output -save-temps -no-color-diagnostics -serialize-diagnostics -emit-dependencies -emit-module -emit-module-path /Users/runner/Library/Developer/PhotoAxisBuilds/fe52d68e5807/DerivedData/Build/Intermediates.noindex/PhotoAxis.build/Debug/PhotoAxisAppTests.build/Objects-normal/arm64/PhotoAxisAppTests.swiftmodule -validate-clang-modules-once -clang-build-session-file /Users/runner/Library/Developer/PhotoAxisBuilds/fe52d68e5807/DerivedData/ModuleCache.noindex/Session.modulevalidation -Xcc -I/Users/runner/Library/Developer/PhotoAxisBuilds/fe52d68e5807/DerivedData/Build/Intermediates.noindex/PhotoAxis.build/Debug/PhotoAxisAppTests.build/swift-overrides.hmap -emit-const-values -Xfrontend -const-gather-protocols-file -Xfrontend /Users/runner/Library/Developer/PhotoAxisBuilds/fe52d68e5807/DerivedData/Build/Intermediates.noindex/PhotoAxis.build/Debug/PhotoAxisAppTests.build/Objects-normal/arm64/PhotoAxisAppTests_const_extract_protocols.json -Xcc -iquote -Xcc /Users/runner/Library/Developer/PhotoAxisBuilds/fe52d68e5807/DerivedData/Build/Intermediates.noindex/PhotoAxis.build/Debug/PhotoAxisAppTests.build/PhotoAxisAppTests-generated-files.hmap -Xcc -I/Users/runner/Library/Developer/PhotoAxisBuilds/fe52d68e5807/DerivedData/Build/Intermediates.noindex/PhotoAxis.build/Debug/PhotoAxisAppTests.build/PhotoAxisAppTests-own-target-headers.hmap -Xcc -I/Users/runner/Library/Developer/PhotoAxisBuilds/fe52d68e5807/DerivedData/Build/Intermediates.noindex/PhotoAxis.build/Debug/PhotoAxisAppTests.build/PhotoAxisAppTests-all-non-framework-target-headers.hmap -Xcc -ivfsoverlay -Xcc /Users/runner/Library/Developer/PhotoAxisBuilds/fe52d68e5807/DerivedData/Build/Intermediates.noindex/PhotoAxis.build/Debug/PhotoAxis-9730526f0700b8b20d57e2b47e796b5b-VFS/all-product-headers.yaml -Xcc -iquote -Xcc /Users/runner/Library/Developer/PhotoAxisBuilds/fe52d68e5807/DerivedData/Build/Intermediates.noindex/PhotoAxis.build/Debug/PhotoAxisAppTests.build/PhotoAxisAppTests-project-headers.hmap -Xcc -I/Users/runner/Library/Developer/PhotoAxisBuilds/fe52d68e5807/DerivedData/Build/Products/Debug/include -Xcc -I/Users/runner/Library/Developer/PhotoAxisBuilds/fe52d68e5807/DerivedData/Build/Intermediates.noindex/PhotoAxis.build/Debug/PhotoAxisAppTests.build/DerivedSources-normal/arm64 -Xcc -I/Users/runner/Library/Developer/PhotoAxisBuilds/fe52d68e5807/DerivedData/Build/Intermediates.noindex/PhotoAxis.build/Debug/PhotoAxisAppTests.build/DerivedSources/arm64 -Xcc -I/Users/runner/Library/Developer/PhotoAxisBuilds/fe52d68e5807/DerivedData/Build/Intermediates.noindex/PhotoAxis.build/Debug/PhotoAxisAppTests.build/DerivedSources -emit-objc-header -emit-objc-header-path /Users/runner/Library/Developer/PhotoAxisBuilds/fe52d68e5807/DerivedData/Build/Intermediates.noindex/PhotoAxis.build/Debug/PhotoAxisAppTests.build/Objects-normal/arm64/PhotoAxisAppTests-Swift.h -working-directory $REPO -experimental-emit-module-separately -disable-cmo
build-test	Model and geometry tests; Debug build	2026-10-03T07:16:35.5780980Z 
build-test	Model and geometry tests; Debug build	2026-10-03T07:16:35.5781660Z Ld /Users/runner/Library/Developer/PhotoAxisBuilds/fe52d68e5807/DerivedData/Build/Products/Debug/PhotoAxis.app/Contents/PlugIns/PhotoAxisAppTests.xctest/Contents/MacOS/PhotoAxisAppTests normal (in target 'PhotoAxisAppTests' from project 'PhotoAxis')
build-test	Model and geometry tests; Debug build	2026-10-03T07:16:35.5782680Z     cd $REPO
build-test	Model and geometry tests; Debug build	2026-10-03T07:16:35.5791220Z     /Applications/Xcode_16.4.app/Contents/Developer/Toolchains/XcodeDefault.xctoolchain/usr/bin/clang -Xlinker -reproducible -target arm64-apple-macos14.0 -bundle -isysroot /Applications/Xcode_16.4.app/Contents/Developer/Platforms/MacOSX.platform/Developer/SDKs/MacOSX15.5.sdk -Os -L/Users/runner/Library/Developer/PhotoAxisBuilds/fe52d68e5807/DerivedData/Build/Intermediates.noindex/EagerLinkingTBDs/Debug -L/Users/runner/Library/Developer/PhotoAxisBuilds/fe52d68e5807/DerivedData/Build/Products/Debug -L/Applications/Xcode_16.4.app/Contents/Developer/Platforms/MacOSX.platform/Developer/usr/lib -F/Users/runner/Library/Developer/PhotoAxisBuilds/fe52d68e5807/DerivedData/Build/Intermediates.noindex/EagerLinkingTBDs/Debug -F/Users/runner/Library/Developer/PhotoAxisBuilds/fe52d68e5807/DerivedData/Build/Products/Debug -iframework /Applications/Xcode_16.4.app/Contents/Developer/Platforms/MacOSX.platform/Developer/Library/Frameworks -filelist /Users/runner/Library/Developer/PhotoAxisBuilds/fe52d68e5807/DerivedData/Build/Intermediates.noindex/PhotoAxis.build/Debug/PhotoAxisAppTests.build/Objects-normal/arm64/PhotoAxisAppTests.LinkFileList -Xlinker -rpath -Xlinker @loader_path/../Frameworks -Xlinker -rpath -Xlinker @executable_path/../Frameworks -bundle_loader /Users/runner/Library/Developer/PhotoAxisBuilds/fe52d68e5807/DerivedData/Build/Products/Debug/PhotoAxis.app/Contents/MacOS/PhotoAxis -Xlinker -object_path_lto -Xlinker /Users/runner/Library/Developer/PhotoAxisBuilds/fe52d68e5807/DerivedData/Build/Intermediates.noindex/PhotoAxis.build/Debug/PhotoAxisAppTests.build/Objects-normal/arm64/PhotoAxisAppTests_lto.o -rdynamic -Xlinker -dependency_info -Xlinker /Users/runner/Library/Developer/PhotoAxisBuilds/fe52d68e5807/DerivedData/Build/Intermediates.noindex/PhotoAxis.build/Debug/PhotoAxisAppTests.build/Objects-normal/arm64/PhotoAxisAppTests_dependency_info.dat -fobjc-link-runtime -L/Applications/Xcode_16.4.app/Contents/Developer/Toolchains/XcodeDefault.xctoolchain/usr/lib/swift/macosx -L/usr/lib/swift -Xlinker -add_ast_path -Xlinker /Users/runner/Library/Developer/PhotoAxisBuilds/fe52d68e5807/DerivedData/Build/Intermediates.noindex/PhotoAxis.build/Debug/PhotoAxisAppTests.build/Objects-normal/arm64/PhotoAxisAppTests.swiftmodule -framework XCTest -lXCTestSwiftSupport -framework PhotoAxisCore /Users/runner/Library/Developer/PhotoAxisBuilds/fe52d68e5807/DerivedData/Build/Products/Debug/PhotoAxis.app/Contents/MacOS/PhotoAxis.debug.dylib -Xlinker -no_adhoc_codesign -o /Users/runner/Library/Developer/PhotoAxisBuilds/fe52d68e5807/DerivedData/Build/Products/Debug/PhotoAxis.app/Contents/PlugIns/PhotoAxisAppTests.xctest/Contents/MacOS/PhotoAxisAppTests
build-test	Model and geometry tests; Debug build	2026-10-03T07:16:35.7492870Z 
build-test	Model and geometry tests; Debug build	2026-10-03T07:16:35.7584570Z ExtractAppIntentsMetadata (in target 'PhotoAxisAppTests' from project 'PhotoAxis')
build-test	Model and geometry tests; Debug build	2026-10-03T07:16:35.7590080Z     cd $REPO
build-test	Model and geometry tests; Debug build	2026-10-03T07:16:35.7625730Z     /Applications/Xcode_16.4.app/Contents/Developer/Toolchains/XcodeDefault.xctoolchain/usr/bin/appintentsmetadataprocessor --toolchain-dir /Applications/Xcode_16.4.app/Contents/Developer/Toolchains/XcodeDefault.xctoolchain --module-name PhotoAxisAppTests --sdk-root /Applications/Xcode_16.4.app/Contents/Developer/Platforms/MacOSX.platform/Developer/SDKs/MacOSX15.5.sdk --xcode-version 16F6 --platform-family macOS --deployment-target 14.0 --bundle-identifier local.photoaxis.apptests --output /Users/runner/Library/Developer/PhotoAxisBuilds/fe52d68e5807/DerivedData/Build/Products/Debug/PhotoAxis.app/Contents/PlugIns/PhotoAxisAppTests.xctest/Contents/Resources --target-triple arm64-apple-macos14.0 --binary-file /Users/runner/Library/Developer/PhotoAxisBuilds/fe52d68e5807/DerivedData/Build/Products/Debug/PhotoAxis.app/Contents/PlugIns/PhotoAxisAppTests.xctest/Contents/MacOS/PhotoAxisAppTests --dependency-file /Users/runner/Library/Developer/PhotoAxisBuilds/fe52d68e5807/DerivedData/Build/Intermediates.noindex/PhotoAxis.build/Debug/PhotoAxisAppTests.build/Objects-normal/arm64/PhotoAxisAppTests_dependency_info.dat --stringsdata-file /Users/runner/Library/Developer/PhotoAxisBuilds/fe52d68e5807/DerivedData/Build/Intermediates.noindex/PhotoAxis.build/Debug/PhotoAxisAppTests.build/Objects-normal/arm64/ExtractedAppShortcutsMetadata.stringsdata --source-file-list /Users/runner/Library/Developer/PhotoAxisBuilds/fe52d68e5807/DerivedData/Build/Intermediates.noindex/PhotoAxis.build/Debug/PhotoAxisAppTests.build/Objects-normal/arm64/PhotoAxisAppTests.SwiftFileList --metadata-file-list /Users/runner/Library/Developer/PhotoAxisBuilds/fe52d68e5807/DerivedData/Build/Intermediates.noindex/PhotoAxis.build/Debug/PhotoAxisAppTests.build/PhotoAxisAppTests.DependencyMetadataFileList --static-metadata-file-list /Users/runner/Library/Developer/PhotoAxisBuilds/fe52d68e5807/DerivedData/Build/Intermediates.noindex/PhotoAxis.build/Debug/PhotoAxisAppTests.build/PhotoAxisAppTests.DependencyStaticMetadataFileList --swift-const-vals-list /Users/runner/Library/Developer/PhotoAxisBuilds/fe52d68e5807/DerivedData/Build/Intermediates.noindex/PhotoAxis.build/Debug/PhotoAxisAppTests.build/Objects-normal/arm64/PhotoAxisAppTests.SwiftConstValuesFileList --compile-time-extraction --deployment-aware-processing --validate-assistant-intents --no-app-shortcuts-localization
build-test	Model and geometry tests; Debug build	2026-10-03T07:16:35.7699150Z 2026-10-03 07:16:35.766 appintentsmetadataprocessor[2720:11032] Starting appintentsmetadataprocessor export
build-test	Model and geometry tests; Debug build	2026-10-03T07:16:35.7700810Z 2026-10-03 07:16:35.768 appintentsmetadataprocessor[2720:11032] warning: Metadata extraction skipped. No AppIntents.framework dependency found.
build-test	Model and geometry tests; Debug build	2026-10-03T07:16:35.7701270Z 
build-test	Model and geometry tests; Debug build	2026-10-03T07:16:35.7702060Z CopySwiftLibs /Users/runner/Library/Developer/PhotoAxisBuilds/fe52d68e5807/DerivedData/Build/Products/Debug/PhotoAxis.app/Contents/PlugIns/PhotoAxisAppTests.xctest (in target 'PhotoAxisAppTests' from project 'PhotoAxis')
build-test	Model and geometry tests; Debug build	2026-10-03T07:16:35.7703280Z     cd $REPO
build-test	Model and geometry tests; Debug build	2026-10-03T07:16:35.7709480Z     builtin-swiftStdLibTool --copy --verbose --sign - --scan-executable /Users/runner/Library/Developer/PhotoAxisBuilds/fe52d68e5807/DerivedData/Build/Products/Debug/PhotoAxis.app/Contents/PlugIns/PhotoAxisAppTests.xctest/Contents/MacOS/PhotoAxisAppTests --scan-folder /Users/runner/Library/Developer/PhotoAxisBuilds/fe52d68e5807/DerivedData/Build/Products/Debug/PhotoAxis.app/Contents/PlugIns/PhotoAxisAppTests.xctest/Contents/Frameworks --scan-folder /Users/runner/Library/Developer/PhotoAxisBuilds/fe52d68e5807/DerivedData/Build/Products/Debug/PhotoAxis.app/Contents/PlugIns/PhotoAxisAppTests.xctest/Contents/PlugIns --scan-folder /Users/runner/Library/Developer/PhotoAxisBuilds/fe52d68e5807/DerivedData/Build/Products/Debug/PhotoAxis.app/Contents/PlugIns/PhotoAxisAppTests.xctest/Contents/Library/SystemExtensions --scan-folder /Users/runner/Library/Developer/PhotoAxisBuilds/fe52d68e5807/DerivedData/Build/Products/Debug/PhotoAxis.app/Contents/PlugIns/PhotoAxisAppTests.xctest/Contents/Extensions --scan-folder /Users/runner/Library/Developer/PhotoAxisBuilds/fe52d68e5807/DerivedData/Build/Products/Debug/PhotoAxisCore.framework --platform macosx --toolchain /Applications/Xcode_16.4.app/Contents/Developer/Toolchains/XcodeDefault.xctoolchain --destination /Users/runner/Library/Developer/PhotoAxisBuilds/fe52d68e5807/DerivedData/Build/Products/Debug/PhotoAxis.app/Contents/PlugIns/PhotoAxisAppTests.xctest/Contents/Frameworks --strip-bitcode --scan-executable /Applications/Xcode_16.4.app/Contents/Developer/Platforms/MacOSX.platform/Developer/usr/lib/libXCTestSwiftSupport.dylib --strip-bitcode-tool /Applications/Xcode_16.4.app/Contents/Developer/Toolchains/XcodeDefault.xctoolchain/usr/bin/bitcode_strip --emit-dependency-info /Users/runner/Library/Developer/PhotoAxisBuilds/fe52d68e5807/DerivedData/Build/Intermediates.noindex/PhotoAxis.build/Debug/PhotoAxisAppTests.build/SwiftStdLibToolInputDependencies.dep --filter-for-swift-os
build-test	Model and geometry tests; Debug build	2026-10-03T07:16:35.7715640Z 
build-test	Model and geometry tests; Debug build	2026-10-03T07:16:35.7716230Z CodeSign /Users/runner/Library/Developer/PhotoAxisBuilds/fe52d68e5807/DerivedData/Build/Products/Debug/PhotoAxis.app/Contents/PlugIns/PhotoAxisAppTests.xctest (in target 'PhotoAxisAppTests' from project 'PhotoAxis')
build-test	Model and geometry tests; Debug build	2026-10-03T07:16:35.7716960Z     cd $REPO
build-test	Model and geometry tests; Debug build	2026-10-03T07:16:35.7717160Z     
build-test	Model and geometry tests; Debug build	2026-10-03T07:16:35.7717310Z     Signing Identity:     "Sign to Run Locally"
build-test	Model and geometry tests; Debug build	2026-10-03T07:16:35.7717550Z     
build-test	Model and geometry tests; Debug build	2026-10-03T07:16:35.7718240Z     /usr/bin/codesign --force --sign - --timestamp\=none --generate-entitlement-der /Users/runner/Library/Developer/PhotoAxisBuilds/fe52d68e5807/DerivedData/Build/Products/Debug/PhotoAxis.app/Contents/PlugIns/PhotoAxisAppTests.xctest
build-test	Model and geometry tests; Debug build	2026-10-03T07:16:35.7922430Z 
build-test	Model and geometry tests; Debug build	2026-10-03T07:16:35.7925050Z RegisterExecutionPolicyException /Users/runner/Library/Developer/PhotoAxisBuilds/fe52d68e5807/DerivedData/Build/Products/Debug/PhotoAxis.app/Contents/PlugIns/PhotoAxisAppTests.xctest (in target 'PhotoAxisAppTests' from project 'PhotoAxis')
build-test	Model and geometry tests; Debug build	2026-10-03T07:16:35.7927580Z     cd $REPO
build-test	Model and geometry tests; Debug build	2026-10-03T07:16:35.7928460Z     builtin-RegisterExecutionPolicyException /Users/runner/Library/Developer/PhotoAxisBuilds/fe52d68e5807/DerivedData/Build/Products/Debug/PhotoAxis.app/Contents/PlugIns/PhotoAxisAppTests.xctest
build-test	Model and geometry tests; Debug build	2026-10-03T07:16:35.7961130Z 
build-test	Model and geometry tests; Debug build	2026-10-03T07:16:35.7963360Z Touch /Users/runner/Library/Developer/PhotoAxisBuilds/fe52d68e5807/DerivedData/Build/Products/Debug/PhotoAxis.app/Contents/PlugIns/PhotoAxisAppTests.xctest (in target 'PhotoAxisAppTests' from project 'PhotoAxis')
build-test	Model and geometry tests; Debug build	2026-10-03T07:16:35.7964120Z     cd $REPO
build-test	Model and geometry tests; Debug build	2026-10-03T07:16:35.7964720Z     /usr/bin/touch -c /Users/runner/Library/Developer/PhotoAxisBuilds/fe52d68e5807/DerivedData/Build/Products/Debug/PhotoAxis.app/Contents/PlugIns/PhotoAxisAppTests.xctest
build-test	Model and geometry tests; Debug build	2026-10-03T07:16:35.7991000Z 
build-test	Model and geometry tests; Debug build	2026-10-03T07:16:35.7998420Z CodeSign /Users/runner/Library/Developer/PhotoAxisBuilds/fe52d68e5807/DerivedData/Build/Products/Debug/PhotoAxis.app/Contents/MacOS/PhotoAxis.debug.dylib (in target 'PhotoAxis' from project 'PhotoAxis')
build-test	Model and geometry tests; Debug build	2026-10-03T07:16:35.8025550Z     cd $REPO
build-test	Model and geometry tests; Debug build	2026-10-03T07:16:35.8025920Z     
build-test	Model and geometry tests; Debug build	2026-10-03T07:16:35.8026160Z     Signing Identity:     "Sign to Run Locally"
build-test	Model and geometry tests; Debug build	2026-10-03T07:16:35.8026480Z     
build-test	Model and geometry tests; Debug build	2026-10-03T07:16:35.8027250Z     /usr/bin/codesign --force --sign - --timestamp\=none --generate-entitlement-der /Users/runner/Library/Developer/PhotoAxisBuilds/fe52d68e5807/DerivedData/Build/Products/Debug/PhotoAxis.app/Contents/MacOS/PhotoAxis.debug.dylib
build-test	Model and geometry tests; Debug build	2026-10-03T07:16:35.8244840Z 
build-test	Model and geometry tests; Debug build	2026-10-03T07:16:35.8248770Z CodeSign /Users/runner/Library/Developer/PhotoAxisBuilds/fe52d68e5807/DerivedData/Build/Products/Debug/PhotoAxis.app/Contents/MacOS/__preview.dylib (in target 'PhotoAxis' from project 'PhotoAxis')
build-test	Model and geometry tests; Debug build	2026-10-03T07:16:35.8249980Z     cd $REPO
build-test	Model and geometry tests; Debug build	2026-10-03T07:16:35.8250810Z     
build-test	Model and geometry tests; Debug build	2026-10-03T07:16:35.8251620Z     Signing Identity:     "Sign to Run Locally"
build-test	Model and geometry tests; Debug build	2026-10-03T07:16:35.8252400Z     
build-test	Model and geometry tests; Debug build	2026-10-03T07:16:35.8254380Z     /usr/bin/codesign --force --sign - --timestamp\=none --generate-entitlement-der /Users/runner/Library/Developer/PhotoAxisBuilds/fe52d68e5807/DerivedData/Build/Products/Debug/PhotoAxis.app/Contents/MacOS/__preview.dylib
build-test	Model and geometry tests; Debug build	2026-10-03T07:16:35.8356930Z 
build-test	Model and geometry tests; Debug build	2026-10-03T07:16:35.8358590Z CodeSign /Users/runner/Library/Developer/PhotoAxisBuilds/fe52d68e5807/DerivedData/Build/Products/Debug/PhotoAxis.app (in target 'PhotoAxis' from project 'PhotoAxis')
build-test	Model and geometry tests; Debug build	2026-10-03T07:16:35.8359250Z     cd $REPO
build-test	Model and geometry tests; Debug build	2026-10-03T07:16:35.8359550Z     
build-test	Model and geometry tests; Debug build	2026-10-03T07:16:35.8365460Z     Signing Identity:     "Sign to Run Locally"
build-test	Model and geometry tests; Debug build	2026-10-03T07:16:35.8365680Z     
build-test	Model and geometry tests; Debug build	2026-10-03T07:16:35.8366760Z     /usr/bin/codesign --force --sign - --entitlements /Users/runner/Library/Developer/PhotoAxisBuilds/fe52d68e5807/DerivedData/Build/Intermediates.noindex/PhotoAxis.build/Debug/PhotoAxis.build/PhotoAxis.app.xcent --timestamp\=none --generate-entitlement-der /Users/runner/Library/Developer/PhotoAxisBuilds/fe52d68e5807/DerivedData/Build/Products/Debug/PhotoAxis.app
build-test	Model and geometry tests; Debug build	2026-10-03T07:16:35.8583750Z 
build-test	Model and geometry tests; Debug build	2026-10-03T07:16:35.8587590Z RegisterExecutionPolicyException /Users/runner/Library/Developer/PhotoAxisBuilds/fe52d68e5807/DerivedData/Build/Products/Debug/PhotoAxis.app (in target 'PhotoAxis' from project 'PhotoAxis')
build-test	Model and geometry tests; Debug build	2026-10-03T07:16:35.8588700Z     cd $REPO
build-test	Model and geometry tests; Debug build	2026-10-03T07:16:35.8589330Z     builtin-RegisterExecutionPolicyException /Users/runner/Library/Developer/PhotoAxisBuilds/fe52d68e5807/DerivedData/Build/Products/Debug/PhotoAxis.app
build-test	Model and geometry tests; Debug build	2026-10-03T07:16:35.8599360Z 
build-test	Model and geometry tests; Debug build	2026-10-03T07:16:35.8607070Z Validate /Users/runner/Library/Developer/PhotoAxisBuilds/fe52d68e5807/DerivedData/Build/Products/Debug/PhotoAxis.app (in target 'PhotoAxis' from project 'PhotoAxis')
build-test	Model and geometry tests; Debug build	2026-10-03T07:16:35.8608200Z     cd $REPO
build-test	Model and geometry tests; Debug build	2026-10-03T07:16:35.8609300Z     builtin-validationUtility /Users/runner/Library/Developer/PhotoAxisBuilds/fe52d68e5807/DerivedData/Build/Products/Debug/PhotoAxis.app -no-validate-extension -infoplist-subpath Contents/Info.plist
build-test	Model and geometry tests; Debug build	2026-10-03T07:16:35.8610430Z 
build-test	Model and geometry tests; Debug build	2026-10-03T07:16:35.8612330Z Touch /Users/runner/Library/Developer/PhotoAxisBuilds/fe52d68e5807/DerivedData/Build/Products/Debug/PhotoAxis.app (in target 'PhotoAxis' from project 'PhotoAxis')
build-test	Model and geometry tests; Debug build	2026-10-03T07:16:35.8613010Z     cd $REPO
build-test	Model and geometry tests; Debug build	2026-10-03T07:16:35.8613540Z     /usr/bin/touch -c /Users/runner/Library/Developer/PhotoAxisBuilds/fe52d68e5807/DerivedData/Build/Products/Debug/PhotoAxis.app
build-test	Model and geometry tests; Debug build	2026-10-03T07:16:35.8632800Z 
build-test	Model and geometry tests; Debug build	2026-10-03T07:16:35.8633880Z RegisterWithLaunchServices /Users/runner/Library/Developer/PhotoAxisBuilds/fe52d68e5807/DerivedData/Build/Products/Debug/PhotoAxis.app (in target 'PhotoAxis' from project 'PhotoAxis')
build-test	Model and geometry tests; Debug build	2026-10-03T07:16:35.8634590Z     cd $REPO
build-test	Model and geometry tests; Debug build	2026-10-03T07:16:35.8635600Z     /System/Library/Frameworks/CoreServices.framework/Versions/Current/Frameworks/LaunchServices.framework/Versions/Current/Support/lsregister -f -R -trusted /Users/runner/Library/Developer/PhotoAxisBuilds/fe52d68e5807/DerivedData/Build/Products/Debug/PhotoAxis.app
build-test	Model and geometry tests; Debug build	2026-10-03T07:16:36.0666660Z 
build-test	Model and geometry tests; Debug build	2026-10-03T07:16:39.9296240Z Test Suite 'All tests' started at 2026-10-03 07:16:39.918.
build-test	Model and geometry tests; Debug build	2026-10-03T07:16:39.9303790Z Test Suite 'PhotoAxisCoreTests.xctest' started at 2026-10-03 07:16:39.918.
build-test	Model and geometry tests; Debug build	2026-10-03T07:16:39.9317610Z Test Suite 'ExportOptionsTests' started at 2026-10-03 07:16:39.918.
build-test	Model and geometry tests; Debug build	2026-10-03T07:16:39.9319340Z Test Case '-[PhotoAxisCoreTests.ExportOptionsTests testExportBoundsQualityPPIAndOpaqueMatte]' started.
build-test	Model and geometry tests; Debug build	2026-10-03T07:16:39.9321940Z Test Case '-[PhotoAxisCoreTests.ExportOptionsTests testExportBoundsQualityPPIAndOpaqueMatte]' passed (0.004 seconds).
build-test	Model and geometry tests; Debug build	2026-10-03T07:16:39.9368520Z Test Suite 'ExportOptionsTests' passed at 2026-10-03 07:16:39.923.
build-test	Model and geometry tests; Debug build	2026-10-03T07:16:39.9369200Z 	 Executed 1 test, with 0 failures (0 unexpected) in 0.004 (0.004) seconds
build-test	Model and geometry tests; Debug build	2026-10-03T07:16:39.9372610Z Test Suite 'InvestigationTests' started at 2026-10-03 07:16:39.923.
build-test	Model and geometry tests; Debug build	2026-10-03T07:16:39.9373680Z Test Case '-[PhotoAxisCoreTests.InvestigationTests testAnnotationPiecesRemainTypedSourcesAndClipsArePreserved]' started.
build-test	Model and geometry tests; Debug build	2026-10-03T07:16:39.9496950Z Test Case '-[PhotoAxisCoreTests.InvestigationTests testAnnotationPiecesRemainTypedSourcesAndClipsArePreserved]' passed (0.010 seconds).
build-test	Model and geometry tests; Debug build	2026-10-03T07:16:39.9514060Z Test Case '-[PhotoAxisCoreTests.InvestigationTests testCalibratedDistanceAndConcaveAreaWithReversedWinding]' started.
build-test	Model and geometry tests; Debug build	2026-10-03T07:16:39.9525970Z Test Case '-[PhotoAxisCoreTests.InvestigationTests testCalibratedDistanceAndConcaveAreaWithReversedWinding]' passed (0.002 seconds).
build-test	Model and geometry tests; Debug build	2026-10-03T07:16:39.9527070Z Test Case '-[PhotoAxisCoreTests.InvestigationTests testCalibrationRequiresKnownScaleAndExplicitGeometryBasis]' started.
build-test	Model and geometry tests; Debug build	2026-10-03T07:16:39.9528400Z Test Case '-[PhotoAxisCoreTests.InvestigationTests testCalibrationRequiresKnownScaleAndExplicitGeometryBasis]' passed (0.002 seconds).
build-test	Model and geometry tests; Debug build	2026-10-03T07:16:39.9610020Z Test Case '-[PhotoAxisCoreTests.InvestigationTests testCaseJSONRejectsDeepNestingAndDuplicateKeysBeforeDecode]' started.
build-test	Model and geometry tests; Debug build	2026-10-03T07:16:39.9611230Z Test Case '-[PhotoAxisCoreTests.InvestigationTests testCaseJSONRejectsDeepNestingAndDuplicateKeysBeforeDecode]' passed (0.001 seconds).
build-test	Model and geometry tests; Debug build	2026-10-03T07:16:39.9660800Z Test Case '-[PhotoAxisCoreTests.InvestigationTests testCaseLedgerChecksMetadataSequenceAndHashLinks]' started.
build-test	Model and geometry tests; Debug build	2026-10-03T07:16:39.9662560Z Test Case '-[PhotoAxisCoreTests.InvestigationTests testCaseLedgerChecksMetadataSequenceAndHashLinks]' passed (0.013 seconds).
build-test	Model and geometry tests; Debug build	2026-10-03T07:16:39.9663440Z Test Case '-[PhotoAxisCoreTests.InvestigationTests testExactMediaTimeAndOffsetNeverReplaceOriginalPTS]' started.
build-test	Model and geometry tests; Debug build	2026-10-03T07:16:39.9666250Z Test Case '-[PhotoAxisCoreTests.InvestigationTests testExactMediaTimeAndOffsetNeverReplaceOriginalPTS]' passed (0.001 seconds).
build-test	Model and geometry tests; Debug build	2026-10-03T07:16:39.9667170Z Test Case '-[PhotoAxisCoreTests.InvestigationTests testLegacySchemaAndCaseBoundSchemaAreDistinctAndRoundTrip]' started.
build-test	Model and geometry tests; Debug build	2026-10-03T07:16:39.9674710Z Test Case '-[PhotoAxisCoreTests.InvestigationTests testLegacySchemaAndCaseBoundSchemaAreDistinctAndRoundTrip]' passed (0.001 seconds).
build-test	Model and geometry tests; Debug build	2026-10-03T07:16:39.9675710Z Test Case '-[PhotoAxisCoreTests.InvestigationTests testMagnifierUsesSourceCoordinatesAfterCanvasCrop]' started.
build-test	Model and geometry tests; Debug build	2026-10-03T07:16:39.9676600Z Test Case '-[PhotoAxisCoreTests.InvestigationTests testMagnifierUsesSourceCoordinatesAfterCanvasCrop]' passed (0.002 seconds).
build-test	Model and geometry tests; Debug build	2026-10-03T07:16:39.9677570Z Test Case '-[PhotoAxisCoreTests.InvestigationTests testMeasurementRejectsSelfIntersectionDegenerateAndNonfinitePoints]' started.
build-test	Model and geometry tests; Debug build	2026-10-03T07:16:39.9678590Z Test Case '-[PhotoAxisCoreTests.InvestigationTests testMeasurementRejectsSelfIntersectionDegenerateAndNonfinitePoints]' passed (0.002 seconds).
build-test	Model and geometry tests; Debug build	2026-10-03T07:16:39.9718130Z Test Case '-[PhotoAxisCoreTests.InvestigationTests testRegionBoundsRejectOverflowAndOffCanvas]' started.
build-test	Model and geometry tests; Debug build	2026-10-03T07:16:39.9726670Z Test Case '-[PhotoAxisCoreTests.InvestigationTests testRegionBoundsRejectOverflowAndOffCanvas]' passed (0.001 seconds).
build-test	Model and geometry tests; Debug build	2026-10-03T07:16:39.9727820Z Test Case '-[PhotoAxisCoreTests.InvestigationTests testVersionOneDigestSurvivesAndVersionTwoAnalysisIsIntegrityBound]' started.
build-test	Model and geometry tests; Debug build	2026-10-03T07:16:39.9730930Z Test Case '-[PhotoAxisCoreTests.InvestigationTests testVersionOneDigestSurvivesAndVersionTwoAnalysisIsIntegrityBound]' passed (0.003 seconds).
build-test	Model and geometry tests; Debug build	2026-10-03T07:16:39.9731750Z Test Suite 'InvestigationTests' passed at 2026-10-03 07:16:39.962.
build-test	Model and geometry tests; Debug build	2026-10-03T07:16:39.9734870Z 	 Executed 11 tests, with 0 failures (0 unexpected) in 0.038 (0.040) seconds
build-test	Model and geometry tests; Debug build	2026-10-03T07:16:39.9735440Z Test Suite 'ProjectFormatTests' started at 2026-10-03 07:16:39.963.
build-test	Model and geometry tests; Debug build	2026-10-03T07:16:39.9736170Z Test Case '-[PhotoAxisCoreTests.ProjectFormatTests testSchemaRejectsInvalidVersionPayloadMatrixReferenceAndQuotas]' started.
build-test	Model and geometry tests; Debug build	2026-10-03T07:16:39.9739970Z Test Case '-[PhotoAxisCoreTests.ProjectFormatTests testSchemaRejectsInvalidVersionPayloadMatrixReferenceAndQuotas]' passed (0.001 seconds).
build-test	Model and geometry tests; Debug build	2026-10-03T07:16:39.9741110Z Test Case '-[PhotoAxisCoreTests.ProjectFormatTests testSchemaTypedRoundTripClipsPrecisionAndImageParameters]' started.
build-test	Model and geometry tests; Debug build	2026-10-03T07:16:39.9745110Z Test Case '-[PhotoAxisCoreTests.ProjectFormatTests testSchemaTypedRoundTripClipsPrecisionAndImageParameters]' passed (0.004 seconds).
build-test	Model and geometry tests; Debug build	2026-10-03T07:16:39.9746460Z Test Case '-[PhotoAxisCoreTests.ProjectFormatTests testZIPDeclaredAssetsAndSparseArchiveSizeAreBounded]' started.
build-test	Model and geometry tests; Debug build	2026-10-03T07:16:39.9858640Z Test Case '-[PhotoAxisCoreTests.ProjectFormatTests testZIPDeclaredAssetsAndSparseArchiveSizeAreBounded]' passed (0.002 seconds).
build-test	Model and geometry tests; Debug build	2026-10-03T07:16:39.9978130Z Test Case '-[PhotoAxisCoreTests.ProjectFormatTests testZIPRejectsCRCTruncationTraversalSymlinkEncryptionOverlapAndBombBeforeInflate]' started.
build-test	Model and geometry tests; Debug build	2026-10-03T07:16:40.0081890Z Test Case '-[PhotoAxisCoreTests.ProjectFormatTests testZIPRejectsCRCTruncationTraversalSymlinkEncryptionOverlapAndBombBeforeInflate]' passed (0.005 seconds).
build-test	Model and geometry tests; Debug build	2026-10-03T07:16:40.0197150Z Test Suite 'ProjectFormatTests' passed at 2026-10-03 07:16:39.975.
build-test	Model and geometry tests; Debug build	2026-10-03T07:16:40.0298250Z 	 Executed 4 tests, with 0 failures (0 unexpected) in 0.012 (0.013) seconds
build-test	Model and geometry tests; Debug build	2026-10-03T07:16:40.0344190Z Test Suite 'ScanModelTests' started at 2026-10-03 07:16:39.975.
build-test	Model and geometry tests; Debug build	2026-10-03T07:16:40.0345500Z Test Case '-[PhotoAxisCoreTests.ScanModelTests testDeskewGeometryKeepsSourcesClipsAndNormalizesWithoutStretch]' started.
build-test	Model and geometry tests; Debug build	2026-10-03T07:16:40.0348010Z Test Case '-[PhotoAxisCoreTests.ScanModelTests testDeskewGeometryKeepsSourcesClipsAndNormalizesWithoutStretch]' passed (0.001 seconds).
build-test	Model and geometry tests; Debug build	2026-10-03T07:16:40.0349240Z Test Case '-[PhotoAxisCoreTests.ScanModelTests testSettingsValidationAtomicLockAndSchemaCompatibility]' started.
build-test	Model and geometry tests; Debug build	2026-10-03T07:16:40.0350470Z Test Case '-[PhotoAxisCoreTests.ScanModelTests testSettingsValidationAtomicLockAndSchemaCompatibility]' passed (0.002 seconds).
build-test	Model and geometry tests; Debug build	2026-10-03T07:16:40.0351440Z Test Suite 'ScanModelTests' passed at 2026-10-03 07:16:39.978.
build-test	Model and geometry tests; Debug build	2026-10-03T07:16:40.0352030Z 	 Executed 2 tests, with 0 failures (0 unexpected) in 0.002 (0.003) seconds
build-test	Model and geometry tests; Debug build	2026-10-03T07:16:40.0352800Z Test Suite 'PhotoAxisCoreTests.xctest' passed at 2026-10-03 07:16:39.978.
build-test	Model and geometry tests; Debug build	2026-10-03T07:16:40.0353400Z 	 Executed 18 tests, with 0 failures (0 unexpected) in 0.055 (0.060) seconds
build-test	Model and geometry tests; Debug build	2026-10-03T07:16:40.0354200Z Test Suite 'All tests' passed at 2026-10-03 07:16:39.978.
build-test	Model and geometry tests; Debug build	2026-10-03T07:16:40.0354710Z 	 Executed 18 tests, with 0 failures (0 unexpected) in 0.055 (0.061) seconds
build-test	Model and geometry tests; Debug build	2026-10-03T07:16:40.0360360Z ◇ Test run started.
build-test	Model and geometry tests; Debug build	2026-10-03T07:16:40.0360720Z ↳ Testing Library Version: 124.4
build-test	Model and geometry tests; Debug build	2026-10-03T07:16:40.0361000Z ↳ Target Platform: arm64e-apple-macos14.0
build-test	Model and geometry tests; Debug build	2026-10-03T07:16:40.0361300Z ◇ Suite CropGeometryTests started.
build-test	Model and geometry tests; Debug build	2026-10-03T07:16:40.0361520Z ◇ Suite DocumentTests started.
build-test	Model and geometry tests; Debug build	2026-10-03T07:16:40.0361780Z ◇ Suite LayerHistoryTests started.
build-test	Model and geometry tests; Debug build	2026-10-03T07:16:40.0362080Z ◇ Suite MultiLayerGeometryTests started.
build-test	Model and geometry tests; Debug build	2026-10-03T07:16:40.0362400Z ◇ Suite ImageAdjustmentTests started.
build-test	Model and geometry tests; Debug build	2026-10-03T07:16:40.0362720Z ◇ Suite PerspectiveGeometryTests started.
build-test	Model and geometry tests; Debug build	2026-10-03T07:16:40.0363070Z ◇ Suite ContentTests started.
build-test	Model and geometry tests; Debug build	2026-10-03T07:16:40.0363420Z ◇ Test perspectiveRoundTripPreservesCornerIdentity() started.
build-test	Model and geometry tests; Debug build	2026-10-03T07:16:40.0363830Z ◇ Test retinaZoomAndPanRoundTrip() started.
build-test	Model and geometry tests; Debug build	2026-10-03T07:16:40.0364180Z ◇ Test rejectsSingularityAndNonFiniteInput() started.
build-test	Model and geometry tests; Debug build	2026-10-03T07:16:40.0364610Z ◇ Test largeTranslationIsNotMistakenForSingularity() started.
build-test	Model and geometry tests; Debug build	2026-10-03T07:16:40.0365050Z ◇ Test documentOperationsComposeAfterLayerMapping() started.
build-test	Model and geometry tests; Debug build	2026-10-03T07:16:40.0365480Z ◇ Test validatesDimensionsBeforeAllocation() started.
build-test	Model and geometry tests; Debug build	2026-10-03T07:16:40.0365850Z ◇ Test unsafeGeometryIsRejectedAtomically() started.
build-test	Model and geometry tests; Debug build	2026-10-03T07:16:40.0366280Z ◇ Test historyBranchAndSavedIdentitySurviveTrimming() started.
build-test	Model and geometry tests; Debug build	2026-10-03T07:16:40.0366720Z ◇ Test historyBudgetCountsRedoOnlyAssetsOnce() started.
build-test	Model and geometry tests; Debug build	2026-10-03T07:16:40.0367130Z ◇ Test geometryComposesWithoutLosingProjectiveMapping() started.
build-test	Model and geometry tests; Debug build	2026-10-03T07:16:40.0367580Z ◇ Test lockedLayerProtectionAndSharedDuplicate() started.
build-test	Model and geometry tests; Debug build	2026-10-03T07:16:40.0367980Z ◇ Test cropMapsEveryLayerAndKeepsSourceClip() started.
build-test	Model and geometry tests; Debug build	2026-10-03T07:16:40.0368600Z ◇ Test invalidCropAtomicAndProjectiveClip() started.
build-test	Model and geometry tests; Debug build	2026-10-03T07:16:40.0369010Z ◇ Test repeatedCropIntersectsAndEmptyLayersAreRetained() started.
build-test	Model and geometry tests; Debug build	2026-10-03T07:16:40.0369480Z ◇ Test allNineAnchorsAndPPIOnly() started.
build-test	Model and geometry tests; Debug build	2026-10-03T07:16:40.0369800Z ◇ Test rotationsFlipsAndPixelOutput() started.
build-test	Model and geometry tests; Debug build	2026-10-03T07:16:40.0370200Z ◇ Test homogeneousScaleDoesNotChangeTextRouting() started.
build-test	Model and geometry tests; Debug build	2026-10-03T07:16:40.0370640Z ◇ Test mixedLayerCropUsesCommonMappingAndIsAtomic() started.
build-test	Model and geometry tests; Debug build	2026-10-03T07:16:40.0371040Z ◇ Test boundsAndInvalidChangesAreAtomic() started.
build-test	Model and geometry tests; Debug build	2026-10-03T07:16:40.0371520Z ◇ Test duplicateAndGeometryPreserveStoredParametersAndSharedSource() started.
build-test	Model and geometry tests; Debug build	2026-10-03T07:16:40.0371960Z ◇ Test outputModesLimitsAndSwap() started.
build-test	Model and geometry tests; Debug build	2026-10-03T07:16:40.0372320Z ◇ Test recoversKnownIndependentAnalyticHomography() started.
build-test	Model and geometry tests; Debug build	2026-10-03T07:16:40.0372720Z ◇ Test cornerMappingInverseAndProjectedGrid() started.
build-test	Model and geometry tests; Debug build	2026-10-03T07:16:40.0373150Z ◇ Test shapeColorAndContentKeepTransformsAndClip() started.
build-test	Model and geometry tests; Debug build	2026-10-03T07:16:40.0373590Z ◇ Test invalidOperationIsAtomicAndViewportIndependent() started.
build-test	Model and geometry tests; Debug build	2026-10-03T07:16:40.0374030Z ◇ Test typedContentValidationAndAtomicLock() started.
build-test	Model and geometry tests; Debug build	2026-10-03T07:16:40.0374440Z ◇ Test rejectsInvalidPolygonsAndSingularDomains() started.
build-test	Model and geometry tests; Debug build	2026-10-03T07:16:40.0374830Z ◇ Test contentLayerQuotaAndHistoryRestoration() started.
build-test	Model and geometry tests; Debug build	2026-10-03T07:16:40.0375220Z ◇ Test backgroundsStayTypedAndLocked() started.
build-test	Model and geometry tests; Debug build	2026-10-03T07:16:40.0375650Z ◇ Test placementPreservesSourceAndInsertsAboveSelection() started.
build-test	Model and geometry tests; Debug build	2026-10-03T07:16:40.0376120Z ◇ Test anchoredZoomAndBackingChangePreserveDocumentPoint() started.
build-test	Model and geometry tests; Debug build	2026-10-03T07:16:40.0376580Z ◇ Test quotasAreAtomicAndDeduplicateSources() started.
build-test	Model and geometry tests; Debug build	2026-10-03T07:16:40.0376970Z ✔ Test retinaZoomAndPanRoundTrip() passed after 0.004 seconds.
build-test	Model and geometry tests; Debug build	2026-10-03T07:16:40.0377410Z ✔ Test rejectsSingularityAndNonFiniteInput() passed after 0.005 seconds.
build-test	Model and geometry tests; Debug build	2026-10-03T07:16:40.0377950Z ◇ Test layerIdentityClipsHiddenLockedAndRepeatedCrop() started.
build-test	Model and geometry tests; Debug build	2026-10-03T07:16:40.0378480Z ✔ Test largeTranslationIsNotMistakenForSingularity() passed after 0.007 seconds.
build-test	Model and geometry tests; Debug build	2026-10-03T07:16:40.0379060Z ✔ Test documentOperationsComposeAfterLayerMapping() passed after 0.007 seconds.
build-test	Model and geometry tests; Debug build	2026-10-03T07:16:40.0379560Z ✔ Test validatesDimensionsBeforeAllocation() passed after 0.012 seconds.
build-test	Model and geometry tests; Debug build	2026-10-03T07:16:40.0380070Z ✔ Test unsafeGeometryIsRejectedAtomically() passed after 0.011 seconds.
build-test	Model and geometry tests; Debug build	2026-10-03T07:16:40.0380580Z ✔ Test historyBranchAndSavedIdentitySurviveTrimming() passed after 0.011 seconds.
build-test	Model and geometry tests; Debug build	2026-10-03T07:16:40.0381170Z ✔ Test geometryComposesWithoutLosingProjectiveMapping() passed after 0.010 seconds.
build-test	Model and geometry tests; Debug build	2026-10-03T07:16:40.0381710Z ✔ Test lockedLayerProtectionAndSharedDuplicate() passed after 0.010 seconds.
build-test	Model and geometry tests; Debug build	2026-10-03T07:16:40.0382260Z ✔ Test perspectiveRoundTripPreservesCornerIdentity() passed after 0.012 seconds.
build-test	Model and geometry tests; Debug build	2026-10-03T07:16:40.0382810Z ✔ Test cropMapsEveryLayerAndKeepsSourceClip() passed after 0.011 seconds.
build-test	Model and geometry tests; Debug build	2026-10-03T07:16:40.0383300Z ✔ Test invalidCropAtomicAndProjectiveClip() passed after 0.011 seconds.
build-test	Model and geometry tests; Debug build	2026-10-03T07:16:40.0383820Z ✔ Test repeatedCropIntersectsAndEmptyLayersAreRetained() passed after 0.011 seconds.
build-test	Model and geometry tests; Debug build	2026-10-03T07:16:40.0384330Z ✔ Test rotationsFlipsAndPixelOutput() passed after 0.011 seconds.
build-test	Model and geometry tests; Debug build	2026-10-03T07:16:40.0384800Z ✔ Test homogeneousScaleDoesNotChangeTextRouting() passed after 0.011 seconds.
build-test	Model and geometry tests; Debug build	2026-10-03T07:16:40.0385230Z ✔ Test allNineAnchorsAndPPIOnly() passed after 0.011 seconds.
build-test	Model and geometry tests; Debug build	2026-10-03T07:16:40.0385600Z ✔ Test boundsAndInvalidChangesAreAtomic() passed after 0.010 seconds.
build-test	Model and geometry tests; Debug build	2026-10-03T07:16:40.0386040Z ✔ Test mixedLayerCropUsesCommonMappingAndIsAtomic() passed after 0.011 seconds.
build-test	Model and geometry tests; Debug build	2026-10-03T07:16:40.0386660Z ✔ Test duplicateAndGeometryPreserveStoredParametersAndSharedSource() passed after 0.010 seconds.
build-test	Model and geometry tests; Debug build	2026-10-03T07:16:40.0387150Z ✔ Test outputModesLimitsAndSwap() passed after 0.010 seconds.
build-test	Model and geometry tests; Debug build	2026-10-03T07:16:40.0387570Z ✔ Test recoversKnownIndependentAnalyticHomography() passed after 0.012 seconds.
build-test	Model and geometry tests; Debug build	2026-10-03T07:16:40.0388160Z ✔ Test cornerMappingInverseAndProjectedGrid() passed after 0.011 seconds.
build-test	Model and geometry tests; Debug build	2026-10-03T07:16:40.0388610Z ✔ Test shapeColorAndContentKeepTransformsAndClip() passed after 0.011 seconds.
build-test	Model and geometry tests; Debug build	2026-10-03T07:16:40.0389110Z ✔ Test invalidOperationIsAtomicAndViewportIndependent() passed after 0.011 seconds.
build-test	Model and geometry tests; Debug build	2026-10-03T07:16:40.0389580Z ✔ Test typedContentValidationAndAtomicLock() passed after 0.011 seconds.
build-test	Model and geometry tests; Debug build	2026-10-03T07:16:40.0390020Z ✔ Test rejectsInvalidPolygonsAndSingularDomains() passed after 0.011 seconds.
build-test	Model and geometry tests; Debug build	2026-10-03T07:16:40.0390440Z ✔ Test backgroundsStayTypedAndLocked() passed after 0.012 seconds.
build-test	Model and geometry tests; Debug build	2026-10-03T07:16:40.0390900Z ✔ Test placementPreservesSourceAndInsertsAboveSelection() passed after 0.012 seconds.
build-test	Model and geometry tests; Debug build	2026-10-03T07:16:40.0391420Z ✔ Test anchoredZoomAndBackingChangePreserveDocumentPoint() passed after 0.012 seconds.
build-test	Model and geometry tests; Debug build	2026-10-03T07:16:40.0391960Z ✔ Test contentLayerQuotaAndHistoryRestoration() passed after 0.012 seconds.
build-test	Model and geometry tests; Debug build	2026-10-03T07:16:40.0392410Z ✔ Test quotasAreAtomicAndDeduplicateSources() passed after 0.012 seconds.
build-test	Model and geometry tests; Debug build	2026-10-03T07:16:40.0392890Z ✔ Test layerIdentityClipsHiddenLockedAndRepeatedCrop() passed after 0.020 seconds.
build-test	Model and geometry tests; Debug build	2026-10-03T07:16:40.0393310Z ✔ Suite MultiLayerGeometryTests passed after 0.026 seconds.
build-test	Model and geometry tests; Debug build	2026-10-03T07:16:40.0393640Z ✔ Suite CropGeometryTests passed after 0.026 seconds.
build-test	Model and geometry tests; Debug build	2026-10-03T07:16:40.0393940Z ✔ Suite ImageAdjustmentTests passed after 0.026 seconds.
build-test	Model and geometry tests; Debug build	2026-10-03T07:16:40.0394270Z ✔ Suite PerspectiveGeometryTests passed after 0.026 seconds.
build-test	Model and geometry tests; Debug build	2026-10-03T07:16:40.0394580Z ✔ Suite DocumentTests passed after 0.026 seconds.
build-test	Model and geometry tests; Debug build	2026-10-03T07:16:40.0394850Z ✔ Suite ContentTests passed after 0.026 seconds.
build-test	Model and geometry tests; Debug build	2026-10-03T07:16:40.0395210Z ✔ Test historyBudgetCountsRedoOnlyAssetsOnce() passed after 0.037 seconds.
build-test	Model and geometry tests; Debug build	2026-10-03T07:16:40.0395570Z ✔ Suite LayerHistoryTests passed after 0.038 seconds.
build-test	Model and geometry tests; Debug build	2026-10-03T07:16:40.0395870Z ✔ Test run with 33 tests passed after 0.039 seconds.
build-test	Model and geometry tests; Debug build	2026-10-03T07:16:40.8885940Z 2026-10-03 07:16:40.886133+0000 PhotoAxis[2753:11512] ApplePersistenceIgnoreState: Existing state will not be touched. New state will be written to /var/folders/nj/vtw8zd2j31d1gdrtntc5y4600000gn/T/local.photoaxis.development.savedState
build-test	Model and geometry tests; Debug build	2026-10-03T07:16:42.6136240Z Test Suite 'All tests' started at 2026-10-03 07:16:42.612.
build-test	Model and geometry tests; Debug build	2026-10-03T07:16:42.6238030Z Test Suite 'PhotoAxisAppTests.xctest' started at 2026-10-03 07:16:42.613.
build-test	Model and geometry tests; Debug build	2026-10-03T07:16:42.6246020Z Test Suite 'AcceptanceWorkflowTests' started at 2026-10-03 07:16:42.613.
build-test	Model and geometry tests; Debug build	2026-10-03T07:16:42.6246920Z Test Case '-[PhotoAxisAppTests.AcceptanceWorkflowTests testFullMixedWorkflowSaveCloseReopenContinueAndExportBothLanguages]' started.
build-test	Model and geometry tests; Debug build	2026-10-03T07:16:42.6667660Z 2026-10-03 07:16:42.665510+0000 PhotoAxis[2753:11560] fopen failed for data file: errno = 2 (No such file or directory)
build-test	Model and geometry tests; Debug build	2026-10-03T07:16:42.6743170Z 2026-10-03 07:16:42.665535+0000 PhotoAxis[2753:11560] Errors found! Invalidating cache...
build-test	Model and geometry tests; Debug build	2026-10-03T07:16:42.7175320Z 2026-10-03 07:16:42.716714+0000 PhotoAxis[2753:11560] fopen failed for data file: errno = 2 (No such file or directory)
build-test	Model and geometry tests; Debug build	2026-10-03T07:16:42.7266220Z 2026-10-03 07:16:42.716739+0000 PhotoAxis[2753:11560] Errors found! Invalidating cache...
build-test	Model and geometry tests; Debug build	2026-10-03T07:16:43.2854540Z Test Case '-[PhotoAxisAppTests.AcceptanceWorkflowTests testFullMixedWorkflowSaveCloseReopenContinueAndExportBothLanguages]' passed (0.669 seconds).
build-test	Model and geometry tests; Debug build	2026-10-03T07:16:43.2881990Z Test Suite 'AcceptanceWorkflowTests' passed at 2026-10-03 07:16:43.282.
build-test	Model and geometry tests; Debug build	2026-10-03T07:16:43.2885470Z 	 Executed 1 test, with 0 failures (0 unexpected) in 0.669 (0.669) seconds
build-test	Model and geometry tests; Debug build	2026-10-03T07:16:43.2886680Z Test Suite 'BenchmarkTests' started at 2026-10-03 07:16:43.283.
build-test	Model and geometry tests; Debug build	2026-10-03T07:16:43.2887450Z Test Case '-[PhotoAxisAppTests.BenchmarkTests testFiveRunMixedTenLayerInteractionWorkerLatency]' started.
build-test	Model and geometry tests; Debug build	2026-10-03T07:16:43.3925070Z $REPO/Tests/PhotoAxisAppTests/BenchmarkTests.swift:16: -[PhotoAxisAppTests.BenchmarkTests testFiveRunMixedTenLayerInteractionWorkerLatency] : Test skipped - Run scripts/benchmark.sh for the opt-in Release benchmark
build-test	Model and geometry tests; Debug build	2026-10-03T07:16:43.3959150Z Test Case '-[PhotoAxisAppTests.BenchmarkTests testFiveRunMixedTenLayerInteractionWorkerLatency]' skipped (0.109 seconds).
build-test	Model and geometry tests; Debug build	2026-10-03T07:16:43.3960380Z Test Case '-[PhotoAxisAppTests.BenchmarkTests testFiveRunOpenAndFullPNGExport24MP]' started.
build-test	Model and geometry tests; Debug build	2026-10-03T07:16:43.3984540Z $REPO/Tests/PhotoAxisAppTests/BenchmarkTests.swift:16: -[PhotoAxisAppTests.BenchmarkTests testFiveRunOpenAndFullPNGExport24MP] : Test skipped - Run scripts/benchmark.sh for the opt-in Release benchmark
build-test	Model and geometry tests; Debug build	2026-10-03T07:16:43.3999630Z Test Case '-[PhotoAxisAppTests.BenchmarkTests testFiveRunOpenAndFullPNGExport24MP]' skipped (0.003 seconds).
build-test	Model and geometry tests; Debug build	2026-10-03T07:16:43.4000750Z Test Case '-[PhotoAxisAppTests.BenchmarkTests testFullQuotaFiveTabsRepeatedLifecycleAndRecovery]' started.
build-test	Model and geometry tests; Debug build	2026-10-03T07:16:43.4991770Z $REPO/Tests/PhotoAxisAppTests/BenchmarkTests.swift:16: -[PhotoAxisAppTests.BenchmarkTests testFullQuotaFiveTabsRepeatedLifecycleAndRecovery] : Test skipped - Run scripts/benchmark.sh for the opt-in Release benchmark
build-test	Model and geometry tests; Debug build	2026-10-03T07:16:43.5013450Z Test Case '-[PhotoAxisAppTests.BenchmarkTests testFullQuotaFiveTabsRepeatedLifecycleAndRecovery]' skipped (0.102 seconds).
build-test	Model and geometry tests; Debug build	2026-10-03T07:16:43.5014370Z Test Suite 'BenchmarkTests' passed at 2026-10-03 07:16:43.498.
build-test	Model and geometry tests; Debug build	2026-10-03T07:16:43.5014940Z 	 Executed 3 tests, with 3 tests skipped and 0 failures (0 unexpected) in 0.214 (0.215) seconds
build-test	Model and geometry tests; Debug build	2026-10-03T07:16:43.5015560Z Test Suite 'ContentEditingTests' started at 2026-10-03 07:16:43.498.
build-test	Model and geometry tests; Debug build	2026-10-03T07:16:43.5016230Z Test Case '-[PhotoAxisAppTests.ContentEditingTests testInspectorLayoutColorActionsAndMissingFontNotice]' started.
build-test	Model and geometry tests; Debug build	2026-10-03T07:16:43.6647910Z Test Case '-[PhotoAxisAppTests.ContentEditingTests testInspectorLayoutColorActionsAndMissingFontNotice]' passed (0.165 seconds).
build-test	Model and geometry tests; Debug build	2026-10-03T07:16:43.6685620Z Test Case '-[PhotoAxisAppTests.ContentEditingTests testInstalledVietnameseInputContext]' started.
build-test	Model and geometry tests; Debug build	2026-10-03T07:16:43.7377650Z 2026-10-03 07:16:43.735465+0000 PhotoAxis[2753:11512] [CursorUI] ViewBridge to RemoteViewService Terminated: Error Domain=com.apple.ViewBridge Code=18 "(null)" UserInfo={com.apple.ViewBridge.error.hint=this process disconnected remote view controller -- benign unless unexpected, com.apple.ViewBridge.error.description=NSViewBridgeErrorCanceled}
build-test	Model and geometry tests; Debug build	2026-10-03T07:16:44.3312550Z $REPO/Tests/PhotoAxisAppTests/ContentEditingTests.swift:173: -[PhotoAxisAppTests.ContentEditingTests testInstalledVietnameseInputContext] : Test skipped - The native context cannot activate Telex; manual IME acceptance remains required
build-test	Model and geometry tests; Debug build	2026-10-03T07:16:44.3334700Z Test Case '-[PhotoAxisAppTests.ContentEditingTests testInstalledVietnameseInputContext]' skipped (0.662 seconds).
build-test	Model and geometry tests; Debug build	2026-10-03T07:16:44.3335700Z Test Case '-[PhotoAxisAppTests.ContentEditingTests testNativeCompositionTypingKeysCancelAndApply]' started.
build-test	Model and geometry tests; Debug build	2026-10-03T07:16:44.7115530Z Test Case '-[PhotoAxisAppTests.ContentEditingTests testNativeCompositionTypingKeysCancelAndApply]' passed (0.383 seconds).
build-test	Model and geometry tests; Debug build	2026-10-03T07:16:44.7117730Z Test Case '-[PhotoAxisAppTests.ContentEditingTests testNativeShapeGesturesAndPropertiesRouting]' started.
build-test	Model and geometry tests; Debug build	2026-10-03T07:16:44.9279930Z Test Case '-[PhotoAxisAppTests.ContentEditingTests testNativeShapeGesturesAndPropertiesRouting]' passed (0.218 seconds).
build-test	Model and geometry tests; Debug build	2026-10-03T07:16:44.9309780Z Test Case '-[PhotoAxisAppTests.ContentEditingTests testShapeAlphaHitTestingAndCompositeEyedropper]' started.
build-test	Model and geometry tests; Debug build	2026-10-03T07:16:45.0572910Z Test Case '-[PhotoAxisAppTests.ContentEditingTests testShapeAlphaHitTestingAndCompositeEyedropper]' passed (0.129 seconds).
build-test	Model and geometry tests; Debug build	2026-10-03T07:16:45.0576090Z Test Case '-[PhotoAxisAppTests.ContentEditingTests testTextRenderingAlignmentBoundsAndQuota]' started.
build-test	Model and geometry tests; Debug build	2026-10-03T07:16:45.0629680Z Test Case '-[PhotoAxisAppTests.ContentEditingTests testTextRenderingAlignmentBoundsAndQuota]' passed (0.006 seconds).
build-test	Model and geometry tests; Debug build	2026-10-03T07:16:45.0647850Z Test Case '-[PhotoAxisAppTests.ContentEditingTests testTextSessionsUnicodeFontFallbackAndUndo]' started.
build-test	Model and geometry tests; Debug build	2026-10-03T07:16:45.0913990Z Test Case '-[PhotoAxisAppTests.ContentEditingTests testTextSessionsUnicodeFontFallbackAndUndo]' passed (0.028 seconds).
build-test	Model and geometry tests; Debug build	2026-10-03T07:16:45.0915200Z Test Suite 'ContentEditingTests' passed at 2026-10-03 07:16:45.090.
build-test	Model and geometry tests; Debug build	2026-10-03T07:16:45.0939860Z 	 Executed 7 tests, with 1 test skipped and 0 failures (0 unexpected) in 1.590 (1.592) seconds
build-test	Model and geometry tests; Debug build	2026-10-03T07:16:45.0940800Z Test Suite 'CropEditingTests' started at 2026-10-03 07:16:45.090.
build-test	Model and geometry tests; Debug build	2026-10-03T07:16:45.0941620Z Test Case '-[PhotoAxisAppTests.CropEditingTests testCropHandlesPanCancelAndApplyInNativeWindow]' started.
build-test	Model and geometry tests; Debug build	2026-10-03T07:16:45.5272960Z Test Case '-[PhotoAxisAppTests.CropEditingTests testCropHandlesPanCancelAndApplyInNativeWindow]' passed (0.436 seconds).
build-test	Model and geometry tests; Debug build	2026-10-03T07:16:45.5287500Z Test Case '-[PhotoAxisAppTests.CropEditingTests testCropRenderUndoAndNoResurrectionAfterCanvasMoveRotate]' started.
build-test	Model and geometry tests; Debug build	2026-10-03T07:16:45.6344530Z Test Case '-[PhotoAxisAppTests.CropEditingTests testCropRenderUndoAndNoResurrectionAfterCanvasMoveRotate]' passed (0.107 seconds).
build-test	Model and geometry tests; Debug build	2026-10-03T07:16:45.6348060Z Test Case '-[PhotoAxisAppTests.CropEditingTests testRatioPixelsCancelAndIndependentTabs]' started.
build-test	Model and geometry tests; Debug build	2026-10-03T07:16:45.6808270Z Test Case '-[PhotoAxisAppTests.CropEditingTests testRatioPixelsCancelAndIndependentTabs]' passed (0.045 seconds).
build-test	Model and geometry tests; Debug build	2026-10-03T07:16:45.6812830Z Test Case '-[PhotoAxisAppTests.CropEditingTests testSizeDialogValidationPPIAndLockedBackground]' started.
build-test	Model and geometry tests; Debug build	2026-10-03T07:16:45.7166690Z Test Case '-[PhotoAxisAppTests.CropEditingTests testSizeDialogValidationPPIAndLockedBackground]' passed (0.035 seconds).
build-test	Model and geometry tests; Debug build	2026-10-03T07:16:45.7167670Z Test Suite 'CropEditingTests' passed at 2026-10-03 07:16:45.714.
build-test	Model and geometry tests; Debug build	2026-10-03T07:16:45.7168320Z 	 Executed 4 tests, with 0 failures (0 unexpected) in 0.623 (0.624) seconds
build-test	Model and geometry tests; Debug build	2026-10-03T07:16:45.7168950Z Test Suite 'DocumentAppTests' started at 2026-10-03 07:16:45.714.
build-test	Model and geometry tests; Debug build	2026-10-03T07:16:45.7169620Z Test Case '-[PhotoAxisAppTests.DocumentAppTests testBatchPartialFailureAndClosedTargetDiscard]' started.
build-test	Model and geometry tests; Debug build	2026-10-03T07:16:45.7307960Z 2026-10-03 07:16:45.729125+0000 PhotoAxis[2753:11542] [PhotoAxis] handle_error:268: PNG read error
build-test	Model and geometry tests; Debug build	2026-10-03T07:16:45.7321280Z 2026-10-03 07:16:45.731539+0000 PhotoAxis[2753:11542] [PhotoAxis] imagePNG_error_break:384: *** ERROR: imagePNG_error_break
build-test	Model and geometry tests; Debug build	2026-10-03T07:16:45.7323700Z 2026-10-03 07:16:45.731583+0000 PhotoAxis[2753:11542] [PhotoAxis] makeImagePlus:3754: *** ERROR: 'PNG '-_reader->initImage[0] failed err=-50
build-test	Model and geometry tests; Debug build	2026-10-03T07:16:45.7441830Z Test Case '-[PhotoAxisAppTests.DocumentAppTests testBatchPartialFailureAndClosedTargetDiscard]' passed (0.028 seconds).
build-test	Model and geometry tests; Debug build	2026-10-03T07:16:45.7443280Z Test Case '-[PhotoAxisAppTests.DocumentAppTests testClipboardRoutingAndNativeNavigationWithoutDirtyOrUndo]' started.
build-test	Model and geometry tests; Debug build	2026-10-03T07:16:46.0160830Z Test Case '-[PhotoAxisAppTests.DocumentAppTests testClipboardRoutingAndNativeNavigationWithoutDirtyOrUndo]' passed (0.267 seconds).
build-test	Model and geometry tests; Debug build	2026-10-03T07:16:46.0170570Z Test Case '-[PhotoAxisAppTests.DocumentAppTests testHighDepthGrayscaleUnprofiledAndOversizedMetadata]' started.
build-test	Model and geometry tests; Debug build	2026-10-03T07:16:46.0655480Z Test Case '-[PhotoAxisAppTests.DocumentAppTests testHighDepthGrayscaleUnprofiledAndOversizedMetadata]' passed (0.055 seconds).
build-test	Model and geometry tests; Debug build	2026-10-03T07:16:46.0657430Z Test Case '-[PhotoAxisAppTests.DocumentAppTests testImportUnicodeEXIFAlphaAndImmutableSources]' started.
build-test	Model and geometry tests; Debug build	2026-10-03T07:16:46.1406490Z Test Case '-[PhotoAxisAppTests.DocumentAppTests testImportUnicodeEXIFAlphaAndImmutableSources]' passed (0.075 seconds).
build-test	Model and geometry tests; Debug build	2026-10-03T07:16:46.1410920Z Test Case '-[PhotoAxisAppTests.DocumentAppTests testNewPresetsValidationAndRegionalNumbers]' started.
build-test	Model and geometry tests; Debug build	2026-10-03T07:16:46.1577020Z Test Case '-[PhotoAxisAppTests.DocumentAppTests testNewPresetsValidationAndRegionalNumbers]' passed (0.017 seconds).
build-test	Model and geometry tests; Debug build	2026-10-03T07:16:46.1595210Z Test Case '-[PhotoAxisAppTests.DocumentAppTests testP3AndHEICConversion]' started.
build-test	Model and geometry tests; Debug build	2026-10-03T07:16:46.2001330Z 2026-10-03 07:16:46.199523+0000 PhotoAxis[2753:11542] [PhotoAxis] writeImageAtIndex:1035: ⭕️ ERROR: 'PhotoAxis' is trying to save an opaque image (640x480) with 'AlphaLast'. This would unnecessarily increase the file size and will double (!!!) the required memory when decoding the image --> ignoring alpha.
build-test	Model and geometry tests; Debug build	2026-10-03T07:16:46.2036760Z IOServiceMatchingfailed for: AppleM2ScalerParavirtDriver
build-test	Model and geometry tests; Debug build	2026-10-03T07:16:46.5090050Z Test Case '-[PhotoAxisAppTests.DocumentAppTests testP3AndHEICConversion]' passed (0.352 seconds).
build-test	Model and geometry tests; Debug build	2026-10-03T07:16:46.5096240Z Test Case '-[PhotoAxisAppTests.DocumentAppTests testQuotaPreflightResizeConsentAndCacheReclamation]' started.
build-test	Model and geometry tests; Debug build	2026-10-03T07:16:46.5148410Z Test Case '-[PhotoAxisAppTests.DocumentAppTests testQuotaPreflightResizeConsentAndCacheReclamation]' passed (0.005 seconds).
build-test	Model and geometry tests; Debug build	2026-10-03T07:16:46.5150870Z Test Case '-[PhotoAxisAppTests.DocumentAppTests testRejectsCorruptUnsupportedAndMultipleImages]' started.
build-test	Model and geometry tests; Debug build	2026-10-03T07:16:46.5162680Z 2026-10-03 07:16:46.514483+0000 PhotoAxis[2753:11542] [PhotoAxis] handle_error:268: PNG read error
build-test	Model and geometry tests; Debug build	2026-10-03T07:16:46.5164160Z 2026-10-03 07:16:46.514517+0000 PhotoAxis[2753:11542] [PhotoAxis] imagePNG_error_break:384: *** ERROR: imagePNG_error_break
build-test	Model and geometry tests; Debug build	2026-10-03T07:16:46.5165340Z 2026-10-03 07:16:46.514526+0000 PhotoAxis[2753:11542] [PhotoAxis] makeImagePlus:3754: *** ERROR: 'PNG '-_reader->initImage[0] failed err=-50
build-test	Model and geometry tests; Debug build	2026-10-03T07:16:46.5409600Z Test Case '-[PhotoAxisAppTests.DocumentAppTests testRejectsCorruptUnsupportedAndMultipleImages]' passed (0.026 seconds).
build-test	Model and geometry tests; Debug build	2026-10-03T07:16:46.5412670Z Test Case '-[PhotoAxisAppTests.DocumentAppTests testRendererCornersAndOverlayCoordinatesAtBothBackingScales]' started.
build-test	Model and geometry tests; Debug build	2026-10-03T07:16:46.6139220Z Test Case '-[PhotoAxisAppTests.DocumentAppTests testRendererCornersAndOverlayCoordinatesAtBothBackingScales]' passed (0.073 seconds).
build-test	Model and geometry tests; Debug build	2026-10-03T07:16:46.6167280Z Test Case '-[PhotoAxisAppTests.DocumentAppTests testTabsKeepNavigationSelectionUndoAndRejectSixth]' started.
build-test	Model and geometry tests; Debug build	2026-10-03T07:16:46.6184290Z Test Case '-[PhotoAxisAppTests.DocumentAppTests testTabsKeepNavigationSelectionUndoAndRejectSixth]' passed (0.002 seconds).
build-test	Model and geometry tests; Debug build	2026-10-03T07:16:46.6187600Z Test Suite 'DocumentAppTests' passed at 2026-10-03 07:16:46.615.
build-test	Model and geometry tests; Debug build	2026-10-03T07:16:46.6190640Z 	 Executed 10 tests, with 0 failures (0 unexpected) in 0.899 (0.901) seconds
build-test	Model and geometry tests; Debug build	2026-10-03T07:16:46.6191500Z Test Suite 'ExportTests' started at 2026-10-03 07:16:46.615.
build-test	Model and geometry tests; Debug build	2026-10-03T07:16:46.6192020Z Test Case '-[PhotoAxisAppTests.ExportTests testActualISOGainMapIsImportedAsSDRAndExportedWithoutHDRMetadata]' started.
build-test	Model and geometry tests; Debug build	2026-10-03T07:16:46.7290340Z 2026-10-03 07:16:46.720616+0000 PhotoAxis[2753:11512] [PhotoAxis] +[HDRImageConverter imageConverterWithOptions:]:40: ☀️ Failed to initialize Metal converter, falling back to SIMD for image conversion (slow)
build-test	Model and geometry tests; Debug build	2026-10-03T07:16:46.7390380Z 2026-10-03 07:16:46.725678+0000 PhotoAxis[2753:11512] [PhotoAxis] +[HDRImageConverter imageConverterWithOptions:]:40: ☀️ Failed to initialize Metal converter, falling back to SIMD for image conversion (slow)
build-test	Model and geometry tests; Debug build	2026-10-03T07:16:46.7492270Z too few samples
build-test	Model and geometry tests; Debug build	2026-10-03T07:16:46.7593900Z 2026-10-03 07:16:46.728129+0000 PhotoAxis[2753:11512] [PhotoAxis] +[HDRImageConverter computeToneMappingCurveFromLumaGainHistogram:]:301: Failed to fill gaps
build-test	Model and geometry tests; Debug build	2026-10-03T07:16:46.7695850Z 2026-10-03 07:16:46.728154+0000 PhotoAxis[2753:11512] [PhotoAxis] -[HDRImageConverter generateToneMappingCurveForImage:targetHeadroom:]:155: Failed to compute tone mapping curve from luma gain histogram
build-test	Model and geometry tests; Debug build	2026-10-03T07:16:46.7796330Z 2026-10-03 07:16:46.731550+0000 PhotoAxis[2753:11512] [PhotoAxis] IIOCreateHDRFlexGTCInfo:398: kCGFlexRangeAlternateColorSpace option must be set for FlexRange
build-test	Model and geometry tests; Debug build	2026-10-03T07:16:46.7899910Z 2026-10-03 07:16:46.731623+0000 PhotoAxis[2753:11512] [PhotoAxis] +[HDRImageConverter imageConverterWithOptions:]:40: ☀️ Failed to initialize Metal converter, falling back to SIMD for image conversion (slow)
build-test	Model and geometry tests; Debug build	2026-10-03T07:16:46.8001410Z too few samples
build-test	Model and geometry tests; Debug build	2026-10-03T07:16:46.8103430Z 2026-10-03 07:16:46.733305+0000 PhotoAxis[2753:11512] [PhotoAxis] +[HDRImageConverter computeToneMappingCurveFromLumaGainHistogram:]:301: Failed to fill gaps
build-test	Model and geometry tests; Debug build	2026-10-03T07:16:46.8203380Z 2026-10-03 07:16:46.733323+0000 PhotoAxis[2753:11512] [PhotoAxis] -[HDRImageConverter generateToneMappingCurveForImage:targetHeadroom:]:155: Failed to compute tone mapping curve from luma gain histogram
build-test	Model and geometry tests; Debug build	2026-10-03T07:16:46.8468970Z Test Case '-[PhotoAxisAppTests.ExportTests testActualISOGainMapIsImportedAsSDRAndExportedWithoutHDRMetadata]' passed (0.225 seconds).
build-test	Model and geometry tests; Debug build	2026-10-03T07:16:46.8480690Z Test Case '-[PhotoAxisAppTests.ExportTests testAtomicExportFailureCancellationAndConcurrentEditKeepDestinationAndDirtyState]' started.
build-test	Model and geometry tests; Debug build	2026-10-03T07:16:46.8985430Z Test Case '-[PhotoAxisAppTests.ExportTests testAtomicExportFailureCancellationAndConcurrentEditKeepDestinationAndDirtyState]' passed (0.054 seconds).
build-test	Model and geometry tests; Debug build	2026-10-03T07:16:46.9085240Z Test Case '-[PhotoAxisAppTests.ExportTests testFreshMetadataDropsGPSKeepsEXIFOrientationAndConvertsP3GrayDepth]' started.
build-test	Model and geometry tests; Debug build	2026-10-03T07:16:47.0991600Z Test Case '-[PhotoAxisAppTests.ExportTests testFreshMetadataDropsGPSKeepsEXIFOrientationAndConvertsP3GrayDepth]' passed (0.203 seconds).
build-test	Model and geometry tests; Debug build	2026-10-03T07:16:47.1002720Z Test Case '-[PhotoAxisAppTests.ExportTests testJPEGWhiteAndColoredMattePNGFlattenQualityAndLinearAlphaEdges]' started.
build-test	Model and geometry tests; Debug build	2026-10-03T07:16:47.4181850Z Test Case '-[PhotoAxisAppTests.ExportTests testJPEGWhiteAndColoredMattePNGFlattenQualityAndLinearAlphaEdges]' passed (0.317 seconds).
build-test	Model and geometry tests; Debug build	2026-10-03T07:16:47.4217670Z Test Case '-[PhotoAxisAppTests.ExportTests testMixedCropSaveCloseOpenEditExportCrossLanguageHiddenLayersAndSnapshot]' started.
build-test	Model and geometry tests; Debug build	2026-10-03T07:16:47.5169670Z Test Case '-[PhotoAxisAppTests.ExportTests testMixedCropSaveCloseOpenEditExportCrossLanguageHiddenLayersAndSnapshot]' passed (0.100 seconds).
build-test	Model and geometry tests; Debug build	2026-10-03T07:16:47.5186610Z Test Case '-[PhotoAxisAppTests.ExportTests testNativeExportFieldsLinkedDimensionsLocaleValidationAndPreviewForBothLanguages]' started.
build-test	Model and geometry tests; Debug build	2026-10-03T07:16:47.6006100Z Test Case '-[PhotoAxisAppTests.ExportTests testNativeExportFieldsLinkedDimensionsLocaleValidationAndPreviewForBothLanguages]' passed (0.080 seconds).
build-test	Model and geometry tests; Debug build	2026-10-03T07:16:47.6020030Z Test Case '-[PhotoAxisAppTests.ExportTests testPNGAlphaICCResizePPIAndNoDocumentMutation]' started.
build-test	Model and geometry tests; Debug build	2026-10-03T07:16:47.8594890Z Test Case '-[PhotoAxisAppTests.ExportTests testPNGAlphaICCResizePPIAndNoDocumentMutation]' passed (0.260 seconds).
build-test	Model and geometry tests; Debug build	2026-10-03T07:16:47.8603500Z Test Suite 'ExportTests' passed at 2026-10-03 07:16:47.857.
build-test	Model and geometry tests; Debug build	2026-10-03T07:16:47.8603990Z 	 Executed 7 tests, with 0 failures (0 unexpected) in 1.240 (1.241) seconds
build-test	Model and geometry tests; Debug build	2026-10-03T07:16:47.8604470Z Test Suite 'ImageAdjustmentTests' started at 2026-10-03 07:16:47.857.
build-test	Model and geometry tests; Debug build	2026-10-03T07:16:47.8605110Z Test Case '-[PhotoAxisAppTests.ImageAdjustmentTests testAlphaOtherLayerAndPerspectivePreserveLocalAdjustment]' started.
build-test	Model and geometry tests; Debug build	2026-10-03T07:16:48.1642970Z Test Case '-[PhotoAxisAppTests.ImageAdjustmentTests testAlphaOtherLayerAndPerspectivePreserveLocalAdjustment]' passed (0.307 seconds).
build-test	Model and geometry tests; Debug build	2026-10-03T07:16:48.1652850Z Test Case '-[PhotoAxisAppTests.ImageAdjustmentTests testNativeControlsCommitCancelInvalidLockAndLanguageLayout]' started.
build-test	Model and geometry tests; Debug build	2026-10-03T07:16:48.5546990Z Test Case '-[PhotoAxisAppTests.ImageAdjustmentTests testNativeControlsCommitCancelInvalidLockAndLanguageLayout]' passed (0.390 seconds).
build-test	Model and geometry tests; Debug build	2026-10-03T07:16:48.5548690Z Test Case '-[PhotoAxisAppTests.ImageAdjustmentTests testNeutralExtremesOrderAndBypassPixelOracle]' started.
build-test	Model and geometry tests; Debug build	2026-10-03T07:16:48.7197270Z Test Case '-[PhotoAxisAppTests.ImageAdjustmentTests testNeutralExtremesOrderAndBypassPixelOracle]' passed (0.165 seconds).
build-test	Model and geometry tests; Debug build	2026-10-03T07:16:48.7198820Z Test Case '-[PhotoAxisAppTests.ImageAdjustmentTests testRapidPreviewTabSwitchAndShortResponseMeasurement]' started.
build-test	Model and geometry tests; Debug build	2026-10-03T07:16:49.0463450Z Test Case '-[PhotoAxisAppTests.ImageAdjustmentTests testRapidPreviewTabSwitchAndShortResponseMeasurement]' passed (0.325 seconds).
build-test	Model and geometry tests; Debug build	2026-10-03T07:16:49.0466640Z Test Case '-[PhotoAxisAppTests.ImageAdjustmentTests testTransactionCancelUndoBranchEnableResetLockAndNoSourceMutation]' started.
build-test	Model and geometry tests; Debug build	2026-10-03T07:16:49.0638500Z Test Case '-[PhotoAxisAppTests.ImageAdjustmentTests testTransactionCancelUndoBranchEnableResetLockAndNoSourceMutation]' passed (0.017 seconds).
build-test	Model and geometry tests; Debug build	2026-10-03T07:16:49.0652070Z Test Suite 'ImageAdjustmentTests' passed at 2026-10-03 07:16:49.061.
build-test	Model and geometry tests; Debug build	2026-10-03T07:16:49.0658660Z 	 Executed 5 tests, with 0 failures (0 unexpected) in 1.203 (1.204) seconds
build-test	Model and geometry tests; Debug build	2026-10-03T07:16:49.0664140Z Test Suite 'InvestigationAnalysisTests' started at 2026-10-03 07:16:49.061.
build-test	Model and geometry tests; Debug build	2026-10-03T07:16:49.0685520Z Test Case '-[PhotoAxisAppTests.InvestigationAnalysisTests testAnalysisTamperingIsRejectedAndExportContainsSeparateRawAndConfirmedText]' started.
build-test	Model and geometry tests; Debug build	2026-10-03T07:16:49.8139060Z Test Case '-[PhotoAxisAppTests.InvestigationAnalysisTests testAnalysisTamperingIsRejectedAndExportContainsSeparateRawAndConfirmedText]' passed (0.749 seconds).
build-test	Model and geometry tests; Debug build	2026-10-03T07:16:49.8142430Z Test Case '-[PhotoAxisAppTests.InvestigationAnalysisTests testCalibrationMeasureStalenessAndReceiptRollbackWithoutChangingPixels]' started.
build-test	Model and geometry tests; Debug build	2026-10-03T07:16:49.8816890Z Test Case '-[PhotoAxisAppTests.InvestigationAnalysisTests testCalibrationMeasureStalenessAndReceiptRollbackWithoutChangingPixels]' passed (0.069 seconds).
build-test	Model and geometry tests; Debug build	2026-10-03T07:16:49.8824670Z Test Case '-[PhotoAxisAppTests.InvestigationAnalysisTests testNativeOCRReviewKeepsRawReadOnlyAndSavesExplicitUserEdit]' started.
build-test	Model and geometry tests; Debug build	2026-10-03T07:16:50.3513410Z Test Case '-[PhotoAxisAppTests.InvestigationAnalysisTests testNativeOCRReviewKeepsRawReadOnlyAndSavesExplicitUserEdit]' passed (0.469 seconds).
build-test	Model and geometry tests; Debug build	2026-10-03T07:16:50.3514790Z Test Case '-[PhotoAxisAppTests.InvestigationAnalysisTests testOCRComputeUsesOnlyRequestSupportedCPUDevices]' started.
build-test	Model and geometry tests; Debug build	2026-10-03T07:16:50.3519070Z Test Case '-[PhotoAxisAppTests.InvestigationAnalysisTests testOCRComputeUsesOnlyRequestSupportedCPUDevices]' passed (0.001 seconds).
build-test	Model and geometry tests; Debug build	2026-10-03T07:16:50.3522620Z Test Case '-[PhotoAxisAppTests.InvestigationAnalysisTests testOCRReceiptFailureKeepsPreviousConfirmationAndManifest]' started.
build-test	Model and geometry tests; Debug build	2026-10-03T07:16:50.8023070Z Test Case '-[PhotoAxisAppTests.InvestigationAnalysisTests testOCRReceiptFailureKeepsPreviousConfirmationAndManifest]' passed (0.451 seconds).
build-test	Model and geometry tests; Debug build	2026-10-03T07:16:50.8045320Z Test Case '-[PhotoAxisAppTests.InvestigationAnalysisTests testOriginalVideoBytesAndVariableRateFrameOrdinalExactPTSAndTrackRotation]' started.
build-test	Model and geometry tests; Debug build	2026-10-03T07:16:51.0145770Z Test Case '-[PhotoAxisAppTests.InvestigationAnalysisTests testOriginalVideoBytesAndVariableRateFrameOrdinalExactPTSAndTrackRotation]' passed (0.210 seconds).
build-test	Model and geometry tests; Debug build	2026-10-03T07:16:51.0248030Z Test Case '-[PhotoAxisAppTests.InvestigationAnalysisTests testUnsupportedVietnameseOCRHasExplicitFailureAndNeverSubstitutesEnglish]' started.
build-test	Model and geometry tests; Debug build	2026-10-03T07:16:51.0290440Z Test Case '-[PhotoAxisAppTests.InvestigationAnalysisTests testUnsupportedVietnameseOCRHasExplicitFailureAndNeverSubstitutesEnglish]' passed (0.001 seconds).
build-test	Model and geometry tests; Debug build	2026-10-03T07:16:51.0293470Z Test Case '-[PhotoAxisAppTests.InvestigationAnalysisTests testVideoFailedIntakeCommitRollsBackNewOriginalAndAnalysis]' started.
build-test	Model and geometry tests; Debug build	2026-10-03T07:16:51.0294650Z Test Case '-[PhotoAxisAppTests.InvestigationAnalysisTests testVideoFailedIntakeCommitRollsBackNewOriginalAndAnalysis]' passed (0.009 seconds).
build-test	Model and geometry tests; Debug build	2026-10-03T07:16:51.0296130Z Test Case '-[PhotoAxisAppTests.InvestigationAnalysisTests testVideoOutOfRangeMissingOffsetReasonAndOriginalMutationRefuseExtraction]' started.
build-test	Model and geometry tests; Debug build	2026-10-03T07:16:51.0774540Z Test Case '-[PhotoAxisAppTests.InvestigationAnalysisTests testVideoOutOfRangeMissingOffsetReasonAndOriginalMutationRefuseExtraction]' passed (0.052 seconds).
build-test	Model and geometry tests; Debug build	2026-10-03T07:16:51.0842070Z Test Case '-[PhotoAxisAppTests.InvestigationAnalysisTests testVietnameseOCRSourceROIRecognitionConfirmationAndPersistentRevisions]' started.
build-test	Model and geometry tests; Debug build	2026-10-03T07:16:51.7989500Z Test Case '-[PhotoAxisAppTests.InvestigationAnalysisTests testVietnameseOCRSourceROIRecognitionConfirmationAndPersistentRevisions]' passed (0.724 seconds).
build-test	Model and geometry tests; Debug build	2026-10-03T07:16:51.8030400Z Test Suite 'InvestigationAnalysisTests' passed at 2026-10-03 07:16:51.798.
build-test	Model and geometry tests; Debug build	2026-10-03T07:16:51.8030970Z 	 Executed 10 tests, with 0 failures (0 unexpected) in 2.735 (2.737) seconds
build-test	Model and geometry tests; Debug build	2026-10-03T07:16:51.8031380Z Test Suite 'InvestigationWorkflowTests' started at 2026-10-03 07:16:51.798.
build-test	Model and geometry tests; Debug build	2026-10-03T07:16:51.8031990Z Test Case '-[PhotoAxisAppTests.InvestigationWorkflowTests testA4PDFLayoutsAreRasterOnlyAndPaginateOneTwoFour]' started.
build-test	Model and geometry tests; Debug build	2026-10-03T07:16:52.4963400Z Test Case '-[PhotoAxisAppTests.InvestigationWorkflowTests testA4PDFLayoutsAreRasterOnlyAndPaginateOneTwoFour]' passed (0.697 seconds).
build-test	Model and geometry tests; Debug build	2026-10-03T07:16:52.4968520Z Test Case '-[PhotoAxisAppTests.InvestigationWorkflowTests testCanvasPickingUsesSourcePixelsWithMarginsReverseDragAndClamping]' started.
build-test	Model and geometry tests; Debug build	2026-10-03T07:16:52.5508790Z Test Case '-[PhotoAxisAppTests.InvestigationWorkflowTests testCanvasPickingUsesSourcePixelsWithMarginsReverseDragAndClamping]' passed (0.054 seconds).
build-test	Model and geometry tests; Debug build	2026-10-03T07:16:52.5512580Z Test Case '-[PhotoAxisAppTests.InvestigationWorkflowTests testCanvasPointsPersistAcrossMouseUpAndEscapeDiscardsPresentation]' started.
build-test	Model and geometry tests; Debug build	2026-10-03T07:16:52.7750810Z Test Case '-[PhotoAxisAppTests.InvestigationWorkflowTests testCanvasPointsPersistAcrossMouseUpAndEscapeDiscardsPresentation]' passed (0.222 seconds).
build-test	Model and geometry tests; Debug build	2026-10-03T07:16:52.7754760Z Test Case '-[PhotoAxisAppTests.InvestigationWorkflowTests testCaseBoundWorkingFileIsLockedWithoutCaseAndCannotBypassSharing]' started.
build-test	Model and geometry tests; Debug build	2026-10-03T07:16:52.9404680Z Test Case '-[PhotoAxisAppTests.InvestigationWorkflowTests testCaseBoundWorkingFileIsLockedWithoutCaseAndCannotBypassSharing]' passed (0.164 seconds).
build-test	Model and geometry tests; Debug build	2026-10-03T07:16:52.9471750Z Test Case '-[PhotoAxisAppTests.InvestigationWorkflowTests testCaseSelectionFollowsActiveTabAcrossTwoCases]' started.
build-test	Model and geometry tests; Debug build	2026-10-03T07:16:53.1460890Z Test Case '-[PhotoAxisAppTests.InvestigationWorkflowTests testCaseSelectionFollowsActiveTabAcrossTwoCases]' passed (0.192 seconds).
build-test	Model and geometry tests; Debug build	2026-10-03T07:16:53.1573470Z Test Case '-[PhotoAxisAppTests.InvestigationWorkflowTests testChangingTabOrModelCancelsDraftWithoutWritingAudit]' started.
build-test	Model and geometry tests; Debug build	2026-10-03T07:16:53.4526980Z Test Case '-[PhotoAxisAppTests.InvestigationWorkflowTests testChangingTabOrModelCancelsDraftWithoutWritingAudit]' passed (0.287 seconds).
build-test	Model and geometry tests; Debug build	2026-10-03T07:16:53.4543590Z Test Case '-[PhotoAxisAppTests.InvestigationWorkflowTests testDeleteSaveUndoThenRestartRestoresIntakeWorkingSource]' started.
build-test	Model and geometry tests; Debug build	2026-10-03T07:16:53.5337650Z Test Case '-[PhotoAxisAppTests.InvestigationWorkflowTests testDeleteSaveUndoThenRestartRestoresIntakeWorkingSource]' passed (0.116 seconds).
build-test	Model and geometry tests; Debug build	2026-10-03T07:16:53.5380800Z Test Case '-[PhotoAxisAppTests.InvestigationWorkflowTests testFailedAuditRefusesEditAndUndoAndPreservesPreviousManifest]' started.
build-test	Model and geometry tests; Debug build	2026-10-03T07:16:53.5854290Z Test Case '-[PhotoAxisAppTests.InvestigationWorkflowTests testFailedAuditRefusesEditAndUndoAndPreservesPreviousManifest]' passed (0.048 seconds).
build-test	Model and geometry tests; Debug build	2026-10-03T07:16:53.5855670Z Test Case '-[PhotoAxisAppTests.InvestigationWorkflowTests testFailedSaveReceiptKeepsPreviousArchiveAndRestartableUnsavedEdits]' started.
build-test	Model and geometry tests; Debug build	2026-10-03T07:16:53.6653430Z Test Case '-[PhotoAxisAppTests.InvestigationWorkflowTests testFailedSaveReceiptKeepsPreviousArchiveAndRestartableUnsavedEdits]' passed (0.083 seconds).
build-test	Model and geometry tests; Debug build	2026-10-03T07:16:53.6691860Z Test Case '-[PhotoAxisAppTests.InvestigationWorkflowTests testFlattenedPNGRedactionsRemovePixelsAndMetadataWhileOriginalIsUnchanged]' started.
build-test	Model and geometry tests; Debug build	2026-10-03T07:16:53.7235660Z Test Case '-[PhotoAxisAppTests.InvestigationWorkflowTests testFlattenedPNGRedactionsRemovePixelsAndMetadataWhileOriginalIsUnchanged]' passed (0.059 seconds).
build-test	Model and geometry tests; Debug build	2026-10-03T07:16:53.7277970Z Test Case '-[PhotoAxisAppTests.InvestigationWorkflowTests testInlineAnnotationMakesOneUndoAndNeverChangesOriginalBytes]' started.
build-test	Model and geometry tests; Debug build	2026-10-03T07:16:54.0145450Z Test Case '-[PhotoAxisAppTests.InvestigationWorkflowTests testInlineAnnotationMakesOneUndoAndNeverChangesOriginalBytes]' passed (0.291 seconds).
build-test	Model and geometry tests; Debug build	2026-10-03T07:16:54.0150040Z Test Case '-[PhotoAxisAppTests.InvestigationWorkflowTests testInlineCaseEditApplyAndCancelAreTransactionalWithoutAuxiliaryWindow]' started.
build-test	Model and geometry tests; Debug build	2026-10-03T07:16:54.2841350Z Test Case '-[PhotoAxisAppTests.InvestigationWorkflowTests testInlineCaseEditApplyAndCancelAreTransactionalWithoutAuxiliaryWindow]' passed (0.270 seconds).
build-test	Model and geometry tests; Debug build	2026-10-03T07:16:54.2843740Z Test Case '-[PhotoAxisAppTests.InvestigationWorkflowTests testIntakePreservesExactOriginalSeparatesWorkingAndDetectsExternalMutation]' started.
build-test	Model and geometry tests; Debug build	2026-10-03T07:16:54.3272480Z Test Case '-[PhotoAxisAppTests.InvestigationWorkflowTests testIntakePreservesExactOriginalSeparatesWorkingAndDetectsExternalMutation]' passed (0.042 seconds).
build-test	Model and geometry tests; Debug build	2026-10-03T07:16:54.3277710Z Test Case '-[PhotoAxisAppTests.InvestigationWorkflowTests testInvestigationNativeControlsAndComparisonInBothLanguages]' started.
build-test	Model and geometry tests; Debug build	2026-10-03T07:16:54.5971630Z Test Case '-[PhotoAxisAppTests.InvestigationWorkflowTests testInvestigationNativeControlsAndComparisonInBothLanguages]' passed (0.266 seconds).
build-test	Model and geometry tests; Debug build	2026-10-03T07:16:54.5984470Z Test Case '-[PhotoAxisAppTests.InvestigationWorkflowTests testOrphanUnsavedDocumentCannotBeDiscardedWhenOpeningCaseItem]' started.
build-test	Model and geometry tests; Debug build	2026-10-03T07:16:54.6973280Z Test Case '-[PhotoAxisAppTests.InvestigationWorkflowTests testOrphanUnsavedDocumentCannotBeDiscardedWhenOpeningCaseItem]' passed (0.103 seconds).
build-test	Model and geometry tests; Debug build	2026-10-03T07:16:54.6986560Z Test Case '-[PhotoAxisAppTests.InvestigationWorkflowTests testProcessingUndoRedoSaveAndRestartRetainLogWithoutSessionHistory]' started.
build-test	Model and geometry tests; Debug build	2026-10-03T07:16:54.7900700Z Test Case '-[PhotoAxisAppTests.InvestigationWorkflowTests testProcessingUndoRedoSaveAndRestartRetainLogWithoutSessionHistory]' passed (0.092 seconds).
build-test	Model and geometry tests; Debug build	2026-10-03T07:16:54.7905450Z Test Case '-[PhotoAxisAppTests.InvestigationWorkflowTests testResizedWorkingImageAndPrivateMetadataKeepReceivedBytesUnchanged]' started.
build-test	Model and geometry tests; Debug build	2026-10-03T07:16:54.8572180Z Test Case '-[PhotoAxisAppTests.InvestigationWorkflowTests testResizedWorkingImageAndPrivateMetadataKeepReceivedBytesUnchanged]' passed (0.068 seconds).
build-test	Model and geometry tests; Debug build	2026-10-03T07:16:54.8584810Z Test Case '-[PhotoAxisAppTests.InvestigationWorkflowTests testScanAuditSaveUndoAndReviewInvalidationPreserveOriginal]' started.
build-test	Model and geometry tests; Debug build	2026-10-03T07:16:55.1553740Z Test Case '-[PhotoAxisAppTests.InvestigationWorkflowTests testScanAuditSaveUndoAndReviewInvalidationPreserveOriginal]' passed (0.298 seconds).
build-test	Model and geometry tests; Debug build	2026-10-03T07:16:55.1569760Z Test Case '-[PhotoAxisAppTests.InvestigationWorkflowTests testStreamedPDFEnglishAndLongCaptionRefusesSilentTruncation]' started.
build-test	Model and geometry tests; Debug build	2026-10-03T07:16:55.3130570Z Test Case '-[PhotoAxisAppTests.InvestigationWorkflowTests testStreamedPDFEnglishAndLongCaptionRefusesSilentTruncation]' passed (0.158 seconds).
build-test	Model and geometry tests; Debug build	2026-10-03T07:16:55.3145480Z Test Case '-[PhotoAxisAppTests.InvestigationWorkflowTests testTwoTabQuitCancellationPreservesCaseEditsAndFinalDiscardIsRecorded]' started.
build-test	Model and geometry tests; Debug build	2026-10-03T07:16:55.3814600Z Test Case '-[PhotoAxisAppTests.InvestigationWorkflowTests testTwoTabQuitCancellationPreservesCaseEditsAndFinalDiscardIsRecorded]' passed (0.067 seconds).
build-test	Model and geometry tests; Debug build	2026-10-03T07:16:55.3816460Z Test Suite 'InvestigationWorkflowTests' passed at 2026-10-03 07:16:55.379.
build-test	Model and geometry tests; Debug build	2026-10-03T07:16:55.3817220Z 	 Executed 20 tests, with 0 failures (0 unexpected) in 3.577 (3.581) seconds
build-test	Model and geometry tests; Debug build	2026-10-03T07:16:55.3817720Z Test Suite 'LayerEditingTests' started at 2026-10-03 07:16:55.380.
build-test	Model and geometry tests; Debug build	2026-10-03T07:16:55.3818490Z Test Case '-[PhotoAxisAppTests.LayerEditingTests testNativeHandlesScaleModifiersKeyboardAndOverlay]' started.
build-test	Model and geometry tests; Debug build	2026-10-03T07:16:56.0284340Z Test Case '-[PhotoAxisAppTests.LayerEditingTests testNativeHandlesScaleModifiersKeyboardAndOverlay]' passed (0.647 seconds).
build-test	Model and geometry tests; Debug build	2026-10-03T07:16:56.0287120Z Test Case '-[PhotoAxisAppTests.LayerEditingTests testNativeOpacityActionAndTransformFieldsAcrossTabs]' started.
build-test	Model and geometry tests; Debug build	2026-10-03T07:16:56.1175100Z Test Case '-[PhotoAxisAppTests.LayerEditingTests testNativeOpacityActionAndTransformFieldsAcrossTabs]' passed (0.088 seconds).
build-test	Model and geometry tests; Debug build	2026-10-03T07:16:56.1177100Z Test Case '-[PhotoAxisAppTests.LayerEditingTests testNormalLinearCompositeOpacityOrderAndAlphaHitTest]' started.
build-test	Model and geometry tests; Debug build	2026-10-03T07:16:56.2218660Z Test Case '-[PhotoAxisAppTests.LayerEditingTests testNormalLinearCompositeOpacityOrderAndAlphaHitTest]' passed (0.105 seconds).
build-test	Model and geometry tests; Debug build	2026-10-03T07:16:56.2222080Z Test Case '-[PhotoAxisAppTests.LayerEditingTests testTabSessionsAndUndoRemainIndependent]' started.
build-test	Model and geometry tests; Debug build	2026-10-03T07:16:56.2494490Z Test Case '-[PhotoAxisAppTests.LayerEditingTests testTabSessionsAndUndoRemainIndependent]' passed (0.027 seconds).
build-test	Model and geometry tests; Debug build	2026-10-03T07:16:56.2495990Z Test Case '-[PhotoAxisAppTests.LayerEditingTests testTransformPreviewRollbackNumbersFlipAndSingleCommit]' started.
build-test	Model and geometry tests; Debug build	2026-10-03T07:16:56.2626890Z Test Case '-[PhotoAxisAppTests.LayerEditingTests testTransformPreviewRollbackNumbersFlipAndSingleCommit]' passed (0.014 seconds).
build-test	Model and geometry tests; Debug build	2026-10-03T07:16:56.2634260Z Test Case '-[PhotoAxisAppTests.LayerEditingTests testUndoBridgeTransactionsBranchSavedMarkerAndSourceSharing]' started.
build-test	Model and geometry tests; Debug build	2026-10-03T07:16:56.2764670Z Test Case '-[PhotoAxisAppTests.LayerEditingTests testUndoBridgeTransactionsBranchSavedMarkerAndSourceSharing]' passed (0.013 seconds).
build-test	Model and geometry tests; Debug build	2026-10-03T07:16:56.2766570Z Test Suite 'LayerEditingTests' passed at 2026-10-03 07:16:56.275.
build-test	Model and geometry tests; Debug build	2026-10-03T07:16:56.2767570Z 	 Executed 6 tests, with 0 failures (0 unexpected) in 0.894 (0.895) seconds
build-test	Model and geometry tests; Debug build	2026-10-03T07:16:56.2768150Z Test Suite 'MultiLayerPerspectiveTests' started at 2026-10-03 07:16:56.275.
build-test	Model and geometry tests; Debug build	2026-10-03T07:16:56.2769060Z Test Case '-[PhotoAxisAppTests.MultiLayerPerspectiveTests testFullyDiscardedTypedLayersStayEmptyAfterExpansionAndMove]' started.
build-test	Model and geometry tests; Debug build	2026-10-03T07:16:56.3210610Z Test Case '-[PhotoAxisAppTests.MultiLayerPerspectiveTests testFullyDiscardedTypedLayersStayEmptyAfterExpansionAndMove]' passed (0.045 seconds).
build-test	Model and geometry tests; Debug build	2026-10-03T07:16:56.3213340Z Test Case '-[PhotoAxisAppTests.MultiLayerPerspectiveTests testHiddenLockedAndDiscardedContentNeverReappears]' started.
build-test	Model and geometry tests; Debug build	2026-10-03T07:16:56.4115420Z Test Case '-[PhotoAxisAppTests.MultiLayerPerspectiveTests testHiddenLockedAndDiscardedContentNeverReappears]' passed (0.090 seconds).
build-test	Model and geometry tests; Debug build	2026-10-03T07:16:56.4117690Z Test Case '-[PhotoAxisAppTests.MultiLayerPerspectiveTests testMixedPreviewCommonMappingPixelOracleAndHistory]' started.
build-test	Model and geometry tests; Debug build	2026-10-03T07:16:59.1593980Z Test Case '-[PhotoAxisAppTests.MultiLayerPerspectiveTests testMixedPreviewCommonMappingPixelOracleAndHistory]' passed (2.747 seconds).
build-test	Model and geometry tests; Debug build	2026-10-03T07:16:59.1601010Z Test Case '-[PhotoAxisAppTests.MultiLayerPerspectiveTests testOldTextShapeEditsNewLayersAndProjectiveHitMoveTransform]' started.
build-test	Model and geometry tests; Debug build	2026-10-03T07:16:59.2347090Z Test Case '-[PhotoAxisAppTests.MultiLayerPerspectiveTests testOldTextShapeEditsNewLayersAndProjectiveHitMoveTransform]' passed (0.075 seconds).
build-test	Model and geometry tests; Debug build	2026-10-03T07:16:59.2348990Z Test Case '-[PhotoAxisAppTests.MultiLayerPerspectiveTests testPropertiesEditorVisibleAndFocusForBothLanguages]' started.
build-test	Model and geometry tests; Debug build	2026-10-03T07:16:59.5881040Z Test Case '-[PhotoAxisAppTests.MultiLayerPerspectiveTests testPropertiesEditorVisibleAndFocusForBothLanguages]' passed (0.353 seconds).
build-test	Model and geometry tests; Debug build	2026-10-03T07:16:59.5884880Z Test Case '-[PhotoAxisAppTests.MultiLayerPerspectiveTests testRepeatedCropTransformKeepsResourcesAndTypedSources]' started.
build-test	Model and geometry tests; Debug build	2026-10-03T07:16:59.9095250Z Test Case '-[PhotoAxisAppTests.MultiLayerPerspectiveTests testRepeatedCropTransformKeepsResourcesAndTypedSources]' passed (0.321 seconds).
build-test	Model and geometry tests; Debug build	2026-10-03T07:16:59.9099720Z Test Suite 'MultiLayerPerspectiveTests' passed at 2026-10-03 07:16:59.908.
build-test	Model and geometry tests; Debug build	2026-10-03T07:16:59.9100380Z 	 Executed 6 tests, with 0 failures (0 unexpected) in 3.632 (3.633) seconds
build-test	Model and geometry tests; Debug build	2026-10-03T07:16:59.9100970Z Test Suite 'PerspectiveEditingTests' started at 2026-10-03 07:16:59.909.
build-test	Model and geometry tests; Debug build	2026-10-03T07:16:59.9105170Z Test Case '-[PhotoAxisAppTests.PerspectiveEditingTests testEXIFRotatedCornersKeepNamedOrder]' started.
build-test	Model and geometry tests; Debug build	2026-10-03T07:16:59.9751740Z Test Case '-[PhotoAxisAppTests.PerspectiveEditingTests testEXIFRotatedCornersKeepNamedOrder]' passed (0.065 seconds).
build-test	Model and geometry tests; Debug build	2026-10-03T07:16:59.9755990Z Test Case '-[PhotoAxisAppTests.PerspectiveEditingTests testNativeInitialDragAllHandlesZoomPanPreviewAndReturn]' started.
build-test	Model and geometry tests; Debug build	2026-10-03T07:17:00.4568710Z Test Case '-[PhotoAxisAppTests.PerspectiveEditingTests testNativeInitialDragAllHandlesZoomPanPreviewAndReturn]' passed (0.482 seconds).
build-test	Model and geometry tests; Debug build	2026-10-03T07:17:00.4570920Z Test Case '-[PhotoAxisAppTests.PerspectiveEditingTests testNativeOptionsCallbacksAndLayoutInBothLanguages]' started.
build-test	Model and geometry tests; Debug build	2026-10-03T07:17:01.1822420Z Test Case '-[PhotoAxisAppTests.PerspectiveEditingTests testNativeOptionsCallbacksAndLayoutInBothLanguages]' passed (0.725 seconds).
build-test	Model and geometry tests; Debug build	2026-10-03T07:17:01.1840690Z Test Case '-[PhotoAxisAppTests.PerspectiveEditingTests testOutputModesInvalidInputCancelAndIndependentTabs]' started.
build-test	Model and geometry tests; Debug build	2026-10-03T07:17:01.2216680Z Test Case '-[PhotoAxisAppTests.PerspectiveEditingTests testOutputModesInvalidInputCancelAndIndependentTabs]' passed (0.039 seconds).
build-test	Model and geometry tests; Debug build	2026-10-03T07:17:01.2226760Z Test Case '-[PhotoAxisAppTests.PerspectiveEditingTests testPoleOutsideRetainedRegionUsesBoundedMetalRender]' started.
build-test	Model and geometry tests; Debug build	2026-10-03T07:17:01.3654650Z Test Case '-[PhotoAxisAppTests.PerspectiveEditingTests testPoleOutsideRetainedRegionUsesBoundedMetalRender]' passed (0.143 seconds).
build-test	Model and geometry tests; Debug build	2026-10-03T07:17:01.3656170Z Test Case '-[PhotoAxisAppTests.PerspectiveEditingTests testPreviewApplyCornerOrientationUndoRedoAndSourceBytes]' started.
build-test	Model and geometry tests; Debug build	2026-10-03T07:17:01.4256010Z Test Case '-[PhotoAxisAppTests.PerspectiveEditingTests testPreviewApplyCornerOrientationUndoRedoAndSourceBytes]' passed (0.060 seconds).
build-test	Model and geometry tests; Debug build	2026-10-03T07:17:01.4257570Z Test Case '-[PhotoAxisAppTests.PerspectiveEditingTests testReferenceGradientAndAlphaAgainstIndependentMapping]' started.
build-test	Model and geometry tests; Debug build	2026-10-03T07:17:01.5486690Z Test Case '-[PhotoAxisAppTests.PerspectiveEditingTests testReferenceGradientAndAlphaAgainstIndependentMapping]' passed (0.124 seconds).
build-test	Model and geometry tests; Debug build	2026-10-03T07:17:01.5503260Z Test Suite 'PerspectiveEditingTests' passed at 2026-10-03 07:17:01.548.
build-test	Model and geometry tests; Debug build	2026-10-03T07:17:01.5505080Z 	 Executed 7 tests, with 0 failures (0 unexpected) in 1.637 (1.639) seconds
build-test	Model and geometry tests; Debug build	2026-10-03T07:17:01.5505690Z Test Suite 'ProjectDocumentTests' started at 2026-10-03 07:17:01.548.
build-test	Model and geometry tests; Debug build	2026-10-03T07:17:01.5526730Z Test Case '-[PhotoAxisAppTests.ProjectDocumentTests testAtomicNoSpaceDeniedCancellationAndRenameFailurePreservePreviousGoodFile]' started.
build-test	Model and geometry tests; Debug build	2026-10-03T07:17:01.5547940Z Test Case '-[PhotoAxisAppTests.ProjectDocumentTests testAtomicNoSpaceDeniedCancellationAndRenameFailurePreservePreviousGoodFile]' passed (0.005 seconds).
build-test	Model and geometry tests; Debug build	2026-10-03T07:17:01.5561750Z Test Case '-[PhotoAxisAppTests.ProjectDocumentTests testCoordinatorSaveAndOpenRouteOwnsDirtyStateWithoutUndoOrSourceURL]' started.
build-test	Model and geometry tests; Debug build	2026-10-03T07:17:01.5939500Z Test Case '-[PhotoAxisAppTests.ProjectDocumentTests testCoordinatorSaveAndOpenRouteOwnsDirtyStateWithoutUndoOrSourceURL]' passed (0.037 seconds).
build-test	Model and geometry tests; Debug build	2026-10-03T07:17:01.5955010Z Test Case '-[PhotoAxisAppTests.ProjectDocumentTests testEmbeddedHashAndDimensionsAreCheckedWithoutDecodingUnboundedPixels]' started.
build-test	Model and geometry tests; Debug build	2026-10-03T07:17:01.5962740Z Test Case '-[PhotoAxisAppTests.ProjectDocumentTests testEmbeddedHashAndDimensionsAreCheckedWithoutDecodingUnboundedPixels]' passed (0.002 seconds).
build-test	Model and geometry tests; Debug build	2026-10-03T07:17:01.5964830Z Test Case '-[PhotoAxisAppTests.ProjectDocumentTests testIndependentDeflateZIPAndRealPermissionDeniedSave]' started.
build-test	Model and geometry tests; Debug build	2026-10-03T07:17:01.6072790Z Test Case '-[PhotoAxisAppTests.ProjectDocumentTests testIndependentDeflateZIPAndRealPermissionDeniedSave]' passed (0.012 seconds).
build-test	Model and geometry tests; Debug build	2026-10-03T07:17:01.6076470Z Test Case '-[PhotoAxisAppTests.ProjectDocumentTests testMixedTwiceCroppedRoundTripImmutableAssetsRenderCrossLanguageAndEditability]' started.
build-test	Model and geometry tests; Debug build	2026-10-03T07:17:01.7115650Z Test Case '-[PhotoAxisAppTests.ProjectDocumentTests testMixedTwiceCroppedRoundTripImmutableAssetsRenderCrossLanguageAndEditability]' passed (0.098 seconds).
build-test	Model and geometry tests; Debug build	2026-10-03T07:17:01.7116970Z Test Case '-[PhotoAxisAppTests.ProjectDocumentTests testSavedSnapshotDoesNotClearLaterEditsAndUndoReturnsToWrittenState]' started.
build-test	Model and geometry tests; Debug build	2026-10-03T07:17:01.7512260Z Test Case '-[PhotoAxisAppTests.ProjectDocumentTests testSavedSnapshotDoesNotClearLaterEditsAndUndoReturnsToWrittenState]' passed (0.045 seconds).
build-test	Model and geometry tests; Debug build	2026-10-03T07:17:01.7613960Z Test Suite 'ProjectDocumentTests' passed at 2026-10-03 07:17:01.750.
build-test	Model and geometry tests; Debug build	2026-10-03T07:17:01.7640320Z 	 Executed 6 tests, with 0 failures (0 unexpected) in 0.200 (0.202) seconds
build-test	Model and geometry tests; Debug build	2026-10-03T07:17:01.7729350Z Test Suite 'RecoveryTests' started at 2026-10-03 07:17:01.750.
build-test	Model and geometry tests; Debug build	2026-10-03T07:17:01.7786420Z Test Case '-[PhotoAxisAppTests.RecoveryTests testCommittedSnapshotExcludesDraftReopensUnsavedAndPreservesNewerRecoveryOnSave]' started.
build-test	Model and geometry tests; Debug build	2026-10-03T07:17:01.8152460Z Test Case '-[PhotoAxisAppTests.RecoveryTests testCommittedSnapshotExcludesDraftReopensUnsavedAndPreservesNewerRecoveryOnSave]' passed (0.063 seconds).
build-test	Model and geometry tests; Debug build	2026-10-03T07:17:01.8184040Z Test Case '-[PhotoAxisAppTests.RecoveryTests testDiscardDuringSuspendedWriteCannotResurrectRecoveryAndOldArchiveIsAtomic]' started.
build-test	Model and geometry tests; Debug build	2026-10-03T07:17:01.8810710Z Test Case '-[PhotoAxisAppTests.RecoveryTests testDiscardDuringSuspendedWriteCannotResurrectRecoveryAndOldArchiveIsAtomic]' passed (0.063 seconds).
build-test	Model and geometry tests; Debug build	2026-10-03T07:17:01.9080240Z Test Case '-[PhotoAxisAppTests.RecoveryTests testMissingFontControlsAndRecoveryListInBothLanguagesPreserveOriginalFont]' started.
build-test	Model and geometry tests; Debug build	2026-10-03T07:17:01.9489630Z Test Case '-[PhotoAxisAppTests.RecoveryTests testMissingFontControlsAndRecoveryListInBothLanguagesPreserveOriginalFont]' passed (0.065 seconds).
build-test	Model and geometry tests; Debug build	2026-10-03T07:17:01.9595560Z Test Case '-[PhotoAxisAppTests.RecoveryTests testMultiDocumentCancelKeepsEveryTabAndRecoveryUntilFinalDontSave]' started.
build-test	Model and geometry tests; Debug build	2026-10-03T07:17:01.9844180Z Test Case '-[PhotoAxisAppTests.RecoveryTests testMultiDocumentCancelKeepsEveryTabAndRecoveryUntilFinalDontSave]' passed (0.042 seconds).
build-test	Model and geometry tests; Debug build	2026-10-03T07:17:01.9945850Z Test Case '-[PhotoAxisAppTests.RecoveryTests testPeriodicRecoveryCompletesWithinThirtySecondsAndSkipsUnchangedState]' started.
build-test	Model and geometry tests; Debug build	2026-10-03T07:17:12.1316180Z Test Case '-[PhotoAxisAppTests.RecoveryTests testPeriodicRecoveryCompletesWithinThirtySecondsAndSkipsUnchangedState]' passed (10.148 seconds).
build-test	Model and geometry tests; Debug build	2026-10-03T07:17:12.1321960Z Test Case '-[PhotoAxisAppTests.RecoveryTests testRealControlledAbnormalChildExitAndRestartReadsLastCommittedRecovery]' started.
build-test	Model and geometry tests; Debug build	2026-10-03T07:17:12.4949580Z Test Case '-[PhotoAxisAppTests.RecoveryTests testRealControlledAbnormalChildExitAndRestartReadsLastCommittedRecovery]' passed (0.363 seconds).
build-test	Model and geometry tests; Debug build	2026-10-03T07:17:12.4954650Z Test Case '-[PhotoAxisAppTests.RecoveryTests testRecoveryPermissionFailureReportsOnceCorruptRecordIsExplicitAndNoSavedMarkerChanges]' started.
build-test	Model and geometry tests; Debug build	2026-10-03T07:17:12.5101950Z Test Case '-[PhotoAxisAppTests.RecoveryTests testRecoveryPermissionFailureReportsOnceCorruptRecordIsExplicitAndNoSavedMarkerChanges]' passed (0.014 seconds).
build-test	Model and geometry tests; Debug build	2026-10-03T07:17:12.5111890Z Test Suite 'RecoveryTests' passed at 2026-10-03 07:17:12.509.
build-test	Model and geometry tests; Debug build	2026-10-03T07:17:12.5115770Z 	 Executed 7 tests, with 0 failures (0 unexpected) in 10.757 (10.759) seconds
build-test	Model and geometry tests; Debug build	2026-10-03T07:17:12.5116240Z Test Suite 'ScanTests' started at 2026-10-03 07:17:12.509.
build-test	Model and geometry tests; Debug build	2026-10-03T07:17:12.5116730Z Test Case '-[PhotoAxisAppTests.ScanTests testBatchOutputsPageOrderHashesPDFAndRollback]' started.
build-test	Model and geometry tests; Debug build	2026-10-03T07:17:12.9511160Z Test Case '-[PhotoAxisAppTests.ScanTests testBatchOutputsPageOrderHashesPDFAndRollback]' passed (0.441 seconds).
build-test	Model and geometry tests; Debug build	2026-10-03T07:17:12.9512650Z Test Case '-[PhotoAxisAppTests.ScanTests testBowChangesPixelsWithoutExposingClippedSource]' started.
build-test	Model and geometry tests; Debug build	2026-10-03T07:17:13.0688300Z Test Case '-[PhotoAxisAppTests.ScanTests testBowChangesPixelsWithoutExposingClippedSource]' passed (0.118 seconds).
build-test	Model and geometry tests; Debug build	2026-10-03T07:17:13.0690240Z Test Case '-[PhotoAxisAppTests.ScanTests testBowCorrectionStraightensKnownCurvedBaseline]' started.
build-test	Model and geometry tests; Debug build	2026-10-03T07:17:15.5707710Z Test Case '-[PhotoAxisAppTests.ScanTests testBowCorrectionStraightensKnownCurvedBaseline]' passed (2.502 seconds).
build-test	Model and geometry tests; Debug build	2026-10-03T07:17:15.5708810Z Test Case '-[PhotoAxisAppTests.ScanTests testCleanupPreservesAlphaAndDisabledIsExact]' started.
build-test	Model and geometry tests; Debug build	2026-10-03T07:17:15.8209260Z Test Case '-[PhotoAxisAppTests.ScanTests testCleanupPreservesAlphaAndDisabledIsExact]' passed (0.249 seconds).
build-test	Model and geometry tests; Debug build	2026-10-03T07:17:15.8212860Z Test Case '-[PhotoAxisAppTests.ScanTests testCleanupWhiteningAdaptiveTextAndSourceRoundTrip]' started.
build-test	Model and geometry tests; Debug build	2026-10-03T07:17:16.0292520Z Test Case '-[PhotoAxisAppTests.ScanTests testCleanupWhiteningAdaptiveTextAndSourceRoundTrip]' passed (0.208 seconds).
build-test	Model and geometry tests; Debug build	2026-10-03T07:17:16.0297230Z Test Case '-[PhotoAxisAppTests.ScanTests testNativeBatchOrderAndInvalidSizeCannotApply]' started.
build-test	Model and geometry tests; Debug build	2026-10-03T07:17:16.9996950Z Test Case '-[PhotoAxisAppTests.ScanTests testNativeBatchOrderAndInvalidSizeCannotApply]' passed (0.972 seconds).
build-test	Model and geometry tests; Debug build	2026-10-03T07:17:16.9998790Z Test Case '-[PhotoAxisAppTests.ScanTests testNativePreviewCancelSingleUndoAndBilingualControls]' started.
build-test	Model and geometry tests; Debug build	2026-10-03T07:17:17.6641390Z Test Case '-[PhotoAxisAppTests.ScanTests testNativePreviewCancelSingleUndoAndBilingualControls]' passed (0.664 seconds).
build-test	Model and geometry tests; Debug build	2026-10-03T07:17:17.6673260Z Test Case '-[PhotoAxisAppTests.ScanTests testPageDetectionAndTextDeskewRefuseBlank]' started.
build-test	Model and geometry tests; Debug build	2026-10-03T07:17:17.7122070Z Test Case '-[PhotoAxisAppTests.ScanTests testPageDetectionAndTextDeskewRefuseBlank]' passed (0.048 seconds).
build-test	Model and geometry tests; Debug build	2026-10-03T07:17:17.7125140Z Test Suite 'ScanTests' passed at 2026-10-03 07:17:17.711.
build-test	Model and geometry tests; Debug build	2026-10-03T07:17:17.7126010Z 	 Executed 8 tests, with 0 failures (0 unexpected) in 5.200 (5.202) seconds
build-test	Model and geometry tests; Debug build	2026-10-03T07:17:17.7127150Z Test Suite 'ViewportSamplingTests' started at 2026-10-03 07:17:17.711.
build-test	Model and geometry tests; Debug build	2026-10-03T07:17:17.7128000Z Test Case '-[PhotoAxisAppTests.ViewportSamplingTests testInteractiveSamplingKeepsColorOrientationViewportAndFullQualitySettle]' started.
build-test	Model and geometry tests; Debug build	2026-10-03T07:17:18.0153570Z Test Case '-[PhotoAxisAppTests.ViewportSamplingTests testInteractiveSamplingKeepsColorOrientationViewportAndFullQualitySettle]' passed (0.303 seconds).
build-test	Model and geometry tests; Debug build	2026-10-03T07:17:18.0155240Z Test Case '-[PhotoAxisAppTests.ViewportSamplingTests testOneXSamplingSettlesFullClipAndNeverChangesFinalPixels]' started.
build-test	Model and geometry tests; Debug build	2026-10-03T07:17:18.2540670Z Test Case '-[PhotoAxisAppTests.ViewportSamplingTests testOneXSamplingSettlesFullClipAndNeverChangesFinalPixels]' passed (0.238 seconds).
build-test	Model and geometry tests; Debug build	2026-10-03T07:17:18.2542030Z Test Suite 'ViewportSamplingTests' passed at 2026-10-03 07:17:18.253.
build-test	Model and geometry tests; Debug build	2026-10-03T07:17:18.2542920Z 	 Executed 2 tests, with 0 failures (0 unexpected) in 0.542 (0.542) seconds
build-test	Model and geometry tests; Debug build	2026-10-03T07:17:18.2543460Z Test Suite 'WorkspaceTests' started at 2026-10-03 07:17:18.253.
build-test	Model and geometry tests; Debug build	2026-10-03T07:17:18.2544040Z Test Case '-[PhotoAxisAppTests.WorkspaceTests testDisabledToolsAndInspectorSwitch]' started.
build-test	Model and geometry tests; Debug build	2026-10-03T07:17:18.3167920Z Test Case '-[PhotoAxisAppTests.WorkspaceTests testDisabledToolsAndInspectorSwitch]' passed (0.062 seconds).
build-test	Model and geometry tests; Debug build	2026-10-03T07:17:18.3173760Z Test Case '-[PhotoAxisAppTests.WorkspaceTests testLanguageChangeWaitsForNextLaunchAndResetPreservesIt]' started.
build-test	Model and geometry tests; Debug build	2026-10-03T07:17:18.3421300Z Test Case '-[PhotoAxisAppTests.WorkspaceTests testLanguageChangeWaitsForNextLaunchAndResetPreservesIt]' passed (0.025 seconds).
build-test	Model and geometry tests; Debug build	2026-10-03T07:17:18.3424310Z Test Case '-[PhotoAxisAppTests.WorkspaceTests testLayoutPersistenceAndCorruptPreferencesRecovery]' started.
build-test	Model and geometry tests; Debug build	2026-10-03T07:17:18.5288220Z Test Case '-[PhotoAxisAppTests.WorkspaceTests testLayoutPersistenceAndCorruptPreferencesRecovery]' passed (0.187 seconds).
build-test	Model and geometry tests; Debug build	2026-10-03T07:17:18.5294070Z Test Case '-[PhotoAxisAppTests.WorkspaceTests testNativeLayoutsAndSnapshotsInBothLanguages]' started.
build-test	Model and geometry tests; Debug build	2026-10-03T07:17:18.6188960Z $REPO/Tests/PhotoAxisAppTests/WorkspaceTests.swift:225: -[PhotoAxisAppTests.WorkspaceTests testNativeLayoutsAndSnapshotsInBothLanguages] : Test skipped - Window server constrained 1440x900 to (1440.0, 700.0); full native layout acceptance requires a sufficiently large desktop
build-test	Model and geometry tests; Debug build	2026-10-03T07:17:18.6200320Z Test Case '-[PhotoAxisAppTests.WorkspaceTests testNativeLayoutsAndSnapshotsInBothLanguages]' skipped (0.091 seconds).
build-test	Model and geometry tests; Debug build	2026-10-03T07:17:18.6201680Z Test Case '-[PhotoAxisAppTests.WorkspaceTests testSaveAndExportProgressSurviveRefreshTabSwitchAndViewportChanges]' started.
build-test	Model and geometry tests; Debug build	2026-10-03T07:17:18.8515510Z Test Case '-[PhotoAxisAppTests.WorkspaceTests testSaveAndExportProgressSurviveRefreshTabSwitchAndViewportChanges]' passed (0.231 seconds).
build-test	Model and geometry tests; Debug build	2026-10-03T07:17:18.8517110Z Test Case '-[PhotoAxisAppTests.WorkspaceTests testSidebarResizeAndNumericValidation]' started.
build-test	Model and geometry tests; Debug build	2026-10-03T07:17:19.0383010Z Test Case '-[PhotoAxisAppTests.WorkspaceTests testSidebarResizeAndNumericValidation]' passed (0.186 seconds).
build-test	Model and geometry tests; Debug build	2026-10-03T07:17:19.0384670Z Test Case '-[PhotoAxisAppTests.WorkspaceTests testSystemLanguageOrderAndEnglishFallback]' started.
build-test	Model and geometry tests; Debug build	2026-10-03T07:17:19.0385800Z Test Case '-[PhotoAxisAppTests.WorkspaceTests testSystemLanguageOrderAndEnglishFallback]' passed (0.001 seconds).
build-test	Model and geometry tests; Debug build	2026-10-03T07:17:19.0386640Z Test Case '-[PhotoAxisAppTests.WorkspaceTests testTabIsScopedToCanvasAndDoesNotStealTextEditing]' started.
build-test	Model and geometry tests; Debug build	2026-10-03T07:17:19.1494850Z Test Case '-[PhotoAxisAppTests.WorkspaceTests testTabIsScopedToCanvasAndDoesNotStealTextEditing]' passed (0.110 seconds).
build-test	Model and geometry tests; Debug build	2026-10-03T07:17:19.1495860Z Test Suite 'WorkspaceTests' passed at 2026-10-03 07:17:19.148.
build-test	Model and geometry tests; Debug build	2026-10-03T07:17:19.1496430Z 	 Executed 8 tests, with 1 test skipped and 0 failures (0 unexpected) in 0.893 (0.895) seconds
build-test	Model and geometry tests; Debug build	2026-10-03T07:17:19.1503700Z Test Suite 'PhotoAxisAppTests.xctest' passed at 2026-10-03 07:17:19.148.
build-test	Model and geometry tests; Debug build	2026-10-03T07:17:19.1504780Z 	 Executed 117 tests, with 5 tests skipped and 0 failures (0 unexpected) in 36.506 (36.535) seconds
build-test	Model and geometry tests; Debug build	2026-10-03T07:17:19.1505820Z Test Suite 'All tests' passed at 2026-10-03 07:17:19.148.
build-test	Model and geometry tests; Debug build	2026-10-03T07:17:19.1506360Z 	 Executed 117 tests, with 5 tests skipped and 0 failures (0 unexpected) in 36.506 (36.536) seconds
build-test	Model and geometry tests; Debug build	2026-10-03T07:17:19.5830980Z 2026-10-03 07:17:19.582 xcodebuild[1298:6339] [MT] IDETestOperationsObserverDebug: 43.423 elapsed -- Testing started completed.
build-test	Model and geometry tests; Debug build	2026-10-03T07:17:19.5832230Z 2026-10-03 07:17:19.582 xcodebuild[1298:6339] [MT] IDETestOperationsObserverDebug: 0.000 sec, +0.000 sec -- start
build-test	Model and geometry tests; Debug build	2026-10-03T07:17:19.5833330Z 2026-10-03 07:17:19.582 xcodebuild[1298:6339] [MT] IDETestOperationsObserverDebug: 43.423 sec, +43.423 sec -- end
build-test	Model and geometry tests; Debug build	2026-10-03T07:17:19.5959770Z 
build-test	Model and geometry tests; Debug build	2026-10-03T07:17:19.5960390Z Test session results, code coverage, and logs:
build-test	Model and geometry tests; Debug build	2026-10-03T07:17:19.5961020Z 	/Users/runner/Library/Developer/PhotoAxisBuilds/fe52d68e5807/test-results/PhotoAxis-20261003-071547-1278.xcresult
build-test	Model and geometry tests; Debug build	2026-10-03T07:17:19.5961390Z 
build-test	Model and geometry tests; Debug build	2026-10-03T07:17:19.5961490Z ** TEST SUCCEEDED **
build-test	Model and geometry tests; Debug build	2026-10-03T07:17:19.5961640Z 
build-test	Model and geometry tests; Debug build	2026-10-03T07:17:19.7015700Z Testing started
build-test	Model and geometry tests; Debug build	2026-10-03T07:17:19.7113650Z Test result: /Users/runner/Library/Developer/PhotoAxisBuilds/fe52d68e5807/test-results/PhotoAxis-20261003-071547-1278.xcresult
build-test	Release build with local ad-hoc signing	﻿2026-10-03T07:17:19.7878290Z ##[group]Run ./scripts/build.sh Release
build-test	Release build with local ad-hoc signing	2026-10-03T07:17:19.7878700Z ^[[36;1m./scripts/build.sh Release^[[0m
build-test	Release build with local ad-hoc signing	2026-10-03T07:17:19.8992130Z shell: /bin/bash -e {0}
build-test	Release build with local ad-hoc signing	2026-10-03T07:17:19.8992350Z env:
build-test	Release build with local ad-hoc signing	2026-10-03T07:17:19.8992580Z   DEVELOPER_DIR: /Applications/Xcode_16.4.app/Contents/Developer
build-test	Release build with local ad-hoc signing	2026-10-03T07:17:19.8992940Z ##[endgroup]
build-test	Release build with local ad-hoc signing	2026-10-03T07:17:21.3112240Z Command line invocation:
build-test	Release build with local ad-hoc signing	2026-10-03T07:17:21.3161060Z     /Applications/Xcode_16.4.app/Contents/Developer/usr/bin/xcodebuild -project PhotoAxis.xcodeproj -scheme PhotoAxis -configuration Release -destination platform=macOS,arch=arm64 -derivedDataPath /Users/runner/Library/Developer/PhotoAxisBuilds/fe52d68e5807/DerivedData CODE_SIGN_IDENTITY=- DEVELOPMENT_TEAM= build
build-test	Release build with local ad-hoc signing	2026-10-03T07:17:21.3163190Z 
build-test	Release build with local ad-hoc signing	2026-10-03T07:17:21.3168410Z Build settings from command line:
build-test	Release build with local ad-hoc signing	2026-10-03T07:17:21.3171280Z     CODE_SIGN_IDENTITY = -
build-test	Release build with local ad-hoc signing	2026-10-03T07:17:21.3218280Z     DEVELOPMENT_TEAM = 
build-test	Release build with local ad-hoc signing	2026-10-03T07:17:21.3218830Z 
build-test	Release build with local ad-hoc signing	2026-10-03T07:17:21.6920900Z note: Using codesigning identity override: -
build-test	Release build with local ad-hoc signing	2026-10-03T07:17:22.0827310Z ComputePackagePrebuildTargetDependencyGraph
build-test	Release build with local ad-hoc signing	2026-10-03T07:17:22.1403620Z 
build-test	Release build with local ad-hoc signing	2026-10-03T07:17:22.1411880Z Prepare packages
build-test	Release build with local ad-hoc signing	2026-10-03T07:17:22.1412220Z 
build-test	Release build with local ad-hoc signing	2026-10-03T07:17:22.1496530Z CreateBuildRequest
build-test	Release build with local ad-hoc signing	2026-10-03T07:17:22.1498290Z 
build-test	Release build with local ad-hoc signing	2026-10-03T07:17:22.1498790Z SendProjectDescription
build-test	Release build with local ad-hoc signing	2026-10-03T07:17:22.1675250Z 
build-test	Release build with local ad-hoc signing	2026-10-03T07:17:22.1675780Z CreateBuildOperation
build-test	Release build with local ad-hoc signing	2026-10-03T07:17:22.1856450Z 
build-test	Release build with local ad-hoc signing	2026-10-03T07:17:22.1909930Z ComputeTargetDependencyGraph
build-test	Release build with local ad-hoc signing	2026-10-03T07:17:22.2080560Z note: Building targets in dependency order
build-test	Release build with local ad-hoc signing	2026-10-03T07:17:22.2182190Z note: Target dependency graph (2 targets)
build-test	Release build with local ad-hoc signing	2026-10-03T07:17:22.2283610Z     Target 'PhotoAxis' in project 'PhotoAxis'
build-test	Release build with local ad-hoc signing	2026-10-03T07:17:22.2313910Z         ➜ Explicit dependency on target 'PhotoAxisCore' in project 'PhotoAxis'
build-test	Release build with local ad-hoc signing	2026-10-03T07:17:22.2316350Z     Target 'PhotoAxisCore' in project 'PhotoAxis' (no dependencies)
build-test	Release build with local ad-hoc signing	2026-10-03T07:17:22.2316640Z 
build-test	Release build with local ad-hoc signing	2026-10-03T07:17:22.2316740Z GatherProvisioningInputs
build-test	Release build with local ad-hoc signing	2026-10-03T07:17:22.2990560Z 
build-test	Release build with local ad-hoc signing	2026-10-03T07:17:22.3127840Z CreateBuildDescription
build-test	Release build with local ad-hoc signing	2026-10-03T07:17:22.3521590Z 
build-test	Release build with local ad-hoc signing	2026-10-03T07:17:22.3526470Z ExecuteExternalTool /Applications/Xcode_16.4.app/Contents/Developer/Toolchains/XcodeDefault.xctoolchain/usr/bin/swiftc --version
build-test	Release build with local ad-hoc signing	2026-10-03T07:17:22.8130780Z 
build-test	Release build with local ad-hoc signing	2026-10-03T07:17:22.8131990Z ExecuteExternalTool /Applications/Xcode_16.4.app/Contents/Developer/Toolchains/XcodeDefault.xctoolchain/usr/bin/clang -v -E -dM -isysroot /Applications/Xcode_16.4.app/Contents/Developer/Platforms/MacOSX.platform/Developer/SDKs/MacOSX15.5.sdk -x c -c /dev/null
build-test	Release build with local ad-hoc signing	2026-10-03T07:17:22.8133160Z 
build-test	Release build with local ad-hoc signing	2026-10-03T07:17:22.8215710Z ExecuteExternalTool /Applications/Xcode_16.4.app/Contents/Developer/Toolchains/XcodeDefault.xctoolchain/usr/bin/ld -version_details
build-test	Release build with local ad-hoc signing	2026-10-03T07:17:22.8426500Z 
build-test	Release build with local ad-hoc signing	2026-10-03T07:17:22.8642370Z Build description signature: 6e3f815f12bae090e0a1f0bb0b483d0e
build-test	Release build with local ad-hoc signing	2026-10-03T07:17:22.8685870Z Build description path: /Users/runner/Library/Developer/PhotoAxisBuilds/fe52d68e5807/DerivedData/Build/Intermediates.noindex/XCBuildData/6e3f815f12bae090e0a1f0bb0b483d0e.xcbuilddata
build-test	Release build with local ad-hoc signing	2026-10-03T07:17:22.9083700Z CreateBuildDirectory /Users/runner/Library/Developer/PhotoAxisBuilds/fe52d68e5807/DerivedData/Build/Products/Release
build-test	Release build with local ad-hoc signing	2026-10-03T07:17:22.9105710Z     cd $REPO/PhotoAxis.xcodeproj
build-test	Release build with local ad-hoc signing	2026-10-03T07:17:22.9220600Z     builtin-create-build-directory /Users/runner/Library/Developer/PhotoAxisBuilds/fe52d68e5807/DerivedData/Build/Products/Release
build-test	Release build with local ad-hoc signing	2026-10-03T07:17:22.9327180Z 
build-test	Release build with local ad-hoc signing	2026-10-03T07:17:22.9449840Z WriteAuxiliaryFile /Users/runner/Library/Developer/PhotoAxisBuilds/fe52d68e5807/DerivedData/Build/Intermediates.noindex/PhotoAxis.build/Release/PhotoAxis-9730526f0700b8b20d57e2b47e796b5b-VFS/all-product-headers.yaml
build-test	Release build with local ad-hoc signing	2026-10-03T07:17:22.9488460Z     cd $REPO/PhotoAxis.xcodeproj
build-test	Release build with local ad-hoc signing	2026-10-03T07:17:22.9597330Z     write-file /Users/runner/Library/Developer/PhotoAxisBuilds/fe52d68e5807/DerivedData/Build/Intermediates.noindex/PhotoAxis.build/Release/PhotoAxis-9730526f0700b8b20d57e2b47e796b5b-VFS/all-product-headers.yaml
build-test	Release build with local ad-hoc signing	2026-10-03T07:17:22.9648420Z 
build-test	Release build with local ad-hoc signing	2026-10-03T07:17:22.9649420Z CreateBuildDirectory /Users/runner/Library/Developer/PhotoAxisBuilds/fe52d68e5807/DerivedData/Build/Intermediates.noindex/EagerLinkingTBDs/Release
build-test	Release build with local ad-hoc signing	2026-10-03T07:17:22.9650960Z     cd $REPO/PhotoAxis.xcodeproj
build-test	Release build with local ad-hoc signing	2026-10-03T07:17:22.9652440Z     builtin-create-build-directory /Users/runner/Library/Developer/PhotoAxisBuilds/fe52d68e5807/DerivedData/Build/Intermediates.noindex/EagerLinkingTBDs/Release
build-test	Release build with local ad-hoc signing	2026-10-03T07:17:22.9653630Z 
build-test	Release build with local ad-hoc signing	2026-10-03T07:17:22.9655020Z ClangStatCache /Applications/Xcode_16.4.app/Contents/Developer/Toolchains/XcodeDefault.xctoolchain/usr/bin/clang-stat-cache /Applications/Xcode_16.4.app/Contents/Developer/Platforms/MacOSX.platform/Developer/SDKs/MacOSX15.5.sdk /Users/runner/Library/Developer/PhotoAxisBuilds/fe52d68e5807/DerivedData/SDKStatCaches.noindex/macosx15.5-24F74-a403186ba963133a54a0e0cacd566b0b.sdkstatcache
build-test	Release build with local ad-hoc signing	2026-10-03T07:17:22.9656840Z     cd $REPO/PhotoAxis.xcodeproj
build-test	Release build with local ad-hoc signing	2026-10-03T07:17:22.9658370Z     /Applications/Xcode_16.4.app/Contents/Developer/Toolchains/XcodeDefault.xctoolchain/usr/bin/clang-stat-cache /Applications/Xcode_16.4.app/Contents/Developer/Platforms/MacOSX.platform/Developer/SDKs/MacOSX15.5.sdk -o /Users/runner/Library/Developer/PhotoAxisBuilds/fe52d68e5807/DerivedData/SDKStatCaches.noindex/macosx15.5-24F74-a403186ba963133a54a0e0cacd566b0b.sdkstatcache
build-test	Release build with local ad-hoc signing	2026-10-03T07:17:22.9756900Z 
build-test	Release build with local ad-hoc signing	2026-10-03T07:17:22.9758050Z WriteAuxiliaryFile /Users/runner/Library/Developer/PhotoAxisBuilds/fe52d68e5807/DerivedData/Build/Intermediates.noindex/PhotoAxis.build/Release/PhotoAxisCore.build/module.modulemap (in target 'PhotoAxisCore' from project 'PhotoAxis')
build-test	Release build with local ad-hoc signing	2026-10-03T07:17:22.9759120Z     cd $REPO
build-test	Release build with local ad-hoc signing	2026-10-03T07:17:22.9760180Z     write-file /Users/runner/Library/Developer/PhotoAxisBuilds/fe52d68e5807/DerivedData/Build/Intermediates.noindex/PhotoAxis.build/Release/PhotoAxisCore.build/module.modulemap
build-test	Release build with local ad-hoc signing	2026-10-03T07:17:22.9760900Z 
build-test	Release build with local ad-hoc signing	2026-10-03T07:17:22.9761730Z WriteAuxiliaryFile /Users/runner/Library/Developer/PhotoAxisBuilds/fe52d68e5807/DerivedData/Build/Intermediates.noindex/PhotoAxis.build/Release/PhotoAxisCore.build/empty-PhotoAxisCore.plist (in target 'PhotoAxisCore' from project 'PhotoAxis')
build-test	Release build with local ad-hoc signing	2026-10-03T07:17:22.9762740Z     cd $REPO
build-test	Release build with local ad-hoc signing	2026-10-03T07:17:22.9763500Z     write-file /Users/runner/Library/Developer/PhotoAxisBuilds/fe52d68e5807/DerivedData/Build/Intermediates.noindex/PhotoAxis.build/Release/PhotoAxisCore.build/empty-PhotoAxisCore.plist
build-test	Release build with local ad-hoc signing	2026-10-03T07:17:22.9764160Z 
build-test	Release build with local ad-hoc signing	2026-10-03T07:17:22.9764880Z WriteAuxiliaryFile /Users/runner/Library/Developer/PhotoAxisBuilds/fe52d68e5807/DerivedData/Build/Intermediates.noindex/PhotoAxis.build/Release/PhotoAxisCore.build/PhotoAxisCore.hmap (in target 'PhotoAxisCore' from project 'PhotoAxis')
build-test	Release build with local ad-hoc signing	2026-10-03T07:17:22.9765790Z     cd $REPO
build-test	Release build with local ad-hoc signing	2026-10-03T07:17:22.9766540Z     write-file /Users/runner/Library/Developer/PhotoAxisBuilds/fe52d68e5807/DerivedData/Build/Intermediates.noindex/PhotoAxis.build/Release/PhotoAxisCore.build/PhotoAxisCore.hmap
build-test	Release build with local ad-hoc signing	2026-10-03T07:17:22.9767220Z 
build-test	Release build with local ad-hoc signing	2026-10-03T07:17:22.9768060Z WriteAuxiliaryFile /Users/runner/Library/Developer/PhotoAxisBuilds/fe52d68e5807/DerivedData/Build/Intermediates.noindex/PhotoAxis.build/Release/PhotoAxisCore.build/PhotoAxisCore.DependencyStaticMetadataFileList (in target 'PhotoAxisCore' from project 'PhotoAxis')
build-test	Release build with local ad-hoc signing	2026-10-03T07:17:22.9769070Z     cd $REPO
build-test	Release build with local ad-hoc signing	2026-10-03T07:17:22.9769870Z     write-file /Users/runner/Library/Developer/PhotoAxisBuilds/fe52d68e5807/DerivedData/Build/Intermediates.noindex/PhotoAxis.build/Release/PhotoAxisCore.build/PhotoAxisCore.DependencyStaticMetadataFileList
build-test	Release build with local ad-hoc signing	2026-10-03T07:17:22.9770590Z 
build-test	Release build with local ad-hoc signing	2026-10-03T07:17:22.9771390Z WriteAuxiliaryFile /Users/runner/Library/Developer/PhotoAxisBuilds/fe52d68e5807/DerivedData/Build/Intermediates.noindex/PhotoAxis.build/Release/PhotoAxisCore.build/PhotoAxisCore.DependencyMetadataFileList (in target 'PhotoAxisCore' from project 'PhotoAxis')
build-test	Release build with local ad-hoc signing	2026-10-03T07:17:22.9772770Z     cd $REPO
build-test	Release build with local ad-hoc signing	2026-10-03T07:17:22.9773750Z     write-file /Users/runner/Library/Developer/PhotoAxisBuilds/fe52d68e5807/DerivedData/Build/Intermediates.noindex/PhotoAxis.build/Release/PhotoAxisCore.build/PhotoAxisCore.DependencyMetadataFileList
build-test	Release build with local ad-hoc signing	2026-10-03T07:17:22.9774450Z 
build-test	Release build with local ad-hoc signing	2026-10-03T07:17:22.9775230Z WriteAuxiliaryFile /Users/runner/Library/Developer/PhotoAxisBuilds/fe52d68e5807/DerivedData/Build/Intermediates.noindex/PhotoAxis.build/Release/PhotoAxisCore.build/PhotoAxisCore-project-headers.hmap (in target 'PhotoAxisCore' from project 'PhotoAxis')
build-test	Release build with local ad-hoc signing	2026-10-03T07:17:22.9778750Z     cd $REPO
build-test	Release build with local ad-hoc signing	2026-10-03T07:17:22.9804470Z     write-file /Users/runner/Library/Developer/PhotoAxisBuilds/fe52d68e5807/DerivedData/Build/Intermediates.noindex/PhotoAxis.build/Release/PhotoAxisCore.build/PhotoAxisCore-project-headers.hmap
build-test	Release build with local ad-hoc signing	2026-10-03T07:17:22.9809340Z 
build-test	Release build with local ad-hoc signing	2026-10-03T07:17:22.9827700Z WriteAuxiliaryFile /Users/runner/Library/Developer/PhotoAxisBuilds/fe52d68e5807/DerivedData/Build/Intermediates.noindex/PhotoAxis.build/Release/PhotoAxisCore.build/PhotoAxisCore-own-target-headers.hmap (in target 'PhotoAxisCore' from project 'PhotoAxis')
build-test	Release build with local ad-hoc signing	2026-10-03T07:17:22.9828830Z     cd $REPO
build-test	Release build with local ad-hoc signing	2026-10-03T07:17:22.9829860Z     write-file /Users/runner/Library/Developer/PhotoAxisBuilds/fe52d68e5807/DerivedData/Build/Intermediates.noindex/PhotoAxis.build/Release/PhotoAxisCore.build/PhotoAxisCore-own-target-headers.hmap
build-test	Release build with local ad-hoc signing	2026-10-03T07:17:22.9830720Z 
build-test	Release build with local ad-hoc signing	2026-10-03T07:17:22.9831640Z WriteAuxiliaryFile /Users/runner/Library/Developer/PhotoAxisBuilds/fe52d68e5807/DerivedData/Build/Intermediates.noindex/PhotoAxis.build/Release/PhotoAxisCore.build/PhotoAxisCore-generated-files.hmap (in target 'PhotoAxisCore' from project 'PhotoAxis')
build-test	Release build with local ad-hoc signing	2026-10-03T07:17:22.9832710Z     cd $REPO
build-test	Release build with local ad-hoc signing	2026-10-03T07:17:22.9833510Z     write-file /Users/runner/Library/Developer/PhotoAxisBuilds/fe52d68e5807/DerivedData/Build/Intermediates.noindex/PhotoAxis.build/Release/PhotoAxisCore.build/PhotoAxisCore-generated-files.hmap
build-test	Release build with local ad-hoc signing	2026-10-03T07:17:22.9835990Z 
build-test	Release build with local ad-hoc signing	2026-10-03T07:17:22.9837020Z WriteAuxiliaryFile /Users/runner/Library/Developer/PhotoAxisBuilds/fe52d68e5807/DerivedData/Build/Intermediates.noindex/PhotoAxis.build/Release/PhotoAxisCore.build/PhotoAxisCore-all-target-headers.hmap (in target 'PhotoAxisCore' from project 'PhotoAxis')
build-test	Release build with local ad-hoc signing	2026-10-03T07:17:22.9838430Z     cd $REPO
build-test	Release build with local ad-hoc signing	2026-10-03T07:17:22.9839570Z     write-file /Users/runner/Library/Developer/PhotoAxisBuilds/fe52d68e5807/DerivedData/Build/Intermediates.noindex/PhotoAxis.build/Release/PhotoAxisCore.build/PhotoAxisCore-all-target-headers.hmap
build-test	Release build with local ad-hoc signing	2026-10-03T07:17:22.9840340Z 
build-test	Release build with local ad-hoc signing	2026-10-03T07:17:22.9841270Z WriteAuxiliaryFile /Users/runner/Library/Developer/PhotoAxisBuilds/fe52d68e5807/DerivedData/Build/Intermediates.noindex/PhotoAxis.build/Release/PhotoAxisCore.build/PhotoAxisCore-all-non-framework-target-headers.hmap (in target 'PhotoAxisCore' from project 'PhotoAxis')
build-test	Release build with local ad-hoc signing	2026-10-03T07:17:22.9842340Z     cd $REPO
build-test	Release build with local ad-hoc signing	2026-10-03T07:17:22.9843320Z     write-file /Users/runner/Library/Developer/PhotoAxisBuilds/fe52d68e5807/DerivedData/Build/Intermediates.noindex/PhotoAxis.build/Release/PhotoAxisCore.build/PhotoAxisCore-all-non-framework-target-headers.hmap
build-test	Release build with local ad-hoc signing	2026-10-03T07:17:22.9844060Z 
build-test	Release build with local ad-hoc signing	2026-10-03T07:17:22.9845160Z WriteAuxiliaryFile /Users/runner/Library/Developer/PhotoAxisBuilds/fe52d68e5807/DerivedData/Build/Intermediates.noindex/PhotoAxis.build/Release/PhotoAxisCore.build/Objects-normal/arm64/PhotoAxisCore_const_extract_protocols.json (in target 'PhotoAxisCore' from project 'PhotoAxis')
build-test	Release build with local ad-hoc signing	2026-10-03T07:17:22.9846430Z     cd $REPO
build-test	Release build with local ad-hoc signing	2026-10-03T07:17:22.9848600Z     write-file /Users/runner/Library/Developer/PhotoAxisBuilds/fe52d68e5807/DerivedData/Build/Intermediates.noindex/PhotoAxis.build/Release/PhotoAxisCore.build/Objects-normal/arm64/PhotoAxisCore_const_extract_protocols.json
build-test	Release build with local ad-hoc signing	2026-10-03T07:17:22.9849820Z 
build-test	Release build with local ad-hoc signing	2026-10-03T07:17:22.9850600Z WriteAuxiliaryFile /Users/runner/Library/Developer/PhotoAxisBuilds/fe52d68e5807/DerivedData/Build/Intermediates.noindex/PhotoAxis.build/Release/PhotoAxisCore.build/Objects-normal/arm64/PhotoAxisCore.SwiftFileList (in target 'PhotoAxisCore' from project 'PhotoAxis')
build-test	Release build with local ad-hoc signing	2026-10-03T07:17:22.9852470Z     cd $REPO
build-test	Release build with local ad-hoc signing	2026-10-03T07:17:22.9853370Z     write-file /Users/runner/Library/Developer/PhotoAxisBuilds/fe52d68e5807/DerivedData/Build/Intermediates.noindex/PhotoAxis.build/Release/PhotoAxisCore.build/Objects-normal/arm64/PhotoAxisCore.SwiftFileList
build-test	Release build with local ad-hoc signing	2026-10-03T07:17:22.9854000Z 
build-test	Release build with local ad-hoc signing	2026-10-03T07:17:22.9854840Z WriteAuxiliaryFile /Users/runner/Library/Developer/PhotoAxisBuilds/fe52d68e5807/DerivedData/Build/Intermediates.noindex/PhotoAxis.build/Release/PhotoAxisCore.build/Objects-normal/arm64/PhotoAxisCore.SwiftConstValuesFileList (in target 'PhotoAxisCore' from project 'PhotoAxis')
build-test	Release build with local ad-hoc signing	2026-10-03T07:17:22.9855980Z     cd $REPO
build-test	Release build with local ad-hoc signing	2026-10-03T07:17:22.9856830Z     write-file /Users/runner/Library/Developer/PhotoAxisBuilds/fe52d68e5807/DerivedData/Build/Intermediates.noindex/PhotoAxis.build/Release/PhotoAxisCore.build/Objects-normal/arm64/PhotoAxisCore.SwiftConstValuesFileList
build-test	Release build with local ad-hoc signing	2026-10-03T07:17:22.9857570Z 
build-test	Release build with local ad-hoc signing	2026-10-03T07:17:22.9859580Z WriteAuxiliaryFile /Users/runner/Library/Developer/PhotoAxisBuilds/fe52d68e5807/DerivedData/Build/Intermediates.noindex/PhotoAxis.build/Release/PhotoAxisCore.build/Objects-normal/arm64/PhotoAxisCore.LinkFileList (in target 'PhotoAxisCore' from project 'PhotoAxis')
build-test	Release build with local ad-hoc signing	2026-10-03T07:17:22.9860850Z     cd $REPO
build-test	Release build with local ad-hoc signing	2026-10-03T07:17:22.9862500Z     write-file /Users/runner/Library/Developer/PhotoAxisBuilds/fe52d68e5807/DerivedData/Build/Intermediates.noindex/PhotoAxis.build/Release/PhotoAxisCore.build/Objects-normal/arm64/PhotoAxisCore.LinkFileList
build-test	Release build with local ad-hoc signing	2026-10-03T07:17:22.9863640Z 
build-test	Release build with local ad-hoc signing	2026-10-03T07:17:22.9864730Z WriteAuxiliaryFile /Users/runner/Library/Developer/PhotoAxisBuilds/fe52d68e5807/DerivedData/Build/Intermediates.noindex/PhotoAxis.build/Release/PhotoAxisCore.build/Objects-normal/arm64/PhotoAxisCore-OutputFileMap.json (in target 'PhotoAxisCore' from project 'PhotoAxis')
build-test	Release build with local ad-hoc signing	2026-10-03T07:17:22.9865660Z     cd $REPO
build-test	Release build with local ad-hoc signing	2026-10-03T07:17:22.9866510Z     write-file /Users/runner/Library/Developer/PhotoAxisBuilds/fe52d68e5807/DerivedData/Build/Intermediates.noindex/PhotoAxis.build/Release/PhotoAxisCore.build/Objects-normal/arm64/PhotoAxisCore-OutputFileMap.json
build-test	Release build with local ad-hoc signing	2026-10-03T07:17:22.9867250Z 
build-test	Release build with local ad-hoc signing	2026-10-03T07:17:22.9868660Z Copy /Users/runner/Library/Developer/PhotoAxisBuilds/fe52d68e5807/DerivedData/Build/Products/Release/PhotoAxisCore.framework/Versions/A/Modules/module.modulemap /Users/runner/Library/Developer/PhotoAxisBuilds/fe52d68e5807/DerivedData/Build/Intermediates.noindex/PhotoAxis.build/Release/PhotoAxisCore.build/module.modulemap (in target 'PhotoAxisCore' from project 'PhotoAxis')
build-test	Release build with local ad-hoc signing	2026-10-03T07:17:22.9869870Z     cd $REPO
build-test	Release build with local ad-hoc signing	2026-10-03T07:17:22.9871630Z     builtin-copy -exclude .DS_Store -exclude CVS -exclude .svn -exclude .git -exclude .hg -strip-unsigned-binaries -strip-deterministic -strip-tool /Applications/Xcode_16.4.app/Contents/Developer/Toolchains/XcodeDefault.xctoolchain/usr/bin/strip -resolve-src-symlinks /Users/runner/Library/Developer/PhotoAxisBuilds/fe52d68e5807/DerivedData/Build/Intermediates.noindex/PhotoAxis.build/Release/PhotoAxisCore.build/module.modulemap /Users/runner/Library/Developer/PhotoAxisBuilds/fe52d68e5807/DerivedData/Build/Products/Release/PhotoAxisCore.framework/Versions/A/Modules
build-test	Release build with local ad-hoc signing	2026-10-03T07:17:22.9873510Z 
build-test	Release build with local ad-hoc signing	2026-10-03T07:17:22.9874230Z WriteAuxiliaryFile /Users/runner/Library/Developer/PhotoAxisBuilds/fe52d68e5807/DerivedData/Build/Intermediates.noindex/PhotoAxis.build/Release/PhotoAxis.build/f1491f097a193c2f1df3c1a716a4dd6f.sb (in target 'PhotoAxis' from project 'PhotoAxis')
build-test	Release build with local ad-hoc signing	2026-10-03T07:17:22.9875130Z     cd $REPO
build-test	Release build with local ad-hoc signing	2026-10-03T07:17:22.9876070Z     write-file /Users/runner/Library/Developer/PhotoAxisBuilds/fe52d68e5807/DerivedData/Build/Intermediates.noindex/PhotoAxis.build/Release/PhotoAxis.build/f1491f097a193c2f1df3c1a716a4dd6f.sb
build-test	Release build with local ad-hoc signing	2026-10-03T07:17:22.9876940Z 
build-test	Release build with local ad-hoc signing	2026-10-03T07:17:22.9877580Z WriteAuxiliaryFile /Users/runner/Library/Developer/PhotoAxisBuilds/fe52d68e5807/DerivedData/Build/Intermediates.noindex/PhotoAxis.build/Release/PhotoAxis.build/Script-51503C2492BDF84DA711D67B.sh (in target 'PhotoAxis' from project 'PhotoAxis')
build-test	Release build with local ad-hoc signing	2026-10-03T07:17:22.9878730Z     cd $REPO
build-test	Release build with local ad-hoc signing	2026-10-03T07:17:22.9879430Z     write-file /Users/runner/Library/Developer/PhotoAxisBuilds/fe52d68e5807/DerivedData/Build/Intermediates.noindex/PhotoAxis.build/Release/PhotoAxis.build/Script-51503C2492BDF84DA711D67B.sh
build-test	Release build with local ad-hoc signing	2026-10-03T07:17:22.9879990Z 
build-test	Release build with local ad-hoc signing	2026-10-03T07:17:22.9880600Z WriteAuxiliaryFile /Users/runner/Library/Developer/PhotoAxisBuilds/fe52d68e5807/DerivedData/Build/Intermediates.noindex/PhotoAxis.build/Release/PhotoAxis.build/PhotoAxis.hmap (in target 'PhotoAxis' from project 'PhotoAxis')
build-test	Release build with local ad-hoc signing	2026-10-03T07:17:22.9881390Z     cd $REPO
build-test	Release build with local ad-hoc signing	2026-10-03T07:17:22.9882990Z     write-file /Users/runner/Library/Developer/PhotoAxisBuilds/fe52d68e5807/DerivedData/Build/Intermediates.noindex/PhotoAxis.build/Release/PhotoAxis.build/PhotoAxis.hmap
build-test	Release build with local ad-hoc signing	2026-10-03T07:17:22.9883550Z 
build-test	Release build with local ad-hoc signing	2026-10-03T07:17:22.9884230Z WriteAuxiliaryFile /Users/runner/Library/Developer/PhotoAxisBuilds/fe52d68e5807/DerivedData/Build/Intermediates.noindex/PhotoAxis.build/Release/PhotoAxis.build/PhotoAxis.DependencyStaticMetadataFileList (in target 'PhotoAxis' from project 'PhotoAxis')
build-test	Release build with local ad-hoc signing	2026-10-03T07:17:22.9885180Z     cd $REPO
build-test	Release build with local ad-hoc signing	2026-10-03T07:17:22.9885860Z     write-file /Users/runner/Library/Developer/PhotoAxisBuilds/fe52d68e5807/DerivedData/Build/Intermediates.noindex/PhotoAxis.build/Release/PhotoAxis.build/PhotoAxis.DependencyStaticMetadataFileList
build-test	Release build with local ad-hoc signing	2026-10-03T07:17:22.9886480Z 
build-test	Release build with local ad-hoc signing	2026-10-03T07:17:22.9887240Z WriteAuxiliaryFile /Users/runner/Library/Developer/PhotoAxisBuilds/fe52d68e5807/DerivedData/Build/Intermediates.noindex/PhotoAxis.build/Release/PhotoAxis.build/PhotoAxis.DependencyMetadataFileList (in target 'PhotoAxis' from project 'PhotoAxis')
build-test	Release build with local ad-hoc signing	2026-10-03T07:17:22.9888070Z     cd $REPO
build-test	Release build with local ad-hoc signing	2026-10-03T07:17:22.9888740Z     write-file /Users/runner/Library/Developer/PhotoAxisBuilds/fe52d68e5807/DerivedData/Build/Intermediates.noindex/PhotoAxis.build/Release/PhotoAxis.build/PhotoAxis.DependencyMetadataFileList
build-test	Release build with local ad-hoc signing	2026-10-03T07:17:22.9889670Z 
build-test	Release build with local ad-hoc signing	2026-10-03T07:17:22.9890320Z WriteAuxiliaryFile /Users/runner/Library/Developer/PhotoAxisBuilds/fe52d68e5807/DerivedData/Build/Intermediates.noindex/PhotoAxis.build/Release/PhotoAxis.build/PhotoAxis-project-headers.hmap (in target 'PhotoAxis' from project 'PhotoAxis')
build-test	Release build with local ad-hoc signing	2026-10-03T07:17:22.9891130Z     cd $REPO
build-test	Release build with local ad-hoc signing	2026-10-03T07:17:22.9891850Z     write-file /Users/runner/Library/Developer/PhotoAxisBuilds/fe52d68e5807/DerivedData/Build/Intermediates.noindex/PhotoAxis.build/Release/PhotoAxis.build/PhotoAxis-project-headers.hmap
build-test	Release build with local ad-hoc signing	2026-10-03T07:17:22.9892420Z 
build-test	Release build with local ad-hoc signing	2026-10-03T07:17:22.9893070Z WriteAuxiliaryFile /Users/runner/Library/Developer/PhotoAxisBuilds/fe52d68e5807/DerivedData/Build/Intermediates.noindex/PhotoAxis.build/Release/PhotoAxis.build/PhotoAxis-own-target-headers.hmap (in target 'PhotoAxis' from project 'PhotoAxis')
build-test	Release build with local ad-hoc signing	2026-10-03T07:17:22.9894020Z     cd $REPO
build-test	Release build with local ad-hoc signing	2026-10-03T07:17:22.9894680Z     write-file /Users/runner/Library/Developer/PhotoAxisBuilds/fe52d68e5807/DerivedData/Build/Intermediates.noindex/PhotoAxis.build/Release/PhotoAxis.build/PhotoAxis-own-target-headers.hmap
build-test	Release build with local ad-hoc signing	2026-10-03T07:17:22.9895240Z 
build-test	Release build with local ad-hoc signing	2026-10-03T07:17:22.9896280Z WriteAuxiliaryFile /Users/runner/Library/Developer/PhotoAxisBuilds/fe52d68e5807/DerivedData/Build/Intermediates.noindex/PhotoAxis.build/Release/PhotoAxis.build/PhotoAxis-generated-files.hmap (in target 'PhotoAxis' from project 'PhotoAxis')
build-test	Release build with local ad-hoc signing	2026-10-03T07:17:22.9897440Z     cd $REPO
build-test	Release build with local ad-hoc signing	2026-10-03T07:17:22.9898470Z     write-file /Users/runner/Library/Developer/PhotoAxisBuilds/fe52d68e5807/DerivedData/Build/Intermediates.noindex/PhotoAxis.build/Release/PhotoAxis.build/PhotoAxis-generated-files.hmap
build-test	Release build with local ad-hoc signing	2026-10-03T07:17:22.9899200Z 
build-test	Release build with local ad-hoc signing	2026-10-03T07:17:22.9899890Z WriteAuxiliaryFile /Users/runner/Library/Developer/PhotoAxisBuilds/fe52d68e5807/DerivedData/Build/Intermediates.noindex/PhotoAxis.build/Release/PhotoAxis.build/PhotoAxis-all-target-headers.hmap (in target 'PhotoAxis' from project 'PhotoAxis')
build-test	Release build with local ad-hoc signing	2026-10-03T07:17:22.9900950Z     cd $REPO
build-test	Release build with local ad-hoc signing	2026-10-03T07:17:22.9901800Z     write-file /Users/runner/Library/Developer/PhotoAxisBuilds/fe52d68e5807/DerivedData/Build/Intermediates.noindex/PhotoAxis.build/Release/PhotoAxis.build/PhotoAxis-all-target-headers.hmap
build-test	Release build with local ad-hoc signing	2026-10-03T07:17:22.9902860Z 
build-test	Release build with local ad-hoc signing	2026-10-03T07:17:22.9903660Z WriteAuxiliaryFile /Users/runner/Library/Developer/PhotoAxisBuilds/fe52d68e5807/DerivedData/Build/Intermediates.noindex/PhotoAxis.build/Release/PhotoAxis.build/PhotoAxis-all-non-framework-target-headers.hmap (in target 'PhotoAxis' from project 'PhotoAxis')
build-test	Release build with local ad-hoc signing	2026-10-03T07:17:22.9904650Z     cd $REPO
build-test	Release build with local ad-hoc signing	2026-10-03T07:17:22.9905760Z     write-file /Users/runner/Library/Developer/PhotoAxisBuilds/fe52d68e5807/DerivedData/Build/Intermediates.noindex/PhotoAxis.build/Release/PhotoAxis.build/PhotoAxis-all-non-framework-target-headers.hmap
build-test	Release build with local ad-hoc signing	2026-10-03T07:17:22.9906400Z 
build-test	Release build with local ad-hoc signing	2026-10-03T07:17:22.9907530Z WriteAuxiliaryFile /Users/runner/Library/Developer/PhotoAxisBuilds/fe52d68e5807/DerivedData/Build/Intermediates.noindex/PhotoAxis.build/Release/PhotoAxis.build/Objects-normal/arm64/PhotoAxis_const_extract_protocols.json (in target 'PhotoAxis' from project 'PhotoAxis')
build-test	Release build with local ad-hoc signing	2026-10-03T07:17:22.9908460Z     cd $REPO
build-test	Release build with local ad-hoc signing	2026-10-03T07:17:22.9909190Z     write-file /Users/runner/Library/Developer/PhotoAxisBuilds/fe52d68e5807/DerivedData/Build/Intermediates.noindex/PhotoAxis.build/Release/PhotoAxis.build/Objects-normal/arm64/PhotoAxis_const_extract_protocols.json
build-test	Release build with local ad-hoc signing	2026-10-03T07:17:22.9910220Z 
build-test	Release build with local ad-hoc signing	2026-10-03T07:17:22.9910940Z WriteAuxiliaryFile /Users/runner/Library/Developer/PhotoAxisBuilds/fe52d68e5807/DerivedData/Build/Intermediates.noindex/PhotoAxis.build/Release/PhotoAxis.build/Objects-normal/arm64/PhotoAxis.SwiftFileList (in target 'PhotoAxis' from project 'PhotoAxis')
build-test	Release build with local ad-hoc signing	2026-10-03T07:17:22.9912600Z     cd $REPO
build-test	Release build with local ad-hoc signing	2026-10-03T07:17:22.9913310Z     write-file /Users/runner/Library/Developer/PhotoAxisBuilds/fe52d68e5807/DerivedData/Build/Intermediates.noindex/PhotoAxis.build/Release/PhotoAxis.build/Objects-normal/arm64/PhotoAxis.SwiftFileList
build-test	Release build with local ad-hoc signing	2026-10-03T07:17:22.9914270Z 
build-test	Release build with local ad-hoc signing	2026-10-03T07:17:22.9915030Z WriteAuxiliaryFile /Users/runner/Library/Developer/PhotoAxisBuilds/fe52d68e5807/DerivedData/Build/Intermediates.noindex/PhotoAxis.build/Release/PhotoAxis.build/Objects-normal/arm64/PhotoAxis.SwiftConstValuesFileList (in target 'PhotoAxis' from project 'PhotoAxis')
build-test	Release build with local ad-hoc signing	2026-10-03T07:17:22.9915970Z     cd $REPO
build-test	Release build with local ad-hoc signing	2026-10-03T07:17:22.9916830Z     write-file /Users/runner/Library/Developer/PhotoAxisBuilds/fe52d68e5807/DerivedData/Build/Intermediates.noindex/PhotoAxis.build/Release/PhotoAxis.build/Objects-normal/arm64/PhotoAxis.SwiftConstValuesFileList
build-test	Release build with local ad-hoc signing	2026-10-03T07:17:22.9917530Z 
build-test	Release build with local ad-hoc signing	2026-10-03T07:17:22.9918270Z WriteAuxiliaryFile /Users/runner/Library/Developer/PhotoAxisBuilds/fe52d68e5807/DerivedData/Build/Intermediates.noindex/PhotoAxis.build/Release/PhotoAxis.build/Objects-normal/arm64/PhotoAxis.LinkFileList (in target 'PhotoAxis' from project 'PhotoAxis')
build-test	Release build with local ad-hoc signing	2026-10-03T07:17:22.9919190Z     cd $REPO
build-test	Release build with local ad-hoc signing	2026-10-03T07:17:22.9919860Z     write-file /Users/runner/Library/Developer/PhotoAxisBuilds/fe52d68e5807/DerivedData/Build/Intermediates.noindex/PhotoAxis.build/Release/PhotoAxis.build/Objects-normal/arm64/PhotoAxis.LinkFileList
build-test	Release build with local ad-hoc signing	2026-10-03T07:17:22.9920870Z 
build-test	Release build with local ad-hoc signing	2026-10-03T07:17:22.9921970Z WriteAuxiliaryFile /Users/runner/Library/Developer/PhotoAxisBuilds/fe52d68e5807/DerivedData/Build/Intermediates.noindex/PhotoAxis.build/Release/PhotoAxis.build/Objects-normal/arm64/PhotoAxis-OutputFileMap.json (in target 'PhotoAxis' from project 'PhotoAxis')
build-test	Release build with local ad-hoc signing	2026-10-03T07:17:22.9923020Z     cd $REPO
build-test	Release build with local ad-hoc signing	2026-10-03T07:17:22.9923700Z     write-file /Users/runner/Library/Developer/PhotoAxisBuilds/fe52d68e5807/DerivedData/Build/Intermediates.noindex/PhotoAxis.build/Release/PhotoAxis.build/Objects-normal/arm64/PhotoAxis-OutputFileMap.json
build-test	Release build with local ad-hoc signing	2026-10-03T07:17:22.9924410Z 
build-test	Release build with local ad-hoc signing	2026-10-03T07:17:22.9925130Z WriteAuxiliaryFile /Users/runner/Library/Developer/PhotoAxisBuilds/fe52d68e5807/DerivedData/Build/Intermediates.noindex/PhotoAxis.build/Release/PhotoAxis.build/DerivedSources/Entitlements.plist (in target 'PhotoAxis' from project 'PhotoAxis')
build-test	Release build with local ad-hoc signing	2026-10-03T07:17:22.9926410Z     cd $REPO
build-test	Release build with local ad-hoc signing	2026-10-03T07:17:22.9927130Z     write-file /Users/runner/Library/Developer/PhotoAxisBuilds/fe52d68e5807/DerivedData/Build/Intermediates.noindex/PhotoAxis.build/Release/PhotoAxis.build/DerivedSources/Entitlements.plist
build-test	Release build with local ad-hoc signing	2026-10-03T07:17:22.9927780Z 
build-test	Release build with local ad-hoc signing	2026-10-03T07:17:22.9928460Z SymLink /Users/runner/Library/Developer/PhotoAxisBuilds/fe52d68e5807/DerivedData/Build/Products/Release/PhotoAxisCore.framework/Versions/Current A (in target 'PhotoAxisCore' from project 'PhotoAxis')
build-test	Release build with local ad-hoc signing	2026-10-03T07:17:22.9929240Z     cd $REPO
build-test	Release build with local ad-hoc signing	2026-10-03T07:17:22.9929970Z     /bin/ln -sfh A /Users/runner/Library/Developer/PhotoAxisBuilds/fe52d68e5807/DerivedData/Build/Products/Release/PhotoAxisCore.framework/Versions/Current
build-test	Release build with local ad-hoc signing	2026-10-03T07:17:22.9930490Z 
build-test	Release build with local ad-hoc signing	2026-10-03T07:17:22.9931080Z SymLink /Users/runner/Library/Developer/PhotoAxisBuilds/fe52d68e5807/DerivedData/Build/Products/Release/PhotoAxisCore.framework/Resources Versions/Current/Resources (in target 'PhotoAxisCore' from project 'PhotoAxis')
build-test	Release build with local ad-hoc signing	2026-10-03T07:17:22.9932280Z     cd $REPO
build-test	Release build with local ad-hoc signing	2026-10-03T07:17:22.9932910Z     /bin/ln -sfh Versions/Current/Resources /Users/runner/Library/Developer/PhotoAxisBuilds/fe52d68e5807/DerivedData/Build/Products/Release/PhotoAxisCore.framework/Resources
build-test	Release build with local ad-hoc signing	2026-10-03T07:17:22.9933430Z 
build-test	Release build with local ad-hoc signing	2026-10-03T07:17:22.9934100Z SymLink /Users/runner/Library/Developer/PhotoAxisBuilds/fe52d68e5807/DerivedData/Build/Products/Release/PhotoAxisCore.framework/PhotoAxisCore Versions/Current/PhotoAxisCore (in target 'PhotoAxisCore' from project 'PhotoAxis')
build-test	Release build with local ad-hoc signing	2026-10-03T07:17:22.9934960Z     cd $REPO
build-test	Release build with local ad-hoc signing	2026-10-03T07:17:22.9935580Z     /bin/ln -sfh Versions/Current/PhotoAxisCore /Users/runner/Library/Developer/PhotoAxisBuilds/fe52d68e5807/DerivedData/Build/Products/Release/PhotoAxisCore.framework/PhotoAxisCore
build-test	Release build with local ad-hoc signing	2026-10-03T07:17:22.9936230Z 
build-test	Release build with local ad-hoc signing	2026-10-03T07:17:22.9936820Z SymLink /Users/runner/Library/Developer/PhotoAxisBuilds/fe52d68e5807/DerivedData/Build/Products/Release/PhotoAxisCore.framework/Modules Versions/Current/Modules (in target 'PhotoAxisCore' from project 'PhotoAxis')
build-test	Release build with local ad-hoc signing	2026-10-03T07:17:22.9937550Z     cd $REPO
build-test	Release build with local ad-hoc signing	2026-10-03T07:17:22.9938490Z     /bin/ln -sfh Versions/Current/Modules /Users/runner/Library/Developer/PhotoAxisBuilds/fe52d68e5807/DerivedData/Build/Products/Release/PhotoAxisCore.framework/Modules
build-test	Release build with local ad-hoc signing	2026-10-03T07:17:22.9939080Z 
build-test	Release build with local ad-hoc signing	2026-10-03T07:17:22.9939710Z SymLink /Users/runner/Library/Developer/PhotoAxisBuilds/fe52d68e5807/DerivedData/Build/Products/Release/PhotoAxisCore.framework/Headers Versions/Current/Headers (in target 'PhotoAxisCore' from project 'PhotoAxis')
build-test	Release build with local ad-hoc signing	2026-10-03T07:17:22.9940610Z     cd $REPO
build-test	Release build with local ad-hoc signing	2026-10-03T07:17:22.9941290Z     /bin/ln -sfh Versions/Current/Headers /Users/runner/Library/Developer/PhotoAxisBuilds/fe52d68e5807/DerivedData/Build/Products/Release/PhotoAxisCore.framework/Headers
build-test	Release build with local ad-hoc signing	2026-10-03T07:17:22.9941850Z 
build-test	Release build with local ad-hoc signing	2026-10-03T07:17:22.9942590Z MkDir /Users/runner/Library/Developer/PhotoAxisBuilds/fe52d68e5807/DerivedData/Build/Products/Release/PhotoAxisCore.framework/Versions/A/Resources (in target 'PhotoAxisCore' from project 'PhotoAxis')
build-test	Release build with local ad-hoc signing	2026-10-03T07:17:22.9943530Z     cd $REPO
build-test	Release build with local ad-hoc signing	2026-10-03T07:17:22.9944650Z     /bin/mkdir -p /Users/runner/Library/Developer/PhotoAxisBuilds/fe52d68e5807/DerivedData/Build/Products/Release/PhotoAxisCore.framework/Versions/A/Resources
build-test	Release build with local ad-hoc signing	2026-10-03T07:17:22.9945200Z 
build-test	Release build with local ad-hoc signing	2026-10-03T07:17:22.9945730Z MkDir /Users/runner/Library/Developer/PhotoAxisBuilds/fe52d68e5807/DerivedData/Build/Products/Release/PhotoAxisCore.framework/Versions/A/Headers (in target 'PhotoAxisCore' from project 'PhotoAxis')
build-test	Release build with local ad-hoc signing	2026-10-03T07:17:22.9946500Z     cd $REPO
build-test	Release build with local ad-hoc signing	2026-10-03T07:17:22.9947110Z     /bin/mkdir -p /Users/runner/Library/Developer/PhotoAxisBuilds/fe52d68e5807/DerivedData/Build/Products/Release/PhotoAxisCore.framework/Versions/A/Headers
build-test	Release build with local ad-hoc signing	2026-10-03T07:17:22.9947580Z 
build-test	Release build with local ad-hoc signing	2026-10-03T07:17:22.9948060Z MkDir /Users/runner/Library/Developer/PhotoAxisBuilds/fe52d68e5807/DerivedData/Build/Products/Release/PhotoAxisCore.framework/Versions/A (in target 'PhotoAxisCore' from project 'PhotoAxis')
build-test	Release build with local ad-hoc signing	2026-10-03T07:17:22.9949080Z     cd $REPO
build-test	Release build with local ad-hoc signing	2026-10-03T07:17:22.9949680Z     /bin/mkdir -p /Users/runner/Library/Developer/PhotoAxisBuilds/fe52d68e5807/DerivedData/Build/Products/Release/PhotoAxisCore.framework/Versions/A
build-test	Release build with local ad-hoc signing	2026-10-03T07:17:22.9950210Z 
build-test	Release build with local ad-hoc signing	2026-10-03T07:17:22.9950770Z MkDir /Users/runner/Library/Developer/PhotoAxisBuilds/fe52d68e5807/DerivedData/Build/Products/Release/PhotoAxisCore.framework/Versions (in target 'PhotoAxisCore' from project 'PhotoAxis')
build-test	Release build with local ad-hoc signing	2026-10-03T07:17:22.9951570Z     cd $REPO
build-test	Release build with local ad-hoc signing	2026-10-03T07:17:22.9953130Z     /bin/mkdir -p /Users/runner/Library/Developer/PhotoAxisBuilds/fe52d68e5807/DerivedData/Build/Products/Release/PhotoAxisCore.framework/Versions
build-test	Release build with local ad-hoc signing	2026-10-03T07:17:22.9953570Z 
build-test	Release build with local ad-hoc signing	2026-10-03T07:17:22.9954080Z MkDir /Users/runner/Library/Developer/PhotoAxisBuilds/fe52d68e5807/DerivedData/Build/Products/Release/PhotoAxisCore.framework (in target 'PhotoAxisCore' from project 'PhotoAxis')
build-test	Release build with local ad-hoc signing	2026-10-03T07:17:22.9955060Z     cd $REPO
build-test	Release build with local ad-hoc signing	2026-10-03T07:17:22.9955580Z     /bin/mkdir -p /Users/runner/Library/Developer/PhotoAxisBuilds/fe52d68e5807/DerivedData/Build/Products/Release/PhotoAxisCore.framework
build-test	Release build with local ad-hoc signing	2026-10-03T07:17:22.9955990Z 
build-test	Release build with local ad-hoc signing	2026-10-03T07:17:22.9956460Z MkDir /Users/runner/Library/Developer/PhotoAxisBuilds/fe52d68e5807/DerivedData/Build/Products/Release/PhotoAxis.app/Contents/Resources (in target 'PhotoAxis' from project 'PhotoAxis')
build-test	Release build with local ad-hoc signing	2026-10-03T07:17:22.9957180Z     cd $REPO
build-test	Release build with local ad-hoc signing	2026-10-03T07:17:22.9957730Z     /bin/mkdir -p /Users/runner/Library/Developer/PhotoAxisBuilds/fe52d68e5807/DerivedData/Build/Products/Release/PhotoAxis.app/Contents/Resources
build-test	Release build with local ad-hoc signing	2026-10-03T07:17:22.9958160Z 
build-test	Release build with local ad-hoc signing	2026-10-03T07:17:22.9958620Z MkDir /Users/runner/Library/Developer/PhotoAxisBuilds/fe52d68e5807/DerivedData/Build/Products/Release/PhotoAxis.app/Contents/MacOS (in target 'PhotoAxis' from project 'PhotoAxis')
build-test	Release build with local ad-hoc signing	2026-10-03T07:17:22.9959320Z     cd $REPO
build-test	Release build with local ad-hoc signing	2026-10-03T07:17:22.9959820Z     /bin/mkdir -p /Users/runner/Library/Developer/PhotoAxisBuilds/fe52d68e5807/DerivedData/Build/Products/Release/PhotoAxis.app/Contents/MacOS
build-test	Release build with local ad-hoc signing	2026-10-03T07:17:22.9960250Z 
build-test	Release build with local ad-hoc signing	2026-10-03T07:17:22.9961070Z MkDir /Users/runner/Library/Developer/PhotoAxisBuilds/fe52d68e5807/DerivedData/Build/Products/Release/PhotoAxis.app/Contents/Frameworks (in target 'PhotoAxis' from project 'PhotoAxis')
build-test	Release build with local ad-hoc signing	2026-10-03T07:17:22.9961760Z     cd $REPO
build-test	Release build with local ad-hoc signing	2026-10-03T07:17:22.9962320Z     /bin/mkdir -p /Users/runner/Library/Developer/PhotoAxisBuilds/fe52d68e5807/DerivedData/Build/Products/Release/PhotoAxis.app/Contents/Frameworks
build-test	Release build with local ad-hoc signing	2026-10-03T07:17:22.9962780Z 
build-test	Release build with local ad-hoc signing	2026-10-03T07:17:22.9963280Z MkDir /Users/runner/Library/Developer/PhotoAxisBuilds/fe52d68e5807/DerivedData/Build/Products/Release/PhotoAxis.app/Contents (in target 'PhotoAxis' from project 'PhotoAxis')
build-test	Release build with local ad-hoc signing	2026-10-03T07:17:22.9963870Z     cd $REPO
build-test	Release build with local ad-hoc signing	2026-10-03T07:17:22.9964530Z     /bin/mkdir -p /Users/runner/Library/Developer/PhotoAxisBuilds/fe52d68e5807/DerivedData/Build/Products/Release/PhotoAxis.app/Contents
build-test	Release build with local ad-hoc signing	2026-10-03T07:17:22.9965210Z 
build-test	Release build with local ad-hoc signing	2026-10-03T07:17:22.9965690Z MkDir /Users/runner/Library/Developer/PhotoAxisBuilds/fe52d68e5807/DerivedData/Build/Products/Release/PhotoAxis.app (in target 'PhotoAxis' from project 'PhotoAxis')
build-test	Release build with local ad-hoc signing	2026-10-03T07:17:22.9966260Z     cd $REPO
build-test	Release build with local ad-hoc signing	2026-10-03T07:17:22.9966710Z     /bin/mkdir -p /Users/runner/Library/Developer/PhotoAxisBuilds/fe52d68e5807/DerivedData/Build/Products/Release/PhotoAxis.app
build-test	Release build with local ad-hoc signing	2026-10-03T07:17:22.9967770Z 
build-test	Release build with local ad-hoc signing	2026-10-03T07:17:22.9968880Z ProcessInfoPlistFile /Users/runner/Library/Developer/PhotoAxisBuilds/fe52d68e5807/DerivedData/Build/Products/Release/PhotoAxisCore.framework/Versions/A/Resources/Info.plist /Users/runner/Library/Developer/PhotoAxisBuilds/fe52d68e5807/DerivedData/Build/Intermediates.noindex/PhotoAxis.build/Release/PhotoAxisCore.build/empty-PhotoAxisCore.plist (in target 'PhotoAxisCore' from project 'PhotoAxis')
build-test	Release build with local ad-hoc signing	2026-10-03T07:17:22.9970230Z     cd $REPO
build-test	Release build with local ad-hoc signing	2026-10-03T07:17:22.9971780Z     builtin-infoPlistUtility /Users/runner/Library/Developer/PhotoAxisBuilds/fe52d68e5807/DerivedData/Build/Intermediates.noindex/PhotoAxis.build/Release/PhotoAxisCore.build/empty-PhotoAxisCore.plist -producttype com.apple.product-type.framework -expandbuildsettings -platform macosx -o /Users/runner/Library/Developer/PhotoAxisBuilds/fe52d68e5807/DerivedData/Build/Products/Release/PhotoAxisCore.framework/Versions/A/Resources/Info.plist
build-test	Release build with local ad-hoc signing	2026-10-03T07:17:22.9973410Z 
build-test	Release build with local ad-hoc signing	2026-10-03T07:17:22.9973770Z SwiftDriver PhotoAxisCore normal arm64 com.apple.xcode.tools.swift.compiler (in target 'PhotoAxisCore' from project 'PhotoAxis')
build-test	Release build with local ad-hoc signing	2026-10-03T07:17:22.9974240Z     cd $REPO
build-test	Release build with local ad-hoc signing	2026-10-03T07:17:22.9988120Z     builtin-SwiftDriver -- /Applications/Xcode_16.4.app/Contents/Developer/Toolchains/XcodeDefault.xctoolchain/usr/bin/swiftc -module-name PhotoAxisCore -O -whole-module-optimization -enforce-exclusivity\=checked @/Users/runner/Library/Developer/PhotoAxisBuilds/fe52d68e5807/DerivedData/Build/Intermediates.noindex/PhotoAxis.build/Release/PhotoAxisCore.build/Objects-normal/arm64/PhotoAxisCore.SwiftFileList -enable-experimental-feature DebugDescriptionMacro -sdk /Applications/Xcode_16.4.app/Contents/Developer/Platforms/MacOSX.platform/Developer/SDKs/MacOSX15.5.sdk -target arm64-apple-macos14.0 -g -module-cache-path /Users/runner/Library/Developer/PhotoAxisBuilds/fe52d68e5807/DerivedData/ModuleCache.noindex -Xfrontend -serialize-debugging-options -swift-version 6 -I /Users/runner/Library/Developer/PhotoAxisBuilds/fe52d68e5807/DerivedData/Build/Products/Release -F /Users/runner/Library/Developer/PhotoAxisBuilds/fe52d68e5807/DerivedData/Build/Products/Release -c -num-threads 3 -Xcc -ivfsstatcache -Xcc /Users/runner/Library/Developer/PhotoAxisBuilds/fe52d68e5807/DerivedData/SDKStatCaches.noindex/macosx15.5-24F74-a403186ba963133a54a0e0cacd566b0b.sdkstatcache -output-file-map /Users/runner/Library/Developer/PhotoAxisBuilds/fe52d68e5807/DerivedData/Build/Intermediates.noindex/PhotoAxis.build/Release/PhotoAxisCore.build/Objects-normal/arm64/PhotoAxisCore-OutputFileMap.json -use-frontend-parseable-output -save-temps -no-color-diagnostics -serialize-diagnostics -emit-dependencies -emit-module -emit-module-path /Users/runner/Library/Developer/PhotoAxisBuilds/fe52d68e5807/DerivedData/Build/Intermediates.noindex/PhotoAxis.build/Release/PhotoAxisCore.build/Objects-normal/arm64/PhotoAxisCore.swiftmodule -validate-clang-modules-once -clang-build-session-file /Users/runner/Library/Developer/PhotoAxisBuilds/fe52d68e5807/DerivedData/ModuleCache.noindex/Session.modulevalidation -Xcc -I/Users/runner/Library/Developer/PhotoAxisBuilds/fe52d68e5807/DerivedData/Build/Intermediates.noindex/PhotoAxis.build/Release/PhotoAxisCore.build/swift-overrides.hmap -emit-const-values -Xfrontend -const-gather-protocols-file -Xfrontend /Users/runner/Library/Developer/PhotoAxisBuilds/fe52d68e5807/DerivedData/Build/Intermediates.noindex/PhotoAxis.build/Release/PhotoAxisCore.build/Objects-normal/arm64/PhotoAxisCore_const_extract_protocols.json -Xcc -iquote -Xcc /Users/runner/Library/Developer/PhotoAxisBuilds/fe52d68e5807/DerivedData/Build/Intermediates.noindex/PhotoAxis.build/Release/PhotoAxisCore.build/PhotoAxisCore-generated-files.hmap -Xcc -I/Users/runner/Library/Developer/PhotoAxisBuilds/fe52d68e5807/DerivedData/Build/Intermediates.noindex/PhotoAxis.build/Release/PhotoAxisCore.build/PhotoAxisCore-own-target-headers.hmap -Xcc -I/Users/runner/Library/Developer/PhotoAxisBuilds/fe52d68e5807/DerivedData/Build/Intermediates.noindex/PhotoAxis.build/Release/PhotoAxisCore.build/PhotoAxisCore-all-non-framework-target-headers.hmap -Xcc -ivfsoverlay -Xcc /Users/runner/Library/Developer/PhotoAxisBuilds/fe52d68e5807/DerivedData/Build/Intermediates.noindex/PhotoAxis.build/Release/PhotoAxis-9730526f0700b8b20d57e2b47e796b5b-VFS/all-product-headers.yaml -Xcc -iquote -Xcc /Users/runner/Library/Developer/PhotoAxisBuilds/fe52d68e5807/DerivedData/Build/Intermediates.noindex/PhotoAxis.build/Release/PhotoAxisCore.build/PhotoAxisCore-project-headers.hmap -Xcc -I/Users/runner/Library/Developer/PhotoAxisBuilds/fe52d68e5807/DerivedData/Build/Products/Release/include -Xcc -I/Users/runner/Library/Developer/PhotoAxisBuilds/fe52d68e5807/DerivedData/Build/Intermediates.noindex/PhotoAxis.build/Release/PhotoAxisCore.build/DerivedSources-normal/arm64 -Xcc -I/Users/runner/Library/Developer/PhotoAxisBuilds/fe52d68e5807/DerivedData/Build/Intermediates.noindex/PhotoAxis.build/Release/PhotoAxisCore.build/DerivedSources/arm64 -Xcc -I/Users/runner/Library/Developer/PhotoAxisBuilds/fe52d68e5807/DerivedData/Build/Intermediates.noindex/PhotoAxis.build/Release/PhotoAxisCore.build/DerivedSources -emit-objc-header -emit-objc-header-path /Users/runner/Library/Developer/PhotoAxisBuilds/fe52d68e5807/DerivedData/Build/Intermediates.noindex/PhotoAxis.build/Release/PhotoAxisCore.build/Objects-normal/arm64/PhotoAxisCore-Swift.h -working-directory $REPO -no-emit-module-separately-wmo
build-test	Release build with local ad-hoc signing	2026-10-03T07:17:23.0696680Z 
build-test	Release build with local ad-hoc signing	2026-10-03T07:17:23.0715270Z SwiftCompile normal arm64 Compiling\ BoundedZIP.swift,\ CanvasSize.swift,\ ContentOperations.swift,\ DocumentHistory.swift,\ ExportOptions.swift,\ ImageAdjustments.swift,\ LayerOperations.swift,\ PhotoDocumentModel.swift,\ ProjectSchema.swift,\ ScanSettings.swift,\ DocumentGeometry.swift,\ LayerGeometry.swift,\ PerspectiveGeometry.swift,\ ProjectiveTransform.swift,\ ViewportState.swift,\ ViewportTransform.swift,\ InvestigationAnalysis.swift,\ InvestigationAnnotations.swift,\ InvestigationCase.swift $REPO/Sources/PhotoAxisCore/DocumentModel/BoundedZIP.swift $REPO/Sources/PhotoAxisCore/DocumentModel/CanvasSize.swift $REPO/Sources/PhotoAxisCore/DocumentModel/ContentOperations.swift $REPO/Sources/PhotoAxisCore/DocumentModel/DocumentHistory.swift $REPO/Sources/PhotoAxisCore/DocumentModel/ExportOptions.swift $REPO/Sources/PhotoAxisCore/DocumentModel/ImageAdjustments.swift $REPO/Sources/PhotoAxisCore/DocumentModel/LayerOperations.swift $REPO/Sources/PhotoAxisCore/DocumentModel/PhotoDocumentModel.swift $REPO/Sources/PhotoAxisCore/DocumentModel/ProjectSchema.swift $REPO/Sources/PhotoAxisCore/DocumentModel/ScanSettings.swift $REPO/Sources/PhotoAxisCore/Geometry/DocumentGeometry.swift $REPO/Sources/PhotoAxisCore/Geometry/LayerGeometry.swift $REPO/Sources/PhotoAxisCore/Geometry/PerspectiveGeometry.swift $REPO/Sources/PhotoAxisCore/Geometry/ProjectiveTransform.swift $REPO/Sources/PhotoAxisCore/Geometry/ViewportState.swift $REPO/Sources/PhotoAxisCore/Geometry/ViewportTransform.swift $REPO/Sources/PhotoAxisCore/Investigation/InvestigationAnalysis.swift $REPO/Sources/PhotoAxisCore/Investigation/InvestigationAnnotations.swift $REPO/Sources/PhotoAxisCore/Investigation/InvestigationCase.swift (in target 'PhotoAxisCore' from project 'PhotoAxis')
build-test	Release build with local ad-hoc signing	2026-10-03T07:17:23.1443320Z 
build-test	Release build with local ad-hoc signing	2026-10-03T07:17:23.1445440Z CompileSwift normal arm64 (in target 'PhotoAxisCore' from project 'PhotoAxis')
build-test	Release build with local ad-hoc signing	2026-10-03T07:17:23.1446120Z     cd $REPO
build-test	Release build with local ad-hoc signing	2026-10-03T07:17:23.1446530Z     
build-test	Release build with local ad-hoc signing	2026-10-03T07:17:35.4558990Z 
build-test	Release build with local ad-hoc signing	2026-10-03T07:17:35.4670140Z SwiftDriver\ Compilation PhotoAxisCore normal arm64 com.apple.xcode.tools.swift.compiler (in target 'PhotoAxisCore' from project 'PhotoAxis')
build-test	Release build with local ad-hoc signing	2026-10-03T07:17:35.4693380Z     cd $REPO
build-test	Release build with local ad-hoc signing	2026-10-03T07:17:35.4717800Z     builtin-Swift-Compilation -- /Applications/Xcode_16.4.app/Contents/Developer/Toolchains/XcodeDefault.xctoolchain/usr/bin/swiftc -module-name PhotoAxisCore -O -whole-module-optimization -enforce-exclusivity\=checked @/Users/runner/Library/Developer/PhotoAxisBuilds/fe52d68e5807/DerivedData/Build/Intermediates.noindex/PhotoAxis.build/Release/PhotoAxisCore.build/Objects-normal/arm64/PhotoAxisCore.SwiftFileList -enable-experimental-feature DebugDescriptionMacro -sdk /Applications/Xcode_16.4.app/Contents/Developer/Platforms/MacOSX.platform/Developer/SDKs/MacOSX15.5.sdk -target arm64-apple-macos14.0 -g -module-cache-path /Users/runner/Library/Developer/PhotoAxisBuilds/fe52d68e5807/DerivedData/ModuleCache.noindex -Xfrontend -serialize-debugging-options -swift-version 6 -I /Users/runner/Library/Developer/PhotoAxisBuilds/fe52d68e5807/DerivedData/Build/Products/Release -F /Users/runner/Library/Developer/PhotoAxisBuilds/fe52d68e5807/DerivedData/Build/Products/Release -c -num-threads 3 -Xcc -ivfsstatcache -Xcc /Users/runner/Library/Developer/PhotoAxisBuilds/fe52d68e5807/DerivedData/SDKStatCaches.noindex/macosx15.5-24F74-a403186ba963133a54a0e0cacd566b0b.sdkstatcache -output-file-map /Users/runner/Library/Developer/PhotoAxisBuilds/fe52d68e5807/DerivedData/Build/Intermediates.noindex/PhotoAxis.build/Release/PhotoAxisCore.build/Objects-normal/arm64/PhotoAxisCore-OutputFileMap.json -use-frontend-parseable-output -save-temps -no-color-diagnostics -serialize-diagnostics -emit-dependencies -emit-module -emit-module-path /Users/runner/Library/Developer/PhotoAxisBuilds/fe52d68e5807/DerivedData/Build/Intermediates.noindex/PhotoAxis.build/Release/PhotoAxisCore.build/Objects-normal/arm64/PhotoAxisCore.swiftmodule -validate-clang-modules-once -clang-build-session-file /Users/runner/Library/Developer/PhotoAxisBuilds/fe52d68e5807/DerivedData/ModuleCache.noindex/Session.modulevalidation -Xcc -I/Users/runner/Library/Developer/PhotoAxisBuilds/fe52d68e5807/DerivedData/Build/Intermediates.noindex/PhotoAxis.build/Release/PhotoAxisCore.build/swift-overrides.hmap -emit-const-values -Xfrontend -const-gather-protocols-file -Xfrontend /Users/runner/Library/Developer/PhotoAxisBuilds/fe52d68e5807/DerivedData/Build/Intermediates.noindex/PhotoAxis.build/Release/PhotoAxisCore.build/Objects-normal/arm64/PhotoAxisCore_const_extract_protocols.json -Xcc -iquote -Xcc /Users/runner/Library/Developer/PhotoAxisBuilds/fe52d68e5807/DerivedData/Build/Intermediates.noindex/PhotoAxis.build/Release/PhotoAxisCore.build/PhotoAxisCore-generated-files.hmap -Xcc -I/Users/runner/Library/Developer/PhotoAxisBuilds/fe52d68e5807/DerivedData/Build/Intermediates.noindex/PhotoAxis.build/Release/PhotoAxisCore.build/PhotoAxisCore-own-target-headers.hmap -Xcc -I/Users/runner/Library/Developer/PhotoAxisBuilds/fe52d68e5807/DerivedData/Build/Intermediates.noindex/PhotoAxis.build/Release/PhotoAxisCore.build/PhotoAxisCore-all-non-framework-target-headers.hmap -Xcc -ivfsoverlay -Xcc /Users/runner/Library/Developer/PhotoAxisBuilds/fe52d68e5807/DerivedData/Build/Intermediates.noindex/PhotoAxis.build/Release/PhotoAxis-9730526f0700b8b20d57e2b47e796b5b-VFS/all-product-headers.yaml -Xcc -iquote -Xcc /Users/runner/Library/Developer/PhotoAxisBuilds/fe52d68e5807/DerivedData/Build/Intermediates.noindex/PhotoAxis.build/Release/PhotoAxisCore.build/PhotoAxisCore-project-headers.hmap -Xcc -I/Users/runner/Library/Developer/PhotoAxisBuilds/fe52d68e5807/DerivedData/Build/Products/Release/include -Xcc -I/Users/runner/Library/Developer/PhotoAxisBuilds/fe52d68e5807/DerivedData/Build/Intermediates.noindex/PhotoAxis.build/Release/PhotoAxisCore.build/DerivedSources-normal/arm64 -Xcc -I/Users/runner/Library/Developer/PhotoAxisBuilds/fe52d68e5807/DerivedData/Build/Intermediates.noindex/PhotoAxis.build/Release/PhotoAxisCore.build/DerivedSources/arm64 -Xcc -I/Users/runner/Library/Developer/PhotoAxisBuilds/fe52d68e5807/DerivedData/Build/Intermediates.noindex/PhotoAxis.build/Release/PhotoAxisCore.build/DerivedSources -emit-objc-header -emit-objc-header-path /Users/runner/Library/Developer/PhotoAxisBuilds/fe52d68e5807/DerivedData/Build/Intermediates.noindex/PhotoAxis.build/Release/PhotoAxisCore.build/Objects-normal/arm64/PhotoAxisCore-Swift.h -working-directory $REPO -no-emit-module-separately-wmo
build-test	Release build with local ad-hoc signing	2026-10-03T07:17:35.4767410Z 
build-test	Release build with local ad-hoc signing	2026-10-03T07:17:35.4769100Z SwiftDriverJobDiscovery normal arm64 Compiling BoundedZIP.swift, CanvasSize.swift, ContentOperations.swift, DocumentHistory.swift, ExportOptions.swift, ImageAdjustments.swift, LayerOperations.swift, PhotoDocumentModel.swift, ProjectSchema.swift, ScanSettings.swift, DocumentGeometry.swift, LayerGeometry.swift, PerspectiveGeometry.swift, ProjectiveTransform.swift, ViewportState.swift, ViewportTransform.swift, InvestigationAnalysis.swift, InvestigationAnnotations.swift, InvestigationCase.swift (in target 'PhotoAxisCore' from project 'PhotoAxis')
build-test	Release build with local ad-hoc signing	2026-10-03T07:17:35.4770790Z 
build-test	Release build with local ad-hoc signing	2026-10-03T07:17:35.4771180Z SwiftDriver\ Compilation\ Requirements PhotoAxisCore normal arm64 com.apple.xcode.tools.swift.compiler (in target 'PhotoAxisCore' from project 'PhotoAxis')
build-test	Release build with local ad-hoc signing	2026-10-03T07:17:35.4771840Z     cd $REPO
build-test	Release build with local ad-hoc signing	2026-10-03T07:17:35.4801110Z     builtin-Swift-Compilation-Requirements -- /Applications/Xcode_16.4.app/Contents/Developer/Toolchains/XcodeDefault.xctoolchain/usr/bin/swiftc -module-name PhotoAxisCore -O -whole-module-optimization -enforce-exclusivity\=checked @/Users/runner/Library/Developer/PhotoAxisBuilds/fe52d68e5807/DerivedData/Build/Intermediates.noindex/PhotoAxis.build/Release/PhotoAxisCore.build/Objects-normal/arm64/PhotoAxisCore.SwiftFileList -enable-experimental-feature DebugDescriptionMacro -sdk /Applications/Xcode_16.4.app/Contents/Developer/Platforms/MacOSX.platform/Developer/SDKs/MacOSX15.5.sdk -target arm64-apple-macos14.0 -g -module-cache-path /Users/runner/Library/Developer/PhotoAxisBuilds/fe52d68e5807/DerivedData/ModuleCache.noindex -Xfrontend -serialize-debugging-options -swift-version 6 -I /Users/runner/Library/Developer/PhotoAxisBuilds/fe52d68e5807/DerivedData/Build/Products/Release -F /Users/runner/Library/Developer/PhotoAxisBuilds/fe52d68e5807/DerivedData/Build/Products/Release -c -num-threads 3 -Xcc -ivfsstatcache -Xcc /Users/runner/Library/Developer/PhotoAxisBuilds/fe52d68e5807/DerivedData/SDKStatCaches.noindex/macosx15.5-24F74-a403186ba963133a54a0e0cacd566b0b.sdkstatcache -output-file-map /Users/runner/Library/Developer/PhotoAxisBuilds/fe52d68e5807/DerivedData/Build/Intermediates.noindex/PhotoAxis.build/Release/PhotoAxisCore.build/Objects-normal/arm64/PhotoAxisCore-OutputFileMap.json -use-frontend-parseable-output -save-temps -no-color-diagnostics -serialize-diagnostics -emit-dependencies -emit-module -emit-module-path /Users/runner/Library/Developer/PhotoAxisBuilds/fe52d68e5807/DerivedData/Build/Intermediates.noindex/PhotoAxis.build/Release/PhotoAxisCore.build/Objects-normal/arm64/PhotoAxisCore.swiftmodule -validate-clang-modules-once -clang-build-session-file /Users/runner/Library/Developer/PhotoAxisBuilds/fe52d68e5807/DerivedData/ModuleCache.noindex/Session.modulevalidation -Xcc -I/Users/runner/Library/Developer/PhotoAxisBuilds/fe52d68e5807/DerivedData/Build/Intermediates.noindex/PhotoAxis.build/Release/PhotoAxisCore.build/swift-overrides.hmap -emit-const-values -Xfrontend -const-gather-protocols-file -Xfrontend /Users/runner/Library/Developer/PhotoAxisBuilds/fe52d68e5807/DerivedData/Build/Intermediates.noindex/PhotoAxis.build/Release/PhotoAxisCore.build/Objects-normal/arm64/PhotoAxisCore_const_extract_protocols.json -Xcc -iquote -Xcc /Users/runner/Library/Developer/PhotoAxisBuilds/fe52d68e5807/DerivedData/Build/Intermediates.noindex/PhotoAxis.build/Release/PhotoAxisCore.build/PhotoAxisCore-generated-files.hmap -Xcc -I/Users/runner/Library/Developer/PhotoAxisBuilds/fe52d68e5807/DerivedData/Build/Intermediates.noindex/PhotoAxis.build/Release/PhotoAxisCore.build/PhotoAxisCore-own-target-headers.hmap -Xcc -I/Users/runner/Library/Developer/PhotoAxisBuilds/fe52d68e5807/DerivedData/Build/Intermediates.noindex/PhotoAxis.build/Release/PhotoAxisCore.build/PhotoAxisCore-all-non-framework-target-headers.hmap -Xcc -ivfsoverlay -Xcc /Users/runner/Library/Developer/PhotoAxisBuilds/fe52d68e5807/DerivedData/Build/Intermediates.noindex/PhotoAxis.build/Release/PhotoAxis-9730526f0700b8b20d57e2b47e796b5b-VFS/all-product-headers.yaml -Xcc -iquote -Xcc /Users/runner/Library/Developer/PhotoAxisBuilds/fe52d68e5807/DerivedData/Build/Intermediates.noindex/PhotoAxis.build/Release/PhotoAxisCore.build/PhotoAxisCore-project-headers.hmap -Xcc -I/Users/runner/Library/Developer/PhotoAxisBuilds/fe52d68e5807/DerivedData/Build/Products/Release/include -Xcc -I/Users/runner/Library/Developer/PhotoAxisBuilds/fe52d68e5807/DerivedData/Build/Intermediates.noindex/PhotoAxis.build/Release/PhotoAxisCore.build/DerivedSources-normal/arm64 -Xcc -I/Users/runner/Library/Developer/PhotoAxisBuilds/fe52d68e5807/DerivedData/Build/Intermediates.noindex/PhotoAxis.build/Release/PhotoAxisCore.build/DerivedSources/arm64 -Xcc -I/Users/runner/Library/Developer/PhotoAxisBuilds/fe52d68e5807/DerivedData/Build/Intermediates.noindex/PhotoAxis.build/Release/PhotoAxisCore.build/DerivedSources -emit-objc-header -emit-objc-header-path /Users/runner/Library/Developer/PhotoAxisBuilds/fe52d68e5807/DerivedData/Build/Intermediates.noindex/PhotoAxis.build/Release/PhotoAxisCore.build/Objects-normal/arm64/PhotoAxisCore-Swift.h -working-directory $REPO -no-emit-module-separately-wmo
build-test	Release build with local ad-hoc signing	2026-10-03T07:17:35.4836520Z 
build-test	Release build with local ad-hoc signing	2026-10-03T07:17:35.4838220Z SwiftMergeGeneratedHeaders /Users/runner/Library/Developer/PhotoAxisBuilds/fe52d68e5807/DerivedData/Build/Products/Release/PhotoAxisCore.framework/Versions/A/Headers/PhotoAxisCore-Swift.h /Users/runner/Library/Developer/PhotoAxisBuilds/fe52d68e5807/DerivedData/Build/Intermediates.noindex/PhotoAxis.build/Release/PhotoAxisCore.build/Objects-normal/arm64/PhotoAxisCore-Swift.h (in target 'PhotoAxisCore' from project 'PhotoAxis')
build-test	Release build with local ad-hoc signing	2026-10-03T07:17:35.4839920Z     cd $REPO
build-test	Release build with local ad-hoc signing	2026-10-03T07:17:35.4842090Z     builtin-swiftHeaderTool -arch arm64 /Users/runner/Library/Developer/PhotoAxisBuilds/fe52d68e5807/DerivedData/Build/Intermediates.noindex/PhotoAxis.build/Release/PhotoAxisCore.build/Objects-normal/arm64/PhotoAxisCore-Swift.h -o /Users/runner/Library/Developer/PhotoAxisBuilds/fe52d68e5807/DerivedData/Build/Products/Release/PhotoAxisCore.framework/Versions/A/Headers/PhotoAxisCore-Swift.h
build-test	Release build with local ad-hoc signing	2026-10-03T07:17:35.4851940Z 
build-test	Release build with local ad-hoc signing	2026-10-03T07:17:35.4855830Z Copy /Users/runner/Library/Developer/PhotoAxisBuilds/fe52d68e5807/DerivedData/Build/Products/Release/PhotoAxisCore.framework/Versions/A/Modules/PhotoAxisCore.swiftmodule/arm64-apple-macos.swiftmodule /Users/runner/Library/Developer/PhotoAxisBuilds/fe52d68e5807/DerivedData/Build/Intermediates.noindex/PhotoAxis.build/Release/PhotoAxisCore.build/Objects-normal/arm64/PhotoAxisCore.swiftmodule (in target 'PhotoAxisCore' from project 'PhotoAxis')
build-test	Release build with local ad-hoc signing	2026-10-03T07:17:35.4858350Z     cd $REPO
build-test	Release build with local ad-hoc signing	2026-10-03T07:17:35.4871420Z     builtin-copy -exclude .DS_Store -exclude CVS -exclude .svn -exclude .git -exclude .hg -strip-unsigned-binaries -strip-deterministic -strip-tool /Applications/Xcode_16.4.app/Contents/Developer/Toolchains/XcodeDefault.xctoolchain/usr/bin/strip -resolve-src-symlinks -rename /Users/runner/Library/Developer/PhotoAxisBuilds/fe52d68e5807/DerivedData/Build/Intermediates.noindex/PhotoAxis.build/Release/PhotoAxisCore.build/Objects-normal/arm64/PhotoAxisCore.swiftmodule /Users/runner/Library/Developer/PhotoAxisBuilds/fe52d68e5807/DerivedData/Build/Products/Release/PhotoAxisCore.framework/Versions/A/Modules/PhotoAxisCore.swiftmodule/arm64-apple-macos.swiftmodule
build-test	Release build with local ad-hoc signing	2026-10-03T07:17:35.4879080Z 
build-test	Release build with local ad-hoc signing	2026-10-03T07:17:35.4881450Z Copy /Users/runner/Library/Developer/PhotoAxisBuilds/fe52d68e5807/DerivedData/Build/Products/Release/PhotoAxisCore.framework/Versions/A/Modules/PhotoAxisCore.swiftmodule/arm64-apple-macos.swiftdoc /Users/runner/Library/Developer/PhotoAxisBuilds/fe52d68e5807/DerivedData/Build/Intermediates.noindex/PhotoAxis.build/Release/PhotoAxisCore.build/Objects-normal/arm64/PhotoAxisCore.swiftdoc (in target 'PhotoAxisCore' from project 'PhotoAxis')
build-test	Release build with local ad-hoc signing	2026-10-03T07:17:35.4884070Z     cd $REPO
build-test	Release build with local ad-hoc signing	2026-10-03T07:17:35.4886920Z     builtin-copy -exclude .DS_Store -exclude CVS -exclude .svn -exclude .git -exclude .hg -strip-unsigned-binaries -strip-deterministic -strip-tool /Applications/Xcode_16.4.app/Contents/Developer/Toolchains/XcodeDefault.xctoolchain/usr/bin/strip -resolve-src-symlinks -rename /Users/runner/Library/Developer/PhotoAxisBuilds/fe52d68e5807/DerivedData/Build/Intermediates.noindex/PhotoAxis.build/Release/PhotoAxisCore.build/Objects-normal/arm64/PhotoAxisCore.swiftdoc /Users/runner/Library/Developer/PhotoAxisBuilds/fe52d68e5807/DerivedData/Build/Products/Release/PhotoAxisCore.framework/Versions/A/Modules/PhotoAxisCore.swiftmodule/arm64-apple-macos.swiftdoc
build-test	Release build with local ad-hoc signing	2026-10-03T07:17:35.4890680Z 
build-test	Release build with local ad-hoc signing	2026-10-03T07:17:35.4892060Z Copy /Users/runner/Library/Developer/PhotoAxisBuilds/fe52d68e5807/DerivedData/Build/Products/Release/PhotoAxisCore.framework/Versions/A/Modules/PhotoAxisCore.swiftmodule/arm64-apple-macos.abi.json /Users/runner/Library/Developer/PhotoAxisBuilds/fe52d68e5807/DerivedData/Build/Intermediates.noindex/PhotoAxis.build/Release/PhotoAxisCore.build/Objects-normal/arm64/PhotoAxisCore.abi.json (in target 'PhotoAxisCore' from project 'PhotoAxis')
build-test	Release build with local ad-hoc signing	2026-10-03T07:17:35.4894320Z     cd $REPO
build-test	Release build with local ad-hoc signing	2026-10-03T07:17:35.4896460Z     builtin-copy -exclude .DS_Store -exclude CVS -exclude .svn -exclude .git -exclude .hg -strip-unsigned-binaries -strip-deterministic -strip-tool /Applications/Xcode_16.4.app/Contents/Developer/Toolchains/XcodeDefault.xctoolchain/usr/bin/strip -resolve-src-symlinks -rename /Users/runner/Library/Developer/PhotoAxisBuilds/fe52d68e5807/DerivedData/Build/Intermediates.noindex/PhotoAxis.build/Release/PhotoAxisCore.build/Objects-normal/arm64/PhotoAxisCore.abi.json /Users/runner/Library/Developer/PhotoAxisBuilds/fe52d68e5807/DerivedData/Build/Products/Release/PhotoAxisCore.framework/Versions/A/Modules/PhotoAxisCore.swiftmodule/arm64-apple-macos.abi.json
build-test	Release build with local ad-hoc signing	2026-10-03T07:17:35.4898910Z 
build-test	Release build with local ad-hoc signing	2026-10-03T07:17:35.4900690Z Copy /Users/runner/Library/Developer/PhotoAxisBuilds/fe52d68e5807/DerivedData/Build/Products/Release/PhotoAxisCore.framework/Versions/A/Modules/PhotoAxisCore.swiftmodule/Project/arm64-apple-macos.swiftsourceinfo /Users/runner/Library/Developer/PhotoAxisBuilds/fe52d68e5807/DerivedData/Build/Intermediates.noindex/PhotoAxis.build/Release/PhotoAxisCore.build/Objects-normal/arm64/PhotoAxisCore.swiftsourceinfo (in target 'PhotoAxisCore' from project 'PhotoAxis')
build-test	Release build with local ad-hoc signing	2026-10-03T07:17:35.4902600Z     cd $REPO
build-test	Release build with local ad-hoc signing	2026-10-03T07:17:35.4910440Z     builtin-copy -exclude .DS_Store -exclude CVS -exclude .svn -exclude .git -exclude .hg -strip-unsigned-binaries -strip-deterministic -strip-tool /Applications/Xcode_16.4.app/Contents/Developer/Toolchains/XcodeDefault.xctoolchain/usr/bin/strip -resolve-src-symlinks -rename /Users/runner/Library/Developer/PhotoAxisBuilds/fe52d68e5807/DerivedData/Build/Intermediates.noindex/PhotoAxis.build/Release/PhotoAxisCore.build/Objects-normal/arm64/PhotoAxisCore.swiftsourceinfo /Users/runner/Library/Developer/PhotoAxisBuilds/fe52d68e5807/DerivedData/Build/Products/Release/PhotoAxisCore.framework/Versions/A/Modules/PhotoAxisCore.swiftmodule/Project/arm64-apple-macos.swiftsourceinfo
build-test	Release build with local ad-hoc signing	2026-10-03T07:17:35.4914460Z 
build-test	Release build with local ad-hoc signing	2026-10-03T07:17:35.4915530Z Ld /Users/runner/Library/Developer/PhotoAxisBuilds/fe52d68e5807/DerivedData/Build/Products/Release/PhotoAxisCore.framework/Versions/A/PhotoAxisCore normal (in target 'PhotoAxisCore' from project 'PhotoAxis')
build-test	Release build with local ad-hoc signing	2026-10-03T07:17:35.4918830Z     cd $REPO
build-test	Release build with local ad-hoc signing	2026-10-03T07:17:35.4926360Z     /Applications/Xcode_16.4.app/Contents/Developer/Toolchains/XcodeDefault.xctoolchain/usr/bin/clang -Xlinker -reproducible -target arm64-apple-macos14.0 -dynamiclib -isysroot /Applications/Xcode_16.4.app/Contents/Developer/Platforms/MacOSX.platform/Developer/SDKs/MacOSX15.5.sdk -Os -L/Users/runner/Library/Developer/PhotoAxisBuilds/fe52d68e5807/DerivedData/Build/Intermediates.noindex/EagerLinkingTBDs/Release -L/Users/runner/Library/Developer/PhotoAxisBuilds/fe52d68e5807/DerivedData/Build/Products/Release -F/Users/runner/Library/Developer/PhotoAxisBuilds/fe52d68e5807/DerivedData/Build/Intermediates.noindex/EagerLinkingTBDs/Release -F/Users/runner/Library/Developer/PhotoAxisBuilds/fe52d68e5807/DerivedData/Build/Products/Release -filelist /Users/runner/Library/Developer/PhotoAxisBuilds/fe52d68e5807/DerivedData/Build/Intermediates.noindex/PhotoAxis.build/Release/PhotoAxisCore.build/Objects-normal/arm64/PhotoAxisCore.LinkFileList -install_name @rpath/PhotoAxisCore.framework/Versions/A/PhotoAxisCore -Xlinker -rpath -Xlinker @executable_path/../Frameworks -Xlinker -rpath -Xlinker @loader_path/../Frameworks -Xlinker -object_path_lto -Xlinker /Users/runner/Library/Developer/PhotoAxisBuilds/fe52d68e5807/DerivedData/Build/Intermediates.noindex/PhotoAxis.build/Release/PhotoAxisCore.build/Objects-normal/arm64/PhotoAxisCore_lto.o -Xlinker -dependency_info -Xlinker /Users/runner/Library/Developer/PhotoAxisBuilds/fe52d68e5807/DerivedData/Build/Intermediates.noindex/PhotoAxis.build/Release/PhotoAxisCore.build/Objects-normal/arm64/PhotoAxisCore_dependency_info.dat -fobjc-link-runtime -L/Applications/Xcode_16.4.app/Contents/Developer/Toolchains/XcodeDefault.xctoolchain/usr/lib/swift/macosx -L/usr/lib/swift -Xlinker -add_ast_path -Xlinker /Users/runner/Library/Developer/PhotoAxisBuilds/fe52d68e5807/DerivedData/Build/Intermediates.noindex/PhotoAxis.build/Release/PhotoAxisCore.build/Objects-normal/arm64/PhotoAxisCore.swiftmodule -Xlinker -no_adhoc_codesign -o /Users/runner/Library/Developer/PhotoAxisBuilds/fe52d68e5807/DerivedData/Build/Products/Release/PhotoAxisCore.framework/Versions/A/PhotoAxisCore
build-test	Release build with local ad-hoc signing	2026-10-03T07:17:35.7186150Z 
build-test	Release build with local ad-hoc signing	2026-10-03T07:17:35.7201600Z ProcessProductPackaging "" /Users/runner/Library/Developer/PhotoAxisBuilds/fe52d68e5807/DerivedData/Build/Intermediates.noindex/PhotoAxis.build/Release/PhotoAxis.build/PhotoAxis.app.xcent (in target 'PhotoAxis' from project 'PhotoAxis')
build-test	Release build with local ad-hoc signing	2026-10-03T07:17:35.7219110Z     cd $REPO
build-test	Release build with local ad-hoc signing	2026-10-03T07:17:35.7226830Z     
build-test	Release build with local ad-hoc signing	2026-10-03T07:17:35.7232830Z     Entitlements:
build-test	Release build with local ad-hoc signing	2026-10-03T07:17:35.7239270Z     
build-test	Release build with local ad-hoc signing	2026-10-03T07:17:35.7318880Z     {
build-test	Release build with local ad-hoc signing	2026-10-03T07:17:35.7321260Z     "com.apple.security.get-task-allow" = 1;
build-test	Release build with local ad-hoc signing	2026-10-03T07:17:35.7342830Z }
build-test	Release build with local ad-hoc signing	2026-10-03T07:17:35.7344950Z     
build-test	Release build with local ad-hoc signing	2026-10-03T07:17:35.7346290Z     builtin-productPackagingUtility -entitlements -format xml -o /Users/runner/Library/Developer/PhotoAxisBuilds/fe52d68e5807/DerivedData/Build/Intermediates.noindex/PhotoAxis.build/Release/PhotoAxis.build/PhotoAxis.app.xcent
build-test	Release build with local ad-hoc signing	2026-10-03T07:17:35.7347300Z 
build-test	Release build with local ad-hoc signing	2026-10-03T07:17:35.7349170Z ProcessProductPackagingDER /Users/runner/Library/Developer/PhotoAxisBuilds/fe52d68e5807/DerivedData/Build/Intermediates.noindex/PhotoAxis.build/Release/PhotoAxis.build/PhotoAxis.app.xcent /Users/runner/Library/Developer/PhotoAxisBuilds/fe52d68e5807/DerivedData/Build/Intermediates.noindex/PhotoAxis.build/Release/PhotoAxis.build/PhotoAxis.app.xcent.der (in target 'PhotoAxis' from project 'PhotoAxis')
build-test	Release build with local ad-hoc signing	2026-10-03T07:17:35.7351370Z     cd $REPO
build-test	Release build with local ad-hoc signing	2026-10-03T07:17:35.7355000Z     /usr/bin/derq query -f xml -i /Users/runner/Library/Developer/PhotoAxisBuilds/fe52d68e5807/DerivedData/Build/Intermediates.noindex/PhotoAxis.build/Release/PhotoAxis.build/PhotoAxis.app.xcent -o /Users/runner/Library/Developer/PhotoAxisBuilds/fe52d68e5807/DerivedData/Build/Intermediates.noindex/PhotoAxis.build/Release/PhotoAxis.build/PhotoAxis.app.xcent.der --raw
build-test	Release build with local ad-hoc signing	2026-10-03T07:17:35.7357430Z 
build-test	Release build with local ad-hoc signing	2026-10-03T07:17:35.7357770Z SwiftDriver PhotoAxis normal arm64 com.apple.xcode.tools.swift.compiler (in target 'PhotoAxis' from project 'PhotoAxis')
build-test	Release build with local ad-hoc signing	2026-10-03T07:17:35.7358410Z     cd $REPO
build-test	Release build with local ad-hoc signing	2026-10-03T07:17:35.7375350Z     builtin-SwiftDriver -- /Applications/Xcode_16.4.app/Contents/Developer/Toolchains/XcodeDefault.xctoolchain/usr/bin/swiftc -module-name PhotoAxis -O -whole-module-optimization -enforce-exclusivity\=checked @/Users/runner/Library/Developer/PhotoAxisBuilds/fe52d68e5807/DerivedData/Build/Intermediates.noindex/PhotoAxis.build/Release/PhotoAxis.build/Objects-normal/arm64/PhotoAxis.SwiftFileList -enable-experimental-feature DebugDescriptionMacro -sdk /Applications/Xcode_16.4.app/Contents/Developer/Platforms/MacOSX.platform/Developer/SDKs/MacOSX15.5.sdk -target arm64-apple-macos14.0 -g -module-cache-path /Users/runner/Library/Developer/PhotoAxisBuilds/fe52d68e5807/DerivedData/ModuleCache.noindex -Xfrontend -serialize-debugging-options -swift-version 6 -I /Users/runner/Library/Developer/PhotoAxisBuilds/fe52d68e5807/DerivedData/Build/Products/Release -F /Users/runner/Library/Developer/PhotoAxisBuilds/fe52d68e5807/DerivedData/Build/Products/Release -c -num-threads 3 -Xcc -ivfsstatcache -Xcc /Users/runner/Library/Developer/PhotoAxisBuilds/fe52d68e5807/DerivedData/SDKStatCaches.noindex/macosx15.5-24F74-a403186ba963133a54a0e0cacd566b0b.sdkstatcache -output-file-map /Users/runner/Library/Developer/PhotoAxisBuilds/fe52d68e5807/DerivedData/Build/Intermediates.noindex/PhotoAxis.build/Release/PhotoAxis.build/Objects-normal/arm64/PhotoAxis-OutputFileMap.json -use-frontend-parseable-output -save-temps -no-color-diagnostics -serialize-diagnostics -emit-dependencies -emit-module -emit-module-path /Users/runner/Library/Developer/PhotoAxisBuilds/fe52d68e5807/DerivedData/Build/Intermediates.noindex/PhotoAxis.build/Release/PhotoAxis.build/Objects-normal/arm64/PhotoAxis.swiftmodule -validate-clang-modules-once -clang-build-session-file /Users/runner/Library/Developer/PhotoAxisBuilds/fe52d68e5807/DerivedData/ModuleCache.noindex/Session.modulevalidation -Xcc -I/Users/runner/Library/Developer/PhotoAxisBuilds/fe52d68e5807/DerivedData/Build/Intermediates.noindex/PhotoAxis.build/Release/PhotoAxis.build/swift-overrides.hmap -emit-const-values -Xfrontend -const-gather-protocols-file -Xfrontend /Users/runner/Library/Developer/PhotoAxisBuilds/fe52d68e5807/DerivedData/Build/Intermediates.noindex/PhotoAxis.build/Release/PhotoAxis.build/Objects-normal/arm64/PhotoAxis_const_extract_protocols.json -Xcc -iquote -Xcc /Users/runner/Library/Developer/PhotoAxisBuilds/fe52d68e5807/DerivedData/Build/Intermediates.noindex/PhotoAxis.build/Release/PhotoAxis.build/PhotoAxis-generated-files.hmap -Xcc -I/Users/runner/Library/Developer/PhotoAxisBuilds/fe52d68e5807/DerivedData/Build/Intermediates.noindex/PhotoAxis.build/Release/PhotoAxis.build/PhotoAxis-own-target-headers.hmap -Xcc -I/Users/runner/Library/Developer/PhotoAxisBuilds/fe52d68e5807/DerivedData/Build/Intermediates.noindex/PhotoAxis.build/Release/PhotoAxis.build/PhotoAxis-all-non-framework-target-headers.hmap -Xcc -ivfsoverlay -Xcc /Users/runner/Library/Developer/PhotoAxisBuilds/fe52d68e5807/DerivedData/Build/Intermediates.noindex/PhotoAxis.build/Release/PhotoAxis-9730526f0700b8b20d57e2b47e796b5b-VFS/all-product-headers.yaml -Xcc -iquote -Xcc /Users/runner/Library/Developer/PhotoAxisBuilds/fe52d68e5807/DerivedData/Build/Intermediates.noindex/PhotoAxis.build/Release/PhotoAxis.build/PhotoAxis-project-headers.hmap -Xcc -I/Users/runner/Library/Developer/PhotoAxisBuilds/fe52d68e5807/DerivedData/Build/Products/Release/include -Xcc -I/Users/runner/Library/Developer/PhotoAxisBuilds/fe52d68e5807/DerivedData/Build/Intermediates.noindex/PhotoAxis.build/Release/PhotoAxis.build/DerivedSources-normal/arm64 -Xcc -I/Users/runner/Library/Developer/PhotoAxisBuilds/fe52d68e5807/DerivedData/Build/Intermediates.noindex/PhotoAxis.build/Release/PhotoAxis.build/DerivedSources/arm64 -Xcc -I/Users/runner/Library/Developer/PhotoAxisBuilds/fe52d68e5807/DerivedData/Build/Intermediates.noindex/PhotoAxis.build/Release/PhotoAxis.build/DerivedSources -emit-objc-header -emit-objc-header-path /Users/runner/Library/Developer/PhotoAxisBuilds/fe52d68e5807/DerivedData/Build/Intermediates.noindex/PhotoAxis.build/Release/PhotoAxis.build/Objects-normal/arm64/PhotoAxis-Swift.h -working-directory $REPO -no-emit-module-separately-wmo
build-test	Release build with local ad-hoc signing	2026-10-03T07:17:35.7389580Z 
build-test	Release build with local ad-hoc signing	2026-10-03T07:17:35.7413700Z SwiftCompile normal arm64 Compiling\ AppDelegate.swift,\ AdjustmentEditing.swift,\ ContentEditing.swift,\ CropEditing.swift,\ ExportStore.swift,\ ICCEmbedding.swift,\ PerspectiveEditing.swift,\ PhotoDocument.swift,\ ProjectStore.swift,\ RecoveryCrashFixture.swift,\ RecoveryStore.swift,\ TransformEditing.swift,\ InvestigationAnalysisEngine.swift,\ InvestigationAnalysisStore.swift,\ InvestigationCaseStore.swift,\ InvestigationComparison.swift,\ InvestigationController.swift,\ InvestigationReviewController.swift,\ InvestigationSharing.swift,\ InvestigationWorkspacePanel.swift,\ L10n.swift,\ AdjustmentControlsView.swift,\ CanvasEditing.swift,\ ColorControlsView.swift,\ ContentControlsView.swift,\ ContentInteraction.swift,\ CropInteraction.swift,\ CropOptionsView.swift,\ DocumentCanvasView.swift,\ DocumentControls.swift,\ DocumentCoordinator.swift,\ DocumentSizeController.swift,\ ExportController.swift,\ LayerListView.swift,\ NativeTextEditor.swift,\ OptionsBarView.swift,\ PerspectiveInteraction.swift,\ PerspectiveOptionsView.swift,\ RecoveryController.swift,\ SettingsWindowController.swift,\ SidebarView.swift,\ ToolsRailView.swift,\ TransformOptionsView.swift,\ WorkspaceControls.swift,\ WorkspacePreferences.swift,\ WorkspaceWindowController.swift,\ AdjustmentFilters.swift,\ ContentRasterizer.swift,\ ImagePipeline.swift,\ ScanFilters.swift,\ ScanBatchStore.swift,\ ScanController.swift,\ ScanEngine.swift,\ ToolKind.swift,\ main.swift $REPO/Sources/PhotoAxisApp/AppDelegate.swift $REPO/Sources/PhotoAxisApp/Commands/AdjustmentEditing.swift $REPO/Sources/PhotoAxisApp/Commands/ContentEditing.swift $REPO/Sources/PhotoAxisApp/Commands/CropEditing.swift $REPO/Sources/PhotoAxisApp/Commands/ExportStore.swift $REPO/Sources/PhotoAxisApp/Commands/ICCEmbedding.swift $REPO/Sources/PhotoAxisApp/Commands/PerspectiveEditing.swift $REPO/Sources/PhotoAxisApp/Commands/PhotoDocument.swift $REPO/Sources/PhotoAxisApp/Commands/ProjectStore.swift $REPO/Sources/PhotoAxisApp/Commands/RecoveryCrashFixture.swift $REPO/Sources/PhotoAxisApp/Commands/RecoveryStore.swift $REPO/Sources/PhotoAxisApp/Commands/TransformEditing.swift $REPO/Sources/PhotoAxisApp/Investigation/InvestigationAnalysisEngine.swift $REPO/Sources/PhotoAxisApp/Investigation/InvestigationAnalysisStore.swift $REPO/Sources/PhotoAxisApp/Investigation/InvestigationCaseStore.swift $REPO/Sources/PhotoAxisApp/Investigation/InvestigationComparison.swift $REPO/Sources/PhotoAxisApp/Investigation/InvestigationController.swift $REPO/Sources/PhotoAxisApp/Investigation/InvestigationReviewController.swift $REPO/Sources/PhotoAxisApp/Investigation/InvestigationSharing.swift $REPO/Sources/PhotoAxisApp/Investigation/InvestigationWorkspacePanel.swift $REPO/Sources/PhotoAxisApp/Localization/L10n.swift $REPO/Sources/PhotoAxisApp/NativeWorkspace/AdjustmentControlsView.swift $REPO/Sources/PhotoAxisApp/NativeWorkspace/CanvasEditing.swift $REPO/Sources/PhotoAxisApp/NativeWorkspace/ColorControlsView.swift $REPO/Sources/PhotoAxisApp/NativeWorkspace/ContentControlsView.swift $REPO/Sources/PhotoAxisApp/NativeWorkspace/ContentInteraction.swift $REPO/Sources/PhotoAxisApp/NativeWorkspace/CropInteraction.swift $REPO/Sources/PhotoAxisApp/NativeWorkspace/CropOptionsView.swift $REPO/Sources/PhotoAxisApp/NativeWorkspace/DocumentCanvasView.swift $REPO/Sources/PhotoAxisApp/NativeWorkspace/DocumentControls.swift $REPO/Sources/PhotoAxisApp/NativeWorkspace/DocumentCoordinator.swift $REPO/Sources/PhotoAxisApp/NativeWorkspace/DocumentSizeController.swift $REPO/Sources/PhotoAxisApp/NativeWorkspace/ExportController.swift $REPO/Sources/PhotoAxisApp/NativeWorkspace/LayerListView.swift $REPO/Sources/PhotoAxisApp/NativeWorkspace/NativeTextEditor.swift $REPO/Sources/PhotoAxisApp/NativeWorkspace/OptionsBarView.swift $REPO/Sources/PhotoAxisApp/NativeWorkspace/PerspectiveInteraction.swift $REPO/Sources/PhotoAxisApp/NativeWorkspace/PerspectiveOptionsView.swift $REPO/Sources/PhotoAxisApp/NativeWorkspace/RecoveryController.swift $REPO/Sources/PhotoAxisApp/NativeWorkspace/SettingsWindowController.swift $REPO/Sources/PhotoAxisApp/NativeWorkspace/SidebarView.swift $REPO/Sources/PhotoAxisApp/NativeWorkspace/ToolsRailView.swift $REPO/Sources/PhotoAxisApp/NativeWorkspace/TransformOptionsView.swift $REPO/Sources/PhotoAxisApp/NativeWorkspace/WorkspaceControls.swift $REPO/Sources/PhotoAxisApp/NativeWorkspace/WorkspacePreferences.swift $REPO/Sources/PhotoAxisApp/NativeWorkspace/WorkspaceWindowController.swift $REPO/Sources/PhotoAxisApp/Renderer/AdjustmentFilters.swift $REPO/Sources/PhotoAxisApp/Renderer/ContentRasterizer.swift $REPO/Sources/PhotoAxisApp/Renderer/ImagePipeline.swift $REPO/Sources/PhotoAxisApp/Renderer/ScanFilters.swift $REPO/Sources/PhotoAxisApp/Scan/ScanBatchStore.swift $REPO/Sources/PhotoAxisApp/Scan/ScanController.swift $REPO/Sources/PhotoAxisApp/Scan/ScanEngine.swift $REPO/Sources/PhotoAxisApp/Tools/ToolKind.swift $REPO/Sources/PhotoAxisApp/main.swift (in target 'PhotoAxis' from project 'PhotoAxis')
build-test	Release build with local ad-hoc signing	2026-10-03T07:17:35.7445300Z CompileSwift normal arm64 (in target 'PhotoAxis' from project 'PhotoAxis')
build-test	Release build with local ad-hoc signing	2026-10-03T07:17:35.7445730Z     cd $REPO
build-test	Release build with local ad-hoc signing	2026-10-03T07:17:35.7446230Z     
build-test	Release build with local ad-hoc signing	2026-10-03T07:18:07.7367490Z 
build-test	Release build with local ad-hoc signing	2026-10-03T07:18:07.8148930Z SwiftDriver\ Compilation PhotoAxis normal arm64 com.apple.xcode.tools.swift.compiler (in target 'PhotoAxis' from project 'PhotoAxis')
build-test	Release build with local ad-hoc signing	2026-10-03T07:18:07.8161480Z     cd $REPO
build-test	Release build with local ad-hoc signing	2026-10-03T07:18:07.8178010Z     builtin-Swift-Compilation -- /Applications/Xcode_16.4.app/Contents/Developer/Toolchains/XcodeDefault.xctoolchain/usr/bin/swiftc -module-name PhotoAxis -O -whole-module-optimization -enforce-exclusivity\=checked @/Users/runner/Library/Developer/PhotoAxisBuilds/fe52d68e5807/DerivedData/Build/Intermediates.noindex/PhotoAxis.build/Release/PhotoAxis.build/Objects-normal/arm64/PhotoAxis.SwiftFileList -enable-experimental-feature DebugDescriptionMacro -sdk /Applications/Xcode_16.4.app/Contents/Developer/Platforms/MacOSX.platform/Developer/SDKs/MacOSX15.5.sdk -target arm64-apple-macos14.0 -g -module-cache-path /Users/runner/Library/Developer/PhotoAxisBuilds/fe52d68e5807/DerivedData/ModuleCache.noindex -Xfrontend -serialize-debugging-options -swift-version 6 -I /Users/runner/Library/Developer/PhotoAxisBuilds/fe52d68e5807/DerivedData/Build/Products/Release -F /Users/runner/Library/Developer/PhotoAxisBuilds/fe52d68e5807/DerivedData/Build/Products/Release -c -num-threads 3 -Xcc -ivfsstatcache -Xcc /Users/runner/Library/Developer/PhotoAxisBuilds/fe52d68e5807/DerivedData/SDKStatCaches.noindex/macosx15.5-24F74-a403186ba963133a54a0e0cacd566b0b.sdkstatcache -output-file-map /Users/runner/Library/Developer/PhotoAxisBuilds/fe52d68e5807/DerivedData/Build/Intermediates.noindex/PhotoAxis.build/Release/PhotoAxis.build/Objects-normal/arm64/PhotoAxis-OutputFileMap.json -use-frontend-parseable-output -save-temps -no-color-diagnostics -serialize-diagnostics -emit-dependencies -emit-module -emit-module-path /Users/runner/Library/Developer/PhotoAxisBuilds/fe52d68e5807/DerivedData/Build/Intermediates.noindex/PhotoAxis.build/Release/PhotoAxis.build/Objects-normal/arm64/PhotoAxis.swiftmodule -validate-clang-modules-once -clang-build-session-file /Users/runner/Library/Developer/PhotoAxisBuilds/fe52d68e5807/DerivedData/ModuleCache.noindex/Session.modulevalidation -Xcc -I/Users/runner/Library/Developer/PhotoAxisBuilds/fe52d68e5807/DerivedData/Build/Intermediates.noindex/PhotoAxis.build/Release/PhotoAxis.build/swift-overrides.hmap -emit-const-values -Xfrontend -const-gather-protocols-file -Xfrontend /Users/runner/Library/Developer/PhotoAxisBuilds/fe52d68e5807/DerivedData/Build/Intermediates.noindex/PhotoAxis.build/Release/PhotoAxis.build/Objects-normal/arm64/PhotoAxis_const_extract_protocols.json -Xcc -iquote -Xcc /Users/runner/Library/Developer/PhotoAxisBuilds/fe52d68e5807/DerivedData/Build/Intermediates.noindex/PhotoAxis.build/Release/PhotoAxis.build/PhotoAxis-generated-files.hmap -Xcc -I/Users/runner/Library/Developer/PhotoAxisBuilds/fe52d68e5807/DerivedData/Build/Intermediates.noindex/PhotoAxis.build/Release/PhotoAxis.build/PhotoAxis-own-target-headers.hmap -Xcc -I/Users/runner/Library/Developer/PhotoAxisBuilds/fe52d68e5807/DerivedData/Build/Intermediates.noindex/PhotoAxis.build/Release/PhotoAxis.build/PhotoAxis-all-non-framework-target-headers.hmap -Xcc -ivfsoverlay -Xcc /Users/runner/Library/Developer/PhotoAxisBuilds/fe52d68e5807/DerivedData/Build/Intermediates.noindex/PhotoAxis.build/Release/PhotoAxis-9730526f0700b8b20d57e2b47e796b5b-VFS/all-product-headers.yaml -Xcc -iquote -Xcc /Users/runner/Library/Developer/PhotoAxisBuilds/fe52d68e5807/DerivedData/Build/Intermediates.noindex/PhotoAxis.build/Release/PhotoAxis.build/PhotoAxis-project-headers.hmap -Xcc -I/Users/runner/Library/Developer/PhotoAxisBuilds/fe52d68e5807/DerivedData/Build/Products/Release/include -Xcc -I/Users/runner/Library/Developer/PhotoAxisBuilds/fe52d68e5807/DerivedData/Build/Intermediates.noindex/PhotoAxis.build/Release/PhotoAxis.build/DerivedSources-normal/arm64 -Xcc -I/Users/runner/Library/Developer/PhotoAxisBuilds/fe52d68e5807/DerivedData/Build/Intermediates.noindex/PhotoAxis.build/Release/PhotoAxis.build/DerivedSources/arm64 -Xcc -I/Users/runner/Library/Developer/PhotoAxisBuilds/fe52d68e5807/DerivedData/Build/Intermediates.noindex/PhotoAxis.build/Release/PhotoAxis.build/DerivedSources -emit-objc-header -emit-objc-header-path /Users/runner/Library/Developer/PhotoAxisBuilds/fe52d68e5807/DerivedData/Build/Intermediates.noindex/PhotoAxis.build/Release/PhotoAxis.build/Objects-normal/arm64/PhotoAxis-Swift.h -working-directory $REPO -no-emit-module-separately-wmo
build-test	Release build with local ad-hoc signing	2026-10-03T07:18:07.8199720Z 
build-test	Release build with local ad-hoc signing	2026-10-03T07:18:07.8200080Z ExtractAppIntentsMetadata (in target 'PhotoAxisCore' from project 'PhotoAxis')
build-test	Release build with local ad-hoc signing	2026-10-03T07:18:07.8200540Z     cd $REPO
build-test	Release build with local ad-hoc signing	2026-10-03T07:18:07.8208400Z     /Applications/Xcode_16.4.app/Contents/Developer/Toolchains/XcodeDefault.xctoolchain/usr/bin/appintentsmetadataprocessor --toolchain-dir /Applications/Xcode_16.4.app/Contents/Developer/Toolchains/XcodeDefault.xctoolchain --module-name PhotoAxisCore --sdk-root /Applications/Xcode_16.4.app/Contents/Developer/Platforms/MacOSX.platform/Developer/SDKs/MacOSX15.5.sdk --xcode-version 16F6 --platform-family macOS --deployment-target 14.0 --bundle-identifier local.photoaxis.core --output /Users/runner/Library/Developer/PhotoAxisBuilds/fe52d68e5807/DerivedData/Build/Products/Release/PhotoAxisCore.framework/Versions/A/Resources --target-triple arm64-apple-macos14.0 --binary-file /Users/runner/Library/Developer/PhotoAxisBuilds/fe52d68e5807/DerivedData/Build/Products/Release/PhotoAxisCore.framework/Versions/A/PhotoAxisCore --dependency-file /Users/runner/Library/Developer/PhotoAxisBuilds/fe52d68e5807/DerivedData/Build/Intermediates.noindex/PhotoAxis.build/Release/PhotoAxisCore.build/Objects-normal/arm64/PhotoAxisCore_dependency_info.dat --stringsdata-file /Users/runner/Library/Developer/PhotoAxisBuilds/fe52d68e5807/DerivedData/Build/Intermediates.noindex/PhotoAxis.build/Release/PhotoAxisCore.build/Objects-normal/arm64/ExtractedAppShortcutsMetadata.stringsdata --source-file-list /Users/runner/Library/Developer/PhotoAxisBuilds/fe52d68e5807/DerivedData/Build/Intermediates.noindex/PhotoAxis.build/Release/PhotoAxisCore.build/Objects-normal/arm64/PhotoAxisCore.SwiftFileList --metadata-file-list /Users/runner/Library/Developer/PhotoAxisBuilds/fe52d68e5807/DerivedData/Build/Intermediates.noindex/PhotoAxis.build/Release/PhotoAxisCore.build/PhotoAxisCore.DependencyMetadataFileList --static-metadata-file-list /Users/runner/Library/Developer/PhotoAxisBuilds/fe52d68e5807/DerivedData/Build/Intermediates.noindex/PhotoAxis.build/Release/PhotoAxisCore.build/PhotoAxisCore.DependencyStaticMetadataFileList --swift-const-vals-list /Users/runner/Library/Developer/PhotoAxisBuilds/fe52d68e5807/DerivedData/Build/Intermediates.noindex/PhotoAxis.build/Release/PhotoAxisCore.build/Objects-normal/arm64/PhotoAxisCore.SwiftConstValuesFileList --compile-time-extraction --deployment-aware-processing --validate-assistant-intents --no-app-shortcuts-localization
build-test	Release build with local ad-hoc signing	2026-10-03T07:18:07.8216750Z 2026-10-03 07:17:35.756 appintentsmetadataprocessor[4805:17848] Starting appintentsmetadataprocessor export
build-test	Release build with local ad-hoc signing	2026-10-03T07:18:07.8217720Z 2026-10-03 07:17:35.758 appintentsmetadataprocessor[4805:17848] warning: Metadata extraction skipped. No AppIntents.framework dependency found.
build-test	Release build with local ad-hoc signing	2026-10-03T07:18:07.8218180Z 
build-test	Release build with local ad-hoc signing	2026-10-03T07:18:07.8219210Z GenerateDSYMFile /Users/runner/Library/Developer/PhotoAxisBuilds/fe52d68e5807/DerivedData/Build/Products/Release/PhotoAxisCore.framework.dSYM /Users/runner/Library/Developer/PhotoAxisBuilds/fe52d68e5807/DerivedData/Build/Products/Release/PhotoAxisCore.framework/Versions/A/PhotoAxisCore (in target 'PhotoAxisCore' from project 'PhotoAxis')
build-test	Release build with local ad-hoc signing	2026-10-03T07:18:07.8220620Z     cd $REPO
build-test	Release build with local ad-hoc signing	2026-10-03T07:18:07.8221990Z     /Applications/Xcode_16.4.app/Contents/Developer/Toolchains/XcodeDefault.xctoolchain/usr/bin/dsymutil /Users/runner/Library/Developer/PhotoAxisBuilds/fe52d68e5807/DerivedData/Build/Products/Release/PhotoAxisCore.framework/Versions/A/PhotoAxisCore -o /Users/runner/Library/Developer/PhotoAxisBuilds/fe52d68e5807/DerivedData/Build/Products/Release/PhotoAxisCore.framework.dSYM
build-test	Release build with local ad-hoc signing	2026-10-03T07:18:07.8223190Z 
build-test	Release build with local ad-hoc signing	2026-10-03T07:18:07.8223890Z GenerateTAPI /Users/runner/Library/Developer/PhotoAxisBuilds/fe52d68e5807/DerivedData/Build/Intermediates.noindex/EagerLinkingTBDs/Release/PhotoAxisCore.framework/Versions/A/PhotoAxisCore.tbd (in target 'PhotoAxisCore' from project 'PhotoAxis')
build-test	Release build with local ad-hoc signing	2026-10-03T07:18:07.8270620Z     cd $REPO
build-test	Release build with local ad-hoc signing	2026-10-03T07:18:07.8274060Z     /Applications/Xcode_16.4.app/Contents/Developer/Toolchains/XcodeDefault.xctoolchain/usr/bin/tapi stubify -isysroot /Applications/Xcode_16.4.app/Contents/Developer/Platforms/MacOSX.platform/Developer/SDKs/MacOSX15.5.sdk -F/Users/runner/Library/Developer/PhotoAxisBuilds/fe52d68e5807/DerivedData/Build/Products/Release -L/Users/runner/Library/Developer/PhotoAxisBuilds/fe52d68e5807/DerivedData/Build/Products/Release /Users/runner/Library/Developer/PhotoAxisBuilds/fe52d68e5807/DerivedData/Build/Products/Release/PhotoAxisCore.framework/Versions/A/PhotoAxisCore -o /Users/runner/Library/Developer/PhotoAxisBuilds/fe52d68e5807/DerivedData/Build/Intermediates.noindex/EagerLinkingTBDs/Release/PhotoAxisCore.framework/Versions/A/PhotoAxisCore.tbd
build-test	Release build with local ad-hoc signing	2026-10-03T07:18:07.8276930Z 
build-test	Release build with local ad-hoc signing	2026-10-03T07:18:07.8277590Z CodeSign /Users/runner/Library/Developer/PhotoAxisBuilds/fe52d68e5807/DerivedData/Build/Products/Release/PhotoAxisCore.framework/Versions/A (in target 'PhotoAxisCore' from project 'PhotoAxis')
build-test	Release build with local ad-hoc signing	2026-10-03T07:18:07.8278640Z     cd $REPO
build-test	Release build with local ad-hoc signing	2026-10-03T07:18:07.8279160Z     
build-test	Release build with local ad-hoc signing	2026-10-03T07:18:07.8280520Z     Signing Identity:     "Sign to Run Locally"
build-test	Release build with local ad-hoc signing	2026-10-03T07:18:07.8280880Z     
build-test	Release build with local ad-hoc signing	2026-10-03T07:18:07.8281880Z     /usr/bin/codesign --force --sign - --timestamp\=none --generate-entitlement-der /Users/runner/Library/Developer/PhotoAxisBuilds/fe52d68e5807/DerivedData/Build/Products/Release/PhotoAxisCore.framework/Versions/A
build-test	Release build with local ad-hoc signing	2026-10-03T07:18:07.8283090Z 
build-test	Release build with local ad-hoc signing	2026-10-03T07:18:07.8283770Z RegisterExecutionPolicyException /Users/runner/Library/Developer/PhotoAxisBuilds/fe52d68e5807/DerivedData/Build/Products/Release/PhotoAxisCore.framework (in target 'PhotoAxisCore' from project 'PhotoAxis')
build-test	Release build with local ad-hoc signing	2026-10-03T07:18:07.8284790Z     cd $REPO
build-test	Release build with local ad-hoc signing	2026-10-03T07:18:07.8285590Z     builtin-RegisterExecutionPolicyException /Users/runner/Library/Developer/PhotoAxisBuilds/fe52d68e5807/DerivedData/Build/Products/Release/PhotoAxisCore.framework
build-test	Release build with local ad-hoc signing	2026-10-03T07:18:07.8287400Z 
build-test	Release build with local ad-hoc signing	2026-10-03T07:18:07.8289280Z Touch /Users/runner/Library/Developer/PhotoAxisBuilds/fe52d68e5807/DerivedData/Build/Products/Release/PhotoAxisCore.framework (in target 'PhotoAxisCore' from project 'PhotoAxis')
build-test	Release build with local ad-hoc signing	2026-10-03T07:18:07.8290040Z     cd $REPO
build-test	Release build with local ad-hoc signing	2026-10-03T07:18:07.8291090Z     /usr/bin/touch -c /Users/runner/Library/Developer/PhotoAxisBuilds/fe52d68e5807/DerivedData/Build/Products/Release/PhotoAxisCore.framework
build-test	Release build with local ad-hoc signing	2026-10-03T07:18:07.8291750Z 
build-test	Release build with local ad-hoc signing	2026-10-03T07:18:07.8293160Z SymLink /Users/runner/Library/Developer/PhotoAxisBuilds/fe52d68e5807/DerivedData/Build/Intermediates.noindex/EagerLinkingTBDs/Release/PhotoAxisCore.framework/PhotoAxisCore.tbd /Users/runner/Library/Developer/PhotoAxisBuilds/fe52d68e5807/DerivedData/Build/Intermediates.noindex/EagerLinkingTBDs/Release/PhotoAxisCore.framework/Versions/A/PhotoAxisCore.tbd (in target 'PhotoAxisCore' from project 'PhotoAxis')
build-test	Release build with local ad-hoc signing	2026-10-03T07:18:07.8294750Z     cd $REPO
build-test	Release build with local ad-hoc signing	2026-10-03T07:18:07.8296800Z     /bin/ln -sfh /Users/runner/Library/Developer/PhotoAxisBuilds/fe52d68e5807/DerivedData/Build/Intermediates.noindex/EagerLinkingTBDs/Release/PhotoAxisCore.framework/Versions/A/PhotoAxisCore.tbd /Users/runner/Library/Developer/PhotoAxisBuilds/fe52d68e5807/DerivedData/Build/Intermediates.noindex/EagerLinkingTBDs/Release/PhotoAxisCore.framework/PhotoAxisCore.tbd
build-test	Release build with local ad-hoc signing	2026-10-03T07:18:07.8298030Z 
build-test	Release build with local ad-hoc signing	2026-10-03T07:18:07.8302720Z SwiftDriverJobDiscovery normal arm64 Compiling AppDelegate.swift, AdjustmentEditing.swift, ContentEditing.swift, CropEditing.swift, ExportStore.swift, ICCEmbedding.swift, PerspectiveEditing.swift, PhotoDocument.swift, ProjectStore.swift, RecoveryCrashFixture.swift, RecoveryStore.swift, TransformEditing.swift, InvestigationAnalysisEngine.swift, InvestigationAnalysisStore.swift, InvestigationCaseStore.swift, InvestigationComparison.swift, InvestigationController.swift, InvestigationReviewController.swift, InvestigationSharing.swift, InvestigationWorkspacePanel.swift, L10n.swift, AdjustmentControlsView.swift, CanvasEditing.swift, ColorControlsView.swift, ContentControlsView.swift, ContentInteraction.swift, CropInteraction.swift, CropOptionsView.swift, DocumentCanvasView.swift, DocumentControls.swift, DocumentCoordinator.swift, DocumentSizeController.swift, ExportController.swift, LayerListView.swift, NativeTextEditor.swift, OptionsBarView.swift, PerspectiveInteraction.swift, PerspectiveOptionsView.swift, RecoveryController.swift, SettingsWindowController.swift, SidebarView.swift, ToolsRailView.swift, TransformOptionsView.swift, WorkspaceControls.swift, WorkspacePreferences.swift, WorkspaceWindowController.swift, AdjustmentFilters.swift, ContentRasterizer.swift, ImagePipeline.swift, ScanFilters.swift, ScanBatchStore.swift, ScanController.swift, ScanEngine.swift, ToolKind.swift, main.swift (in target 'PhotoAxis' from project 'PhotoAxis')
build-test	Release build with local ad-hoc signing	2026-10-03T07:18:07.8308800Z 
build-test	Release build with local ad-hoc signing	2026-10-03T07:18:07.8309670Z SwiftDriver\ Compilation\ Requirements PhotoAxis normal arm64 com.apple.xcode.tools.swift.compiler (in target 'PhotoAxis' from project 'PhotoAxis')
build-test	Release build with local ad-hoc signing	2026-10-03T07:18:07.8310380Z     cd $REPO
build-test	Release build with local ad-hoc signing	2026-10-03T07:18:07.8325170Z     builtin-Swift-Compilation-Requirements -- /Applications/Xcode_16.4.app/Contents/Developer/Toolchains/XcodeDefault.xctoolchain/usr/bin/swiftc -module-name PhotoAxis -O -whole-module-optimization -enforce-exclusivity\=checked @/Users/runner/Library/Developer/PhotoAxisBuilds/fe52d68e5807/DerivedData/Build/Intermediates.noindex/PhotoAxis.build/Release/PhotoAxis.build/Objects-normal/arm64/PhotoAxis.SwiftFileList -enable-experimental-feature DebugDescriptionMacro -sdk /Applications/Xcode_16.4.app/Contents/Developer/Platforms/MacOSX.platform/Developer/SDKs/MacOSX15.5.sdk -target arm64-apple-macos14.0 -g -module-cache-path /Users/runner/Library/Developer/PhotoAxisBuilds/fe52d68e5807/DerivedData/ModuleCache.noindex -Xfrontend -serialize-debugging-options -swift-version 6 -I /Users/runner/Library/Developer/PhotoAxisBuilds/fe52d68e5807/DerivedData/Build/Products/Release -F /Users/runner/Library/Developer/PhotoAxisBuilds/fe52d68e5807/DerivedData/Build/Products/Release -c -num-threads 3 -Xcc -ivfsstatcache -Xcc /Users/runner/Library/Developer/PhotoAxisBuilds/fe52d68e5807/DerivedData/SDKStatCaches.noindex/macosx15.5-24F74-a403186ba963133a54a0e0cacd566b0b.sdkstatcache -output-file-map /Users/runner/Library/Developer/PhotoAxisBuilds/fe52d68e5807/DerivedData/Build/Intermediates.noindex/PhotoAxis.build/Release/PhotoAxis.build/Objects-normal/arm64/PhotoAxis-OutputFileMap.json -use-frontend-parseable-output -save-temps -no-color-diagnostics -serialize-diagnostics -emit-dependencies -emit-module -emit-module-path /Users/runner/Library/Developer/PhotoAxisBuilds/fe52d68e5807/DerivedData/Build/Intermediates.noindex/PhotoAxis.build/Release/PhotoAxis.build/Objects-normal/arm64/PhotoAxis.swiftmodule -validate-clang-modules-once -clang-build-session-file /Users/runner/Library/Developer/PhotoAxisBuilds/fe52d68e5807/DerivedData/ModuleCache.noindex/Session.modulevalidation -Xcc -I/Users/runner/Library/Developer/PhotoAxisBuilds/fe52d68e5807/DerivedData/Build/Intermediates.noindex/PhotoAxis.build/Release/PhotoAxis.build/swift-overrides.hmap -emit-const-values -Xfrontend -const-gather-protocols-file -Xfrontend /Users/runner/Library/Developer/PhotoAxisBuilds/fe52d68e5807/DerivedData/Build/Intermediates.noindex/PhotoAxis.build/Release/PhotoAxis.build/Objects-normal/arm64/PhotoAxis_const_extract_protocols.json -Xcc -iquote -Xcc /Users/runner/Library/Developer/PhotoAxisBuilds/fe52d68e5807/DerivedData/Build/Intermediates.noindex/PhotoAxis.build/Release/PhotoAxis.build/PhotoAxis-generated-files.hmap -Xcc -I/Users/runner/Library/Developer/PhotoAxisBuilds/fe52d68e5807/DerivedData/Build/Intermediates.noindex/PhotoAxis.build/Release/PhotoAxis.build/PhotoAxis-own-target-headers.hmap -Xcc -I/Users/runner/Library/Developer/PhotoAxisBuilds/fe52d68e5807/DerivedData/Build/Intermediates.noindex/PhotoAxis.build/Release/PhotoAxis.build/PhotoAxis-all-non-framework-target-headers.hmap -Xcc -ivfsoverlay -Xcc /Users/runner/Library/Developer/PhotoAxisBuilds/fe52d68e5807/DerivedData/Build/Intermediates.noindex/PhotoAxis.build/Release/PhotoAxis-9730526f0700b8b20d57e2b47e796b5b-VFS/all-product-headers.yaml -Xcc -iquote -Xcc /Users/runner/Library/Developer/PhotoAxisBuilds/fe52d68e5807/DerivedData/Build/Intermediates.noindex/PhotoAxis.build/Release/PhotoAxis.build/PhotoAxis-project-headers.hmap -Xcc -I/Users/runner/Library/Developer/PhotoAxisBuilds/fe52d68e5807/DerivedData/Build/Products/Release/include -Xcc -I/Users/runner/Library/Developer/PhotoAxisBuilds/fe52d68e5807/DerivedData/Build/Intermediates.noindex/PhotoAxis.build/Release/PhotoAxis.build/DerivedSources-normal/arm64 -Xcc -I/Users/runner/Library/Developer/PhotoAxisBuilds/fe52d68e5807/DerivedData/Build/Intermediates.noindex/PhotoAxis.build/Release/PhotoAxis.build/DerivedSources/arm64 -Xcc -I/Users/runner/Library/Developer/PhotoAxisBuilds/fe52d68e5807/DerivedData/Build/Intermediates.noindex/PhotoAxis.build/Release/PhotoAxis.build/DerivedSources -emit-objc-header -emit-objc-header-path /Users/runner/Library/Developer/PhotoAxisBuilds/fe52d68e5807/DerivedData/Build/Intermediates.noindex/PhotoAxis.build/Release/PhotoAxis.build/Objects-normal/arm64/PhotoAxis-Swift.h -working-directory $REPO -no-emit-module-separately-wmo
build-test	Release build with local ad-hoc signing	2026-10-03T07:18:07.8339110Z 
build-test	Release build with local ad-hoc signing	2026-10-03T07:18:07.8340540Z SwiftMergeGeneratedHeaders /Users/runner/Library/Developer/PhotoAxisBuilds/fe52d68e5807/DerivedData/Build/Intermediates.noindex/PhotoAxis.build/Release/PhotoAxis.build/DerivedSources/PhotoAxis-Swift.h /Users/runner/Library/Developer/PhotoAxisBuilds/fe52d68e5807/DerivedData/Build/Intermediates.noindex/PhotoAxis.build/Release/PhotoAxis.build/Objects-normal/arm64/PhotoAxis-Swift.h (in target 'PhotoAxis' from project 'PhotoAxis')
build-test	Release build with local ad-hoc signing	2026-10-03T07:18:07.8342140Z     cd $REPO
build-test	Release build with local ad-hoc signing	2026-10-03T07:18:07.8344000Z     builtin-swiftHeaderTool -arch arm64 /Users/runner/Library/Developer/PhotoAxisBuilds/fe52d68e5807/DerivedData/Build/Intermediates.noindex/PhotoAxis.build/Release/PhotoAxis.build/Objects-normal/arm64/PhotoAxis-Swift.h -o /Users/runner/Library/Developer/PhotoAxisBuilds/fe52d68e5807/DerivedData/Build/Intermediates.noindex/PhotoAxis.build/Release/PhotoAxis.build/DerivedSources/PhotoAxis-Swift.h
build-test	Release build with local ad-hoc signing	2026-10-03T07:18:07.8345670Z 
build-test	Release build with local ad-hoc signing	2026-10-03T07:18:07.8346900Z Copy /Users/runner/Library/Developer/PhotoAxisBuilds/fe52d68e5807/DerivedData/Build/Products/Release/PhotoAxis.swiftmodule/arm64-apple-macos.swiftmodule /Users/runner/Library/Developer/PhotoAxisBuilds/fe52d68e5807/DerivedData/Build/Intermediates.noindex/PhotoAxis.build/Release/PhotoAxis.build/Objects-normal/arm64/PhotoAxis.swiftmodule (in target 'PhotoAxis' from project 'PhotoAxis')
build-test	Release build with local ad-hoc signing	2026-10-03T07:18:07.8348530Z     cd $REPO
build-test	Release build with local ad-hoc signing	2026-10-03T07:18:07.8350680Z     builtin-copy -exclude .DS_Store -exclude CVS -exclude .svn -exclude .git -exclude .hg -strip-unsigned-binaries -strip-deterministic -strip-tool /Applications/Xcode_16.4.app/Contents/Developer/Toolchains/XcodeDefault.xctoolchain/usr/bin/strip -resolve-src-symlinks -rename /Users/runner/Library/Developer/PhotoAxisBuilds/fe52d68e5807/DerivedData/Build/Intermediates.noindex/PhotoAxis.build/Release/PhotoAxis.build/Objects-normal/arm64/PhotoAxis.swiftmodule /Users/runner/Library/Developer/PhotoAxisBuilds/fe52d68e5807/DerivedData/Build/Products/Release/PhotoAxis.swiftmodule/arm64-apple-macos.swiftmodule
build-test	Release build with local ad-hoc signing	2026-10-03T07:18:07.8353760Z 
build-test	Release build with local ad-hoc signing	2026-10-03T07:18:07.8355550Z Copy /Users/runner/Library/Developer/PhotoAxisBuilds/fe52d68e5807/DerivedData/Build/Products/Release/PhotoAxis.swiftmodule/arm64-apple-macos.swiftdoc /Users/runner/Library/Developer/PhotoAxisBuilds/fe52d68e5807/DerivedData/Build/Intermediates.noindex/PhotoAxis.build/Release/PhotoAxis.build/Objects-normal/arm64/PhotoAxis.swiftdoc (in target 'PhotoAxis' from project 'PhotoAxis')
build-test	Release build with local ad-hoc signing	2026-10-03T07:18:07.8357040Z     cd $REPO
build-test	Release build with local ad-hoc signing	2026-10-03T07:18:07.8359370Z     builtin-copy -exclude .DS_Store -exclude CVS -exclude .svn -exclude .git -exclude .hg -strip-unsigned-binaries -strip-deterministic -strip-tool /Applications/Xcode_16.4.app/Contents/Developer/Toolchains/XcodeDefault.xctoolchain/usr/bin/strip -resolve-src-symlinks -rename /Users/runner/Library/Developer/PhotoAxisBuilds/fe52d68e5807/DerivedData/Build/Intermediates.noindex/PhotoAxis.build/Release/PhotoAxis.build/Objects-normal/arm64/PhotoAxis.swiftdoc /Users/runner/Library/Developer/PhotoAxisBuilds/fe52d68e5807/DerivedData/Build/Products/Release/PhotoAxis.swiftmodule/arm64-apple-macos.swiftdoc
build-test	Release build with local ad-hoc signing	2026-10-03T07:18:07.8361340Z 
build-test	Release build with local ad-hoc signing	2026-10-03T07:18:07.8362400Z Copy /Users/runner/Library/Developer/PhotoAxisBuilds/fe52d68e5807/DerivedData/Build/Products/Release/PhotoAxis.swiftmodule/arm64-apple-macos.abi.json /Users/runner/Library/Developer/PhotoAxisBuilds/fe52d68e5807/DerivedData/Build/Intermediates.noindex/PhotoAxis.build/Release/PhotoAxis.build/Objects-normal/arm64/PhotoAxis.abi.json (in target 'PhotoAxis' from project 'PhotoAxis')
build-test	Release build with local ad-hoc signing	2026-10-03T07:18:07.8363770Z     cd $REPO
build-test	Release build with local ad-hoc signing	2026-10-03T07:18:07.8365750Z     builtin-copy -exclude .DS_Store -exclude CVS -exclude .svn -exclude .git -exclude .hg -strip-unsigned-binaries -strip-deterministic -strip-tool /Applications/Xcode_16.4.app/Contents/Developer/Toolchains/XcodeDefault.xctoolchain/usr/bin/strip -resolve-src-symlinks -rename /Users/runner/Library/Developer/PhotoAxisBuilds/fe52d68e5807/DerivedData/Build/Intermediates.noindex/PhotoAxis.build/Release/PhotoAxis.build/Objects-normal/arm64/PhotoAxis.abi.json /Users/runner/Library/Developer/PhotoAxisBuilds/fe52d68e5807/DerivedData/Build/Products/Release/PhotoAxis.swiftmodule/arm64-apple-macos.abi.json
build-test	Release build with local ad-hoc signing	2026-10-03T07:18:07.8368130Z 
build-test	Release build with local ad-hoc signing	2026-10-03T07:18:07.8369270Z Copy /Users/runner/Library/Developer/PhotoAxisBuilds/fe52d68e5807/DerivedData/Build/Products/Release/PhotoAxis.swiftmodule/Project/arm64-apple-macos.swiftsourceinfo /Users/runner/Library/Developer/PhotoAxisBuilds/fe52d68e5807/DerivedData/Build/Intermediates.noindex/PhotoAxis.build/Release/PhotoAxis.build/Objects-normal/arm64/PhotoAxis.swiftsourceinfo (in target 'PhotoAxis' from project 'PhotoAxis')
build-test	Release build with local ad-hoc signing	2026-10-03T07:18:07.8370690Z     cd $REPO
build-test	Release build with local ad-hoc signing	2026-10-03T07:18:07.8372760Z     builtin-copy -exclude .DS_Store -exclude CVS -exclude .svn -exclude .git -exclude .hg -strip-unsigned-binaries -strip-deterministic -strip-tool /Applications/Xcode_16.4.app/Contents/Developer/Toolchains/XcodeDefault.xctoolchain/usr/bin/strip -resolve-src-symlinks -rename /Users/runner/Library/Developer/PhotoAxisBuilds/fe52d68e5807/DerivedData/Build/Intermediates.noindex/PhotoAxis.build/Release/PhotoAxis.build/Objects-normal/arm64/PhotoAxis.swiftsourceinfo /Users/runner/Library/Developer/PhotoAxisBuilds/fe52d68e5807/DerivedData/Build/Products/Release/PhotoAxis.swiftmodule/Project/arm64-apple-macos.swiftsourceinfo
build-test	Release build with local ad-hoc signing	2026-10-03T07:18:07.8374810Z 
build-test	Release build with local ad-hoc signing	2026-10-03T07:18:07.8375310Z Ld /Users/runner/Library/Developer/PhotoAxisBuilds/fe52d68e5807/DerivedData/Build/Products/Release/PhotoAxis.app/Contents/MacOS/PhotoAxis normal (in target 'PhotoAxis' from project 'PhotoAxis')
build-test	Release build with local ad-hoc signing	2026-10-03T07:18:07.8376230Z     cd $REPO
build-test	Release build with local ad-hoc signing	2026-10-03T07:18:07.8382540Z     /Applications/Xcode_16.4.app/Contents/Developer/Toolchains/XcodeDefault.xctoolchain/usr/bin/clang -Xlinker -reproducible -target arm64-apple-macos14.0 -isysroot /Applications/Xcode_16.4.app/Contents/Developer/Platforms/MacOSX.platform/Developer/SDKs/MacOSX15.5.sdk -Os -L/Users/runner/Library/Developer/PhotoAxisBuilds/fe52d68e5807/DerivedData/Build/Intermediates.noindex/EagerLinkingTBDs/Release -L/Users/runner/Library/Developer/PhotoAxisBuilds/fe52d68e5807/DerivedData/Build/Products/Release -F/Users/runner/Library/Developer/PhotoAxisBuilds/fe52d68e5807/DerivedData/Build/Intermediates.noindex/EagerLinkingTBDs/Release -F/Users/runner/Library/Developer/PhotoAxisBuilds/fe52d68e5807/DerivedData/Build/Products/Release -filelist /Users/runner/Library/Developer/PhotoAxisBuilds/fe52d68e5807/DerivedData/Build/Intermediates.noindex/PhotoAxis.build/Release/PhotoAxis.build/Objects-normal/arm64/PhotoAxis.LinkFileList -Xlinker -rpath -Xlinker @executable_path/../Frameworks -Xlinker -rpath -Xlinker @loader_path/../Frameworks -Xlinker -object_path_lto -Xlinker /Users/runner/Library/Developer/PhotoAxisBuilds/fe52d68e5807/DerivedData/Build/Intermediates.noindex/PhotoAxis.build/Release/PhotoAxis.build/Objects-normal/arm64/PhotoAxis_lto.o -Xlinker -dependency_info -Xlinker /Users/runner/Library/Developer/PhotoAxisBuilds/fe52d68e5807/DerivedData/Build/Intermediates.noindex/PhotoAxis.build/Release/PhotoAxis.build/Objects-normal/arm64/PhotoAxis_dependency_info.dat -fobjc-link-runtime -L/Applications/Xcode_16.4.app/Contents/Developer/Toolchains/XcodeDefault.xctoolchain/usr/lib/swift/macosx -L/usr/lib/swift -Xlinker -add_ast_path -Xlinker /Users/runner/Library/Developer/PhotoAxisBuilds/fe52d68e5807/DerivedData/Build/Intermediates.noindex/PhotoAxis.build/Release/PhotoAxis.build/Objects-normal/arm64/PhotoAxis.swiftmodule -framework PhotoAxisCore -Xlinker -no_adhoc_codesign -o /Users/runner/Library/Developer/PhotoAxisBuilds/fe52d68e5807/DerivedData/Build/Products/Release/PhotoAxis.app/Contents/MacOS/PhotoAxis
build-test	Release build with local ad-hoc signing	2026-10-03T07:18:08.4434180Z 
build-test	Release build with local ad-hoc signing	2026-10-03T07:18:08.4523910Z PhaseScriptExecution Compile\ Core\ Image\ kernel /Users/runner/Library/Developer/PhotoAxisBuilds/fe52d68e5807/DerivedData/Build/Intermediates.noindex/PhotoAxis.build/Release/PhotoAxis.build/Script-51503C2492BDF84DA711D67B.sh (in target 'PhotoAxis' from project 'PhotoAxis')
build-test	Release build with local ad-hoc signing	2026-10-03T07:18:08.4536920Z     cd $REPO
build-test	Release build with local ad-hoc signing	2026-10-03T07:18:08.4552290Z     export ACTION\=build
build-test	Release build with local ad-hoc signing	2026-10-03T07:18:08.4561510Z     export AD_HOC_CODE_SIGNING_ALLOWED\=YES
build-test	Release build with local ad-hoc signing	2026-10-03T07:18:08.4562340Z     export AGGREGATE_TRACKED_DOMAINS\=YES
build-test	Release build with local ad-hoc signing	2026-10-03T07:18:08.4566610Z     export ALLOW_BUILD_REQUEST_OVERRIDES\=NO
build-test	Release build with local ad-hoc signing	2026-10-03T07:18:08.4567160Z     export ALLOW_TARGET_PLATFORM_SPECIALIZATION\=NO
build-test	Release build with local ad-hoc signing	2026-10-03T07:18:08.4570170Z     export ALTERNATE_GROUP\=staff
build-test	Release build with local ad-hoc signing	2026-10-03T07:18:08.4572650Z     export ALTERNATE_MODE\=u+w,go-w,a+rX
build-test	Release build with local ad-hoc signing	2026-10-03T07:18:08.4576750Z     export ALTERNATE_OWNER\=runner
build-test	Release build with local ad-hoc signing	2026-10-03T07:18:08.4578850Z     export ALTERNATIVE_DISTRIBUTION_WEB\=NO
build-test	Release build with local ad-hoc signing	2026-10-03T07:18:08.4579510Z     export ALWAYS_EMBED_SWIFT_STANDARD_LIBRARIES\=NO
build-test	Release build with local ad-hoc signing	2026-10-03T07:18:08.4579860Z     export ALWAYS_SEARCH_USER_PATHS\=YES
build-test	Release build with local ad-hoc signing	2026-10-03T07:18:08.4580240Z     export ALWAYS_USE_SEPARATE_HEADERMAPS\=NO
build-test	Release build with local ad-hoc signing	2026-10-03T07:18:08.4580650Z     export APPLICATION_EXTENSION_API_ONLY\=NO
build-test	Release build with local ad-hoc signing	2026-10-03T07:18:08.4581160Z     export APPLY_RULES_IN_COPY_FILES\=NO
build-test	Release build with local ad-hoc signing	2026-10-03T07:18:08.4581530Z     export APPLY_RULES_IN_COPY_HEADERS\=NO
build-test	Release build with local ad-hoc signing	2026-10-03T07:18:08.4581830Z     export APP_SHORTCUTS_ENABLE_FLEXIBLE_MATCHING\=YES
build-test	Release build with local ad-hoc signing	2026-10-03T07:18:08.4582220Z     export ARCHS\=arm64
build-test	Release build with local ad-hoc signing	2026-10-03T07:18:08.4582640Z     export ARCHS_STANDARD\=arm64\ x86_64
build-test	Release build with local ad-hoc signing	2026-10-03T07:18:08.4583040Z     export ARCHS_STANDARD_32_64_BIT\=arm64\ x86_64\ i386
build-test	Release build with local ad-hoc signing	2026-10-03T07:18:08.4583550Z     export ARCHS_STANDARD_32_BIT\=i386
build-test	Release build with local ad-hoc signing	2026-10-03T07:18:08.4583940Z     export ARCHS_STANDARD_64_BIT\=arm64\ x86_64
build-test	Release build with local ad-hoc signing	2026-10-03T07:18:08.4584430Z     export ARCHS_STANDARD_INCLUDING_64_BIT\=arm64\ x86_64
build-test	Release build with local ad-hoc signing	2026-10-03T07:18:08.4584870Z     export AUTOMATICALLY_MERGE_DEPENDENCIES\=NO
build-test	Release build with local ad-hoc signing	2026-10-03T07:18:08.4585610Z     export AVAILABLE_PLATFORMS\=android\ appletvos\ appletvsimulator\ driverkit\ iphoneos\ iphonesimulator\ macosx\ qnx\ watchos\ watchsimulator\ xros\ xrsimulator
build-test	Release build with local ad-hoc signing	2026-10-03T07:18:08.4586260Z     export BITCODE_GENERATION_MODE\=marker
build-test	Release build with local ad-hoc signing	2026-10-03T07:18:08.4586610Z     export BUILD_ACTIVE_RESOURCES_ONLY\=NO
build-test	Release build with local ad-hoc signing	2026-10-03T07:18:08.4587400Z     export BUILD_COMPONENTS\=headers\ build
build-test	Release build with local ad-hoc signing	2026-10-03T07:18:08.4588920Z     export BUILD_DIR\=/Users/runner/Library/Developer/PhotoAxisBuilds/fe52d68e5807/DerivedData/Build/Products
build-test	Release build with local ad-hoc signing	2026-10-03T07:18:08.4589490Z     export BUILD_LIBRARY_FOR_DISTRIBUTION\=NO
build-test	Release build with local ad-hoc signing	2026-10-03T07:18:08.4589950Z     export BUILD_ROOT\=/Users/runner/Library/Developer/PhotoAxisBuilds/fe52d68e5807/DerivedData/Build/Products
build-test	Release build with local ad-hoc signing	2026-10-03T07:18:08.4590880Z     export BUILD_STYLE\=
build-test	Release build with local ad-hoc signing	2026-10-03T07:18:08.4591160Z     export BUILD_VARIANTS\=normal
build-test	Release build with local ad-hoc signing	2026-10-03T07:18:08.4591900Z     export BUILT_PRODUCTS_DIR\=/Users/runner/Library/Developer/PhotoAxisBuilds/fe52d68e5807/DerivedData/Build/Products/Release
build-test	Release build with local ad-hoc signing	2026-10-03T07:18:08.4592440Z     export BUNDLE_CONTENTS_FOLDER_PATH\=Contents/
build-test	Release build with local ad-hoc signing	2026-10-03T07:18:08.4592880Z     export BUNDLE_CONTENTS_FOLDER_PATH_deep\=Contents/
build-test	Release build with local ad-hoc signing	2026-10-03T07:18:08.4593400Z     export BUNDLE_EXECUTABLE_FOLDER_NAME_deep\=MacOS
build-test	Release build with local ad-hoc signing	2026-10-03T07:18:08.4594080Z     export BUNDLE_EXECUTABLE_FOLDER_PATH\=Contents/MacOS
build-test	Release build with local ad-hoc signing	2026-10-03T07:18:08.4595100Z     export BUNDLE_EXTENSIONS_FOLDER_PATH\=Contents/Extensions
build-test	Release build with local ad-hoc signing	2026-10-03T07:18:08.4595480Z     export BUNDLE_FORMAT\=deep
build-test	Release build with local ad-hoc signing	2026-10-03T07:18:08.4596020Z     export BUNDLE_FRAMEWORKS_FOLDER_PATH\=Contents/Frameworks
build-test	Release build with local ad-hoc signing	2026-10-03T07:18:08.4596390Z     export BUNDLE_PLUGINS_FOLDER_PATH\=Contents/PlugIns
build-test	Release build with local ad-hoc signing	2026-10-03T07:18:08.4596980Z     export BUNDLE_PRIVATE_HEADERS_FOLDER_PATH\=Contents/PrivateHeaders
build-test	Release build with local ad-hoc signing	2026-10-03T07:18:08.4597980Z     export BUNDLE_PUBLIC_HEADERS_FOLDER_PATH\=Contents/Headers
build-test	Release build with local ad-hoc signing	2026-10-03T07:18:08.4598740Z     export CACHE_ROOT\=/var/folders/nj/vtw8zd2j31d1gdrtntc5y4600000gn/C/com.apple.DeveloperTools/16.4-16F6/Xcode
build-test	Release build with local ad-hoc signing	2026-10-03T07:18:08.4599680Z     export CCHROOT\=/var/folders/nj/vtw8zd2j31d1gdrtntc5y4600000gn/C/com.apple.DeveloperTools/16.4-16F6/Xcode
build-test	Release build with local ad-hoc signing	2026-10-03T07:18:08.4600250Z     export CHMOD\=/bin/chmod
build-test	Release build with local ad-hoc signing	2026-10-03T07:18:08.4600620Z     export CHOWN\=/usr/sbin/chown
build-test	Release build with local ad-hoc signing	2026-10-03T07:18:08.4601030Z     export CLANG_CACHE_FINE_GRAINED_OUTPUTS\=YES
build-test	Release build with local ad-hoc signing	2026-10-03T07:18:08.4601480Z     export CLANG_ENABLE_EXPLICIT_MODULES\=YES
build-test	Release build with local ad-hoc signing	2026-10-03T07:18:08.4601780Z     export CLANG_ENABLE_MODULES\=YES
build-test	Release build with local ad-hoc signing	2026-10-03T07:18:08.4602360Z     export CLANG_ENABLE_OBJC_ARC\=YES
build-test	Release build with local ad-hoc signing	2026-10-03T07:18:08.4603020Z     export CLANG_MODULES_BUILD_SESSION_FILE\=/Users/runner/Library/Developer/PhotoAxisBuilds/fe52d68e5807/DerivedData/ModuleCache.noindex/Session.modulevalidation
build-test	Release build with local ad-hoc signing	2026-10-03T07:18:08.4604040Z     export CLASS_FILE_DIR\=/Users/runner/Library/Developer/PhotoAxisBuilds/fe52d68e5807/DerivedData/Build/Intermediates.noindex/PhotoAxis.build/Release/PhotoAxis.build/JavaClasses
build-test	Release build with local ad-hoc signing	2026-10-03T07:18:08.4604960Z     export CLEAN_PRECOMPS\=YES
build-test	Release build with local ad-hoc signing	2026-10-03T07:18:08.4605220Z     export CLONE_HEADERS\=NO
build-test	Release build with local ad-hoc signing	2026-10-03T07:18:08.4605880Z     export CODESIGNING_FOLDER_PATH\=/Users/runner/Library/Developer/PhotoAxisBuilds/fe52d68e5807/DerivedData/Build/Products/Release/PhotoAxis.app
build-test	Release build with local ad-hoc signing	2026-10-03T07:18:08.4606600Z     export CODE_SIGNING_ALLOWED\=YES
build-test	Release build with local ad-hoc signing	2026-10-03T07:18:08.4608080Z     export CODE_SIGNING_REQUIRED\=YES
build-test	Release build with local ad-hoc signing	2026-10-03T07:18:08.4608530Z     export CODE_SIGN_IDENTITY\=-
build-test	Release build with local ad-hoc signing	2026-10-03T07:18:08.4608850Z     export CODE_SIGN_IDENTITY_NO\=Apple\ Development
build-test	Release build with local ad-hoc signing	2026-10-03T07:18:08.4609260Z     export CODE_SIGN_IDENTITY_YES\=-
build-test	Release build with local ad-hoc signing	2026-10-03T07:18:08.4609550Z     export CODE_SIGN_INJECT_BASE_ENTITLEMENTS\=YES
build-test	Release build with local ad-hoc signing	2026-10-03T07:18:08.4609930Z     export CODE_SIGN_STYLE\=Manual
build-test	Release build with local ad-hoc signing	2026-10-03T07:18:08.4610180Z     export COLOR_DIAGNOSTICS\=NO
build-test	Release build with local ad-hoc signing	2026-10-03T07:18:08.4610760Z     export COMBINE_HIDPI_IMAGES\=NO
build-test	Release build with local ad-hoc signing	2026-10-03T07:18:08.4611450Z     export COMPILATION_CACHE_CAS_PATH\=/Users/runner/Library/Developer/PhotoAxisBuilds/fe52d68e5807/DerivedData/CompilationCache.noindex
build-test	Release build with local ad-hoc signing	2026-10-03T07:18:08.4612020Z     export COMPILATION_CACHE_KEEP_CAS_DIRECTORY\=YES
build-test	Release build with local ad-hoc signing	2026-10-03T07:18:08.4612580Z     export COMPILER_INDEX_STORE_ENABLE\=Default
build-test	Release build with local ad-hoc signing	2026-10-03T07:18:08.4613320Z     export COMPOSITE_SDK_DIRS\=/Users/runner/Library/Developer/PhotoAxisBuilds/fe52d68e5807/DerivedData/Build/Intermediates.noindex/CompositeSDKs
build-test	Release build with local ad-hoc signing	2026-10-03T07:18:08.4614190Z     export COMPRESS_PNG_FILES\=NO
build-test	Release build with local ad-hoc signing	2026-10-03T07:18:08.4614790Z     export CONFIGURATION\=Release
build-test	Release build with local ad-hoc signing	2026-10-03T07:18:08.4615490Z     export CONFIGURATION_BUILD_DIR\=/Users/runner/Library/Developer/PhotoAxisBuilds/fe52d68e5807/DerivedData/Build/Products/Release
build-test	Release build with local ad-hoc signing	2026-10-03T07:18:08.4616370Z     export CONFIGURATION_TEMP_DIR\=/Users/runner/Library/Developer/PhotoAxisBuilds/fe52d68e5807/DerivedData/Build/Intermediates.noindex/PhotoAxis.build/Release
build-test	Release build with local ad-hoc signing	2026-10-03T07:18:08.4617520Z     export CONTENTS_FOLDER_PATH\=PhotoAxis.app/Contents
build-test	Release build with local ad-hoc signing	2026-10-03T07:18:08.4618150Z     export CONTENTS_FOLDER_PATH_SHALLOW_BUNDLE_NO\=PhotoAxis.app/Contents
build-test	Release build with local ad-hoc signing	2026-10-03T07:18:08.4618660Z     export CONTENTS_FOLDER_PATH_SHALLOW_BUNDLE_YES\=PhotoAxis.app
build-test	Release build with local ad-hoc signing	2026-10-03T07:18:08.4619100Z     export COPYING_PRESERVES_HFS_DATA\=NO
build-test	Release build with local ad-hoc signing	2026-10-03T07:18:08.4619450Z     export COPY_HEADERS_RUN_UNIFDEF\=NO
build-test	Release build with local ad-hoc signing	2026-10-03T07:18:08.4619980Z     export COPY_PHASE_STRIP\=YES
build-test	Release build with local ad-hoc signing	2026-10-03T07:18:08.4620330Z     export CP\=/bin/cp
build-test	Release build with local ad-hoc signing	2026-10-03T07:18:08.4620730Z     export CREATE_INFOPLIST_SECTION_IN_BINARY\=NO
build-test	Release build with local ad-hoc signing	2026-10-03T07:18:08.4621070Z     export CURRENT_ARCH\=undefined_arch
build-test	Release build with local ad-hoc signing	2026-10-03T07:18:08.4621490Z     export CURRENT_PROJECT_VERSION\=5
build-test	Release build with local ad-hoc signing	2026-10-03T07:18:08.4621820Z     export CURRENT_VARIANT\=normal
build-test	Release build with local ad-hoc signing	2026-10-03T07:18:08.4622070Z     export DEAD_CODE_STRIPPING\=NO
build-test	Release build with local ad-hoc signing	2026-10-03T07:18:08.4622290Z     export DEBUGGING_SYMBOLS\=YES
build-test	Release build with local ad-hoc signing	2026-10-03T07:18:08.4622520Z     export DEBUG_INFORMATION_FORMAT\=dwarf-with-dsym
build-test	Release build with local ad-hoc signing	2026-10-03T07:18:08.4622990Z     export DEBUG_INFORMATION_VERSION\=compiler-default
build-test	Release build with local ad-hoc signing	2026-10-03T07:18:08.4623740Z     export DEFAULT_COMPILER\=com.apple.compilers.llvm.clang.1_0
build-test	Release build with local ad-hoc signing	2026-10-03T07:18:08.4624280Z     export DEFAULT_DEXT_INSTALL_PATH\=/System/Library/DriverExtensions
build-test	Release build with local ad-hoc signing	2026-10-03T07:18:08.4624630Z     export DEFAULT_KEXT_INSTALL_PATH\=/System/Library/Extensions
build-test	Release build with local ad-hoc signing	2026-10-03T07:18:08.4624980Z     export DEFINES_MODULE\=NO
build-test	Release build with local ad-hoc signing	2026-10-03T07:18:08.4625170Z     export DEPLOYMENT_LOCATION\=NO
build-test	Release build with local ad-hoc signing	2026-10-03T07:18:08.4625540Z     export DEPLOYMENT_POSTPROCESSING\=NO
build-test	Release build with local ad-hoc signing	2026-10-03T07:18:08.4625870Z     export DEPLOYMENT_TARGET_SETTING_NAME\=MACOSX_DEPLOYMENT_TARGET
build-test	Release build with local ad-hoc signing	2026-10-03T07:18:08.4626530Z     export DEPLOYMENT_TARGET_SUGGESTED_VALUES\=10.13\ 10.14\ 10.15\ 11.0\ 11.1\ 11.2\ 11.3\ 11.4\ 11.5\ 12.0\ 12.2\ 12.3\ 12.4\ 13.0\ 13.1\ 13.2\ 13.3\ 13.4\ 13.5\ 14.0\ 14.1\ 14.2\ 14.3\ 14.4\ 14.5\ 14.6\ 15.0\ 15.1\ 15.2\ 15.3\ 15.4\ 15.5
build-test	Release build with local ad-hoc signing	2026-10-03T07:18:08.4627690Z     export DERIVED_FILES_DIR\=/Users/runner/Library/Developer/PhotoAxisBuilds/fe52d68e5807/DerivedData/Build/Intermediates.noindex/PhotoAxis.build/Release/PhotoAxis.build/DerivedSources
build-test	Release build with local ad-hoc signing	2026-10-03T07:18:08.4628800Z     export DERIVED_FILE_DIR\=/Users/runner/Library/Developer/PhotoAxisBuilds/fe52d68e5807/DerivedData/Build/Intermediates.noindex/PhotoAxis.build/Release/PhotoAxis.build/DerivedSources
build-test	Release build with local ad-hoc signing	2026-10-03T07:18:08.4630050Z     export DERIVED_SOURCES_DIR\=/Users/runner/Library/Developer/PhotoAxisBuilds/fe52d68e5807/DerivedData/Build/Intermediates.noindex/PhotoAxis.build/Release/PhotoAxis.build/DerivedSources
build-test	Release build with local ad-hoc signing	2026-10-03T07:18:08.4630930Z     export DEVELOPER_APPLICATIONS_DIR\=/Applications/Xcode_16.4.app/Contents/Developer/Applications
build-test	Release build with local ad-hoc signing	2026-10-03T07:18:08.4631570Z     export DEVELOPER_BIN_DIR\=/Applications/Xcode_16.4.app/Contents/Developer/usr/bin
build-test	Release build with local ad-hoc signing	2026-10-03T07:18:08.4632110Z     export DEVELOPER_DIR\=/Applications/Xcode_16.4.app/Contents/Developer
build-test	Release build with local ad-hoc signing	2026-10-03T07:18:08.4632730Z     export DEVELOPER_FRAMEWORKS_DIR\=/Applications/Xcode_16.4.app/Contents/Developer/Library/Frameworks
build-test	Release build with local ad-hoc signing	2026-10-03T07:18:08.4633370Z     export DEVELOPER_FRAMEWORKS_DIR_QUOTED\=/Applications/Xcode_16.4.app/Contents/Developer/Library/Frameworks
build-test	Release build with local ad-hoc signing	2026-10-03T07:18:08.4633980Z     export DEVELOPER_LIBRARY_DIR\=/Applications/Xcode_16.4.app/Contents/Developer/Library
build-test	Release build with local ad-hoc signing	2026-10-03T07:18:08.4634600Z     export DEVELOPER_SDK_DIR\=/Applications/Xcode_16.4.app/Contents/Developer/Platforms/MacOSX.platform/Developer/SDKs
build-test	Release build with local ad-hoc signing	2026-10-03T07:18:08.4635570Z     export DEVELOPER_TOOLS_DIR\=/Applications/Xcode_16.4.app/Contents/Developer/Tools
build-test	Release build with local ad-hoc signing	2026-10-03T07:18:08.4636100Z     export DEVELOPER_USR_DIR\=/Applications/Xcode_16.4.app/Contents/Developer/usr
build-test	Release build with local ad-hoc signing	2026-10-03T07:18:08.4636470Z     export DEVELOPMENT_LANGUAGE\=en
build-test	Release build with local ad-hoc signing	2026-10-03T07:18:08.4636770Z     export DIAGNOSE_MISSING_TARGET_DEPENDENCIES\=YES
build-test	Release build with local ad-hoc signing	2026-10-03T07:18:08.4637090Z     export DIFF\=/usr/bin/diff
build-test	Release build with local ad-hoc signing	2026-10-03T07:18:08.4637550Z     export DOCUMENTATION_FOLDER_PATH\=PhotoAxis.app/Contents/Resources/en.lproj/Documentation
build-test	Release build with local ad-hoc signing	2026-10-03T07:18:08.4638370Z     export DONT_GENERATE_INFOPLIST_FILE\=NO
build-test	Release build with local ad-hoc signing	2026-10-03T07:18:08.4638670Z     export DSTROOT\=/tmp/PhotoAxis.dst
build-test	Release build with local ad-hoc signing	2026-10-03T07:18:08.4639350Z     export DT_TOOLCHAIN_DIR\=/Applications/Xcode_16.4.app/Contents/Developer/Toolchains/XcodeDefault.xctoolchain
build-test	Release build with local ad-hoc signing	2026-10-03T07:18:08.4639870Z     export DWARF_DSYM_FILE_NAME\=PhotoAxis.app.dSYM
build-test	Release build with local ad-hoc signing	2026-10-03T07:18:08.4640290Z     export DWARF_DSYM_FILE_SHOULD_ACCOMPANY_PRODUCT\=NO
build-test	Release build with local ad-hoc signing	2026-10-03T07:18:08.4640920Z     export DWARF_DSYM_FOLDER_PATH\=/Users/runner/Library/Developer/PhotoAxisBuilds/fe52d68e5807/DerivedData/Build/Products/Release
build-test	Release build with local ad-hoc signing	2026-10-03T07:18:08.4641500Z     export DYNAMIC_LIBRARY_EXTENSION\=dylib
build-test	Release build with local ad-hoc signing	2026-10-03T07:18:08.4641780Z     export EAGER_COMPILATION_ALLOW_SCRIPTS\=YES
build-test	Release build with local ad-hoc signing	2026-10-03T07:18:08.4642080Z     export EAGER_LINKING\=NO
build-test	Release build with local ad-hoc signing	2026-10-03T07:18:08.4642330Z     export EMBEDDED_CONTENT_CONTAINS_SWIFT\=NO
build-test	Release build with local ad-hoc signing	2026-10-03T07:18:08.4642680Z     export EMBEDDED_PROFILE_NAME\=embedded.provisionprofile
build-test	Release build with local ad-hoc signing	2026-10-03T07:18:08.4643080Z     export EMBED_ASSET_PACKS_IN_PRODUCT_BUNDLE\=NO
build-test	Release build with local ad-hoc signing	2026-10-03T07:18:08.4643430Z     export ENABLE_APP_SANDBOX\=NO
build-test	Release build with local ad-hoc signing	2026-10-03T07:18:08.4643680Z     export ENABLE_BITCODE\=NO
build-test	Release build with local ad-hoc signing	2026-10-03T07:18:08.4643920Z     export ENABLE_CODE_COVERAGE\=YES
build-test	Release build with local ad-hoc signing	2026-10-03T07:18:08.4644200Z     export ENABLE_DEBUG_DYLIB\=NO
build-test	Release build with local ad-hoc signing	2026-10-03T07:18:08.4644470Z     export ENABLE_DEFAULT_HEADER_SEARCH_PATHS\=YES
build-test	Release build with local ad-hoc signing	2026-10-03T07:18:08.4644810Z     export ENABLE_DEFAULT_SEARCH_PATHS\=YES
build-test	Release build with local ad-hoc signing	2026-10-03T07:18:08.4645480Z     export ENABLE_HARDENED_RUNTIME\=NO
build-test	Release build with local ad-hoc signing	2026-10-03T07:18:08.4645820Z     export ENABLE_HEADER_DEPENDENCIES\=YES
build-test	Release build with local ad-hoc signing	2026-10-03T07:18:08.4646180Z     export ENABLE_INCOMING_NETWORK_CONNECTIONS\=NO
build-test	Release build with local ad-hoc signing	2026-10-03T07:18:08.4646470Z     export ENABLE_ON_DEMAND_RESOURCES\=NO
build-test	Release build with local ad-hoc signing	2026-10-03T07:18:08.4646810Z     export ENABLE_OUTGOING_NETWORK_CONNECTIONS\=NO
build-test	Release build with local ad-hoc signing	2026-10-03T07:18:08.4647150Z     export ENABLE_PREVIEWS\=NO
build-test	Release build with local ad-hoc signing	2026-10-03T07:18:08.4647470Z     export ENABLE_RESOURCE_ACCESS_AUDIO_INPUT\=NO
build-test	Release build with local ad-hoc signing	2026-10-03T07:18:08.4647710Z     export ENABLE_RESOURCE_ACCESS_BLUETOOTH\=NO
build-test	Release build with local ad-hoc signing	2026-10-03T07:18:08.4647960Z     export ENABLE_RESOURCE_ACCESS_CALENDARS\=NO
build-test	Release build with local ad-hoc signing	2026-10-03T07:18:08.4648240Z     export ENABLE_RESOURCE_ACCESS_CAMERA\=NO
build-test	Release build with local ad-hoc signing	2026-10-03T07:18:08.4648550Z     export ENABLE_RESOURCE_ACCESS_CONTACTS\=NO
build-test	Release build with local ad-hoc signing	2026-10-03T07:18:08.4648860Z     export ENABLE_RESOURCE_ACCESS_LOCATION\=NO
build-test	Release build with local ad-hoc signing	2026-10-03T07:18:08.4649180Z     export ENABLE_RESOURCE_ACCESS_PRINTING\=NO
build-test	Release build with local ad-hoc signing	2026-10-03T07:18:08.4649500Z     export ENABLE_RESOURCE_ACCESS_USB\=NO
build-test	Release build with local ad-hoc signing	2026-10-03T07:18:08.4649720Z     export ENABLE_SDK_IMPORTS\=NO
build-test	Release build with local ad-hoc signing	2026-10-03T07:18:08.4649990Z     export ENABLE_TESTABILITY\=NO
build-test	Release build with local ad-hoc signing	2026-10-03T07:18:08.4650250Z     export ENABLE_TESTING_SEARCH_PATHS\=NO
build-test	Release build with local ad-hoc signing	2026-10-03T07:18:08.4650550Z     export ENABLE_USER_SCRIPT_SANDBOXING\=YES
build-test	Release build with local ad-hoc signing	2026-10-03T07:18:08.4650820Z     export ENABLE_XOJIT_PREVIEWS\=NO
build-test	Release build with local ad-hoc signing	2026-10-03T07:18:08.4651120Z     export ENFORCE_VALID_ARCHS\=YES
build-test	Release build with local ad-hoc signing	2026-10-03T07:18:08.4651430Z     export ENTITLEMENTS_ALLOWED\=YES
build-test	Release build with local ad-hoc signing	2026-10-03T07:18:08.4651740Z     export ENTITLEMENTS_DESTINATION\=Signature
build-test	Release build with local ad-hoc signing	2026-10-03T07:18:08.4652030Z     export ENTITLEMENTS_REQUIRED\=NO
build-test	Release build with local ad-hoc signing	2026-10-03T07:18:08.4652390Z     export EXCLUDED_INSTALLSRC_SUBDIRECTORY_PATTERNS\=.DS_Store\ .svn\ .git\ .hg\ CVS
build-test	Release build with local ad-hoc signing	2026-10-03T07:18:08.4653530Z     export EXCLUDED_RECURSIVE_SEARCH_PATH_SUBDIRECTORIES\=\*.nib\ \*.lproj\ \*.framework\ \*.gch\ \*.xcode\*\ \*.xcassets\ \(\*\)\ .DS_Store\ CVS\ .svn\ .git\ .hg\ \*.pbproj\ \*.pbxproj
build-test	Release build with local ad-hoc signing	2026-10-03T07:18:08.4654220Z     export EXECUTABLES_FOLDER_PATH\=PhotoAxis.app/Contents/Executables
build-test	Release build with local ad-hoc signing	2026-10-03T07:18:08.4654630Z     export EXECUTABLE_FOLDER_PATH\=PhotoAxis.app/Contents/MacOS
build-test	Release build with local ad-hoc signing	2026-10-03T07:18:08.4655050Z     export EXECUTABLE_FOLDER_PATH_SHALLOW_BUNDLE_NO\=PhotoAxis.app/Contents/MacOS
build-test	Release build with local ad-hoc signing	2026-10-03T07:18:08.4655640Z     export EXECUTABLE_FOLDER_PATH_SHALLOW_BUNDLE_YES\=PhotoAxis.app/Contents
build-test	Release build with local ad-hoc signing	2026-10-03T07:18:08.4655950Z     export EXECUTABLE_NAME\=PhotoAxis
build-test	Release build with local ad-hoc signing	2026-10-03T07:18:08.4656210Z     export EXECUTABLE_PATH\=PhotoAxis.app/Contents/MacOS/PhotoAxis
build-test	Release build with local ad-hoc signing	2026-10-03T07:18:08.4656490Z     export EXPANDED_CODE_SIGN_IDENTITY\=-
build-test	Release build with local ad-hoc signing	2026-10-03T07:18:08.4657010Z     export EXPANDED_CODE_SIGN_IDENTITY_NAME\=Sign\ to\ Run\ Locally
build-test	Release build with local ad-hoc signing	2026-10-03T07:18:08.4657450Z     export EXTENSIONS_FOLDER_PATH\=PhotoAxis.app/Contents/Extensions
build-test	Release build with local ad-hoc signing	2026-10-03T07:18:08.4658640Z     export FILE_LIST\=/Users/runner/Library/Developer/PhotoAxisBuilds/fe52d68e5807/DerivedData/Build/Intermediates.noindex/PhotoAxis.build/Release/PhotoAxis.build/Objects/LinkFileList
build-test	Release build with local ad-hoc signing	2026-10-03T07:18:08.4659830Z     export FIXED_FILES_DIR\=/Users/runner/Library/Developer/PhotoAxisBuilds/fe52d68e5807/DerivedData/Build/Intermediates.noindex/PhotoAxis.build/Release/PhotoAxis.build/FixedFiles
build-test	Release build with local ad-hoc signing	2026-10-03T07:18:08.4660650Z     export FRAMEWORKS_FOLDER_PATH\=PhotoAxis.app/Contents/Frameworks
build-test	Release build with local ad-hoc signing	2026-10-03T07:18:08.4660980Z     export FRAMEWORK_FLAG_PREFIX\=-framework
build-test	Release build with local ad-hoc signing	2026-10-03T07:18:08.4661480Z     export FRAMEWORK_SEARCH_PATHS\=/Users/runner/Library/Developer/PhotoAxisBuilds/fe52d68e5807/DerivedData/Build/Products/Release\ 
build-test	Release build with local ad-hoc signing	2026-10-03T07:18:08.4661960Z     export FRAMEWORK_VERSION\=A
build-test	Release build with local ad-hoc signing	2026-10-03T07:18:08.4662190Z     export FULL_PRODUCT_NAME\=PhotoAxis.app
build-test	Release build with local ad-hoc signing	2026-10-03T07:18:08.4662440Z     export FUSE_BUILD_PHASES\=YES
build-test	Release build with local ad-hoc signing	2026-10-03T07:18:08.4663470Z     export FUSE_BUILD_SCRIPT_PHASES\=NO
build-test	Release build with local ad-hoc signing	2026-10-03T07:18:08.4664160Z     export GCC3_VERSION\=3.3
build-test	Release build with local ad-hoc signing	2026-10-03T07:18:08.4664710Z     export GCC_DYNAMIC_NO_PIC\=NO
build-test	Release build with local ad-hoc signing	2026-10-03T07:18:08.4665640Z     export GCC_INLINES_ARE_PRIVATE_EXTERN\=YES
build-test	Release build with local ad-hoc signing	2026-10-03T07:18:08.4667950Z     export GCC_PFE_FILE_C_DIALECTS\=c\ objective-c\ c++\ objective-c++
build-test	Release build with local ad-hoc signing	2026-10-03T07:18:08.4668490Z     export GCC_SYMBOLS_PRIVATE_EXTERN\=YES
build-test	Release build with local ad-hoc signing	2026-10-03T07:18:08.4668830Z     export GCC_TREAT_WARNINGS_AS_ERRORS\=NO
build-test	Release build with local ad-hoc signing	2026-10-03T07:18:08.4669280Z     export GCC_VERSION\=com.apple.compilers.llvm.clang.1_0
build-test	Release build with local ad-hoc signing	2026-10-03T07:18:08.4669690Z     export GCC_VERSION_IDENTIFIER\=com_apple_compilers_llvm_clang_1_0
build-test	Release build with local ad-hoc signing	2026-10-03T07:18:08.4670010Z     export GCC_WARN_64_TO_32_BIT_CONVERSION\=NO
build-test	Release build with local ad-hoc signing	2026-10-03T07:18:08.4670730Z     export GENERATED_MODULEMAP_DIR\=/Users/runner/Library/Developer/PhotoAxisBuilds/fe52d68e5807/DerivedData/Build/Intermediates.noindex/GeneratedModuleMaps
build-test	Release build with local ad-hoc signing	2026-10-03T07:18:08.4671510Z     export GENERATE_INFOPLIST_FILE\=NO
build-test	Release build with local ad-hoc signing	2026-10-03T07:18:08.4671820Z     export GENERATE_INTERMEDIATE_TEXT_BASED_STUBS\=YES
build-test	Release build with local ad-hoc signing	2026-10-03T07:18:08.4672100Z     export GENERATE_MASTER_OBJECT_FILE\=NO
build-test	Release build with local ad-hoc signing	2026-10-03T07:18:08.4683100Z     export GENERATE_PKGINFO_FILE\=YES
build-test	Release build with local ad-hoc signing	2026-10-03T07:18:08.4683420Z     export GENERATE_PROFILING_CODE\=NO
build-test	Release build with local ad-hoc signing	2026-10-03T07:18:08.4683640Z     export GENERATE_TEXT_BASED_STUBS\=NO
build-test	Release build with local ad-hoc signing	2026-10-03T07:18:08.4683840Z     export GID\=20
build-test	Release build with local ad-hoc signing	2026-10-03T07:18:08.4683990Z     export GROUP\=staff
build-test	Release build with local ad-hoc signing	2026-10-03T07:18:08.4684240Z     export HEADERMAP_INCLUDES_FLAT_ENTRIES_FOR_TARGET_BEING_BUILT\=YES
build-test	Release build with local ad-hoc signing	2026-10-03T07:18:08.4684700Z     export HEADERMAP_INCLUDES_FRAMEWORK_ENTRIES_FOR_ALL_PRODUCT_TYPES\=YES
build-test	Release build with local ad-hoc signing	2026-10-03T07:18:08.4685100Z     export HEADERMAP_INCLUDES_FRAMEWORK_ENTRIES_FOR_TARGETS_NOT_BEING_BUILT\=YES
build-test	Release build with local ad-hoc signing	2026-10-03T07:18:08.4685470Z     export HEADERMAP_INCLUDES_NONPUBLIC_NONPRIVATE_HEADERS\=YES
build-test	Release build with local ad-hoc signing	2026-10-03T07:18:08.4685760Z     export HEADERMAP_INCLUDES_PROJECT_HEADERS\=YES
build-test	Release build with local ad-hoc signing	2026-10-03T07:18:08.4686050Z     export HEADERMAP_USES_FRAMEWORK_PREFIX_ENTRIES\=YES
build-test	Release build with local ad-hoc signing	2026-10-03T07:18:08.4686300Z     export HEADERMAP_USES_VFS\=NO
build-test	Release build with local ad-hoc signing	2026-10-03T07:18:08.4686770Z     export HEADER_SEARCH_PATHS\=/Users/runner/Library/Developer/PhotoAxisBuilds/fe52d68e5807/DerivedData/Build/Products/Release/include\ 
build-test	Release build with local ad-hoc signing	2026-10-03T07:18:08.4688690Z     export HIDE_BITCODE_SYMBOLS\=YES
build-test	Release build with local ad-hoc signing	2026-10-03T07:18:08.4689020Z     export HOME\=/Users/runner
build-test	Release build with local ad-hoc signing	2026-10-03T07:18:08.4689210Z     export HOST_ARCH\=arm64
build-test	Release build with local ad-hoc signing	2026-10-03T07:18:08.4689400Z     export HOST_PLATFORM\=macosx
build-test	Release build with local ad-hoc signing	2026-10-03T07:18:08.4689580Z     export ICONV\=/usr/bin/iconv
build-test	Release build with local ad-hoc signing	2026-10-03T07:18:08.4689790Z     export IMPLICIT_DEPENDENCY_DOMAIN\=default
build-test	Release build with local ad-hoc signing	2026-10-03T07:18:08.4690040Z     export INFOPLIST_ENABLE_CFBUNDLEICONS_MERGE\=YES
build-test	Release build with local ad-hoc signing	2026-10-03T07:18:08.4690310Z     export INFOPLIST_EXPAND_BUILD_SETTINGS\=YES
build-test	Release build with local ad-hoc signing	2026-10-03T07:18:08.4690560Z     export INFOPLIST_FILE\=Config/Info.plist
build-test	Release build with local ad-hoc signing	2026-10-03T07:18:08.4690800Z     export INFOPLIST_OUTPUT_FORMAT\=same-as-input
build-test	Release build with local ad-hoc signing	2026-10-03T07:18:08.4691360Z     export INFOPLIST_PATH\=PhotoAxis.app/Contents/Info.plist
build-test	Release build with local ad-hoc signing	2026-10-03T07:18:08.4691690Z     export INFOPLIST_PREPROCESS\=NO
build-test	Release build with local ad-hoc signing	2026-10-03T07:18:08.4692190Z     export INFOSTRINGS_PATH\=PhotoAxis.app/Contents/Resources/en.lproj/InfoPlist.strings
build-test	Release build with local ad-hoc signing	2026-10-03T07:18:08.4692540Z     export INLINE_PRIVATE_FRAMEWORKS\=NO
build-test	Release build with local ad-hoc signing	2026-10-03T07:18:08.4692760Z     export INSTALLAPI_IGNORE_SKIP_INSTALL\=YES
build-test	Release build with local ad-hoc signing	2026-10-03T07:18:08.4693000Z     export INSTALLHDRS_COPY_PHASE\=NO
build-test	Release build with local ad-hoc signing	2026-10-03T07:18:08.4693630Z     export INSTALLHDRS_SCRIPT_PHASE\=NO
build-test	Release build with local ad-hoc signing	2026-10-03T07:18:08.4693940Z     export INSTALL_DIR\=/tmp/PhotoAxis.dst/Applications
build-test	Release build with local ad-hoc signing	2026-10-03T07:18:08.4694190Z     export INSTALL_GROUP\=staff
build-test	Release build with local ad-hoc signing	2026-10-03T07:18:08.4694390Z     export INSTALL_MODE_FLAG\=u+w,go-w,a+rX
build-test	Release build with local ad-hoc signing	2026-10-03T07:18:08.4694620Z     export INSTALL_OWNER\=runner
build-test	Release build with local ad-hoc signing	2026-10-03T07:18:08.4694840Z     export INSTALL_PATH\=/Applications
build-test	Release build with local ad-hoc signing	2026-10-03T07:18:08.4695050Z     export INSTALL_ROOT\=/tmp/PhotoAxis.dst
build-test	Release build with local ad-hoc signing	2026-10-03T07:18:08.4695320Z     export IOS_UNZIPPERED_TWIN_PREFIX_PATH\=/System/iOSSupport
build-test	Release build with local ad-hoc signing	2026-10-03T07:18:08.4695590Z     export IS_MACCATALYST\=NO
build-test	Release build with local ad-hoc signing	2026-10-03T07:18:08.4695790Z     export IS_UNOPTIMIZED_BUILD\=NO
build-test	Release build with local ad-hoc signing	2026-10-03T07:18:08.4696150Z     export JAVAC_DEFAULT_FLAGS\=-J-Xms64m\ -J-XX:NewSize\=4M\ -J-Dfile.encoding\=UTF8
build-test	Release build with local ad-hoc signing	2026-10-03T07:18:08.4696700Z     export JAVA_APP_STUB\=/System/Library/Frameworks/JavaVM.framework/Resources/MacOS/JavaApplicationStub
build-test	Release build with local ad-hoc signing	2026-10-03T07:18:08.4697140Z     export JAVA_ARCHIVE_CLASSES\=YES
build-test	Release build with local ad-hoc signing	2026-10-03T07:18:08.4697350Z     export JAVA_ARCHIVE_TYPE\=JAR
build-test	Release build with local ad-hoc signing	2026-10-03T07:18:08.4697600Z     export JAVA_COMPILER\=/usr/bin/javac
build-test	Release build with local ad-hoc signing	2026-10-03T07:18:08.4697910Z     export JAVA_FOLDER_PATH\=PhotoAxis.app/Contents/Resources/Java
build-test	Release build with local ad-hoc signing	2026-10-03T07:18:08.4698220Z     export JAVA_FRAMEWORK_RESOURCES_DIRS\=Resources
build-test	Release build with local ad-hoc signing	2026-10-03T07:18:08.4698510Z     export JAVA_JAR_FLAGS\=cv
build-test	Release build with local ad-hoc signing	2026-10-03T07:18:08.4698750Z     export JAVA_SOURCE_SUBDIR\=.
build-test	Release build with local ad-hoc signing	2026-10-03T07:18:08.4698960Z     export JAVA_USE_DEPENDENCIES\=YES
build-test	Release build with local ad-hoc signing	2026-10-03T07:18:08.4699170Z     export JAVA_ZIP_FLAGS\=-urg
build-test	Release build with local ad-hoc signing	2026-10-03T07:18:08.4699360Z     export JIKES_DEFAULT_FLAGS\=+E\ +OLDCSO
build-test	Release build with local ad-hoc signing	2026-10-03T07:18:08.4699970Z     export KASAN_CFLAGS_CLASSIC\=-DKASAN\=1\ -DKASAN_CLASSIC\=1\ -fsanitize\=address\ -mllvm\ -asan-globals-live-support\ -mllvm\ -asan-force-dynamic-shadow
build-test	Release build with local ad-hoc signing	2026-10-03T07:18:08.4701420Z     export KASAN_CFLAGS_TBI\=-DKASAN\=1\ -DKASAN_TBI\=1\ -fsanitize\=kernel-hwaddress\ -mllvm\ -hwasan-recover\=0\ -mllvm\ -hwasan-instrument-atomics\=0\ -mllvm\ -hwasan-instrument-stack\=1\ -mllvm\ -hwasan-generate-tags-with-calls\=1\ -mllvm\ -hwasan-instrument-with-calls\=1\ -mllvm\ -hwasan-use-short-granules\=0\ -mllvm\ -hwasan-memory-access-callback-prefix\=__asan_
build-test	Release build with local ad-hoc signing	2026-10-03T07:18:08.4706120Z     export KASAN_DEFAULT_CFLAGS\=-DKASAN\=1\ -DKASAN_CLASSIC\=1\ -fsanitize\=address\ -mllvm\ -asan-globals-live-support\ -mllvm\ -asan-force-dynamic-shadow
build-test	Release build with local ad-hoc signing	2026-10-03T07:18:08.4706720Z     export KEEP_PRIVATE_EXTERNS\=NO
build-test	Release build with local ad-hoc signing	2026-10-03T07:18:08.4707540Z     export LD_DEPENDENCY_INFO_FILE\=/Users/runner/Library/Developer/PhotoAxisBuilds/fe52d68e5807/DerivedData/Build/Intermediates.noindex/PhotoAxis.build/Release/PhotoAxis.build/Objects-normal/undefined_arch/PhotoAxis_dependency_info.dat
build-test	Release build with local ad-hoc signing	2026-10-03T07:18:08.4708340Z     export LD_EXPORT_SYMBOLS\=YES
build-test	Release build with local ad-hoc signing	2026-10-03T07:18:08.4708950Z     export LD_GENERATE_MAP_FILE\=NO
build-test	Release build with local ad-hoc signing	2026-10-03T07:18:08.4709690Z     export LD_MAP_FILE_PATH\=/Users/runner/Library/Developer/PhotoAxisBuilds/fe52d68e5807/DerivedData/Build/Intermediates.noindex/PhotoAxis.build/Release/PhotoAxis.build/PhotoAxis-LinkMap-normal-undefined_arch.txt
build-test	Release build with local ad-hoc signing	2026-10-03T07:18:08.4710440Z     export LD_NO_PIE\=NO
build-test	Release build with local ad-hoc signing	2026-10-03T07:18:08.4710670Z     export LD_QUOTE_LINKER_ARGUMENTS_FOR_COMPILER_DRIVER\=YES
build-test	Release build with local ad-hoc signing	2026-10-03T07:18:08.4711100Z     export LD_RUNPATH_SEARCH_PATHS\=\ @executable_path/../Frameworks\ @loader_path/../Frameworks
build-test	Release build with local ad-hoc signing	2026-10-03T07:18:08.4748360Z     export LD_RUNPATH_SEARCH_PATHS_YES\=@loader_path/../Frameworks
build-test	Release build with local ad-hoc signing	2026-10-03T07:18:08.4748710Z     export LD_SHARED_CACHE_ELIGIBLE\=Automatic
build-test	Release build with local ad-hoc signing	2026-10-03T07:18:08.4749330Z     export LD_WARN_DUPLICATE_LIBRARIES\=NO
build-test	Release build with local ad-hoc signing	2026-10-03T07:18:08.4750790Z     export LD_WARN_UNUSED_DYLIBS\=NO
build-test	Release build with local ad-hoc signing	2026-10-03T07:18:08.4751530Z     export LEGACY_DEVELOPER_DIR\=/Applications/Xcode_16.4.app/Contents/PlugIns/Xcode3Core.ideplugin/Contents/SharedSupport/Developer
build-test	Release build with local ad-hoc signing	2026-10-03T07:18:08.4752000Z     export LEX\=lex
build-test	Release build with local ad-hoc signing	2026-10-03T07:18:08.4752230Z     export LIBRARY_DEXT_INSTALL_PATH\=/Library/DriverExtensions
build-test	Release build with local ad-hoc signing	2026-10-03T07:18:08.4752520Z     export LIBRARY_FLAG_NOSPACE\=YES
build-test	Release build with local ad-hoc signing	2026-10-03T07:18:08.4752720Z     export LIBRARY_FLAG_PREFIX\=-l
build-test	Release build with local ad-hoc signing	2026-10-03T07:18:08.4752950Z     export LIBRARY_KEXT_INSTALL_PATH\=/Library/Extensions
build-test	Release build with local ad-hoc signing	2026-10-03T07:18:08.4753550Z     export LIBRARY_SEARCH_PATHS\=/Users/runner/Library/Developer/PhotoAxisBuilds/fe52d68e5807/DerivedData/Build/Products/Release\ 
build-test	Release build with local ad-hoc signing	2026-10-03T07:18:08.4754420Z     export LINKER_DISPLAYS_MANGLED_NAMES\=NO
build-test	Release build with local ad-hoc signing	2026-10-03T07:18:08.4755300Z     export LINK_FILE_LIST_normal_arm64\=/Users/runner/Library/Developer/PhotoAxisBuilds/fe52d68e5807/DerivedData/Build/Intermediates.noindex/PhotoAxis.build/Release/PhotoAxis.build/Objects-normal/arm64/PhotoAxis.LinkFileList
build-test	Release build with local ad-hoc signing	2026-10-03T07:18:08.4787390Z     export LINK_OBJC_RUNTIME\=YES
build-test	Release build with local ad-hoc signing	2026-10-03T07:18:08.4787780Z     export LINK_WITH_STANDARD_LIBRARIES\=YES
build-test	Release build with local ad-hoc signing	2026-10-03T07:18:08.4788090Z     export LLVM_TARGET_TRIPLE_OS_VERSION\=macos14.0
build-test	Release build with local ad-hoc signing	2026-10-03T07:18:08.4788440Z     export LLVM_TARGET_TRIPLE_OS_VERSION_NO\=macos14.0
build-test	Release build with local ad-hoc signing	2026-10-03T07:18:08.4788760Z     export LLVM_TARGET_TRIPLE_OS_VERSION_YES\=macos15.5
build-test	Release build with local ad-hoc signing	2026-10-03T07:18:08.4789040Z     export LLVM_TARGET_TRIPLE_VENDOR\=apple
build-test	Release build with local ad-hoc signing	2026-10-03T07:18:08.4789990Z     export LM_AUX_CONST_METADATA_LIST_PATH_normal_arm64\=/Users/runner/Library/Developer/PhotoAxisBuilds/fe52d68e5807/DerivedData/Build/Intermediates.noindex/PhotoAxis.build/Release/PhotoAxis.build/Objects-normal/arm64/PhotoAxis.SwiftConstValuesFileList
build-test	Release build with local ad-hoc signing	2026-10-03T07:18:08.4791350Z     export LOCALIZATION_EXPORT_SUPPORTED\=YES
build-test	Release build with local ad-hoc signing	2026-10-03T07:18:08.4791630Z     export LOCALIZATION_PREFERS_STRING_CATALOGS\=NO
build-test	Release build with local ad-hoc signing	2026-10-03T07:18:08.4792000Z     export LOCALIZED_RESOURCES_FOLDER_PATH\=PhotoAxis.app/Contents/Resources/en.lproj
build-test	Release build with local ad-hoc signing	2026-10-03T07:18:08.4792490Z     export LOCALIZED_STRING_MACRO_NAMES\=NSLocalizedString\ CFCopyLocalizedString
build-test	Release build with local ad-hoc signing	2026-10-03T07:18:08.4793310Z     export LOCALIZED_STRING_SWIFTUI_SUPPORT\=YES
build-test	Release build with local ad-hoc signing	2026-10-03T07:18:08.4815000Z     export LOCAL_ADMIN_APPS_DIR\=/Applications/Utilities
build-test	Release build with local ad-hoc signing	2026-10-03T07:18:08.4938890Z     export LOCAL_APPS_DIR\=/Applications
build-test	Release build with local ad-hoc signing	2026-10-03T07:18:08.4939200Z     export LOCAL_DEVELOPER_DIR\=/Library/Developer
build-test	Release build with local ad-hoc signing	2026-10-03T07:18:08.4939450Z     export LOCAL_LIBRARY_DIR\=/Library
build-test	Release build with local ad-hoc signing	2026-10-03T07:18:08.4939690Z     export LOCROOT\=$REPO
build-test	Release build with local ad-hoc signing	2026-10-03T07:18:08.4940000Z     export LOCSYMROOT\=$REPO
build-test	Release build with local ad-hoc signing	2026-10-03T07:18:08.4940290Z     export MACH_O_TYPE\=mh_execute
build-test	Release build with local ad-hoc signing	2026-10-03T07:18:08.4940540Z     export MACOSX_DEPLOYMENT_TARGET\=14.0
build-test	Release build with local ad-hoc signing	2026-10-03T07:18:08.4940770Z     export MAC_OS_X_PRODUCT_BUILD_VERSION\=24G830
build-test	Release build with local ad-hoc signing	2026-10-03T07:18:08.4941000Z     export MAC_OS_X_VERSION_ACTUAL\=150709
build-test	Release build with local ad-hoc signing	2026-10-03T07:18:08.4941230Z     export MAC_OS_X_VERSION_MAJOR\=150000
build-test	Release build with local ad-hoc signing	2026-10-03T07:18:08.4941430Z     export MAC_OS_X_VERSION_MINOR\=150700
build-test	Release build with local ad-hoc signing	2026-10-03T07:18:08.4941650Z     export MAKE_MERGEABLE\=NO
build-test	Release build with local ad-hoc signing	2026-10-03T07:18:08.4941840Z     export MARKETING_VERSION\=1.0.0
build-test	Release build with local ad-hoc signing	2026-10-03T07:18:08.4942040Z     export MERGEABLE_LIBRARY\=NO
build-test	Release build with local ad-hoc signing	2026-10-03T07:18:08.4942260Z     export MERGED_BINARY_TYPE\=none
build-test	Release build with local ad-hoc signing	2026-10-03T07:18:08.4942500Z     export MERGE_LINKED_LIBRARIES\=NO
build-test	Release build with local ad-hoc signing	2026-10-03T07:18:08.4942710Z     export METAL_LIBRARY_FILE_BASE\=default
build-test	Release build with local ad-hoc signing	2026-10-03T07:18:08.4943280Z     export METAL_LIBRARY_OUTPUT_DIR\=/Users/runner/Library/Developer/PhotoAxisBuilds/fe52d68e5807/DerivedData/Build/Products/Release/PhotoAxis.app/Contents/Resources
build-test	Release build with local ad-hoc signing	2026-10-03T07:18:08.4943880Z     export MODULES_FOLDER_PATH\=PhotoAxis.app/Contents/Modules
build-test	Release build with local ad-hoc signing	2026-10-03T07:18:08.4944360Z     export MODULE_CACHE_DIR\=/Users/runner/Library/Developer/PhotoAxisBuilds/fe52d68e5807/DerivedData/ModuleCache.noindex
build-test	Release build with local ad-hoc signing	2026-10-03T07:18:08.4944800Z     export NATIVE_ARCH\=arm64
build-test	Release build with local ad-hoc signing	2026-10-03T07:18:08.4945310Z     export NATIVE_ARCH_32_BIT\=arm
build-test	Release build with local ad-hoc signing	2026-10-03T07:18:08.4946120Z     export NATIVE_ARCH_64_BIT\=arm64
build-test	Release build with local ad-hoc signing	2026-10-03T07:18:08.4946490Z     export NATIVE_ARCH_ACTUAL\=arm64
build-test	Release build with local ad-hoc signing	2026-10-03T07:18:08.4946680Z     export NO_COMMON\=YES
build-test	Release build with local ad-hoc signing	2026-10-03T07:18:08.4947340Z     export OBJECT_FILE_DIR\=/Users/runner/Library/Developer/PhotoAxisBuilds/fe52d68e5807/DerivedData/Build/Intermediates.noindex/PhotoAxis.build/Release/PhotoAxis.build/Objects
build-test	Release build with local ad-hoc signing	2026-10-03T07:18:08.4948520Z     export OBJECT_FILE_DIR_normal\=/Users/runner/Library/Developer/PhotoAxisBuilds/fe52d68e5807/DerivedData/Build/Intermediates.noindex/PhotoAxis.build/Release/PhotoAxis.build/Objects-normal
build-test	Release build with local ad-hoc signing	2026-10-03T07:18:08.4949380Z     export OBJROOT\=/Users/runner/Library/Developer/PhotoAxisBuilds/fe52d68e5807/DerivedData/Build/Intermediates.noindex
build-test	Release build with local ad-hoc signing	2026-10-03T07:18:08.4949810Z     export ONLY_ACTIVE_ARCH\=NO
build-test	Release build with local ad-hoc signing	2026-10-03T07:18:08.4949990Z     export OS\=MACOS
build-test	Release build with local ad-hoc signing	2026-10-03T07:18:08.4950170Z     export OSAC\=/usr/bin/osacompile
build-test	Release build with local ad-hoc signing	2026-10-03T07:18:08.4950540Z     export PACKAGE_TYPE\=com.apple.package-type.wrapper.application
build-test	Release build with local ad-hoc signing	2026-10-03T07:18:08.4950860Z     export PASCAL_STRINGS\=YES
build-test	Release build with local ad-hoc signing	2026-10-03T07:18:08.4958550Z     export PATH\=/Applications/Xcode_16.4.app/Contents/SharedFrameworks/SwiftBuild.framework/Versions/A/PlugIns/SWBBuildService.bundle/Contents/PlugIns/SWBUniversalPlatformPlugin.bundle/Contents/Frameworks/SWBUniversalPlatform.framework/Resources:/Applications/Xcode_16.4.app/Contents/Developer/Toolchains/XcodeDefault.xctoolchain/usr/bin:/Applications/Xcode_16.4.app/Contents/Developer/Toolchains/XcodeDefault.xctoolchain/usr/local/bin:/Applications/Xcode_16.4.app/Contents/Developer/Toolchains/XcodeDefault.xctoolchain/usr/libexec:/Applications/Xcode_16.4.app/Contents/Developer/Platforms/MacOSX.platform/usr/bin:/Applications/Xcode_16.4.app/Contents/Developer/Platforms/MacOSX.platform/usr/local/bin:/Applications/Xcode_16.4.app/Contents/Developer/Platforms/MacOSX.platform/Developer/usr/bin:/Applications/Xcode_16.4.app/Contents/Developer/Platforms/MacOSX.platform/Developer/usr/local/bin:/Applications/Xcode_16.4.app/Contents/Developer/usr/bin:/Applications/Xcode_16.4.app/Contents/Developer/usr/local/bin:/opt/homebrew/lib/ruby/gems/3.3.0/bin:/opt/homebrew/opt/ruby@3.3/bin:/Users/runner/.local/bin:/opt/homebrew/bin:/opt/homebrew/sbin:/Users/runner/.cargo/bin:/usr/local/opt/curl/bin:/usr/local/bin:/usr/local/sbin:/Users/runner/bin:/Users/runner/.yarn/bin:/Users/runner/Library/Android/sdk/tools:/Users/runner/Library/Android/sdk/platform-tools:/Library/Frameworks/Python.framework/Versions/Current/bin:/Library/Frameworks/Mono.framework/Versions/Current/Commands:/usr/bin:/bin:/usr/sbin:/sbin:/Users/runner/.dotnet/tools
build-test	Release build with local ad-hoc signing	2026-10-03T07:18:08.4965370Z     export PATH_PREFIXES_EXCLUDED_FROM_HEADER_DEPENDENCIES\=/usr/include\ /usr/local/include\ /System/Library/Frameworks\ /System/Library/PrivateFrameworks\ /Applications/Xcode_16.4.app/Contents/Developer/Headers\ /Applications/Xcode_16.4.app/Contents/Developer/SDKs\ /Applications/Xcode_16.4.app/Contents/Developer/Platforms
build-test	Release build with local ad-hoc signing	2026-10-03T07:18:08.4968380Z     export PBDEVELOPMENTPLIST_PATH\=PhotoAxis.app/Contents/pbdevelopment.plist
build-test	Release build with local ad-hoc signing	2026-10-03T07:18:08.4969690Z     export PER_ARCH_MODULE_FILE_DIR\=/Users/runner/Library/Developer/PhotoAxisBuilds/fe52d68e5807/DerivedData/Build/Intermediates.noindex/PhotoAxis.build/Release/PhotoAxis.build/Objects-normal/undefined_arch
build-test	Release build with local ad-hoc signing	2026-10-03T07:18:08.4971030Z     export PER_ARCH_OBJECT_FILE_DIR\=/Users/runner/Library/Developer/PhotoAxisBuilds/fe52d68e5807/DerivedData/Build/Intermediates.noindex/PhotoAxis.build/Release/PhotoAxis.build/Objects-normal/undefined_arch
build-test	Release build with local ad-hoc signing	2026-10-03T07:18:08.4981970Z     export PER_VARIANT_OBJECT_FILE_DIR\=/Users/runner/Library/Developer/PhotoAxisBuilds/fe52d68e5807/DerivedData/Build/Intermediates.noindex/PhotoAxis.build/Release/PhotoAxis.build/Objects-normal
build-test	Release build with local ad-hoc signing	2026-10-03T07:18:08.4983080Z     export PHOTOAXIS_APP_BUNDLE_ID\=local.photoaxis.development
build-test	Release build with local ad-hoc signing	2026-10-03T07:18:08.4983520Z     export PHOTOAXIS_CASE_UTI\=com.photoaxis.document.investigation
build-test	Release build with local ad-hoc signing	2026-10-03T07:18:08.4984200Z     export PHOTOAXIS_CORE_BUNDLE_ID\=local.photoaxis.core
build-test	Release build with local ad-hoc signing	2026-10-03T07:18:08.4984760Z     export PHOTOAXIS_DOCUMENT_UTI\=com.photoaxis.document
build-test	Release build with local ad-hoc signing	2026-10-03T07:18:08.4986210Z     export PKGINFO_FILE_PATH\=/Users/runner/Library/Developer/PhotoAxisBuilds/fe52d68e5807/DerivedData/Build/Intermediates.noindex/PhotoAxis.build/Release/PhotoAxis.build/PkgInfo
build-test	Release build with local ad-hoc signing	2026-10-03T07:18:08.4991440Z     export PKGINFO_PATH\=PhotoAxis.app/Contents/PkgInfo
build-test	Release build with local ad-hoc signing	2026-10-03T07:18:08.4991930Z     export PLATFORM_DEVELOPER_APPLICATIONS_DIR\=/Applications/Xcode_16.4.app/Contents/Developer/Applications
build-test	Release build with local ad-hoc signing	2026-10-03T07:18:08.4992470Z     export PLATFORM_DEVELOPER_BIN_DIR\=/Applications/Xcode_16.4.app/Contents/Developer/usr/bin
build-test	Release build with local ad-hoc signing	2026-10-03T07:18:08.4993070Z     export PLATFORM_DEVELOPER_LIBRARY_DIR\=/Applications/Xcode_16.4.app/Contents/Developer/Library
build-test	Release build with local ad-hoc signing	2026-10-03T07:18:08.4994070Z     export PLATFORM_DEVELOPER_SDK_DIR\=/Applications/Xcode_16.4.app/Contents/Developer/Platforms/MacOSX.platform/Developer/SDKs
build-test	Release build with local ad-hoc signing	2026-10-03T07:18:08.4994670Z     export PLATFORM_DEVELOPER_TOOLS_DIR\=/Applications/Xcode_16.4.app/Contents/Developer/Tools
build-test	Release build with local ad-hoc signing	2026-10-03T07:18:08.4995170Z     export PLATFORM_DEVELOPER_USR_DIR\=/Applications/Xcode_16.4.app/Contents/Developer/usr
build-test	Release build with local ad-hoc signing	2026-10-03T07:18:08.4996040Z     export PLATFORM_DIR\=/Applications/Xcode_16.4.app/Contents/Developer/Platforms/MacOSX.platform
build-test	Release build with local ad-hoc signing	2026-10-03T07:18:08.4996440Z     export PLATFORM_DISPLAY_NAME\=macOS
build-test	Release build with local ad-hoc signing	2026-10-03T07:18:08.4996660Z     export PLATFORM_FAMILY_NAME\=macOS
build-test	Release build with local ad-hoc signing	2026-10-03T07:18:08.4996920Z     export PLATFORM_NAME\=macosx
build-test	Release build with local ad-hoc signing	2026-10-03T07:18:08.4997150Z     export PLATFORM_PREFERRED_ARCH\=x86_64
build-test	Release build with local ad-hoc signing	2026-10-03T07:18:08.4997440Z     export PLATFORM_PRODUCT_BUILD_VERSION\=24F74
build-test	Release build with local ad-hoc signing	2026-10-03T07:18:08.4997710Z     export PLATFORM_REQUIRES_SWIFT_AUTOLINK_EXTRACT\=NO
build-test	Release build with local ad-hoc signing	2026-10-03T07:18:08.4997970Z     export PLATFORM_REQUIRES_SWIFT_MODULEWRAP\=NO
build-test	Release build with local ad-hoc signing	2026-10-03T07:18:08.4998220Z     export PLIST_FILE_OUTPUT_FORMAT\=same-as-input
build-test	Release build with local ad-hoc signing	2026-10-03T07:18:08.4998510Z     export PLUGINS_FOLDER_PATH\=PhotoAxis.app/Contents/PlugIns
build-test	Release build with local ad-hoc signing	2026-10-03T07:18:08.4998830Z     export PRECOMPS_INCLUDE_HEADERS_FROM_BUILT_PRODUCTS_DIR\=YES
build-test	Release build with local ad-hoc signing	2026-10-03T07:18:08.5000010Z     export PRECOMP_DESTINATION_DIR\=/Users/runner/Library/Developer/PhotoAxisBuilds/fe52d68e5807/DerivedData/Build/Intermediates.noindex/PhotoAxis.build/Release/PhotoAxis.build/PrefixHeaders
build-test	Release build with local ad-hoc signing	2026-10-03T07:18:08.5000750Z     export PRIVATE_HEADERS_FOLDER_PATH\=PhotoAxis.app/Contents/PrivateHeaders
build-test	Release build with local ad-hoc signing	2026-10-03T07:18:08.5001700Z     export PROCESSED_INFOPLIST_PATH\=/Users/runner/Library/Developer/PhotoAxisBuilds/fe52d68e5807/DerivedData/Build/Intermediates.noindex/PhotoAxis.build/Release/PhotoAxis.build/Objects-normal/undefined_arch/Processed-Info.plist
build-test	Release build with local ad-hoc signing	2026-10-03T07:18:08.5002580Z     export PRODUCT_BUNDLE_IDENTIFIER\=local.photoaxis.development
build-test	Release build with local ad-hoc signing	2026-10-03T07:18:08.5002860Z     export PRODUCT_BUNDLE_PACKAGE_TYPE\=APPL
build-test	Release build with local ad-hoc signing	2026-10-03T07:18:08.5003090Z     export PRODUCT_MODULE_NAME\=PhotoAxis
build-test	Release build with local ad-hoc signing	2026-10-03T07:18:08.5003300Z     export PRODUCT_NAME\=PhotoAxis
build-test	Release build with local ad-hoc signing	2026-10-03T07:18:08.5003660Z     export PRODUCT_SETTINGS_PATH\=$REPO/Config/Info.plist
build-test	Release build with local ad-hoc signing	2026-10-03T07:18:08.5004150Z     export PRODUCT_TYPE\=com.apple.product-type.application
build-test	Release build with local ad-hoc signing	2026-10-03T07:18:08.5004410Z     export PROFILING_CODE\=NO
build-test	Release build with local ad-hoc signing	2026-10-03T07:18:08.5004600Z     export PROJECT\=PhotoAxis
build-test	Release build with local ad-hoc signing	2026-10-03T07:18:08.5005140Z     export PROJECT_DERIVED_FILE_DIR\=/Users/runner/Library/Developer/PhotoAxisBuilds/fe52d68e5807/DerivedData/Build/Intermediates.noindex/PhotoAxis.build/DerivedSources
build-test	Release build with local ad-hoc signing	2026-10-03T07:18:08.5005910Z     export PROJECT_DIR\=$REPO
build-test	Release build with local ad-hoc signing	2026-10-03T07:18:08.5006800Z     export PROJECT_FILE_PATH\=$REPO/PhotoAxis.xcodeproj
build-test	Release build with local ad-hoc signing	2026-10-03T07:18:08.5007180Z     export PROJECT_GUID\=9730526f0700b8b20d57e2b47e796b5b
build-test	Release build with local ad-hoc signing	2026-10-03T07:18:08.5007420Z     export PROJECT_NAME\=PhotoAxis
build-test	Release build with local ad-hoc signing	2026-10-03T07:18:08.5007950Z     export PROJECT_TEMP_DIR\=/Users/runner/Library/Developer/PhotoAxisBuilds/fe52d68e5807/DerivedData/Build/Intermediates.noindex/PhotoAxis.build
build-test	Release build with local ad-hoc signing	2026-10-03T07:18:08.5029030Z     export PROJECT_TEMP_ROOT\=/Users/runner/Library/Developer/PhotoAxisBuilds/fe52d68e5807/DerivedData/Build/Intermediates.noindex
build-test	Release build with local ad-hoc signing	2026-10-03T07:18:08.5029930Z     export PROVISIONING_PROFILE_REQUIRED\=NO
build-test	Release build with local ad-hoc signing	2026-10-03T07:18:08.5030220Z     export PROVISIONING_PROFILE_REQUIRED_YES_YES\=YES
build-test	Release build with local ad-hoc signing	2026-10-03T07:18:08.5030480Z     export PROVISIONING_PROFILE_SUPPORTED\=YES
build-test	Release build with local ad-hoc signing	2026-10-03T07:18:08.5030770Z     export PUBLIC_HEADERS_FOLDER_PATH\=PhotoAxis.app/Contents/Headers
build-test	Release build with local ad-hoc signing	2026-10-03T07:18:08.5031340Z     export RECOMMENDED_MACOSX_DEPLOYMENT_TARGET\=11.0
build-test	Release build with local ad-hoc signing	2026-10-03T07:18:08.5032020Z     export RECURSIVE_SEARCH_PATHS_FOLLOW_SYMLINKS\=YES
build-test	Release build with local ad-hoc signing	2026-10-03T07:18:08.5032350Z     export REMOVE_CVS_FROM_RESOURCES\=YES
build-test	Release build with local ad-hoc signing	2026-10-03T07:18:08.5032560Z     export REMOVE_GIT_FROM_RESOURCES\=YES
build-test	Release build with local ad-hoc signing	2026-10-03T07:18:08.5032790Z     export REMOVE_HEADERS_FROM_EMBEDDED_BUNDLES\=YES
build-test	Release build with local ad-hoc signing	2026-10-03T07:18:08.5033030Z     export REMOVE_HG_FROM_RESOURCES\=YES
build-test	Release build with local ad-hoc signing	2026-10-03T07:18:08.5033290Z     export REMOVE_STATIC_EXECUTABLES_FROM_EMBEDDED_BUNDLES\=YES
build-test	Release build with local ad-hoc signing	2026-10-03T07:18:08.5033580Z     export REMOVE_SVN_FROM_RESOURCES\=YES
build-test	Release build with local ad-hoc signing	2026-10-03T07:18:08.5033880Z     export RESCHEDULE_INDEPENDENT_HEADERS_PHASES\=YES
build-test	Release build with local ad-hoc signing	2026-10-03T07:18:08.5034580Z     export REZ_COLLECTOR_DIR\=/Users/runner/Library/Developer/PhotoAxisBuilds/fe52d68e5807/DerivedData/Build/Intermediates.noindex/PhotoAxis.build/Release/PhotoAxis.build/ResourceManagerResources
build-test	Release build with local ad-hoc signing	2026-10-03T07:18:08.5035760Z     export REZ_OBJECTS_DIR\=/Users/runner/Library/Developer/PhotoAxisBuilds/fe52d68e5807/DerivedData/Build/Intermediates.noindex/PhotoAxis.build/Release/PhotoAxis.build/ResourceManagerResources/Objects
build-test	Release build with local ad-hoc signing	2026-10-03T07:18:08.5036670Z     export REZ_SEARCH_PATHS\=/Users/runner/Library/Developer/PhotoAxisBuilds/fe52d68e5807/DerivedData/Build/Products/Release\ 
build-test	Release build with local ad-hoc signing	2026-10-03T07:18:08.5037130Z     export SCAN_ALL_SOURCE_FILES_FOR_INCLUDES\=NO
build-test	Release build with local ad-hoc signing	2026-10-03T07:18:08.5037460Z     export SCRIPTS_FOLDER_PATH\=PhotoAxis.app/Contents/Resources/Scripts
build-test	Release build with local ad-hoc signing	2026-10-03T07:18:08.5038050Z     export SCRIPT_INPUT_FILE_0\=$REPO/Sources/PhotoAxisApp/Renderer/Perspective.ci.metal
build-test	Release build with local ad-hoc signing	2026-10-03T07:18:08.5038490Z     export SCRIPT_INPUT_FILE_COUNT\=1
build-test	Release build with local ad-hoc signing	2026-10-03T07:18:08.5038700Z     export SCRIPT_INPUT_FILE_LIST_COUNT\=0
build-test	Release build with local ad-hoc signing	2026-10-03T07:18:08.5039640Z     export SCRIPT_OUTPUT_FILE_0\=/Users/runner/Library/Developer/PhotoAxisBuilds/fe52d68e5807/DerivedData/Build/Products/Release/PhotoAxis.app/Contents/Resources/Perspective.metallib
build-test	Release build with local ad-hoc signing	2026-10-03T07:18:08.5040270Z     export SCRIPT_OUTPUT_FILE_COUNT\=1
build-test	Release build with local ad-hoc signing	2026-10-03T07:18:08.5040490Z     export SCRIPT_OUTPUT_FILE_LIST_COUNT\=0
build-test	Release build with local ad-hoc signing	2026-10-03T07:18:08.5040970Z     export SDKROOT\=/Applications/Xcode_16.4.app/Contents/Developer/Platforms/MacOSX.platform/Developer/SDKs/MacOSX15.5.sdk
build-test	Release build with local ad-hoc signing	2026-10-03T07:18:08.5042230Z     export SDK_DIR\=/Applications/Xcode_16.4.app/Contents/Developer/Platforms/MacOSX.platform/Developer/SDKs/MacOSX15.5.sdk
build-test	Release build with local ad-hoc signing	2026-10-03T07:18:08.5043070Z     export SDK_DIR_macosx\=/Applications/Xcode_16.4.app/Contents/Developer/Platforms/MacOSX.platform/Developer/SDKs/MacOSX15.5.sdk
build-test	Release build with local ad-hoc signing	2026-10-03T07:18:08.5043940Z     export SDK_DIR_macosx15_5\=/Applications/Xcode_16.4.app/Contents/Developer/Platforms/MacOSX.platform/Developer/SDKs/MacOSX15.5.sdk
build-test	Release build with local ad-hoc signing	2026-10-03T07:18:08.5044500Z     export SDK_NAME\=macosx15.5
build-test	Release build with local ad-hoc signing	2026-10-03T07:18:08.5044690Z     export SDK_NAMES\=macosx15.5
build-test	Release build with local ad-hoc signing	2026-10-03T07:18:08.5045480Z     export SDK_PRODUCT_BUILD_VERSION\=24F74
build-test	Release build with local ad-hoc signing	2026-10-03T07:18:08.5045970Z     export SDK_STAT_CACHE_DIR\=/Users/runner/Library/Developer/PhotoAxisBuilds/fe52d68e5807/DerivedData
build-test	Release build with local ad-hoc signing	2026-10-03T07:18:08.5046410Z     export SDK_STAT_CACHE_ENABLE\=YES
build-test	Release build with local ad-hoc signing	2026-10-03T07:18:08.5047050Z     export SDK_STAT_CACHE_PATH\=/Users/runner/Library/Developer/PhotoAxisBuilds/fe52d68e5807/DerivedData/SDKStatCaches.noindex/macosx15.5-24F74-a403186ba963133a54a0e0cacd566b0b.sdkstatcache
build-test	Release build with local ad-hoc signing	2026-10-03T07:18:08.5047690Z     export SDK_VERSION\=15.5
build-test	Release build with local ad-hoc signing	2026-10-03T07:18:08.5047890Z     export SDK_VERSION_ACTUAL\=150500
build-test	Release build with local ad-hoc signing	2026-10-03T07:18:08.5048690Z     export SDK_VERSION_MAJOR\=150000
build-test	Release build with local ad-hoc signing	2026-10-03T07:18:08.5049950Z     export SDK_VERSION_MINOR\=150500
build-test	Release build with local ad-hoc signing	2026-10-03T07:18:08.5050650Z     export SED\=/usr/bin/sed
build-test	Release build with local ad-hoc signing	2026-10-03T07:18:08.5052000Z     export SEPARATE_STRIP\=NO
build-test	Release build with local ad-hoc signing	2026-10-03T07:18:08.5052210Z     export SEPARATE_SYMBOL_EDIT\=NO
build-test	Release build with local ad-hoc signing	2026-10-03T07:18:08.5052440Z     export SET_DIR_MODE_OWNER_GROUP\=YES
build-test	Release build with local ad-hoc signing	2026-10-03T07:18:08.5052670Z     export SET_FILE_MODE_OWNER_GROUP\=NO
build-test	Release build with local ad-hoc signing	2026-10-03T07:18:08.5052920Z     export SHALLOW_BUNDLE\=NO
build-test	Release build with local ad-hoc signing	2026-10-03T07:18:08.5053140Z     export SHALLOW_BUNDLE_PLATFORM\=NO
build-test	Release build with local ad-hoc signing	2026-10-03T07:18:08.5053400Z     export SHALLOW_BUNDLE_TRIPLE\=macos
build-test	Release build with local ad-hoc signing	2026-10-03T07:18:08.5053780Z     export SHALLOW_BUNDLE_ios_macabi\=NO
build-test	Release build with local ad-hoc signing	2026-10-03T07:18:08.5054100Z     export SHALLOW_BUNDLE_macos\=NO
build-test	Release build with local ad-hoc signing	2026-10-03T07:18:08.5054750Z     export SHARED_DERIVED_FILE_DIR\=/Users/runner/Library/Developer/PhotoAxisBuilds/fe52d68e5807/DerivedData/Build/Products/Release/DerivedSources
build-test	Release build with local ad-hoc signing	2026-10-03T07:18:08.5055560Z     export SHARED_FRAMEWORKS_FOLDER_PATH\=PhotoAxis.app/Contents/SharedFrameworks
build-test	Release build with local ad-hoc signing	2026-10-03T07:18:08.5056630Z     export SHARED_PRECOMPS_DIR\=/Users/runner/Library/Developer/PhotoAxisBuilds/fe52d68e5807/DerivedData/Build/Intermediates.noindex/PrecompiledHeaders
build-test	Release build with local ad-hoc signing	2026-10-03T07:18:08.5057360Z     export SHARED_SUPPORT_FOLDER_PATH\=PhotoAxis.app/Contents/SharedSupport
build-test	Release build with local ad-hoc signing	2026-10-03T07:18:08.5057690Z     export SKIP_INSTALL\=NO
build-test	Release build with local ad-hoc signing	2026-10-03T07:18:08.5057960Z     export SOURCE_ROOT\=$REPO
build-test	Release build with local ad-hoc signing	2026-10-03T07:18:08.5058370Z     export SRCROOT\=$REPO
build-test	Release build with local ad-hoc signing	2026-10-03T07:18:08.5059210Z     export STRINGSDATA_DIR\=/Users/runner/Library/Developer/PhotoAxisBuilds/fe52d68e5807/DerivedData/Build/Intermediates.noindex/PhotoAxis.build/Release/PhotoAxis.build/Objects-normal/undefined_arch
build-test	Release build with local ad-hoc signing	2026-10-03T07:18:08.5060390Z     export STRINGSDATA_ROOT\=/Users/runner/Library/Developer/PhotoAxisBuilds/fe52d68e5807/DerivedData/Build/Intermediates.noindex/PhotoAxis.build/Release/PhotoAxis.build
build-test	Release build with local ad-hoc signing	2026-10-03T07:18:08.5061430Z     export STRINGS_FILE_INFOPLIST_RENAME\=YES
build-test	Release build with local ad-hoc signing	2026-10-03T07:18:08.5061690Z     export STRINGS_FILE_OUTPUT_ENCODING\=UTF-16
build-test	Release build with local ad-hoc signing	2026-10-03T07:18:08.5061920Z     export STRIP_BITCODE_FROM_COPIED_FILES\=NO
build-test	Release build with local ad-hoc signing	2026-10-03T07:18:08.5062160Z     export STRIP_INSTALLED_PRODUCT\=YES
build-test	Release build with local ad-hoc signing	2026-10-03T07:18:08.5062360Z     export STRIP_PNG_TEXT\=NO
build-test	Release build with local ad-hoc signing	2026-10-03T07:18:08.5062540Z     export STRIP_STYLE\=all
build-test	Release build with local ad-hoc signing	2026-10-03T07:18:08.5062780Z     export STRIP_SWIFT_SYMBOLS\=YES
build-test	Release build with local ad-hoc signing	2026-10-03T07:18:08.5063030Z     export SUPPORTED_PLATFORMS\=macosx
build-test	Release build with local ad-hoc signing	2026-10-03T07:18:08.5063240Z     export SUPPORTS_MACCATALYST\=NO
build-test	Release build with local ad-hoc signing	2026-10-03T07:18:08.5063440Z     export SUPPORTS_ON_DEMAND_RESOURCES\=NO
build-test	Release build with local ad-hoc signing	2026-10-03T07:18:08.5063650Z     export SUPPORTS_TEXT_BASED_API\=NO
build-test	Release build with local ad-hoc signing	2026-10-03T07:18:08.5063850Z     export SUPPRESS_WARNINGS\=NO
build-test	Release build with local ad-hoc signing	2026-10-03T07:18:08.5064050Z     export SWIFT_COMPILATION_MODE\=wholemodule
build-test	Release build with local ad-hoc signing	2026-10-03T07:18:08.5064270Z     export SWIFT_EMIT_LOC_STRINGS\=NO
build-test	Release build with local ad-hoc signing	2026-10-03T07:18:08.5064520Z     export SWIFT_OPTIMIZATION_LEVEL\=-O
build-test	Release build with local ad-hoc signing	2026-10-03T07:18:08.5064790Z     export SWIFT_PLATFORM_TARGET_PREFIX\=macos
build-test	Release build with local ad-hoc signing	2026-10-03T07:18:08.5065690Z     export SWIFT_RESPONSE_FILE_PATH_normal_arm64\=/Users/runner/Library/Developer/PhotoAxisBuilds/fe52d68e5807/DerivedData/Build/Intermediates.noindex/PhotoAxis.build/Release/PhotoAxis.build/Objects-normal/arm64/PhotoAxis.SwiftFileList
build-test	Release build with local ad-hoc signing	2026-10-03T07:18:08.5066640Z     export SWIFT_STRICT_CONCURRENCY\=complete
build-test	Release build with local ad-hoc signing	2026-10-03T07:18:08.5066870Z     export SWIFT_VERSION\=6.0
build-test	Release build with local ad-hoc signing	2026-10-03T07:18:08.5088020Z     export SYMROOT\=/Users/runner/Library/Developer/PhotoAxisBuilds/fe52d68e5807/DerivedData/Build/Products
build-test	Release build with local ad-hoc signing	2026-10-03T07:18:08.5088630Z     export SYSTEM_ADMIN_APPS_DIR\=/Applications/Utilities
build-test	Release build with local ad-hoc signing	2026-10-03T07:18:08.5088900Z     export SYSTEM_APPS_DIR\=/Applications
build-test	Release build with local ad-hoc signing	2026-10-03T07:18:08.5089180Z     export SYSTEM_CORE_SERVICES_DIR\=/System/Library/CoreServices
build-test	Release build with local ad-hoc signing	2026-10-03T07:18:08.5089470Z     export SYSTEM_DEMOS_DIR\=/Applications/Extras
build-test	Release build with local ad-hoc signing	2026-10-03T07:18:08.5089850Z     export SYSTEM_DEVELOPER_APPS_DIR\=/Applications/Xcode_16.4.app/Contents/Developer/Applications
build-test	Release build with local ad-hoc signing	2026-10-03T07:18:08.5090430Z     export SYSTEM_DEVELOPER_BIN_DIR\=/Applications/Xcode_16.4.app/Contents/Developer/usr/bin
build-test	Release build with local ad-hoc signing	2026-10-03T07:18:08.5091260Z     export SYSTEM_DEVELOPER_DEMOS_DIR\=/Applications/Xcode_16.4.app/Contents/Developer/Applications/Utilities/Built\ Examples
build-test	Release build with local ad-hoc signing	2026-10-03T07:18:08.5091990Z     export SYSTEM_DEVELOPER_DIR\=/Applications/Xcode_16.4.app/Contents/Developer
build-test	Release build with local ad-hoc signing	2026-10-03T07:18:08.5092880Z     export SYSTEM_DEVELOPER_DOC_DIR\=/Applications/Xcode_16.4.app/Contents/Developer/ADC\ Reference\ Library
build-test	Release build with local ad-hoc signing	2026-10-03T07:18:08.5093500Z     export SYSTEM_DEVELOPER_GRAPHICS_TOOLS_DIR\=/Applications/Xcode_16.4.app/Contents/Developer/Applications/Graphics\ Tools
build-test	Release build with local ad-hoc signing	2026-10-03T07:18:08.5094120Z     export SYSTEM_DEVELOPER_JAVA_TOOLS_DIR\=/Applications/Xcode_16.4.app/Contents/Developer/Applications/Java\ Tools
build-test	Release build with local ad-hoc signing	2026-10-03T07:18:08.5094890Z     export SYSTEM_DEVELOPER_PERFORMANCE_TOOLS_DIR\=/Applications/Xcode_16.4.app/Contents/Developer/Applications/Performance\ Tools
build-test	Release build with local ad-hoc signing	2026-10-03T07:18:08.5095580Z     export SYSTEM_DEVELOPER_RELEASENOTES_DIR\=/Applications/Xcode_16.4.app/Contents/Developer/ADC\ Reference\ Library/releasenotes
build-test	Release build with local ad-hoc signing	2026-10-03T07:18:08.5096160Z     export SYSTEM_DEVELOPER_TOOLS\=/Applications/Xcode_16.4.app/Contents/Developer/Tools
build-test	Release build with local ad-hoc signing	2026-10-03T07:18:08.5096860Z     export SYSTEM_DEVELOPER_TOOLS_DOC_DIR\=/Applications/Xcode_16.4.app/Contents/Developer/ADC\ Reference\ Library/documentation/DeveloperTools
build-test	Release build with local ad-hoc signing	2026-10-03T07:18:08.5097650Z     export SYSTEM_DEVELOPER_TOOLS_RELEASENOTES_DIR\=/Applications/Xcode_16.4.app/Contents/Developer/ADC\ Reference\ Library/releasenotes/DeveloperTools
build-test	Release build with local ad-hoc signing	2026-10-03T07:18:08.5098280Z     export SYSTEM_DEVELOPER_USR_DIR\=/Applications/Xcode_16.4.app/Contents/Developer/usr
build-test	Release build with local ad-hoc signing	2026-10-03T07:18:08.5099010Z     export SYSTEM_DEVELOPER_UTILITIES_DIR\=/Applications/Xcode_16.4.app/Contents/Developer/Applications/Utilities
build-test	Release build with local ad-hoc signing	2026-10-03T07:18:08.5099590Z     export SYSTEM_DEXT_INSTALL_PATH\=/System/Library/DriverExtensions
build-test	Release build with local ad-hoc signing	2026-10-03T07:18:08.5099920Z     export SYSTEM_DOCUMENTATION_DIR\=/Library/Documentation
build-test	Release build with local ad-hoc signing	2026-10-03T07:18:08.5100690Z     export SYSTEM_EXTENSIONS_FOLDER_PATH\=PhotoAxis.app/Contents/Library/SystemExtensions
build-test	Release build with local ad-hoc signing	2026-10-03T07:18:08.5101210Z     export SYSTEM_EXTENSIONS_FOLDER_PATH_SHALLOW_BUNDLE_NO\=PhotoAxis.app/Contents/Library/SystemExtensions
build-test	Release build with local ad-hoc signing	2026-10-03T07:18:08.5101770Z     export SYSTEM_EXTENSIONS_FOLDER_PATH_SHALLOW_BUNDLE_YES\=PhotoAxis.app/Contents/SystemExtensions
build-test	Release build with local ad-hoc signing	2026-10-03T07:18:08.5102250Z     export SYSTEM_KEXT_INSTALL_PATH\=/System/Library/Extensions
build-test	Release build with local ad-hoc signing	2026-10-03T07:18:08.5102560Z     export SYSTEM_LIBRARY_DIR\=/System/Library
build-test	Release build with local ad-hoc signing	2026-10-03T07:18:08.5102780Z     export TAPI_DEMANGLE\=YES
build-test	Release build with local ad-hoc signing	2026-10-03T07:18:08.5102970Z     export TAPI_ENABLE_PROJECT_HEADERS\=NO
build-test	Release build with local ad-hoc signing	2026-10-03T07:18:08.5103180Z     export TAPI_LANGUAGE\=objective-c
build-test	Release build with local ad-hoc signing	2026-10-03T07:18:08.5103410Z     export TAPI_LANGUAGE_STANDARD\=compiler-default
build-test	Release build with local ad-hoc signing	2026-10-03T07:18:08.5103640Z     export TAPI_USE_SRCROOT\=YES
build-test	Release build with local ad-hoc signing	2026-10-03T07:18:08.5103830Z     export TAPI_VERIFY_MODE\=Pedantic
build-test	Release build with local ad-hoc signing	2026-10-03T07:18:08.5104030Z     export TARGETNAME\=PhotoAxis
build-test	Release build with local ad-hoc signing	2026-10-03T07:18:08.5104480Z     export TARGET_BUILD_DIR\=/Users/runner/Library/Developer/PhotoAxisBuilds/fe52d68e5807/DerivedData/Build/Products/Release
build-test	Release build with local ad-hoc signing	2026-10-03T07:18:08.5105000Z     export TARGET_NAME\=PhotoAxis
build-test	Release build with local ad-hoc signing	2026-10-03T07:18:08.5105550Z     export TARGET_TEMP_DIR\=/Users/runner/Library/Developer/PhotoAxisBuilds/fe52d68e5807/DerivedData/Build/Intermediates.noindex/PhotoAxis.build/Release/PhotoAxis.build
build-test	Release build with local ad-hoc signing	2026-10-03T07:18:08.5106480Z     export TEMP_DIR\=/Users/runner/Library/Developer/PhotoAxisBuilds/fe52d68e5807/DerivedData/Build/Intermediates.noindex/PhotoAxis.build/Release/PhotoAxis.build
build-test	Release build with local ad-hoc signing	2026-10-03T07:18:08.5107440Z     export TEMP_FILES_DIR\=/Users/runner/Library/Developer/PhotoAxisBuilds/fe52d68e5807/DerivedData/Build/Intermediates.noindex/PhotoAxis.build/Release/PhotoAxis.build
build-test	Release build with local ad-hoc signing	2026-10-03T07:18:08.5108710Z     export TEMP_FILE_DIR\=/Users/runner/Library/Developer/PhotoAxisBuilds/fe52d68e5807/DerivedData/Build/Intermediates.noindex/PhotoAxis.build/Release/PhotoAxis.build
build-test	Release build with local ad-hoc signing	2026-10-03T07:18:08.5109500Z     export TEMP_ROOT\=/Users/runner/Library/Developer/PhotoAxisBuilds/fe52d68e5807/DerivedData/Build/Intermediates.noindex
build-test	Release build with local ad-hoc signing	2026-10-03T07:18:08.5110560Z     export TEMP_SANDBOX_DIR\=/Users/runner/Library/Developer/PhotoAxisBuilds/fe52d68e5807/DerivedData/Build/Intermediates.noindex/TemporaryTaskSandboxes
build-test	Release build with local ad-hoc signing	2026-10-03T07:18:08.5111500Z     export TEST_FRAMEWORK_SEARCH_PATHS\=\ /Applications/Xcode_16.4.app/Contents/Developer/Platforms/MacOSX.platform/Developer/Library/Frameworks
build-test	Release build with local ad-hoc signing	2026-10-03T07:18:08.5112320Z     export TEST_LIBRARY_SEARCH_PATHS\=\ /Applications/Xcode_16.4.app/Contents/Developer/Platforms/MacOSX.platform/Developer/usr/lib
build-test	Release build with local ad-hoc signing	2026-10-03T07:18:08.5112920Z     export TOOLCHAINS\=com.apple.dt.toolchain.XcodeDefault
build-test	Release build with local ad-hoc signing	2026-10-03T07:18:08.5113360Z     export TOOLCHAIN_DIR\=/Applications/Xcode_16.4.app/Contents/Developer/Toolchains/XcodeDefault.xctoolchain
build-test	Release build with local ad-hoc signing	2026-10-03T07:18:08.5113780Z     export TREAT_MISSING_BASELINES_AS_TEST_FAILURES\=NO
build-test	Release build with local ad-hoc signing	2026-10-03T07:18:08.5168510Z     export TREAT_MISSING_SCRIPT_PHASE_OUTPUTS_AS_ERRORS\=NO
build-test	Release build with local ad-hoc signing	2026-10-03T07:18:08.5168830Z     export UID\=501
build-test	Release build with local ad-hoc signing	2026-10-03T07:18:08.5169470Z     export UNINSTALLED_PRODUCTS_DIR\=/Users/runner/Library/Developer/PhotoAxisBuilds/fe52d68e5807/DerivedData/Build/Intermediates.noindex/UninstalledProducts
build-test	Release build with local ad-hoc signing	2026-10-03T07:18:08.5170180Z     export UNLOCALIZED_RESOURCES_FOLDER_PATH\=PhotoAxis.app/Contents/Resources
build-test	Release build with local ad-hoc signing	2026-10-03T07:18:08.5170640Z     export UNLOCALIZED_RESOURCES_FOLDER_PATH_SHALLOW_BUNDLE_NO\=PhotoAxis.app/Contents/Resources
build-test	Release build with local ad-hoc signing	2026-10-03T07:18:08.5171110Z     export UNLOCALIZED_RESOURCES_FOLDER_PATH_SHALLOW_BUNDLE_YES\=PhotoAxis.app/Contents
build-test	Release build with local ad-hoc signing	2026-10-03T07:18:08.5171500Z     export UNSTRIPPED_PRODUCT\=NO
build-test	Release build with local ad-hoc signing	2026-10-03T07:18:08.5171740Z     export USER\=runner
build-test	Release build with local ad-hoc signing	2026-10-03T07:18:08.5171960Z     export USER_APPS_DIR\=/Users/runner/Applications
build-test	Release build with local ad-hoc signing	2026-10-03T07:18:08.5172220Z     export USER_LIBRARY_DIR\=/Users/runner/Library
build-test	Release build with local ad-hoc signing	2026-10-03T07:18:08.5172450Z     export USE_DYNAMIC_NO_PIC\=YES
build-test	Release build with local ad-hoc signing	2026-10-03T07:18:08.5172650Z     export USE_HEADERMAP\=YES
build-test	Release build with local ad-hoc signing	2026-10-03T07:18:08.5172820Z     export USE_HEADER_SYMLINKS\=NO
build-test	Release build with local ad-hoc signing	2026-10-03T07:18:08.5173050Z     export VALIDATE_DEVELOPMENT_ASSET_PATHS\=YES_ERROR
build-test	Release build with local ad-hoc signing	2026-10-03T07:18:08.5173300Z     export VALIDATE_PRODUCT\=NO
build-test	Release build with local ad-hoc signing	2026-10-03T07:18:08.5173510Z     export VALID_ARCHS\=arm64\ arm64e\ i386\ x86_64
build-test	Release build with local ad-hoc signing	2026-10-03T07:18:08.5173730Z     export VERBOSE_PBXCP\=NO
build-test	Release build with local ad-hoc signing	2026-10-03T07:18:08.5173980Z     export VERSIONPLIST_PATH\=PhotoAxis.app/Contents/version.plist
build-test	Release build with local ad-hoc signing	2026-10-03T07:18:08.5174260Z     export VERSION_INFO_BUILDER\=runner
build-test	Release build with local ad-hoc signing	2026-10-03T07:18:08.5174480Z     export VERSION_INFO_FILE\=PhotoAxis_vers.c
build-test	Release build with local ad-hoc signing	2026-10-03T07:18:08.5174840Z     export VERSION_INFO_STRING\=\"@\(\#\)PROGRAM:PhotoAxis\ \ PROJECT:PhotoAxis-5\"
build-test	Release build with local ad-hoc signing	2026-10-03T07:18:08.5175320Z     export WORKSPACE_DIR\=$REPO/PhotoAxis.xcodeproj
build-test	Release build with local ad-hoc signing	2026-10-03T07:18:08.5175640Z     export WRAPPER_EXTENSION\=app
build-test	Release build with local ad-hoc signing	2026-10-03T07:18:08.5175840Z     export WRAPPER_NAME\=PhotoAxis.app
build-test	Release build with local ad-hoc signing	2026-10-03T07:18:08.5176030Z     export WRAPPER_SUFFIX\=.app
build-test	Release build with local ad-hoc signing	2026-10-03T07:18:08.5176250Z     export WRAP_ASSET_PACKS_IN_SEPARATE_DIRECTORIES\=NO
build-test	Release build with local ad-hoc signing	2026-10-03T07:18:08.5177030Z     export XCODE_APP_SUPPORT_DIR\=/Applications/Xcode_16.4.app/Contents/Developer/Library/Xcode
build-test	Release build with local ad-hoc signing	2026-10-03T07:18:08.5177420Z     export XCODE_PRODUCT_BUILD_VERSION\=16F6
build-test	Release build with local ad-hoc signing	2026-10-03T07:18:08.5177660Z     export XCODE_VERSION_ACTUAL\=1640
build-test	Release build with local ad-hoc signing	2026-10-03T07:18:08.5177870Z     export XCODE_VERSION_MAJOR\=1600
build-test	Release build with local ad-hoc signing	2026-10-03T07:18:08.5178080Z     export XCODE_VERSION_MINOR\=1640
build-test	Release build with local ad-hoc signing	2026-10-03T07:18:08.5178350Z     export XPCSERVICES_FOLDER_PATH\=PhotoAxis.app/Contents/XPCServices
build-test	Release build with local ad-hoc signing	2026-10-03T07:18:08.5178630Z     export YACC\=yacc
build-test	Release build with local ad-hoc signing	2026-10-03T07:18:08.5178790Z     export _BOOL_\=NO
build-test	Release build with local ad-hoc signing	2026-10-03T07:18:08.5178940Z     export _BOOL_NO\=NO
build-test	Release build with local ad-hoc signing	2026-10-03T07:18:08.5179130Z     export _BOOL_YES\=YES
build-test	Release build with local ad-hoc signing	2026-10-03T07:18:08.5179360Z     export _DEVELOPMENT_TEAM_IS_EMPTY\=YES
build-test	Release build with local ad-hoc signing	2026-10-03T07:18:08.5179630Z     export _DISCOVER_COMMAND_LINE_LINKER_INPUTS\=YES
build-test	Release build with local ad-hoc signing	2026-10-03T07:18:08.5179980Z     export _DISCOVER_COMMAND_LINE_LINKER_INPUTS_INCLUDE_WL\=YES
build-test	Release build with local ad-hoc signing	2026-10-03T07:18:08.5180260Z     export _IS_EMPTY_\=YES
build-test	Release build with local ad-hoc signing	2026-10-03T07:18:08.5180920Z     export _MACOSX_DEPLOYMENT_TARGET_IS_EMPTY\=NO
build-test	Release build with local ad-hoc signing	2026-10-03T07:18:08.5181160Z     export _WRAPPER_CONTENTS_DIR\=/Contents
build-test	Release build with local ad-hoc signing	2026-10-03T07:18:08.5181660Z     export _WRAPPER_CONTENTS_DIR_SHALLOW_BUNDLE_NO\=/Contents
build-test	Release build with local ad-hoc signing	2026-10-03T07:18:08.5182610Z     export _WRAPPER_PARENT_PATH\=/..
build-test	Release build with local ad-hoc signing	2026-10-03T07:18:08.5182880Z     export _WRAPPER_PARENT_PATH_SHALLOW_BUNDLE_NO\=/..
build-test	Release build with local ad-hoc signing	2026-10-03T07:18:08.5183140Z     export _WRAPPER_RESOURCES_DIR\=/Resources
build-test	Release build with local ad-hoc signing	2026-10-03T07:18:08.5183830Z     export _WRAPPER_RESOURCES_DIR_SHALLOW_BUNDLE_NO\=/Resources
build-test	Release build with local ad-hoc signing	2026-10-03T07:18:08.5184120Z     export __DIAGNOSE_DEPRECATED_ARCHS\=YES
build-test	Release build with local ad-hoc signing	2026-10-03T07:18:08.5184330Z     export __IS_NOT_MACOS\=NO
build-test	Release build with local ad-hoc signing	2026-10-03T07:18:08.5184550Z     export __IS_NOT_MACOS_macosx\=NO
build-test	Release build with local ad-hoc signing	2026-10-03T07:18:08.5184860Z     export __IS_NOT_SIMULATOR\=YES
build-test	Release build with local ad-hoc signing	2026-10-03T07:18:08.5185070Z     export __IS_NOT_SIMULATOR_simulator\=NO
build-test	Release build with local ad-hoc signing	2026-10-03T07:18:08.5185280Z     export arch\=undefined_arch
build-test	Release build with local ad-hoc signing	2026-10-03T07:18:08.5185470Z     export variant\=normal
build-test	Release build with local ad-hoc signing	2026-10-03T07:18:08.5213750Z     /usr/bin/sandbox-exec -D SCRIPT_OUTPUT_FILE_0\=/Users/runner/Library/Developer/PhotoAxisBuilds/fe52d68e5807/DerivedData/Build/Products/Release/PhotoAxis.app/Contents/Resources/Perspective.metallib -D SCRIPT_INPUT_FILE_0\=$REPO/Sources/PhotoAxisApp/Renderer/Perspective.ci.metal -D SCRIPT_INPUT_FILE_1\=/Users/runner/Library/Developer/PhotoAxisBuilds/fe52d68e5807/DerivedData/Build/Intermediates.noindex/PhotoAxis.build/Release/PhotoAxis.build/Script-51503C2492BDF84DA711D67B.sh -D SCRIPT_INPUT_ANCESTOR_0\=/ -D SCRIPT_INPUT_ANCESTOR_1\=/Users -D SCRIPT_INPUT_ANCESTOR_2\=/Users/runner -D SCRIPT_INPUT_ANCESTOR_3\=/Users/runner/Library -D SCRIPT_INPUT_ANCESTOR_4\=/Users/runner/Library/Developer -D SCRIPT_INPUT_ANCESTOR_5\=/Users/runner/Library/Developer/PhotoAxisBuilds -D SCRIPT_INPUT_ANCESTOR_6\=/Users/runner/Library/Developer/PhotoAxisBuilds/fe52d68e5807 -D SCRIPT_INPUT_ANCESTOR_7\=/Users/runner/Library/Developer/PhotoAxisBuilds/fe52d68e5807/DerivedData -D SCRIPT_INPUT_ANCESTOR_8\=/Users/runner/Library/Developer/PhotoAxisBuilds/fe52d68e5807/DerivedData/Build -D SCRIPT_INPUT_ANCESTOR_9\=/Users/runner/Library/Developer/PhotoAxisBuilds/fe52d68e5807/DerivedData/Build/Intermediates.noindex -D SCRIPT_INPUT_ANCESTOR_10\=/Users/runner/Library/Developer/PhotoAxisBuilds/fe52d68e5807/DerivedData/Build/Intermediates.noindex/PhotoAxis.build -D SCRIPT_INPUT_ANCESTOR_11\=/Users/runner/Library/Developer/PhotoAxisBuilds/fe52d68e5807/DerivedData/Build/Intermediates.noindex/PhotoAxis.build/Release -D SCRIPT_INPUT_ANCESTOR_12\=/Users/runner/Library/Developer/PhotoAxisBuilds/fe52d68e5807/DerivedData/Build/Intermediates.noindex/PhotoAxis.build/Release/PhotoAxis.build -D SCRIPT_INPUT_ANCESTOR_13\=/Users/runner/work -D SCRIPT_INPUT_ANCESTOR_14\=/Users/runner/work/PhotoAxis -D SCRIPT_INPUT_ANCESTOR_15\=$REPO -D SCRIPT_INPUT_ANCESTOR_16\=$REPO/Sources -D SCRIPT_INPUT_ANCESTOR_17\=$REPO/Sources/PhotoAxisApp -D SCRIPT_INPUT_ANCESTOR_18\=$REPO/Sources/PhotoAxisApp/Renderer -D SCRIPT_OUTPUT_ANCESTOR_0\=/ -D SCRIPT_OUTPUT_ANCESTOR_1\=/Users -D SCRIPT_OUTPUT_ANCESTOR_2\=/Users/runner -D SCRIPT_OUTPUT_ANCESTOR_3\=/Users/runner/Library -D SCRIPT_OUTPUT_ANCESTOR_4\=/Users/runner/Library/Developer -D SCRIPT_OUTPUT_ANCESTOR_5\=/Users/runner/Library/Developer/PhotoAxisBuilds -D SCRIPT_OUTPUT_ANCESTOR_6\=/Users/runner/Library/Developer/PhotoAxisBuilds/fe52d68e5807 -D SCRIPT_OUTPUT_ANCESTOR_7\=/Users/runner/Library/Developer/PhotoAxisBuilds/fe52d68e5807/DerivedData -D SCRIPT_OUTPUT_ANCESTOR_8\=/Users/runner/Library/Developer/PhotoAxisBuilds/fe52d68e5807/DerivedData/Build -D SCRIPT_OUTPUT_ANCESTOR_9\=/Users/runner/Library/Developer/PhotoAxisBuilds/fe52d68e5807/DerivedData/Build/Products -D SCRIPT_OUTPUT_ANCESTOR_10\=/Users/runner/Library/Developer/PhotoAxisBuilds/fe52d68e5807/DerivedData/Build/Products/Release -D SCRIPT_OUTPUT_ANCESTOR_11\=/Users/runner/Library/Developer/PhotoAxisBuilds/fe52d68e5807/DerivedData/Build/Products/Release/PhotoAxis.app -D SCRIPT_OUTPUT_ANCESTOR_12\=/Users/runner/Library/Developer/PhotoAxisBuilds/fe52d68e5807/DerivedData/Build/Products/Release/PhotoAxis.app/Contents -D SCRIPT_OUTPUT_ANCESTOR_13\=/Users/runner/Library/Developer/PhotoAxisBuilds/fe52d68e5807/DerivedData/Build/Products/Release/PhotoAxis.app/Contents/Resources -D SRCROOT\=$REPO -D PROJECT_DIR\=$REPO -D OBJROOT\=/Users/runner/Library/Developer/PhotoAxisBuilds/fe52d68e5807/DerivedData/Build/Intermediates.noindex -D SYMROOT\=/Users/runner/Library/Developer/PhotoAxisBuilds/fe52d68e5807/DerivedData/Build/Products -D DSTROOT\=/tmp/PhotoAxis.dst -D SHARED_PRECOMPS_DIR\=/Users/runner/Library/Developer/PhotoAxisBuilds/fe52d68e5807/DerivedData/Build/Intermediates.noindex/PrecompiledHeaders -D CACHE_ROOT\=/var/folders/nj/vtw8zd2j31d1gdrtntc5y4600000gn/C/com.apple.DeveloperTools/16.4-16F6/Xcode -D CONFIGURATION_BUILD_DIR\=/Users/runner/Library/Developer/PhotoAxisBuilds/fe52d68e5807/DerivedData/Build/Products/Release -D CONFIGURATION_TEMP_DIR\=/Users/runner/Library/Developer/PhotoAxisBuilds/fe52d68e5807/DerivedData/Build/Intermediates.noindex/PhotoAxis.build/Release -D LOCROOT\=$REPO -D LOCSYMROOT\=$REPO -D INDEX_PRECOMPS_DIR\=/Users/runner/Library/Developer/PhotoAxisBuilds/fe52d68e5807/DerivedData/Index.noindex/PrecompiledHeaders -D INDEX_DATA_STORE_DIR\=/Users/runner/Library/Developer/PhotoAxisBuilds/fe52d68e5807/DerivedData/Index.noindex/DataStore -D TEMP_DIR\=/Users/runner/Library/Developer/PhotoAxisBuilds/fe52d68e5807/DerivedData/Build/Intermediates.noindex/PhotoAxis.build/Release/PhotoAxis.build -D TARGET_TEMP_DIR\=/Users/runner/Library/Developer/PhotoAxisBuilds/fe52d68e5807/DerivedData/Build/Intermediates.noindex/PhotoAxis.build/Release/PhotoAxis.build -D DERIVED_FILE_DIR\=/Users/runner/Library/Developer/PhotoAxisBuilds/fe52d68e5807/DerivedData/Build/Intermediates.noindex/PhotoAxis.build/Release/PhotoAxis.build/DerivedSources -f /Users/runner/Library/Developer/PhotoAxisBuilds/fe52d68e5807/DerivedData/Build/Intermediates.noindex/PhotoAxis.build/Release/PhotoAxis.build/f1491f097a193c2f1df3c1a716a4dd6f.sb /bin/sh -c /Users/runner/Library/Developer/PhotoAxisBuilds/fe52d68e5807/DerivedData/Build/Intermediates.noindex/PhotoAxis.build/Release/PhotoAxis.build/Script-51503C2492BDF84DA711D67B.sh
build-test	Release build with local ad-hoc signing	2026-10-03T07:18:08.9749860Z 
build-test	Release build with local ad-hoc signing	2026-10-03T07:18:08.9891970Z CpResource /Users/runner/Library/Developer/PhotoAxisBuilds/fe52d68e5807/DerivedData/Build/Products/Release/PhotoAxis.app/Contents/Resources/PhotoAxis.icns $REPO/Sources/PhotoAxisApp/Resources/PhotoAxis.icns (in target 'PhotoAxis' from project 'PhotoAxis')
build-test	Release build with local ad-hoc signing	2026-10-03T07:18:08.9994970Z     cd $REPO
build-test	Release build with local ad-hoc signing	2026-10-03T07:18:09.0099250Z     builtin-copy -exclude .DS_Store -exclude CVS -exclude .svn -exclude .git -exclude .hg -strip-unsigned-binaries -strip-deterministic -strip-tool /Applications/Xcode_16.4.app/Contents/Developer/Toolchains/XcodeDefault.xctoolchain/usr/bin/strip -resolve-src-symlinks $REPO/Sources/PhotoAxisApp/Resources/PhotoAxis.icns /Users/runner/Library/Developer/PhotoAxisBuilds/fe52d68e5807/DerivedData/Build/Products/Release/PhotoAxis.app/Contents/Resources
build-test	Release build with local ad-hoc signing	2026-10-03T07:18:09.0201700Z 
build-test	Release build with local ad-hoc signing	2026-10-03T07:18:09.0305810Z CopyStringsFile /Users/runner/Library/Developer/PhotoAxisBuilds/fe52d68e5807/DerivedData/Build/Products/Release/PhotoAxis.app/Contents/Resources/vi.lproj/Localizable.strings $REPO/Sources/PhotoAxisApp/Localization/vi.lproj/Localizable.strings (in target 'PhotoAxis' from project 'PhotoAxis')
build-test	Release build with local ad-hoc signing	2026-10-03T07:18:09.0408790Z     cd $REPO
build-test	Release build with local ad-hoc signing	2026-10-03T07:18:09.0511770Z     builtin-copyStrings --validate --outputencoding UTF-16 --outfilename Localizable.strings --outdir /Users/runner/Library/Developer/PhotoAxisBuilds/fe52d68e5807/DerivedData/Build/Products/Release/PhotoAxis.app/Contents/Resources/vi.lproj -- $REPO/Sources/PhotoAxisApp/Localization/vi.lproj/Localizable.strings
build-test	Release build with local ad-hoc signing	2026-10-03T07:18:09.0615980Z $REPO/Sources/PhotoAxisApp/Localization/vi.lproj/Localizable.strings:1:1: note: detected encoding of input file as Unicode (UTF-8) (in target 'PhotoAxis' from project 'PhotoAxis')
build-test	Release build with local ad-hoc signing	2026-10-03T07:18:09.0720030Z 
build-test	Release build with local ad-hoc signing	2026-10-03T07:18:09.0821760Z CopyStringsFile /Users/runner/Library/Developer/PhotoAxisBuilds/fe52d68e5807/DerivedData/Build/Products/Release/PhotoAxis.app/Contents/Resources/en.lproj/Localizable.strings $REPO/Sources/PhotoAxisApp/Localization/en.lproj/Localizable.strings (in target 'PhotoAxis' from project 'PhotoAxis')
build-test	Release build with local ad-hoc signing	2026-10-03T07:18:09.0924040Z     cd $REPO
build-test	Release build with local ad-hoc signing	2026-10-03T07:18:09.1026220Z     builtin-copyStrings --validate --outputencoding UTF-16 --outfilename Localizable.strings --outdir /Users/runner/Library/Developer/PhotoAxisBuilds/fe52d68e5807/DerivedData/Build/Products/Release/PhotoAxis.app/Contents/Resources/en.lproj -- $REPO/Sources/PhotoAxisApp/Localization/en.lproj/Localizable.strings
build-test	Release build with local ad-hoc signing	2026-10-03T07:18:09.1128660Z $REPO/Sources/PhotoAxisApp/Localization/en.lproj/Localizable.strings:1:1: note: detected encoding of input file as Unicode (UTF-8) (in target 'PhotoAxis' from project 'PhotoAxis')
build-test	Release build with local ad-hoc signing	2026-10-03T07:18:09.1229920Z 
build-test	Release build with local ad-hoc signing	2026-10-03T07:18:09.1332290Z Copy /Users/runner/Library/Developer/PhotoAxisBuilds/fe52d68e5807/DerivedData/Build/Products/Release/PhotoAxis.app/Contents/Frameworks/PhotoAxisCore.framework /Users/runner/Library/Developer/PhotoAxisBuilds/fe52d68e5807/DerivedData/Build/Products/Release/PhotoAxisCore.framework (in target 'PhotoAxis' from project 'PhotoAxis')
build-test	Release build with local ad-hoc signing	2026-10-03T07:18:09.1427980Z     cd $REPO
build-test	Release build with local ad-hoc signing	2026-10-03T07:18:09.1434350Z     builtin-copy -exclude .DS_Store -exclude CVS -exclude .svn -exclude .git -exclude .hg -exclude Headers -exclude PrivateHeaders -exclude Modules -exclude \*.tbd -strip-unsigned-binaries -strip-deterministic -strip-tool /Applications/Xcode_16.4.app/Contents/Developer/Toolchains/XcodeDefault.xctoolchain/usr/bin/strip -resolve-src-symlinks -remove-static-executable /Users/runner/Library/Developer/PhotoAxisBuilds/fe52d68e5807/DerivedData/Build/Products/Release/PhotoAxisCore.framework /Users/runner/Library/Developer/PhotoAxisBuilds/fe52d68e5807/DerivedData/Build/Products/Release/PhotoAxis.app/Contents/Frameworks
build-test	Release build with local ad-hoc signing	2026-10-03T07:18:09.1437140Z warning: not stripping binary because it is signed: /Users/runner/Library/Developer/PhotoAxisBuilds/fe52d68e5807/DerivedData/Build/Products/Release/PhotoAxisCore.framework/Versions/A/PhotoAxisCore (in target 'PhotoAxis' from project 'PhotoAxis')
build-test	Release build with local ad-hoc signing	2026-10-03T07:18:09.1437960Z 
build-test	Release build with local ad-hoc signing	2026-10-03T07:18:09.1438720Z ProcessInfoPlistFile /Users/runner/Library/Developer/PhotoAxisBuilds/fe52d68e5807/DerivedData/Build/Products/Release/PhotoAxis.app/Contents/Info.plist $REPO/Config/Info.plist (in target 'PhotoAxis' from project 'PhotoAxis')
build-test	Release build with local ad-hoc signing	2026-10-03T07:18:09.1439650Z     cd $REPO
build-test	Release build with local ad-hoc signing	2026-10-03T07:18:09.1441650Z     builtin-infoPlistUtility $REPO/Config/Info.plist -producttype com.apple.product-type.application -genpkginfo /Users/runner/Library/Developer/PhotoAxisBuilds/fe52d68e5807/DerivedData/Build/Products/Release/PhotoAxis.app/Contents/PkgInfo -expandbuildsettings -platform macosx -scanforprivacyfile /Users/runner/Library/Developer/PhotoAxisBuilds/fe52d68e5807/DerivedData/Build/Products/Release/PhotoAxis.app/Contents/Frameworks/PhotoAxisCore.framework -o /Users/runner/Library/Developer/PhotoAxisBuilds/fe52d68e5807/DerivedData/Build/Products/Release/PhotoAxis.app/Contents/Info.plist
build-test	Release build with local ad-hoc signing	2026-10-03T07:18:09.1443690Z 
build-test	Release build with local ad-hoc signing	2026-10-03T07:18:09.1444340Z CodeSign /Users/runner/Library/Developer/PhotoAxisBuilds/fe52d68e5807/DerivedData/Build/Products/Release/PhotoAxis.app/Contents/Frameworks/PhotoAxisCore.framework/Versions/A (in target 'PhotoAxis' from project 'PhotoAxis')
build-test	Release build with local ad-hoc signing	2026-10-03T07:18:09.1445540Z     cd $REPO
build-test	Release build with local ad-hoc signing	2026-10-03T07:18:09.1446120Z     
build-test	Release build with local ad-hoc signing	2026-10-03T07:18:09.1446330Z     Signing Identity:     "Sign to Run Locally"
build-test	Release build with local ad-hoc signing	2026-10-03T07:18:09.1446620Z     
build-test	Release build with local ad-hoc signing	2026-10-03T07:18:09.1447580Z     /usr/bin/codesign --force --sign - --timestamp\=none --preserve-metadata\=identifier,entitlements,flags --generate-entitlement-der /Users/runner/Library/Developer/PhotoAxisBuilds/fe52d68e5807/DerivedData/Build/Products/Release/PhotoAxis.app/Contents/Frameworks/PhotoAxisCore.framework/Versions/A
build-test	Release build with local ad-hoc signing	2026-10-03T07:18:09.1449120Z /Users/runner/Library/Developer/PhotoAxisBuilds/fe52d68e5807/DerivedData/Build/Products/Release/PhotoAxis.app/Contents/Frameworks/PhotoAxisCore.framework/Versions/A: replacing existing signature
build-test	Release build with local ad-hoc signing	2026-10-03T07:18:09.1449770Z 
build-test	Release build with local ad-hoc signing	2026-10-03T07:18:09.1450700Z GenerateDSYMFile /Users/runner/Library/Developer/PhotoAxisBuilds/fe52d68e5807/DerivedData/Build/Products/Release/PhotoAxis.app.dSYM /Users/runner/Library/Developer/PhotoAxisBuilds/fe52d68e5807/DerivedData/Build/Products/Release/PhotoAxis.app/Contents/MacOS/PhotoAxis (in target 'PhotoAxis' from project 'PhotoAxis')
build-test	Release build with local ad-hoc signing	2026-10-03T07:18:09.1451830Z     cd $REPO
build-test	Release build with local ad-hoc signing	2026-10-03T07:18:09.1453070Z     /Applications/Xcode_16.4.app/Contents/Developer/Toolchains/XcodeDefault.xctoolchain/usr/bin/dsymutil /Users/runner/Library/Developer/PhotoAxisBuilds/fe52d68e5807/DerivedData/Build/Products/Release/PhotoAxis.app/Contents/MacOS/PhotoAxis -o /Users/runner/Library/Developer/PhotoAxisBuilds/fe52d68e5807/DerivedData/Build/Products/Release/PhotoAxis.app.dSYM
build-test	Release build with local ad-hoc signing	2026-10-03T07:18:09.2787570Z 
build-test	Release build with local ad-hoc signing	2026-10-03T07:18:09.2888710Z ExtractAppIntentsMetadata (in target 'PhotoAxis' from project 'PhotoAxis')
build-test	Release build with local ad-hoc signing	2026-10-03T07:18:09.2989900Z     cd $REPO
build-test	Release build with local ad-hoc signing	2026-10-03T07:18:09.3099140Z     /Applications/Xcode_16.4.app/Contents/Developer/Toolchains/XcodeDefault.xctoolchain/usr/bin/appintentsmetadataprocessor --toolchain-dir /Applications/Xcode_16.4.app/Contents/Developer/Toolchains/XcodeDefault.xctoolchain --module-name PhotoAxis --sdk-root /Applications/Xcode_16.4.app/Contents/Developer/Platforms/MacOSX.platform/Developer/SDKs/MacOSX15.5.sdk --xcode-version 16F6 --platform-family macOS --deployment-target 14.0 --bundle-identifier local.photoaxis.development --output /Users/runner/Library/Developer/PhotoAxisBuilds/fe52d68e5807/DerivedData/Build/Products/Release/PhotoAxis.app/Contents/Resources --target-triple arm64-apple-macos14.0 --binary-file /Users/runner/Library/Developer/PhotoAxisBuilds/fe52d68e5807/DerivedData/Build/Products/Release/PhotoAxis.app/Contents/MacOS/PhotoAxis --dependency-file /Users/runner/Library/Developer/PhotoAxisBuilds/fe52d68e5807/DerivedData/Build/Intermediates.noindex/PhotoAxis.build/Release/PhotoAxis.build/Objects-normal/arm64/PhotoAxis_dependency_info.dat --stringsdata-file /Users/runner/Library/Developer/PhotoAxisBuilds/fe52d68e5807/DerivedData/Build/Intermediates.noindex/PhotoAxis.build/Release/PhotoAxis.build/Objects-normal/arm64/ExtractedAppShortcutsMetadata.stringsdata --source-file-list /Users/runner/Library/Developer/PhotoAxisBuilds/fe52d68e5807/DerivedData/Build/Intermediates.noindex/PhotoAxis.build/Release/PhotoAxis.build/Objects-normal/arm64/PhotoAxis.SwiftFileList --metadata-file-list /Users/runner/Library/Developer/PhotoAxisBuilds/fe52d68e5807/DerivedData/Build/Intermediates.noindex/PhotoAxis.build/Release/PhotoAxis.build/PhotoAxis.DependencyMetadataFileList --static-metadata-file-list /Users/runner/Library/Developer/PhotoAxisBuilds/fe52d68e5807/DerivedData/Build/Intermediates.noindex/PhotoAxis.build/Release/PhotoAxis.build/PhotoAxis.DependencyStaticMetadataFileList --swift-const-vals-list /Users/runner/Library/Developer/PhotoAxisBuilds/fe52d68e5807/DerivedData/Build/Intermediates.noindex/PhotoAxis.build/Release/PhotoAxis.build/Objects-normal/arm64/PhotoAxis.SwiftConstValuesFileList --compile-time-extraction --deployment-aware-processing --validate-assistant-intents --no-app-shortcuts-localization
build-test	Release build with local ad-hoc signing	2026-10-03T07:18:09.3192960Z 2026-10-03 07:18:09.077 appintentsmetadataprocessor[5729:20700] Starting appintentsmetadataprocessor export
build-test	Release build with local ad-hoc signing	2026-10-03T07:18:09.3294780Z 2026-10-03 07:18:09.079 appintentsmetadataprocessor[5729:20700] warning: Metadata extraction skipped. No AppIntents.framework dependency found.
build-test	Release build with local ad-hoc signing	2026-10-03T07:18:09.3395550Z 
build-test	Release build with local ad-hoc signing	2026-10-03T07:18:09.3569810Z CopySwiftLibs /Users/runner/Library/Developer/PhotoAxisBuilds/fe52d68e5807/DerivedData/Build/Products/Release/PhotoAxis.app (in target 'PhotoAxis' from project 'PhotoAxis')
build-test	Release build with local ad-hoc signing	2026-10-03T07:18:09.3671460Z     cd $REPO
build-test	Release build with local ad-hoc signing	2026-10-03T07:18:09.3677640Z     builtin-swiftStdLibTool --copy --verbose --sign - --scan-executable /Users/runner/Library/Developer/PhotoAxisBuilds/fe52d68e5807/DerivedData/Build/Products/Release/PhotoAxis.app/Contents/MacOS/PhotoAxis --scan-folder /Users/runner/Library/Developer/PhotoAxisBuilds/fe52d68e5807/DerivedData/Build/Products/Release/PhotoAxis.app/Contents/Frameworks --scan-folder /Users/runner/Library/Developer/PhotoAxisBuilds/fe52d68e5807/DerivedData/Build/Products/Release/PhotoAxis.app/Contents/PlugIns --scan-folder /Users/runner/Library/Developer/PhotoAxisBuilds/fe52d68e5807/DerivedData/Build/Products/Release/PhotoAxis.app/Contents/Library/SystemExtensions --scan-folder /Users/runner/Library/Developer/PhotoAxisBuilds/fe52d68e5807/DerivedData/Build/Products/Release/PhotoAxis.app/Contents/Extensions --scan-folder /Users/runner/Library/Developer/PhotoAxisBuilds/fe52d68e5807/DerivedData/Build/Products/Release/PhotoAxisCore.framework --platform macosx --toolchain /Applications/Xcode_16.4.app/Contents/Developer/Toolchains/XcodeDefault.xctoolchain --destination /Users/runner/Library/Developer/PhotoAxisBuilds/fe52d68e5807/DerivedData/Build/Products/Release/PhotoAxis.app/Contents/Frameworks --strip-bitcode --strip-bitcode-tool /Applications/Xcode_16.4.app/Contents/Developer/Toolchains/XcodeDefault.xctoolchain/usr/bin/bitcode_strip --emit-dependency-info /Users/runner/Library/Developer/PhotoAxisBuilds/fe52d68e5807/DerivedData/Build/Intermediates.noindex/PhotoAxis.build/Release/PhotoAxis.build/SwiftStdLibToolInputDependencies.dep --filter-for-swift-os
build-test	Release build with local ad-hoc signing	2026-10-03T07:18:09.3785280Z 
build-test	Release build with local ad-hoc signing	2026-10-03T07:18:09.3886800Z CodeSign /Users/runner/Library/Developer/PhotoAxisBuilds/fe52d68e5807/DerivedData/Build/Products/Release/PhotoAxis.app (in target 'PhotoAxis' from project 'PhotoAxis')
build-test	Release build with local ad-hoc signing	2026-10-03T07:18:09.3988470Z     cd $REPO
build-test	Release build with local ad-hoc signing	2026-10-03T07:18:09.4089430Z     
build-test	Release build with local ad-hoc signing	2026-10-03T07:18:09.4177900Z     Signing Identity:     "Sign to Run Locally"
build-test	Release build with local ad-hoc signing	2026-10-03T07:18:09.4283570Z     
build-test	Release build with local ad-hoc signing	2026-10-03T07:18:09.4387830Z     /usr/bin/codesign --force --sign - --entitlements /Users/runner/Library/Developer/PhotoAxisBuilds/fe52d68e5807/DerivedData/Build/Intermediates.noindex/PhotoAxis.build/Release/PhotoAxis.build/PhotoAxis.app.xcent --timestamp\=none --generate-entitlement-der /Users/runner/Library/Developer/PhotoAxisBuilds/fe52d68e5807/DerivedData/Build/Products/Release/PhotoAxis.app
build-test	Release build with local ad-hoc signing	2026-10-03T07:18:09.4488170Z 
build-test	Release build with local ad-hoc signing	2026-10-03T07:18:09.4589410Z RegisterExecutionPolicyException /Users/runner/Library/Developer/PhotoAxisBuilds/fe52d68e5807/DerivedData/Build/Products/Release/PhotoAxis.app (in target 'PhotoAxis' from project 'PhotoAxis')
build-test	Release build with local ad-hoc signing	2026-10-03T07:18:09.4676580Z     cd $REPO
build-test	Release build with local ad-hoc signing	2026-10-03T07:18:09.4697500Z     builtin-RegisterExecutionPolicyException /Users/runner/Library/Developer/PhotoAxisBuilds/fe52d68e5807/DerivedData/Build/Products/Release/PhotoAxis.app
build-test	Release build with local ad-hoc signing	2026-10-03T07:18:09.4698470Z 
build-test	Release build with local ad-hoc signing	2026-10-03T07:18:09.4699150Z Validate /Users/runner/Library/Developer/PhotoAxisBuilds/fe52d68e5807/DerivedData/Build/Products/Release/PhotoAxis.app (in target 'PhotoAxis' from project 'PhotoAxis')
build-test	Release build with local ad-hoc signing	2026-10-03T07:18:09.4700070Z     cd $REPO
build-test	Release build with local ad-hoc signing	2026-10-03T07:18:09.4700980Z     builtin-validationUtility /Users/runner/Library/Developer/PhotoAxisBuilds/fe52d68e5807/DerivedData/Build/Products/Release/PhotoAxis.app -no-validate-extension -infoplist-subpath Contents/Info.plist
build-test	Release build with local ad-hoc signing	2026-10-03T07:18:09.4702040Z 
build-test	Release build with local ad-hoc signing	2026-10-03T07:18:09.4702550Z Touch /Users/runner/Library/Developer/PhotoAxisBuilds/fe52d68e5807/DerivedData/Build/Products/Release/PhotoAxis.app (in target 'PhotoAxis' from project 'PhotoAxis')
build-test	Release build with local ad-hoc signing	2026-10-03T07:18:09.4703370Z     cd $REPO
build-test	Release build with local ad-hoc signing	2026-10-03T07:18:09.4703850Z     /usr/bin/touch -c /Users/runner/Library/Developer/PhotoAxisBuilds/fe52d68e5807/DerivedData/Build/Products/Release/PhotoAxis.app
build-test	Release build with local ad-hoc signing	2026-10-03T07:18:09.4704250Z 
build-test	Release build with local ad-hoc signing	2026-10-03T07:18:09.4704740Z RegisterWithLaunchServices /Users/runner/Library/Developer/PhotoAxisBuilds/fe52d68e5807/DerivedData/Build/Products/Release/PhotoAxis.app (in target 'PhotoAxis' from project 'PhotoAxis')
build-test	Release build with local ad-hoc signing	2026-10-03T07:18:09.4705380Z     cd $REPO
build-test	Release build with local ad-hoc signing	2026-10-03T07:18:09.4706240Z     /System/Library/Frameworks/CoreServices.framework/Versions/Current/Frameworks/LaunchServices.framework/Versions/Current/Support/lsregister -f -R -trusted /Users/runner/Library/Developer/PhotoAxisBuilds/fe52d68e5807/DerivedData/Build/Products/Release/PhotoAxis.app
build-test	Release build with local ad-hoc signing	2026-10-03T07:18:09.4707790Z 
build-test	Release build with local ad-hoc signing	2026-10-03T07:18:09.4708270Z note: Disabling previews because SWIFT_VERSION is set and SWIFT_OPTIMIZATION_LEVEL=-O, expected -Onone (in target 'PhotoAxisCore' from project 'PhotoAxis')
build-test	Release build with local ad-hoc signing	2026-10-03T07:18:09.4709250Z note: Disabling previews because SWIFT_VERSION is set and SWIFT_OPTIMIZATION_LEVEL=-O, expected -Onone (in target 'PhotoAxis' from project 'PhotoAxis')
build-test	Release build with local ad-hoc signing	2026-10-03T07:18:09.4709840Z ** BUILD SUCCEEDED **
build-test	Release build with local ad-hoc signing	2026-10-03T07:18:09.4710000Z 
build-test	Release build with local ad-hoc signing	2026-10-03T07:18:09.4710350Z App: /Users/runner/Library/Developer/PhotoAxisBuilds/fe52d68e5807/DerivedData/Build/Products/Release/PhotoAxis.app
build-test	Post Run actions/checkout@11d5960a326750d5838078e36cf38b85af677262	﻿2026-10-03T07:18:09.5011470Z Post job cleanup.
build-test	Post Run actions/checkout@11d5960a326750d5838078e36cf38b85af677262	2026-10-03T07:18:09.8519040Z [command]/opt/homebrew/bin/git version
build-test	Post Run actions/checkout@11d5960a326750d5838078e36cf38b85af677262	2026-10-03T07:18:09.8894090Z git version 2.55.0
build-test	Post Run actions/checkout@11d5960a326750d5838078e36cf38b85af677262	2026-10-03T07:18:09.9403260Z Copying '/Users/runner/.gitconfig' to '/Users/runner/work/_temp/aa386791-ba92-4bdd-91dc-f53eedfb7ff3/.gitconfig'
build-test	Post Run actions/checkout@11d5960a326750d5838078e36cf38b85af677262	2026-10-03T07:18:09.9505180Z Temporarily overriding HOME='/Users/runner/work/_temp/aa386791-ba92-4bdd-91dc-f53eedfb7ff3' before making global git config changes
build-test	Post Run actions/checkout@11d5960a326750d5838078e36cf38b85af677262	2026-10-03T07:18:09.9606900Z Adding repository directory to the temporary git global config as a safe directory
build-test	Post Run actions/checkout@11d5960a326750d5838078e36cf38b85af677262	2026-10-03T07:18:09.9708520Z [command]/opt/homebrew/bin/git config --global --add safe.directory $REPO
build-test	Post Run actions/checkout@11d5960a326750d5838078e36cf38b85af677262	2026-10-03T07:18:10.0012200Z [command]/opt/homebrew/bin/git config --local --name-only --get-regexp core\.sshCommand
build-test	Post Run actions/checkout@11d5960a326750d5838078e36cf38b85af677262	2026-10-03T07:18:10.0314710Z [command]/opt/homebrew/bin/git submodule foreach --recursive sh -c "git config --local --name-only --get-regexp 'core\.sshCommand' && git config --local --unset-all 'core.sshCommand' || :"
build-test	Post Run actions/checkout@11d5960a326750d5838078e36cf38b85af677262	2026-10-03T07:18:10.0817580Z [command]/opt/homebrew/bin/git config --local --name-only --get-regexp http\.https\:\/\/github\.com\/\.extraheader
build-test	Post Run actions/checkout@11d5960a326750d5838078e36cf38b85af677262	2026-10-03T07:18:10.1040470Z [command]/opt/homebrew/bin/git submodule foreach --recursive sh -c "git config --local --name-only --get-regexp 'http\.https\:\/\/github\.com\/\.extraheader' && git config --local --unset-all 'http.https://github.com/.extraheader' || :"
build-test	Post Run actions/checkout@11d5960a326750d5838078e36cf38b85af677262	2026-10-03T07:18:10.2428040Z [command]/opt/homebrew/bin/git config --local --name-only --get-regexp ^includeIf\.gitdir:
build-test	Post Run actions/checkout@11d5960a326750d5838078e36cf38b85af677262	2026-10-03T07:18:10.2732970Z [command]/opt/homebrew/bin/git submodule foreach --recursive git config --local --show-origin --name-only --get-regexp remote.origin.url
build-test	Complete job	﻿2026-10-03T07:18:10.4041840Z Cleaning up orphan processes
build-test	Complete job	2026-10-03T07:18:13.2678730Z ##[warning]Node.js 20 is deprecated. The following actions target Node.js 20 but are being forced to run on Node.js 24: actions/checkout@11d5960a326750d5838078e36cf38b85af677262. For more information see: https://github.blog/changelog/2025-09-19-deprecation-of-node-20-on-github-actions-runners/
